{"cameraMode":{"drawMode":0,"name":"Shaded","section":"Shading Mode"},"sceneLighting":true,"audioPlay":false,"sceneViewState":{"m_AlwaysRefresh":false,"showFog":true,"showSkybox":true,"showFlares":true,"showImageEffects":true,"showParticleSystems":true,"showVisualEffectGraphs":true,"m_FxEnabled":true},"in2DMode":false,"pivot":{"x":0.01256424468010664,"y":-0.015198525041341782,"z":-0.013794967904686928},"rotation":{"x":0.33179977536201479,"y":-0.031120724976062776,"z":0.010953917168080807,"w":0.9427799582481384},"size":0.05228285863995552,"orthographic":false}