# 3ds Max Wavefront OBJ Exporter v0.99 - (c)2007 guruware
# File Created: 02.04.2025 08:20:30

mtllib Door.mtl

#
# object Cube_013
#

v  22.8533 -0.1095 33.6986
v  22.8533 -0.1095 33.6864
v  22.8533 -0.1266 33.6864
v  22.8533 -0.1266 33.6986
v  22.8494 -0.1266 33.6986
v  22.8494 -0.1095 33.6986
v  22.8506 -0.0888 33.6862
v  22.8543 -0.0890 33.6862
v  22.8580 -0.0897 33.6862
v  22.8494 -0.1095 33.6862
v  22.8616 -0.0909 33.6862
v  22.8650 -0.0925 33.6862
v  22.8681 -0.0945 33.6862
v  22.8710 -0.0969 33.6862
v  22.8736 -0.0996 33.6862
v  22.8758 -0.1026 33.6862
v  22.8776 -0.1059 33.6862
v  22.8790 -0.1094 33.6862
v  22.8533 -0.1266 33.6862
v  22.8799 -0.1131 33.6862
v  22.8804 -0.1168 33.6862
v  22.8804 -0.1205 33.6862
v  22.8799 -0.1243 33.6862
v  22.8790 -0.1279 33.6862
v  22.8776 -0.1314 33.6862
v  22.8758 -0.1347 33.6862
v  22.8736 -0.1377 33.6862
v  22.8710 -0.1404 33.6862
v  22.8681 -0.1428 33.6862
v  22.8650 -0.1448 33.6862
v  22.8616 -0.1464 33.6862
v  22.8580 -0.1476 33.6862
v  22.8543 -0.1483 33.6862
v  22.8533 -0.1095 33.6862
v  22.8468 -0.0890 33.6862
v  22.8516 -0.0935 33.6849
v  22.8546 -0.0937 33.6849
v  22.8576 -0.0942 33.6849
v  22.8633 -0.0965 33.6849
v  22.8605 -0.0952 33.6849
v  22.8659 -0.0981 33.6849
v  22.8682 -0.1001 33.6849
v  22.8533 -0.1095 33.6849
v  22.8703 -0.1023 33.6849
v  22.8721 -0.1048 33.6849
v  22.8736 -0.1074 33.6849
v  22.8747 -0.1103 33.6849
v  22.8755 -0.1132 33.6849
v  22.8759 -0.1163 33.6849
v  22.8759 -0.1193 33.6849
v  22.8755 -0.1224 33.6849
v  22.8747 -0.1253 33.6849
v  22.8736 -0.1281 33.6849
v  22.8721 -0.1308 33.6849
v  22.8703 -0.1333 33.6849
v  22.8682 -0.1355 33.6849
v  22.8659 -0.1375 33.6849
v  22.8633 -0.1391 33.6849
v  22.8605 -0.1404 33.6849
v  22.8576 -0.1413 33.6849
v  22.8546 -0.1419 33.6849
v  22.8533 -0.1266 33.6849
v  22.8494 -0.1095 33.6849
v  22.8485 -0.0937 33.6849
v  22.8494 -0.1266 33.6862
v  22.8494 -0.1266 33.6849
v  22.8494 -0.1095 33.6864
v  22.8494 -0.1266 33.6864
v  22.8516 -0.1421 33.6849
v  22.8485 -0.1419 33.6849
v  22.8455 -0.1413 33.6849
v  22.8426 -0.1404 33.6849
v  22.8373 -0.1375 33.6849
v  22.8399 -0.1391 33.6849
v  22.8349 -0.1355 33.6849
v  22.8329 -0.1333 33.6849
v  22.8296 -0.1281 33.6849
v  22.8311 -0.1308 33.6849
v  22.8285 -0.1253 33.6849
v  22.8277 -0.1224 33.6849
v  22.8273 -0.1163 33.6849
v  22.8273 -0.1193 33.6849
v  22.8277 -0.1132 33.6849
v  22.8285 -0.1103 33.6849
v  22.8296 -0.1074 33.6849
v  22.8311 -0.1048 33.6849
v  22.8329 -0.1023 33.6849
v  22.8349 -0.1001 33.6849
v  22.8373 -0.0981 33.6849
v  22.8399 -0.0965 33.6849
v  22.8426 -0.0952 33.6849
v  22.8455 -0.0942 33.6849
v  22.8506 -0.1485 33.6862
v  22.8468 -0.1483 33.6862
v  22.8431 -0.1476 33.6862
v  22.8396 -0.1464 33.6862
v  22.8362 -0.1448 33.6862
v  22.8330 -0.1428 33.6862
v  22.8222 -0.1094 33.6862
v  22.8301 -0.1404 33.6862
v  22.8276 -0.1377 33.6862
v  22.8253 -0.1347 33.6862
v  22.8235 -0.1314 33.6862
v  22.8222 -0.1279 33.6862
v  22.8212 -0.1243 33.6862
v  22.8208 -0.1168 33.6862
v  22.8208 -0.1205 33.6862
v  22.8212 -0.1131 33.6862
v  22.8235 -0.1059 33.6862
v  22.8253 -0.1026 33.6862
v  22.8276 -0.0996 33.6862
v  22.8301 -0.0969 33.6862
v  22.8330 -0.0945 33.6862
v  22.8362 -0.0925 33.6862
v  22.8396 -0.0909 33.6862
v  22.8431 -0.0897 33.6862
v  22.8506 0.0288 33.6862
v  22.8543 0.0286 33.6862
v  22.8580 0.0279 33.6862
v  22.8431 0.0279 33.6862
v  22.8616 0.0267 33.6862
v  22.8650 0.0251 33.6862
v  22.8710 0.0207 33.6862
v  22.8681 0.0231 33.6862
v  22.8736 0.0180 33.6862
v  22.8758 0.0149 33.6862
v  22.8790 0.0082 33.6862
v  22.8776 0.0117 33.6862
v  22.8799 0.0045 33.6862
v  22.8804 0.0008 33.6862
v  22.8799 -0.0067 33.6862
v  22.8804 -0.0029 33.6862
v  22.8776 -0.0138 33.6862
v  22.8790 -0.0103 33.6862
v  22.8758 -0.0171 33.6862
v  22.8736 -0.0201 33.6862
v  22.8710 -0.0228 33.6862
v  22.8681 -0.0252 33.6862
v  22.8650 -0.0272 33.6862
v  22.8616 -0.0288 33.6862
v  22.8580 -0.0300 33.6862
v  22.8543 -0.0307 33.6862
v  22.8506 -0.0309 33.6862
v  22.8468 -0.0307 33.6862
v  22.8431 -0.0300 33.6862
v  22.8396 -0.0288 33.6862
v  22.8362 -0.0272 33.6862
v  22.8330 -0.0252 33.6862
v  22.8301 -0.0228 33.6862
v  22.8276 -0.0201 33.6862
v  22.8253 -0.0171 33.6862
v  22.8235 -0.0138 33.6862
v  22.8222 -0.0103 33.6862
v  22.8212 -0.0067 33.6862
v  22.8208 -0.0029 33.6862
v  22.8208 0.0008 33.6862
v  22.8212 0.0045 33.6862
v  22.8222 0.0082 33.6862
v  22.8235 0.0117 33.6862
v  22.8253 0.0149 33.6862
v  22.8276 0.0180 33.6862
v  22.8301 0.0207 33.6862
v  22.8330 0.0231 33.6862
v  22.8362 0.0251 33.6862
v  22.8396 0.0267 33.6862
v  22.8468 0.0286 33.6862
v  22.8516 0.0241 33.6849
v  22.8546 0.0239 33.6849
v  22.8576 0.0233 33.6849
v  22.8455 0.0233 33.6849
v  22.8605 0.0224 33.6849
v  22.8633 0.0211 33.6849
v  22.8682 0.0175 33.6849
v  22.8659 0.0195 33.6849
v  22.8703 0.0153 33.6849
v  22.8721 0.0128 33.6849
v  22.8747 0.0073 33.6849
v  22.8736 0.0101 33.6849
v  22.8755 -0.0048 33.6849
v  22.8755 0.0044 33.6849
v  22.8759 0.0013 33.6849
v  22.8759 -0.0017 33.6849
v  22.8747 -0.0077 33.6849
v  22.8736 -0.0106 33.6849
v  22.8703 -0.0157 33.6849
v  22.8721 -0.0132 33.6849
v  22.8605 -0.0228 33.6849
v  22.8682 -0.0179 33.6849
v  22.8659 -0.0199 33.6849
v  22.8633 -0.0215 33.6849
v  22.8576 -0.0238 33.6849
v  22.8546 -0.0243 33.6849
v  22.8485 -0.0243 33.6849
v  22.8516 -0.0245 33.6849
v  22.8373 -0.0199 33.6849
v  22.8455 -0.0238 33.6849
v  22.8426 -0.0228 33.6849
v  22.8399 -0.0215 33.6849
v  22.8349 -0.0179 33.6849
v  22.8329 -0.0157 33.6849
v  22.8296 -0.0106 33.6849
v  22.8311 -0.0132 33.6849
v  22.8273 0.0013 33.6849
v  22.8285 -0.0077 33.6849
v  22.8277 -0.0048 33.6849
v  22.8273 -0.0017 33.6849
v  22.8277 0.0044 33.6849
v  22.8285 0.0073 33.6849
v  22.8311 0.0128 33.6849
v  22.8296 0.0101 33.6849
v  22.8399 0.0211 33.6849
v  22.8329 0.0153 33.6849
v  22.8349 0.0175 33.6849
v  22.8373 0.0195 33.6849
v  22.8426 0.0224 33.6849
v  22.8485 0.0239 33.6849
v  22.8656 0.0016 33.6444
v  22.8656 0.0016 33.6854
v  22.8657 -0.0002 33.6854
v  22.8657 -0.0002 33.6445
v  22.8653 0.0033 33.6854
v  22.8653 -0.0037 33.6854
v  22.8647 0.0050 33.6854
v  22.8640 0.0066 33.6854
v  22.8619 0.0095 33.6854
v  22.8630 0.0081 33.6854
v  22.8606 0.0107 33.6854
v  22.8591 0.0117 33.6854
v  22.8559 0.0132 33.6854
v  22.8576 0.0126 33.6854
v  22.8640 -0.0070 33.6854
v  22.8542 0.0137 33.6854
v  22.8525 0.0139 33.6854
v  22.8489 0.0137 33.6854
v  22.8507 0.0139 33.6854
v  22.8472 0.0132 33.6854
v  22.8456 0.0126 33.6854
v  22.8426 0.0107 33.6854
v  22.8440 0.0117 33.6854
v  22.8385 0.0050 33.6854
v  22.8413 0.0095 33.6854
v  22.8402 0.0081 33.6854
v  22.8392 0.0066 33.6854
v  22.8379 0.0033 33.6854
v  22.8376 0.0016 33.6854
v  22.8376 -0.0020 33.6854
v  22.8375 -0.0002 33.6854
v  22.8402 -0.0085 33.6854
v  22.8379 -0.0037 33.6854
v  22.8385 -0.0054 33.6854
v  22.8392 -0.0070 33.6854
v  22.8413 -0.0099 33.6854
v  22.8426 -0.0111 33.6854
v  22.8456 -0.0130 33.6854
v  22.8440 -0.0121 33.6854
v  22.8525 -0.0143 33.6854
v  22.8472 -0.0136 33.6854
v  22.8489 -0.0141 33.6854
v  22.8507 -0.0143 33.6854
v  22.8542 -0.0141 33.6854
v  22.8559 -0.0136 33.6854
v  22.8591 -0.0121 33.6854
v  22.8576 -0.0130 33.6854
v  22.8606 -0.0111 33.6854
v  22.8619 -0.0099 33.6854
v  22.8630 -0.0085 33.6854
v  22.8647 -0.0054 33.6854
v  22.8656 -0.0020 33.6854
v  22.8656 -0.0020 33.6444
v  22.8865 0.0016 33.6444
v  22.8865 -0.0002 33.6445
v  22.8865 -0.0020 33.6444
v  22.8865 0.0012 33.6416
v  22.8865 -0.0002 33.6417
v  22.8865 -0.0016 33.6416
v  22.8886 0.0012 33.6416
v  22.8886 -0.0002 33.6417
v  22.8886 -0.0016 33.6416
v  22.8886 0.0016 33.6444
v  22.8886 -0.0002 33.6445
v  22.8886 -0.0020 33.6444
v  22.9892 -0.0002 33.6445
v  22.9892 0.0016 33.6444
v  22.9892 -0.0020 33.6444
v  22.9892 0.0012 33.6417
v  22.9892 -0.0002 33.6418
v  22.9892 -0.0016 33.6417
v  22.9912 0.0012 33.6417
v  22.9912 -0.0002 33.6418
v  22.9912 -0.0016 33.6417
v  22.9912 0.0016 33.6444
v  22.9912 -0.0002 33.6445
v  22.9912 -0.0020 33.6444
v  23.0005 0.0016 33.6444
v  23.0005 -0.0002 33.6445
v  23.0005 -0.0020 33.6444
v  23.0022 -0.0011 33.6441
v  23.0022 -0.0002 33.6441
v  23.0022 0.0007 33.6441
v  23.0005 -0.0037 33.6440
v  23.0022 -0.0024 33.6438
v  22.9912 -0.0037 33.6440
v  23.0005 -0.0054 33.6435
v  23.0022 -0.0039 33.6433
v  22.9912 -0.0054 33.6435
v  22.9912 -0.0030 33.6414
v  22.9912 -0.0044 33.6410
v  22.9892 -0.0030 33.6414
v  22.9892 -0.0044 33.6410
v  22.9892 -0.0037 33.6441
v  22.9892 -0.0054 33.6435
v  22.8886 -0.0037 33.6441
v  22.8886 -0.0054 33.6435
v  22.8886 -0.0030 33.6414
v  22.8886 -0.0044 33.6409
v  22.8865 -0.0030 33.6414
v  22.8865 -0.0044 33.6409
v  22.8865 -0.0037 33.6441
v  22.8865 -0.0054 33.6435
v  22.8653 -0.0037 33.6441
v  22.8647 -0.0054 33.6435
v  22.8640 -0.0070 33.6428
v  22.8630 -0.0085 33.6418
v  22.8865 -0.0070 33.6428
v  22.8865 -0.0085 33.6418
v  22.8865 -0.0056 33.6403
v  22.8865 -0.0068 33.6396
v  22.8886 -0.0056 33.6403
v  22.8886 -0.0068 33.6396
v  22.8886 -0.0070 33.6428
v  22.8886 -0.0085 33.6418
v  22.9892 -0.0085 33.6418
v  22.9892 -0.0070 33.6428
v  22.9892 -0.0057 33.6404
v  22.9892 -0.0069 33.6396
v  22.9912 -0.0057 33.6404
v  22.9912 -0.0069 33.6396
v  22.9912 -0.0070 33.6427
v  22.9912 -0.0085 33.6418
v  23.0005 -0.0070 33.6427
v  23.0005 -0.0085 33.6418
v  23.0022 -0.0055 33.6426
v  23.0022 -0.0069 33.6417
v  23.0005 -0.0098 33.6407
v  23.0022 -0.0082 33.6406
v  22.9912 -0.0098 33.6407
v  23.0005 -0.0110 33.6394
v  23.0022 -0.0094 33.6393
v  22.9912 -0.0110 33.6394
v  22.9912 -0.0080 33.6387
v  22.9912 -0.0090 33.6377
v  22.9892 -0.0080 33.6387
v  22.9892 -0.0090 33.6377
v  22.9892 -0.0099 33.6407
v  22.9892 -0.0111 33.6394
v  22.8886 -0.0099 33.6407
v  22.8886 -0.0111 33.6394
v  22.8886 -0.0079 33.6387
v  22.8886 -0.0089 33.6376
v  22.8865 -0.0079 33.6387
v  22.8865 -0.0089 33.6376
v  22.8865 -0.0099 33.6407
v  22.8865 -0.0111 33.6394
v  22.8619 -0.0099 33.6407
v  22.8606 -0.0111 33.6394
v  22.8591 -0.0121 33.6380
v  22.8576 -0.0130 33.6364
v  22.8865 -0.0121 33.6380
v  22.8865 -0.0130 33.6364
v  22.8865 -0.0097 33.6365
v  22.8865 -0.0104 33.6352
v  22.8886 -0.0097 33.6365
v  22.8886 -0.0104 33.6352
v  22.8886 -0.0121 33.6380
v  22.8886 -0.0130 33.6364
v  22.9892 -0.0130 33.6364
v  22.9892 -0.0121 33.6380
v  22.9892 -0.0098 33.6365
v  22.9892 -0.0105 33.6353
v  22.9912 -0.0098 33.6365
v  22.9912 -0.0105 33.6353
v  22.9912 -0.0121 33.6380
v  22.9912 -0.0129 33.6364
v  23.0005 -0.0121 33.6380
v  23.0005 -0.0129 33.6364
v  23.0022 -0.0105 33.6379
v  23.0022 -0.0113 33.6364
v  23.0005 -0.0136 33.6348
v  23.0022 -0.0120 33.6347
v  22.9912 -0.0136 33.6348
v  23.0005 -0.0140 33.6331
v  23.0022 -0.0124 33.6330
v  22.9912 -0.0140 33.6331
v  22.9912 -0.0110 33.6339
v  22.9912 -0.0114 33.6325
v  22.9892 -0.0110 33.6339
v  22.9892 -0.0114 33.6325
v  22.9892 -0.0136 33.6348
v  22.9892 -0.0141 33.6331
v  22.8886 -0.0136 33.6348
v  22.8886 -0.0141 33.6331
v  22.8886 -0.0109 33.6339
v  22.8886 -0.0113 33.6325
v  22.8865 -0.0109 33.6339
v  22.8865 -0.0113 33.6325
v  22.8865 -0.0136 33.6348
v  22.8865 -0.0141 33.6331
v  22.8559 -0.0136 33.6348
v  22.8542 -0.0141 33.6331
v  22.8525 -0.0143 33.6313
v  22.8507 -0.0143 33.6295
v  22.8865 -0.0143 33.6313
v  22.8865 -0.0143 33.6295
v  22.8865 -0.0115 33.6311
v  22.8865 -0.0115 33.6297
v  22.8886 -0.0115 33.6311
v  22.8886 -0.0115 33.6297
v  22.8886 -0.0143 33.6313
v  22.8886 -0.0143 33.6295
v  22.9892 -0.0143 33.6295
v  22.9892 -0.0143 33.6313
v  22.9892 -0.0116 33.6311
v  22.9892 -0.0116 33.6297
v  22.9912 -0.0116 33.6311
v  22.9912 -0.0116 33.6297
v  22.9912 -0.0142 33.6313
v  22.9912 -0.0142 33.6295
v  23.0005 -0.0142 33.6313
v  23.0005 -0.0142 33.6295
v  23.0022 -0.0126 33.6313
v  23.0022 -0.0126 33.6295
v  23.0005 -0.0140 33.6278
v  23.0022 -0.0124 33.6278
v  22.9912 -0.0140 33.6278
v  23.0005 -0.0136 33.6261
v  23.0022 -0.0120 33.6261
v  22.9912 -0.0136 33.6261
v  22.9912 -0.0114 33.6283
v  22.9912 -0.0110 33.6269
v  22.9892 -0.0114 33.6283
v  22.9892 -0.0110 33.6269
v  22.9892 -0.0141 33.6278
v  22.9892 -0.0136 33.6261
v  22.8886 -0.0141 33.6278
v  22.8886 -0.0136 33.6261
v  22.8886 -0.0113 33.6283
v  22.8886 -0.0109 33.6269
v  22.8865 -0.0113 33.6283
v  22.8865 -0.0109 33.6269
v  22.8865 -0.0141 33.6278
v  22.8865 -0.0136 33.6261
v  22.8489 -0.0141 33.6278
v  22.8472 -0.0136 33.6261
v  22.8456 -0.0130 33.6244
v  22.8440 -0.0121 33.6229
v  22.8865 -0.0130 33.6244
v  22.8865 -0.0121 33.6229
v  22.8865 -0.0104 33.6256
v  22.8865 -0.0097 33.6244
v  22.8886 -0.0104 33.6256
v  22.8886 -0.0097 33.6244
v  22.8886 -0.0130 33.6244
v  22.8886 -0.0121 33.6229
v  22.9892 -0.0121 33.6229
v  22.9892 -0.0130 33.6244
v  22.9892 -0.0105 33.6256
v  22.9892 -0.0098 33.6243
v  22.9912 -0.0105 33.6256
v  22.9912 -0.0098 33.6243
v  22.9912 -0.0129 33.6244
v  22.9912 -0.0121 33.6229
v  23.0005 -0.0129 33.6244
v  23.0005 -0.0121 33.6229
v  23.0022 -0.0113 33.6245
v  23.0022 -0.0105 33.6229
v  23.0005 -0.0110 33.6215
v  23.0022 -0.0094 33.6215
v  22.9912 -0.0110 33.6215
v  23.0005 -0.0098 33.6202
v  23.0022 -0.0082 33.6202
v  22.9912 -0.0098 33.6202
v  22.9912 -0.0090 33.6232
v  22.9912 -0.0080 33.6221
v  22.9892 -0.0090 33.6232
v  22.9892 -0.0080 33.6221
v  22.9892 -0.0111 33.6214
v  22.9892 -0.0099 33.6201
v  22.8886 -0.0111 33.6214
v  22.8886 -0.0099 33.6201
v  22.8886 -0.0089 33.6232
v  22.8886 -0.0079 33.6222
v  22.8865 -0.0089 33.6232
v  22.8865 -0.0079 33.6222
v  22.8865 -0.0111 33.6214
v  22.8865 -0.0099 33.6201
v  22.8426 -0.0111 33.6214
v  22.8413 -0.0099 33.6201
v  22.8402 -0.0085 33.6190
v  22.8392 -0.0070 33.6180
v  22.8865 -0.0085 33.6190
v  22.8865 -0.0070 33.6180
v  22.8865 -0.0068 33.6213
v  22.8865 -0.0056 33.6205
v  22.8886 -0.0068 33.6213
v  22.8886 -0.0056 33.6205
v  22.8886 -0.0085 33.6190
v  22.8886 -0.0070 33.6180
v  22.9892 -0.0070 33.6180
v  22.9892 -0.0085 33.6190
v  22.9892 -0.0069 33.6212
v  22.9892 -0.0057 33.6205
v  22.9912 -0.0069 33.6212
v  22.9912 -0.0057 33.6205
v  22.9912 -0.0085 33.6190
v  22.9912 -0.0070 33.6181
v  23.0005 -0.0085 33.6190
v  23.0005 -0.0070 33.6181
v  23.0022 -0.0069 33.6191
v  23.0022 -0.0055 33.6182
v  23.0005 -0.0054 33.6173
v  23.0022 -0.0039 33.6175
v  22.9912 -0.0054 33.6173
v  23.0005 -0.0037 33.6168
v  23.0022 -0.0024 33.6170
v  22.9912 -0.0037 33.6168
v  22.9912 -0.0044 33.6198
v  22.9912 -0.0030 33.6194
v  22.9892 -0.0044 33.6198
v  22.9892 -0.0030 33.6194
v  22.9892 -0.0054 33.6173
v  22.9892 -0.0037 33.6167
v  22.8886 -0.0054 33.6173
v  22.8886 -0.0037 33.6167
v  22.8886 -0.0044 33.6199
v  22.8886 -0.0030 33.6195
v  22.8865 -0.0044 33.6199
v  22.8865 -0.0030 33.6195
v  22.8865 -0.0054 33.6173
v  22.8865 -0.0037 33.6167
v  22.8385 -0.0054 33.6173
v  22.8379 -0.0037 33.6167
v  22.8376 -0.0020 33.6164
v  22.8375 -0.0002 33.6163
v  22.8865 -0.0020 33.6164
v  22.8865 -0.0002 33.6163
v  22.8865 -0.0016 33.6192
v  22.8865 -0.0002 33.6191
v  22.8886 -0.0016 33.6192
v  22.8886 -0.0002 33.6191
v  22.8886 -0.0020 33.6164
v  22.8886 -0.0002 33.6163
v  22.9892 -0.0002 33.6163
v  22.9892 -0.0020 33.6164
v  22.9892 -0.0016 33.6191
v  22.9892 -0.0002 33.6190
v  22.9912 -0.0016 33.6191
v  22.9912 -0.0002 33.6190
v  22.9912 -0.0020 33.6165
v  22.9912 -0.0002 33.6164
v  23.0005 -0.0020 33.6165
v  23.0005 -0.0002 33.6164
v  23.0022 -0.0011 33.6168
v  23.0022 -0.0002 33.6167
v  23.0005 0.0016 33.6165
v  23.0022 0.0007 33.6168
v  22.9912 0.0016 33.6165
v  23.0005 0.0033 33.6168
v  23.0022 0.0020 33.6170
v  22.9912 0.0033 33.6168
v  22.9912 0.0012 33.6191
v  22.9912 0.0026 33.6194
v  22.9892 0.0012 33.6191
v  22.9892 0.0026 33.6194
v  22.9892 0.0016 33.6164
v  22.9892 0.0033 33.6167
v  22.8886 0.0016 33.6164
v  22.8886 0.0033 33.6167
v  22.8886 0.0012 33.6192
v  22.8886 0.0026 33.6195
v  22.8865 0.0012 33.6192
v  22.8865 0.0026 33.6195
v  22.8865 0.0016 33.6164
v  22.8865 0.0033 33.6167
v  22.8376 0.0016 33.6164
v  22.8379 0.0033 33.6167
v  22.8385 0.0050 33.6173
v  22.8392 0.0066 33.6180
v  22.8865 0.0050 33.6173
v  22.8865 0.0066 33.6180
v  22.8865 0.0040 33.6199
v  22.8865 0.0052 33.6205
v  22.8886 0.0040 33.6199
v  22.8886 0.0052 33.6205
v  22.8886 0.0050 33.6173
v  22.8886 0.0066 33.6180
v  22.9892 0.0066 33.6180
v  22.9892 0.0050 33.6173
v  22.9892 0.0040 33.6198
v  22.9892 0.0053 33.6205
v  22.9912 0.0040 33.6198
v  22.9912 0.0053 33.6205
v  22.9912 0.0050 33.6173
v  22.9912 0.0066 33.6181
v  23.0005 0.0050 33.6173
v  23.0005 0.0066 33.6181
v  23.0022 0.0035 33.6175
v  23.0022 0.0051 33.6182
v  23.0005 0.0081 33.6190
v  23.0022 0.0065 33.6191
v  22.9912 0.0081 33.6190
v  23.0005 0.0094 33.6202
v  23.0022 0.0078 33.6202
v  22.9912 0.0094 33.6202
v  22.9912 0.0065 33.6212
v  22.9912 0.0076 33.6221
v  22.9892 0.0065 33.6212
v  22.9892 0.0076 33.6221
v  22.9892 0.0081 33.6190
v  22.9892 0.0095 33.6201
v  22.8886 0.0081 33.6190
v  22.8886 0.0095 33.6201
v  22.8886 0.0064 33.6213
v  22.8886 0.0075 33.6222
v  22.8865 0.0064 33.6213
v  22.8865 0.0075 33.6222
v  22.8865 0.0081 33.6190
v  22.8865 0.0095 33.6201
v  22.8402 0.0081 33.6190
v  22.8413 0.0095 33.6201
v  22.8426 0.0107 33.6214
v  22.8440 0.0117 33.6229
v  22.8865 0.0107 33.6214
v  22.8865 0.0117 33.6229
v  22.8865 0.0085 33.6232
v  22.8865 0.0093 33.6244
v  22.8886 0.0085 33.6232
v  22.8886 0.0093 33.6244
v  22.8886 0.0107 33.6214
v  22.8886 0.0117 33.6229
v  22.9892 0.0117 33.6229
v  22.9892 0.0107 33.6214
v  22.9892 0.0086 33.6232
v  22.9892 0.0094 33.6243
v  22.9912 0.0086 33.6232
v  22.9912 0.0094 33.6243
v  22.9912 0.0106 33.6215
v  22.9912 0.0117 33.6229
v  23.0005 0.0106 33.6215
v  23.0005 0.0117 33.6229
v  23.0022 0.0090 33.6215
v  23.0022 0.0101 33.6229
v  23.0005 0.0125 33.6244
v  23.0022 0.0109 33.6245
v  22.9912 0.0125 33.6244
v  23.0005 0.0132 33.6261
v  23.0022 0.0115 33.6261
v  22.9912 0.0132 33.6261
v  22.9912 0.0101 33.6256
v  22.9912 0.0106 33.6269
v  22.9892 0.0101 33.6256
v  22.9892 0.0106 33.6269
v  22.9892 0.0126 33.6244
v  22.9892 0.0132 33.6261
v  22.8886 0.0126 33.6244
v  22.8886 0.0132 33.6261
v  22.8886 0.0100 33.6256
v  22.8886 0.0105 33.6269
v  22.8865 0.0100 33.6256
v  22.8865 0.0105 33.6269
v  22.8865 0.0126 33.6244
v  22.8865 0.0132 33.6261
v  22.8456 0.0126 33.6244
v  22.8472 0.0132 33.6261
v  22.8489 0.0137 33.6278
v  22.8507 0.0139 33.6295
v  22.8865 0.0137 33.6278
v  22.8865 0.0139 33.6295
v  22.8865 0.0109 33.6283
v  22.8865 0.0111 33.6297
v  22.8886 0.0109 33.6283
v  22.8886 0.0111 33.6297
v  22.8886 0.0137 33.6278
v  22.8886 0.0139 33.6295
v  22.9892 0.0139 33.6295
v  22.9892 0.0137 33.6278
v  22.9892 0.0110 33.6283
v  22.9892 0.0111 33.6297
v  22.9912 0.0110 33.6283
v  22.9912 0.0111 33.6297
v  22.9912 0.0136 33.6278
v  22.9912 0.0138 33.6295
v  23.0005 0.0136 33.6278
v  23.0005 0.0138 33.6295
v  23.0022 0.0120 33.6278
v  23.0022 0.0122 33.6295
v  23.0005 0.0138 33.6313
v  23.0022 0.0122 33.6313
v  22.9912 0.0138 33.6313
v  23.0005 0.0136 33.6331
v  23.0022 0.0120 33.6330
v  22.9912 0.0136 33.6331
v  22.9912 0.0111 33.6311
v  22.9912 0.0110 33.6325
v  22.9892 0.0111 33.6311
v  22.9892 0.0110 33.6325
v  22.9892 0.0139 33.6313
v  22.9892 0.0137 33.6331
v  22.8886 0.0139 33.6313
v  22.8886 0.0137 33.6331
v  22.8886 0.0111 33.6311
v  22.8886 0.0109 33.6325
v  22.8865 0.0111 33.6311
v  22.8865 0.0109 33.6325
v  22.8865 0.0139 33.6313
v  22.8865 0.0137 33.6331
v  22.8525 0.0139 33.6313
v  22.8542 0.0137 33.6331
v  22.8559 0.0132 33.6348
v  22.8576 0.0126 33.6364
v  22.8865 0.0132 33.6348
v  22.8865 0.0126 33.6364
v  22.8865 0.0105 33.6339
v  22.8865 0.0100 33.6352
v  22.8886 0.0105 33.6339
v  22.8886 0.0100 33.6352
v  22.8886 0.0132 33.6348
v  22.8886 0.0126 33.6364
v  22.9892 0.0126 33.6364
v  22.9892 0.0132 33.6348
v  22.9892 0.0106 33.6339
v  22.9892 0.0101 33.6353
v  22.9912 0.0106 33.6339
v  22.9912 0.0101 33.6353
v  22.9912 0.0132 33.6348
v  22.9912 0.0125 33.6364
v  23.0005 0.0132 33.6348
v  23.0005 0.0125 33.6364
v  23.0022 0.0115 33.6347
v  23.0022 0.0109 33.6364
v  23.0005 0.0117 33.6380
v  23.0022 0.0101 33.6379
v  22.9912 0.0117 33.6380
v  23.0005 0.0106 33.6394
v  23.0022 0.0090 33.6393
v  22.9912 0.0106 33.6394
v  22.9912 0.0094 33.6365
v  22.9912 0.0086 33.6377
v  22.9892 0.0094 33.6365
v  22.9892 0.0086 33.6377
v  22.9892 0.0117 33.6380
v  22.9892 0.0107 33.6394
v  22.8886 0.0117 33.6380
v  22.8886 0.0107 33.6394
v  22.8886 0.0093 33.6365
v  22.8886 0.0085 33.6376
v  22.8865 0.0093 33.6365
v  22.8865 0.0085 33.6376
v  22.8865 0.0117 33.6380
v  22.8865 0.0107 33.6394
v  22.8591 0.0117 33.6380
v  22.8606 0.0107 33.6394
v  22.8619 0.0095 33.6407
v  22.8630 0.0081 33.6418
v  22.8865 0.0095 33.6407
v  22.8865 0.0081 33.6418
v  22.8865 0.0075 33.6387
v  22.8865 0.0064 33.6396
v  22.8886 0.0075 33.6387
v  22.8886 0.0064 33.6396
v  22.8886 0.0095 33.6407
v  22.8886 0.0081 33.6418
v  22.9892 0.0081 33.6418
v  22.9892 0.0095 33.6407
v  22.9892 0.0076 33.6387
v  22.9892 0.0065 33.6396
v  22.9912 0.0076 33.6387
v  22.9912 0.0065 33.6396
v  22.9912 0.0094 33.6407
v  22.9912 0.0081 33.6418
v  23.0005 0.0094 33.6407
v  23.0005 0.0081 33.6418
v  23.0022 0.0078 33.6406
v  23.0022 0.0065 33.6417
v  23.0005 0.0066 33.6427
v  23.0022 0.0051 33.6426
v  22.9912 0.0066 33.6427
v  23.0005 0.0050 33.6435
v  23.0022 0.0035 33.6433
v  22.9912 0.0050 33.6435
v  22.9912 0.0053 33.6404
v  22.9912 0.0040 33.6410
v  22.9892 0.0053 33.6404
v  22.9892 0.0040 33.6410
v  22.9892 0.0066 33.6428
v  22.9892 0.0050 33.6435
v  22.8886 0.0066 33.6428
v  22.8886 0.0050 33.6435
v  22.8886 0.0052 33.6403
v  22.8886 0.0040 33.6409
v  22.8865 0.0052 33.6403
v  22.8865 0.0040 33.6409
v  22.8865 0.0066 33.6428
v  22.8865 0.0050 33.6435
v  22.8640 0.0066 33.6428
v  22.8647 0.0050 33.6435
v  22.8653 0.0033 33.6441
v  22.8865 0.0033 33.6441
v  22.8865 0.0026 33.6414
v  22.8886 0.0026 33.6414
v  22.8886 0.0033 33.6441
v  22.9892 0.0033 33.6441
v  22.9892 0.0026 33.6414
v  22.9912 0.0026 33.6414
v  22.9912 0.0033 33.6440
v  23.0005 0.0033 33.6440
v  23.0022 0.0020 33.6438
v  22.7653 -0.1830 33.7271
v  22.7653 -0.1830 33.7100
v  22.7653 0.0415 33.7100
v  22.7653 0.0415 33.7271
v  22.7636 0.0415 33.7100
v  22.7636 -0.1830 33.7100
v  22.7636 -0.1830 33.7271
v  22.7636 0.0415 33.7271
v  22.7636 -0.0083 33.7147
v  22.7636 -0.0083 33.7233
v  22.7636 0.0109 33.7233
v  22.7636 0.0109 33.7147
v  22.7552 -0.0083 33.7147
v  22.7552 0.0109 33.7147
v  22.7644 -0.0896 33.7233
v  22.7644 -0.1087 33.7233
v  22.7644 -0.1087 33.7147
v  22.7644 -0.0896 33.7147
v  22.7628 -0.0896 33.7147
v  22.7628 -0.0896 33.7233
v  22.7628 -0.1087 33.7233
v  22.7628 -0.1087 33.7147
v  22.8533 -0.1266 33.7462
v  22.8533 -0.1095 33.7462
v  22.8533 -0.1095 33.7340
v  22.8533 -0.1266 33.7340
v  22.8494 -0.1095 33.7340
v  22.8494 -0.1266 33.7340
v  22.8506 -0.0888 33.7464
v  22.8468 -0.0890 33.7464
v  22.8494 -0.1095 33.7464
v  22.8580 -0.0897 33.7464
v  22.8533 -0.1095 33.7464
v  22.8533 -0.1266 33.7464
v  22.8543 -0.1483 33.7464
v  22.8580 -0.1476 33.7464
v  22.8616 -0.1464 33.7464
v  22.8804 -0.1205 33.7464
v  22.8650 -0.1448 33.7464
v  22.8681 -0.1428 33.7464
v  22.8710 -0.1404 33.7464
v  22.8736 -0.1377 33.7464
v  22.8776 -0.1314 33.7464
v  22.8758 -0.1347 33.7464
v  22.8790 -0.1279 33.7464
v  22.8799 -0.1243 33.7464
v  22.8804 -0.1168 33.7464
v  22.8799 -0.1131 33.7464
v  22.8790 -0.1094 33.7464
v  22.8776 -0.1059 33.7464
v  22.8758 -0.1026 33.7464
v  22.8736 -0.0996 33.7464
v  22.8710 -0.0969 33.7464
v  22.8681 -0.0945 33.7464
v  22.8650 -0.0925 33.7464
v  22.8616 -0.0909 33.7464
v  22.8543 -0.0890 33.7464
v  22.8516 -0.0935 33.7477
v  22.8485 -0.0937 33.7477
v  22.8494 -0.1095 33.7477
v  22.8605 -0.0952 33.7477
v  22.8533 -0.1095 33.7477
v  22.8533 -0.1266 33.7477
v  22.8576 -0.1413 33.7477
v  22.8546 -0.1419 33.7477
v  22.8605 -0.1404 33.7477
v  22.8633 -0.1391 33.7477
v  22.8659 -0.1375 33.7477
v  22.8682 -0.1355 33.7477
v  22.8703 -0.1333 33.7477
v  22.8721 -0.1308 33.7477
v  22.8736 -0.1281 33.7477
v  22.8747 -0.1253 33.7477
v  22.8755 -0.1224 33.7477
v  22.8759 -0.1193 33.7477
v  22.8759 -0.1163 33.7477
v  22.8755 -0.1132 33.7477
v  22.8747 -0.1103 33.7477
v  22.8736 -0.1074 33.7477
v  22.8721 -0.1048 33.7477
v  22.8703 -0.1023 33.7477
v  22.8682 -0.1001 33.7477
v  22.8659 -0.0981 33.7477
v  22.8633 -0.0965 33.7477
v  22.8576 -0.0942 33.7477
v  22.8546 -0.0937 33.7477
v  22.8494 -0.1266 33.7477
v  22.8494 -0.1266 33.7464
v  22.8494 -0.1095 33.7462
v  22.8494 -0.1266 33.7462
v  22.8329 -0.1023 33.7477
v  22.8426 -0.0952 33.7477
v  22.8455 -0.0942 33.7477
v  22.8399 -0.0965 33.7477
v  22.8373 -0.0981 33.7477
v  22.8349 -0.1001 33.7477
v  22.8311 -0.1048 33.7477
v  22.8296 -0.1074 33.7477
v  22.8426 -0.1404 33.7477
v  22.8285 -0.1103 33.7477
v  22.8277 -0.1132 33.7477
v  22.8273 -0.1163 33.7477
v  22.8273 -0.1193 33.7477
v  22.8277 -0.1224 33.7477
v  22.8285 -0.1253 33.7477
v  22.8311 -0.1308 33.7477
v  22.8296 -0.1281 33.7477
v  22.8329 -0.1333 33.7477
v  22.8349 -0.1355 33.7477
v  22.8399 -0.1391 33.7477
v  22.8373 -0.1375 33.7477
v  22.8455 -0.1413 33.7477
v  22.8485 -0.1419 33.7477
v  22.8516 -0.1421 33.7477
v  22.8431 -0.0897 33.7464
v  22.8396 -0.0909 33.7464
v  22.8212 -0.1131 33.7464
v  22.8362 -0.0925 33.7464
v  22.8330 -0.0945 33.7464
v  22.8301 -0.0969 33.7464
v  22.8276 -0.0996 33.7464
v  22.8235 -0.1059 33.7464
v  22.8253 -0.1026 33.7464
v  22.8222 -0.1094 33.7464
v  22.8208 -0.1168 33.7464
v  22.8208 -0.1205 33.7464
v  22.8212 -0.1243 33.7464
v  22.8222 -0.1279 33.7464
v  22.8235 -0.1314 33.7464
v  22.8253 -0.1347 33.7464
v  22.8276 -0.1377 33.7464
v  22.8301 -0.1404 33.7464
v  22.8330 -0.1428 33.7464
v  22.8362 -0.1448 33.7464
v  22.8396 -0.1464 33.7464
v  22.8431 -0.1476 33.7464
v  22.8468 -0.1483 33.7464
v  22.8506 -0.1485 33.7464
v  22.8506 0.0288 33.7464
v  22.8468 0.0286 33.7464
v  22.8431 0.0279 33.7464
v  22.8580 0.0279 33.7464
v  22.8396 0.0267 33.7464
v  22.8362 0.0251 33.7464
v  22.8301 0.0207 33.7464
v  22.8330 0.0231 33.7464
v  22.8276 0.0180 33.7464
v  22.8253 0.0149 33.7464
v  22.8222 0.0082 33.7464
v  22.8235 0.0117 33.7464
v  22.8212 0.0045 33.7464
v  22.8208 0.0008 33.7464
v  22.8212 -0.0067 33.7464
v  22.8208 -0.0029 33.7464
v  22.8235 -0.0138 33.7464
v  22.8222 -0.0103 33.7464
v  22.8253 -0.0171 33.7464
v  22.8276 -0.0201 33.7464
v  22.8301 -0.0228 33.7464
v  22.8330 -0.0252 33.7464
v  22.8362 -0.0272 33.7464
v  22.8396 -0.0288 33.7464
v  22.8431 -0.0300 33.7464
v  22.8468 -0.0307 33.7464
v  22.8506 -0.0309 33.7464
v  22.8543 -0.0307 33.7464
v  22.8580 -0.0300 33.7464
v  22.8616 -0.0288 33.7464
v  22.8650 -0.0272 33.7464
v  22.8681 -0.0252 33.7464
v  22.8710 -0.0228 33.7464
v  22.8736 -0.0201 33.7464
v  22.8758 -0.0171 33.7464
v  22.8776 -0.0138 33.7464
v  22.8790 -0.0103 33.7464
v  22.8799 -0.0067 33.7464
v  22.8804 -0.0029 33.7464
v  22.8804 0.0008 33.7464
v  22.8799 0.0045 33.7464
v  22.8790 0.0082 33.7464
v  22.8776 0.0117 33.7464
v  22.8758 0.0149 33.7464
v  22.8736 0.0180 33.7464
v  22.8710 0.0207 33.7464
v  22.8681 0.0231 33.7464
v  22.8650 0.0251 33.7464
v  22.8616 0.0267 33.7464
v  22.8543 0.0286 33.7464
v  22.8516 0.0241 33.7477
v  22.8485 0.0239 33.7477
v  22.8455 0.0233 33.7477
v  22.8576 0.0233 33.7477
v  22.8426 0.0224 33.7477
v  22.8399 0.0211 33.7477
v  22.8349 0.0175 33.7477
v  22.8373 0.0195 33.7477
v  22.8329 0.0153 33.7477
v  22.8311 0.0128 33.7477
v  22.8285 0.0073 33.7477
v  22.8296 0.0101 33.7477
v  22.8277 -0.0048 33.7477
v  22.8277 0.0044 33.7477
v  22.8273 0.0013 33.7477
v  22.8273 -0.0017 33.7477
v  22.8285 -0.0077 33.7477
v  22.8296 -0.0106 33.7477
v  22.8329 -0.0157 33.7477
v  22.8311 -0.0132 33.7477
v  22.8426 -0.0228 33.7477
v  22.8349 -0.0179 33.7477
v  22.8373 -0.0199 33.7477
v  22.8399 -0.0215 33.7477
v  22.8455 -0.0238 33.7477
v  22.8485 -0.0243 33.7477
v  22.8546 -0.0243 33.7477
v  22.8516 -0.0245 33.7477
v  22.8659 -0.0199 33.7477
v  22.8576 -0.0238 33.7477
v  22.8605 -0.0228 33.7477
v  22.8633 -0.0215 33.7477
v  22.8682 -0.0179 33.7477
v  22.8703 -0.0157 33.7477
v  22.8736 -0.0106 33.7477
v  22.8721 -0.0132 33.7477
v  22.8759 0.0013 33.7477
v  22.8747 -0.0077 33.7477
v  22.8755 -0.0048 33.7477
v  22.8759 -0.0017 33.7477
v  22.8755 0.0044 33.7477
v  22.8747 0.0073 33.7477
v  22.8721 0.0128 33.7477
v  22.8736 0.0101 33.7477
v  22.8633 0.0211 33.7477
v  22.8703 0.0153 33.7477
v  22.8682 0.0175 33.7477
v  22.8659 0.0195 33.7477
v  22.8605 0.0224 33.7477
v  22.8546 0.0239 33.7477
v  22.8656 0.0016 33.7882
v  22.8657 -0.0002 33.7881
v  22.8657 -0.0002 33.7473
v  22.8656 0.0016 33.7473
v  22.8656 -0.0020 33.7473
v  22.8653 -0.0037 33.7473
v  22.8653 0.0033 33.7473
v  22.8647 -0.0054 33.7473
v  22.8640 -0.0070 33.7473
v  22.8619 -0.0099 33.7473
v  22.8630 -0.0085 33.7473
v  22.8606 -0.0111 33.7473
v  22.8591 -0.0121 33.7473
v  22.8559 -0.0136 33.7473
v  22.8576 -0.0130 33.7473
v  22.8640 0.0066 33.7473
v  22.8542 -0.0141 33.7473
v  22.8525 -0.0143 33.7473
v  22.8489 -0.0141 33.7473
v  22.8507 -0.0143 33.7473
v  22.8472 -0.0136 33.7473
v  22.8456 -0.0130 33.7473
v  22.8426 -0.0111 33.7473
v  22.8440 -0.0121 33.7473
v  22.8385 -0.0054 33.7473
v  22.8413 -0.0099 33.7473
v  22.8402 -0.0085 33.7473
v  22.8392 -0.0070 33.7473
v  22.8379 -0.0037 33.7473
v  22.8376 -0.0020 33.7473
v  22.8376 0.0016 33.7473
v  22.8375 -0.0002 33.7473
v  22.8402 0.0081 33.7473
v  22.8379 0.0033 33.7473
v  22.8385 0.0050 33.7473
v  22.8392 0.0066 33.7473
v  22.8413 0.0095 33.7473
v  22.8426 0.0107 33.7473
v  22.8456 0.0126 33.7473
v  22.8440 0.0117 33.7473
v  22.8525 0.0139 33.7473
v  22.8472 0.0132 33.7473
v  22.8489 0.0137 33.7473
v  22.8507 0.0139 33.7473
v  22.8542 0.0137 33.7473
v  22.8559 0.0132 33.7473
v  22.8591 0.0117 33.7473
v  22.8576 0.0126 33.7473
v  22.8606 0.0107 33.7473
v  22.8619 0.0095 33.7473
v  22.8630 0.0081 33.7473
v  22.8647 0.0050 33.7473
v  22.8656 -0.0020 33.7882
v  22.8865 0.0016 33.7882
v  22.8865 -0.0002 33.7881
v  22.8865 -0.0020 33.7882
v  22.8865 0.0012 33.7910
v  22.8865 -0.0002 33.7909
v  22.8865 -0.0016 33.7910
v  22.8886 0.0012 33.7910
v  22.8886 -0.0002 33.7909
v  22.8886 -0.0016 33.7910
v  22.8886 0.0016 33.7882
v  22.8886 -0.0002 33.7881
v  22.8886 -0.0020 33.7882
v  22.9892 0.0016 33.7882
v  22.9892 -0.0002 33.7881
v  22.9892 -0.0020 33.7882
v  22.9892 0.0012 33.7909
v  22.9892 -0.0002 33.7908
v  22.9892 -0.0016 33.7909
v  22.9912 0.0012 33.7909
v  22.9912 -0.0002 33.7908
v  22.9912 -0.0016 33.7909
v  22.9912 0.0016 33.7883
v  22.9912 -0.0002 33.7881
v  22.9912 -0.0020 33.7883
v  23.0005 0.0016 33.7883
v  23.0005 -0.0002 33.7881
v  23.0005 -0.0020 33.7883
v  23.0022 -0.0002 33.7885
v  23.0022 -0.0011 33.7886
v  23.0022 0.0007 33.7886
v  23.0005 -0.0037 33.7886
v  23.0022 -0.0024 33.7888
v  22.9912 -0.0037 33.7886
v  23.0005 -0.0054 33.7891
v  23.0022 -0.0039 33.7893
v  22.9912 -0.0054 33.7891
v  22.9912 -0.0044 33.7916
v  22.9912 -0.0030 33.7912
v  22.9892 -0.0044 33.7916
v  22.9892 -0.0030 33.7912
v  22.9892 -0.0054 33.7891
v  22.9892 -0.0037 33.7885
v  22.8886 -0.0037 33.7885
v  22.8886 -0.0054 33.7891
v  22.8886 -0.0044 33.7917
v  22.8886 -0.0030 33.7913
v  22.8865 -0.0044 33.7917
v  22.8865 -0.0030 33.7913
v  22.8865 -0.0054 33.7891
v  22.8865 -0.0037 33.7885
v  22.8647 -0.0054 33.7891
v  22.8653 -0.0037 33.7885
v  22.8640 -0.0070 33.7898
v  22.8630 -0.0085 33.7908
v  22.8865 -0.0070 33.7898
v  22.8865 -0.0085 33.7908
v  22.8865 -0.0056 33.7923
v  22.8865 -0.0068 33.7931
v  22.8886 -0.0056 33.7923
v  22.8886 -0.0068 33.7931
v  22.8886 -0.0070 33.7898
v  22.8886 -0.0085 33.7908
v  22.9892 -0.0070 33.7898
v  22.9892 -0.0085 33.7908
v  22.9892 -0.0057 33.7922
v  22.9892 -0.0069 33.7930
v  22.9912 -0.0057 33.7922
v  22.9912 -0.0069 33.7930
v  22.9912 -0.0070 33.7899
v  22.9912 -0.0085 33.7908
v  23.0005 -0.0070 33.7899
v  23.0005 -0.0085 33.7908
v  23.0022 -0.0055 33.7900
v  23.0022 -0.0069 33.7909
v  23.0005 -0.0098 33.7920
v  23.0022 -0.0082 33.7920
v  22.9912 -0.0098 33.7920
v  23.0005 -0.0110 33.7932
v  23.0022 -0.0094 33.7933
v  22.9912 -0.0110 33.7932
v  22.9912 -0.0090 33.7950
v  22.9912 -0.0080 33.7939
v  22.9892 -0.0090 33.7950
v  22.9892 -0.0080 33.7939
v  22.9892 -0.0111 33.7932
v  22.9892 -0.0099 33.7919
v  22.8886 -0.0099 33.7919
v  22.8886 -0.0111 33.7932
v  22.8886 -0.0089 33.7950
v  22.8886 -0.0079 33.7940
v  22.8865 -0.0089 33.7950
v  22.8865 -0.0079 33.7940
v  22.8865 -0.0111 33.7932
v  22.8865 -0.0099 33.7919
v  22.8606 -0.0111 33.7932
v  22.8619 -0.0099 33.7919
v  22.8591 -0.0121 33.7946
v  22.8576 -0.0130 33.7962
v  22.8865 -0.0121 33.7946
v  22.8865 -0.0130 33.7962
v  22.8865 -0.0097 33.7962
v  22.8865 -0.0104 33.7974
v  22.8886 -0.0097 33.7962
v  22.8886 -0.0104 33.7974
v  22.8886 -0.0121 33.7946
v  22.8886 -0.0130 33.7962
v  22.9892 -0.0121 33.7946
v  22.9892 -0.0130 33.7962
v  22.9892 -0.0098 33.7961
v  22.9892 -0.0105 33.7974
v  22.9912 -0.0098 33.7961
v  22.9912 -0.0105 33.7974
v  22.9912 -0.0121 33.7947
v  22.9912 -0.0129 33.7962
v  23.0005 -0.0121 33.7947
v  23.0005 -0.0129 33.7962
v  23.0022 -0.0105 33.7947
v  23.0022 -0.0113 33.7962
v  23.0005 -0.0136 33.7979
v  23.0022 -0.0120 33.7979
v  22.9912 -0.0136 33.7979
v  23.0005 -0.0140 33.7996
v  23.0022 -0.0124 33.7996
v  22.9912 -0.0140 33.7996
v  22.9912 -0.0114 33.8001
v  22.9912 -0.0110 33.7987
v  22.9892 -0.0114 33.8001
v  22.9892 -0.0110 33.7987
v  22.9892 -0.0141 33.7996
v  22.9892 -0.0136 33.7978
v  22.8886 -0.0136 33.7978
v  22.8886 -0.0141 33.7996
v  22.8886 -0.0113 33.8001
v  22.8886 -0.0109 33.7987
v  22.8865 -0.0113 33.8001
v  22.8865 -0.0109 33.7987
v  22.8865 -0.0141 33.7996
v  22.8865 -0.0136 33.7978
v  22.8542 -0.0141 33.7996
v  22.8559 -0.0136 33.7978
v  22.8525 -0.0143 33.8013
v  22.8507 -0.0143 33.8031
v  22.8865 -0.0143 33.8013
v  22.8865 -0.0143 33.8031
v  22.8865 -0.0115 33.8015
v  22.8865 -0.0115 33.8029
v  22.8886 -0.0115 33.8015
v  22.8886 -0.0115 33.8029
v  22.8886 -0.0143 33.8013
v  22.8886 -0.0143 33.8031
v  22.9892 -0.0143 33.8013
v  22.9892 -0.0143 33.8031
v  22.9892 -0.0116 33.8015
v  22.9892 -0.0116 33.8029
v  22.9912 -0.0116 33.8015
v  22.9912 -0.0116 33.8029
v  22.9912 -0.0142 33.8013
v  22.9912 -0.0142 33.8031
v  23.0005 -0.0142 33.8013
v  23.0005 -0.0142 33.8031
v  23.0022 -0.0126 33.8013
v  23.0022 -0.0126 33.8031
v  23.0005 -0.0140 33.8048
v  23.0022 -0.0124 33.8048
v  22.9912 -0.0140 33.8048
v  23.0005 -0.0136 33.8065
v  23.0022 -0.0120 33.8065
v  22.9912 -0.0136 33.8065
v  22.9912 -0.0110 33.8057
v  22.9912 -0.0114 33.8043
v  22.9892 -0.0110 33.8057
v  22.9892 -0.0114 33.8043
v  22.9892 -0.0136 33.8066
v  22.9892 -0.0141 33.8048
v  22.8886 -0.0141 33.8048
v  22.8886 -0.0136 33.8066
v  22.8886 -0.0109 33.8057
v  22.8886 -0.0113 33.8043
v  22.8865 -0.0109 33.8057
v  22.8865 -0.0113 33.8043
v  22.8865 -0.0136 33.8066
v  22.8865 -0.0141 33.8048
v  22.8472 -0.0136 33.8066
v  22.8489 -0.0141 33.8048
v  22.8456 -0.0130 33.8082
v  22.8440 -0.0121 33.8098
v  22.8865 -0.0130 33.8082
v  22.8865 -0.0121 33.8098
v  22.8865 -0.0104 33.8070
v  22.8865 -0.0097 33.8083
v  22.8886 -0.0104 33.8070
v  22.8886 -0.0097 33.8083
v  22.8886 -0.0130 33.8082
v  22.8886 -0.0121 33.8098
v  22.9892 -0.0130 33.8082
v  22.9892 -0.0121 33.8098
v  22.9892 -0.0105 33.8070
v  22.9892 -0.0098 33.8083
v  22.9912 -0.0105 33.8070
v  22.9912 -0.0098 33.8083
v  22.9912 -0.0129 33.8082
v  22.9912 -0.0121 33.8097
v  23.0005 -0.0129 33.8082
v  23.0005 -0.0121 33.8097
v  23.0022 -0.0113 33.8082
v  23.0022 -0.0105 33.8097
v  23.0005 -0.0110 33.8112
v  23.0022 -0.0094 33.8111
v  22.9912 -0.0110 33.8112
v  23.0005 -0.0098 33.8125
v  23.0022 -0.0082 33.8124
v  22.9912 -0.0098 33.8125
v  22.9912 -0.0080 33.8105
v  22.9912 -0.0090 33.8095
v  22.9892 -0.0080 33.8105
v  22.9892 -0.0090 33.8095
v  22.9892 -0.0099 33.8125
v  22.9892 -0.0111 33.8112
v  22.8886 -0.0111 33.8112
v  22.8886 -0.0099 33.8125
v  22.8886 -0.0079 33.8104
v  22.8886 -0.0089 33.8094
v  22.8865 -0.0079 33.8104
v  22.8865 -0.0089 33.8094
v  22.8865 -0.0099 33.8125
v  22.8865 -0.0111 33.8112
v  22.8413 -0.0099 33.8125
v  22.8426 -0.0111 33.8112
v  22.8402 -0.0085 33.8136
v  22.8392 -0.0070 33.8146
v  22.8865 -0.0085 33.8136
v  22.8865 -0.0070 33.8146
v  22.8865 -0.0068 33.8113
v  22.8865 -0.0056 33.8121
v  22.8886 -0.0068 33.8113
v  22.8886 -0.0056 33.8121
v  22.8886 -0.0085 33.8136
v  22.8886 -0.0070 33.8146
v  22.9892 -0.0085 33.8136
v  22.9892 -0.0070 33.8146
v  22.9892 -0.0069 33.8114
v  22.9892 -0.0057 33.8122
v  22.9912 -0.0069 33.8114
v  22.9912 -0.0057 33.8122
v  22.9912 -0.0085 33.8136
v  22.9912 -0.0070 33.8145
v  23.0005 -0.0085 33.8136
v  23.0005 -0.0070 33.8145
v  23.0022 -0.0069 33.8135
v  23.0022 -0.0055 33.8144
v  23.0005 -0.0054 33.8153
v  23.0022 -0.0039 33.8151
v  22.9912 -0.0054 33.8153
v  23.0005 -0.0037 33.8158
v  23.0022 -0.0024 33.8156
v  22.9912 -0.0037 33.8158
v  22.9912 -0.0030 33.8132
v  22.9912 -0.0044 33.8128
v  22.9892 -0.0030 33.8132
v  22.9892 -0.0044 33.8128
v  22.9892 -0.0037 33.8159
v  22.9892 -0.0054 33.8153
v  22.8886 -0.0054 33.8153
v  22.8886 -0.0037 33.8159
v  22.8886 -0.0030 33.8131
v  22.8886 -0.0044 33.8127
v  22.8865 -0.0030 33.8131
v  22.8865 -0.0044 33.8127
v  22.8865 -0.0037 33.8159
v  22.8865 -0.0054 33.8153
v  22.8379 -0.0037 33.8159
v  22.8385 -0.0054 33.8153
v  22.8376 -0.0020 33.8162
v  22.8375 -0.0002 33.8163
v  22.8865 -0.0020 33.8162
v  22.8865 -0.0002 33.8163
v  22.8865 -0.0016 33.8134
v  22.8865 -0.0002 33.8135
v  22.8886 -0.0016 33.8134
v  22.8886 -0.0002 33.8135
v  22.8886 -0.0020 33.8162
v  22.8886 -0.0002 33.8163
v  22.9892 -0.0020 33.8162
v  22.9892 -0.0002 33.8163
v  22.9892 -0.0016 33.8135
v  22.9892 -0.0002 33.8136
v  22.9912 -0.0016 33.8135
v  22.9912 -0.0002 33.8136
v  22.9912 -0.0020 33.8162
v  22.9912 -0.0002 33.8163
v  23.0005 -0.0020 33.8162
v  23.0005 -0.0002 33.8163
v  23.0022 -0.0011 33.8159
v  23.0022 -0.0002 33.8159
v  23.0005 0.0016 33.8162
v  23.0022 0.0007 33.8159
v  22.9912 0.0016 33.8162
v  23.0005 0.0033 33.8158
v  23.0022 0.0020 33.8156
v  22.9912 0.0033 33.8158
v  22.9912 0.0026 33.8132
v  22.9912 0.0012 33.8135
v  22.9892 0.0026 33.8132
v  22.9892 0.0012 33.8135
v  22.9892 0.0033 33.8159
v  22.9892 0.0016 33.8162
v  22.8886 0.0016 33.8162
v  22.8886 0.0033 33.8159
v  22.8886 0.0026 33.8131
v  22.8886 0.0012 33.8134
v  22.8865 0.0026 33.8131
v  22.8865 0.0012 33.8134
v  22.8865 0.0033 33.8159
v  22.8865 0.0016 33.8162
v  22.8379 0.0033 33.8159
v  22.8376 0.0016 33.8162
v  22.8385 0.0050 33.8153
v  22.8392 0.0066 33.8146
v  22.8865 0.0050 33.8153
v  22.8865 0.0066 33.8146
v  22.8865 0.0040 33.8127
v  22.8865 0.0052 33.8121
v  22.8886 0.0040 33.8127
v  22.8886 0.0052 33.8121
v  22.8886 0.0050 33.8153
v  22.8886 0.0066 33.8146
v  22.9892 0.0050 33.8153
v  22.9892 0.0066 33.8146
v  22.9892 0.0040 33.8128
v  22.9892 0.0053 33.8122
v  22.9912 0.0040 33.8128
v  22.9912 0.0053 33.8122
v  22.9912 0.0050 33.8153
v  22.9912 0.0066 33.8145
v  23.0005 0.0050 33.8153
v  23.0005 0.0066 33.8145
v  23.0022 0.0035 33.8151
v  23.0022 0.0051 33.8144
v  23.0005 0.0081 33.8136
v  23.0022 0.0065 33.8135
v  22.9912 0.0081 33.8136
v  23.0005 0.0094 33.8125
v  23.0022 0.0078 33.8124
v  22.9912 0.0094 33.8125
v  22.9912 0.0076 33.8105
v  22.9912 0.0065 33.8114
v  22.9892 0.0076 33.8105
v  22.9892 0.0065 33.8114
v  22.9892 0.0095 33.8125
v  22.9892 0.0081 33.8136
v  22.8886 0.0081 33.8136
v  22.8886 0.0095 33.8125
v  22.8886 0.0075 33.8104
v  22.8886 0.0064 33.8113
v  22.8865 0.0075 33.8104
v  22.8865 0.0064 33.8113
v  22.8865 0.0095 33.8125
v  22.8865 0.0081 33.8136
v  22.8413 0.0095 33.8125
v  22.8402 0.0081 33.8136
v  22.8426 0.0107 33.8112
v  22.8440 0.0117 33.8098
v  22.8865 0.0107 33.8112
v  22.8865 0.0117 33.8098
v  22.8865 0.0085 33.8094
v  22.8865 0.0093 33.8083
v  22.8886 0.0085 33.8094
v  22.8886 0.0093 33.8083
v  22.8886 0.0107 33.8112
v  22.8886 0.0117 33.8098
v  22.9892 0.0107 33.8112
v  22.9892 0.0117 33.8098
v  22.9892 0.0086 33.8095
v  22.9892 0.0094 33.8083
v  22.9912 0.0086 33.8095
v  22.9912 0.0094 33.8083
v  22.9912 0.0106 33.8112
v  22.9912 0.0117 33.8097
v  23.0005 0.0106 33.8112
v  23.0005 0.0117 33.8097
v  23.0022 0.0090 33.8111
v  23.0022 0.0101 33.8097
v  23.0005 0.0125 33.8082
v  23.0022 0.0109 33.8082
v  22.9912 0.0125 33.8082
v  23.0005 0.0132 33.8065
v  23.0022 0.0115 33.8065
v  22.9912 0.0132 33.8065
v  22.9912 0.0106 33.8057
v  22.9912 0.0101 33.8070
v  22.9892 0.0106 33.8057
v  22.9892 0.0101 33.8070
v  22.9892 0.0132 33.8066
v  22.9892 0.0126 33.8082
v  22.8886 0.0126 33.8082
v  22.8886 0.0132 33.8066
v  22.8886 0.0105 33.8057
v  22.8886 0.0100 33.8070
v  22.8865 0.0105 33.8057
v  22.8865 0.0100 33.8070
v  22.8865 0.0132 33.8066
v  22.8865 0.0126 33.8082
v  22.8472 0.0132 33.8066
v  22.8456 0.0126 33.8082
v  22.8489 0.0137 33.8048
v  22.8507 0.0139 33.8031
v  22.8865 0.0137 33.8048
v  22.8865 0.0139 33.8031
v  22.8865 0.0109 33.8043
v  22.8865 0.0111 33.8029
v  22.8886 0.0109 33.8043
v  22.8886 0.0111 33.8029
v  22.8886 0.0137 33.8048
v  22.8886 0.0139 33.8031
v  22.9892 0.0137 33.8048
v  22.9892 0.0139 33.8031
v  22.9892 0.0110 33.8043
v  22.9892 0.0111 33.8029
v  22.9912 0.0110 33.8043
v  22.9912 0.0111 33.8029
v  22.9912 0.0136 33.8048
v  22.9912 0.0138 33.8031
v  23.0005 0.0136 33.8048
v  23.0005 0.0138 33.8031
v  23.0022 0.0120 33.8048
v  23.0022 0.0122 33.8031
v  23.0005 0.0138 33.8013
v  23.0022 0.0122 33.8013
v  22.9912 0.0138 33.8013
v  23.0005 0.0136 33.7996
v  23.0022 0.0120 33.7996
v  22.9912 0.0136 33.7996
v  22.9912 0.0110 33.8001
v  22.9912 0.0111 33.8015
v  22.9892 0.0110 33.8001
v  22.9892 0.0111 33.8015
v  22.9892 0.0137 33.7996
v  22.9892 0.0139 33.8013
v  22.8886 0.0139 33.8013
v  22.8886 0.0137 33.7996
v  22.8886 0.0109 33.8001
v  22.8886 0.0111 33.8015
v  22.8865 0.0109 33.8001
v  22.8865 0.0111 33.8015
v  22.8865 0.0137 33.7996
v  22.8865 0.0139 33.8013
v  22.8542 0.0137 33.7996
v  22.8525 0.0139 33.8013
v  22.8559 0.0132 33.7978
v  22.8576 0.0126 33.7962
v  22.8865 0.0132 33.7978
v  22.8865 0.0126 33.7962
v  22.8865 0.0105 33.7987
v  22.8865 0.0100 33.7974
v  22.8886 0.0105 33.7987
v  22.8886 0.0100 33.7974
v  22.8886 0.0132 33.7978
v  22.8886 0.0126 33.7962
v  22.9892 0.0132 33.7978
v  22.9892 0.0126 33.7962
v  22.9892 0.0106 33.7987
v  22.9892 0.0101 33.7974
v  22.9912 0.0106 33.7987
v  22.9912 0.0101 33.7974
v  22.9912 0.0132 33.7979
v  22.9912 0.0125 33.7962
v  23.0005 0.0132 33.7979
v  23.0005 0.0125 33.7962
v  23.0022 0.0115 33.7979
v  23.0022 0.0109 33.7962
v  23.0005 0.0117 33.7947
v  23.0022 0.0101 33.7947
v  22.9912 0.0117 33.7947
v  23.0005 0.0106 33.7932
v  23.0022 0.0090 33.7933
v  22.9912 0.0106 33.7932
v  22.9912 0.0086 33.7950
v  22.9912 0.0094 33.7961
v  22.9892 0.0086 33.7950
v  22.9892 0.0094 33.7961
v  22.9892 0.0107 33.7932
v  22.9892 0.0117 33.7946
v  22.8886 0.0117 33.7946
v  22.8886 0.0107 33.7932
v  22.8886 0.0085 33.7950
v  22.8886 0.0093 33.7962
v  22.8865 0.0085 33.7950
v  22.8865 0.0093 33.7962
v  22.8865 0.0107 33.7932
v  22.8865 0.0117 33.7946
v  22.8606 0.0107 33.7932
v  22.8591 0.0117 33.7946
v  22.8619 0.0095 33.7919
v  22.8630 0.0081 33.7908
v  22.8865 0.0095 33.7919
v  22.8865 0.0081 33.7908
v  22.8865 0.0075 33.7940
v  22.8865 0.0064 33.7931
v  22.8886 0.0075 33.7940
v  22.8886 0.0064 33.7931
v  22.8886 0.0095 33.7919
v  22.8886 0.0081 33.7908
v  22.9892 0.0095 33.7919
v  22.9892 0.0081 33.7908
v  22.9892 0.0076 33.7939
v  22.9892 0.0065 33.7930
v  22.9912 0.0076 33.7939
v  22.9912 0.0065 33.7930
v  22.9912 0.0094 33.7920
v  22.9912 0.0081 33.7908
v  23.0005 0.0094 33.7920
v  23.0005 0.0081 33.7908
v  23.0022 0.0078 33.7920
v  23.0022 0.0065 33.7909
v  23.0005 0.0066 33.7899
v  23.0022 0.0051 33.7900
v  22.9912 0.0066 33.7899
v  23.0005 0.0050 33.7891
v  23.0022 0.0035 33.7893
v  22.9912 0.0050 33.7891
v  22.9912 0.0040 33.7916
v  22.9912 0.0053 33.7922
v  22.9892 0.0040 33.7916
v  22.9892 0.0053 33.7922
v  22.9892 0.0050 33.7891
v  22.9892 0.0066 33.7898
v  22.8886 0.0066 33.7898
v  22.8886 0.0050 33.7891
v  22.8886 0.0040 33.7917
v  22.8886 0.0052 33.7923
v  22.8865 0.0040 33.7917
v  22.8865 0.0052 33.7923
v  22.8865 0.0050 33.7891
v  22.8865 0.0066 33.7898
v  22.8647 0.0050 33.7891
v  22.8640 0.0066 33.7898
v  22.8653 0.0033 33.7885
v  22.8865 0.0033 33.7885
v  22.8865 0.0026 33.7913
v  22.8886 0.0026 33.7913
v  22.8886 0.0033 33.7885
v  22.9892 0.0033 33.7885
v  22.9892 0.0026 33.7912
v  22.9912 0.0026 33.7912
v  22.9912 0.0033 33.7886
v  23.0005 0.0033 33.7886
v  23.0022 0.0020 33.7888
v  22.8474 -0.0844 33.7016
v  22.8516 -0.0842 33.7016
v  22.8516 -0.0842 33.6878
v  22.8474 -0.0844 33.6878
v  22.8432 -0.0852 33.7016
v  22.8432 -0.0852 33.6878
v  22.8392 -0.0865 33.7016
v  22.8392 -0.0865 33.6878
v  22.8354 -0.0883 33.7016
v  22.8354 -0.0883 33.6878
v  22.8318 -0.0906 33.7016
v  22.8318 -0.0906 33.6878
v  22.8286 -0.0933 33.7016
v  22.8286 -0.0933 33.6878
v  22.8257 -0.0964 33.7016
v  22.8257 -0.0964 33.6878
v  22.8232 -0.0998 33.7016
v  22.8232 -0.0998 33.6878
v  22.8212 -0.1035 33.7016
v  22.8212 -0.1035 33.6878
v  22.8196 -0.1074 33.7016
v  22.8196 -0.1074 33.6878
v  22.8186 -0.1115 33.7016
v  22.8186 -0.1115 33.6878
v  22.8180 -0.1157 33.7016
v  22.8180 -0.1157 33.6878
v  22.8180 -0.1199 33.7016
v  22.8180 -0.1199 33.6878
v  22.8186 -0.1241 33.7016
v  22.8186 -0.1241 33.6878
v  22.8196 -0.1282 33.7016
v  22.8196 -0.1282 33.6878
v  22.8212 -0.1321 33.7016
v  22.8212 -0.1321 33.6878
v  22.8232 -0.1358 33.7016
v  22.8232 -0.1358 33.6878
v  22.8257 -0.1392 33.7016
v  22.8257 -0.1392 33.6878
v  22.8286 -0.1423 33.7016
v  22.8286 -0.1423 33.6878
v  22.8318 -0.1450 33.7016
v  22.8318 -0.1450 33.6878
v  22.8354 -0.1473 33.7016
v  22.8354 -0.1473 33.6878
v  22.8392 -0.1491 33.7016
v  22.8392 -0.1491 33.6878
v  22.8432 -0.1504 33.7016
v  22.8432 -0.1504 33.6878
v  22.8474 -0.1512 33.7016
v  22.8474 -0.1512 33.6878
v  22.8516 -0.1514 33.7016
v  22.8516 -0.1514 33.6878
v  22.8558 -0.1512 33.7016
v  22.8558 -0.1512 33.6878
v  22.8599 -0.1504 33.7016
v  22.8599 -0.1504 33.6878
v  22.8640 -0.1491 33.7016
v  22.8640 -0.1491 33.6878
v  22.8678 -0.1473 33.7016
v  22.8678 -0.1473 33.6878
v  22.8714 -0.1450 33.7016
v  22.8714 -0.1450 33.6878
v  22.8746 -0.1423 33.7016
v  22.8746 -0.1423 33.6878
v  22.8775 -0.1392 33.7016
v  22.8775 -0.1392 33.6878
v  22.8800 -0.1358 33.7016
v  22.8800 -0.1358 33.6878
v  22.8820 -0.1321 33.7016
v  22.8820 -0.1321 33.6878
v  22.8836 -0.1282 33.7016
v  22.8836 -0.1282 33.6878
v  22.8846 -0.1241 33.7016
v  22.8846 -0.1241 33.6878
v  22.8851 -0.1199 33.7016
v  22.8851 -0.1199 33.6878
v  22.8851 -0.1157 33.7016
v  22.8851 -0.1157 33.6878
v  22.8846 -0.1115 33.7016
v  22.8846 -0.1115 33.6878
v  22.8836 -0.1074 33.7016
v  22.8836 -0.1074 33.6878
v  22.8820 -0.1035 33.7016
v  22.8820 -0.1035 33.6878
v  22.8800 -0.0998 33.7016
v  22.8800 -0.0998 33.6878
v  22.8775 -0.0964 33.7016
v  22.8775 -0.0964 33.6878
v  22.8746 -0.0933 33.7016
v  22.8746 -0.0933 33.6878
v  22.8714 -0.0906 33.7016
v  22.8714 -0.0906 33.6878
v  22.8678 -0.0883 33.7016
v  22.8678 -0.0883 33.6878
v  22.8640 -0.0865 33.7016
v  22.8640 -0.0865 33.6878
v  22.8599 -0.0852 33.7016
v  22.8599 -0.0852 33.6878
v  22.8558 -0.0844 33.7016
v  22.8558 -0.0844 33.6878
v  22.8468 -0.0875 33.6864
v  22.8507 -0.0872 33.6864
v  22.8546 -0.0875 33.6864
v  22.8585 -0.0882 33.6864
v  22.8622 -0.0894 33.6864
v  22.8658 -0.0911 33.6864
v  22.8691 -0.0932 33.6864
v  22.8722 -0.0957 33.6864
v  22.8748 -0.0986 33.6864
v  22.8772 -0.1018 33.6864
v  22.8791 -0.1052 33.6864
v  22.8805 -0.1089 33.6864
v  22.8815 -0.1127 33.6864
v  22.8820 -0.1166 33.6864
v  22.8820 -0.1205 33.6864
v  22.8815 -0.1244 33.6864
v  22.8805 -0.1282 33.6864
v  22.8791 -0.1319 33.6864
v  22.8772 -0.1353 33.6864
v  22.8749 -0.1385 33.6864
v  22.8722 -0.1414 33.6864
v  22.8691 -0.1439 33.6864
v  22.8658 -0.1460 33.6864
v  22.8623 -0.1477 33.6864
v  22.8585 -0.1489 33.6864
v  22.8546 -0.1496 33.6864
v  22.8507 -0.1499 33.6864
v  22.8468 -0.1496 33.6864
v  22.8429 -0.1489 33.6864
v  22.8392 -0.1477 33.6864
v  22.8356 -0.1460 33.6864
v  22.8323 -0.1439 33.6864
v  22.8293 -0.1414 33.6864
v  22.8266 -0.1385 33.6864
v  22.8242 -0.1353 33.6864
v  22.8223 -0.1319 33.6864
v  22.8209 -0.1282 33.6864
v  22.8199 -0.1244 33.6864
v  22.8194 -0.1205 33.6864
v  22.8194 -0.1166 33.6864
v  22.8199 -0.1127 33.6864
v  22.8209 -0.1089 33.6864
v  22.8223 -0.1052 33.6864
v  22.8242 -0.1017 33.6864
v  22.8266 -0.0986 33.6864
v  22.8293 -0.0957 33.6864
v  22.8323 -0.0932 33.6864
v  22.8356 -0.0911 33.6864
v  22.8392 -0.0894 33.6864
v  22.8429 -0.0882 33.6864
v  22.8484 -0.0929 33.6864
v  22.8516 -0.0927 33.6864
v  22.8516 -0.0927 33.6854
v  22.8484 -0.0929 33.6854
v  22.8547 -0.0929 33.6864
v  22.8423 -0.0944 33.6864
v  22.8484 -0.1427 33.6864
v  22.8453 -0.1421 33.6864
v  22.8423 -0.1412 33.6864
v  22.8288 -0.1071 33.6864
v  22.8395 -0.1398 33.6864
v  22.8368 -0.1381 33.6864
v  22.8344 -0.1361 33.6864
v  22.8322 -0.1338 33.6864
v  22.8304 -0.1313 33.6864
v  22.8288 -0.1285 33.6864
v  22.8269 -0.1225 33.6864
v  22.8277 -0.1256 33.6864
v  22.8265 -0.1194 33.6864
v  22.8265 -0.1162 33.6864
v  22.8277 -0.1100 33.6864
v  22.8269 -0.1131 33.6864
v  22.8304 -0.1043 33.6864
v  22.8322 -0.1018 33.6864
v  22.8344 -0.0995 33.6864
v  22.8368 -0.0975 33.6864
v  22.8395 -0.0958 33.6864
v  22.8453 -0.0935 33.6864
v  22.8547 -0.0929 33.6854
v  22.8578 -0.0935 33.6854
v  22.8578 -0.0935 33.6864
v  22.8608 -0.0944 33.6854
v  22.8637 -0.0958 33.6854
v  22.8664 -0.0975 33.6854
v  22.8688 -0.0995 33.6854
v  22.8709 -0.1018 33.6854
v  22.8728 -0.1043 33.6854
v  22.8743 -0.1071 33.6854
v  22.8755 -0.1100 33.6854
v  22.8763 -0.1131 33.6854
v  22.8767 -0.1162 33.6854
v  22.8767 -0.1194 33.6854
v  22.8763 -0.1225 33.6854
v  22.8755 -0.1256 33.6854
v  22.8743 -0.1285 33.6854
v  22.8728 -0.1313 33.6854
v  22.8709 -0.1338 33.6854
v  22.8688 -0.1361 33.6854
v  22.8664 -0.1381 33.6854
v  22.8637 -0.1398 33.6854
v  22.8608 -0.1412 33.6854
v  22.8578 -0.1421 33.6854
v  22.8547 -0.1427 33.6854
v  22.8516 -0.1429 33.6854
v  22.8484 -0.1427 33.6854
v  22.8453 -0.1421 33.6854
v  22.8423 -0.1412 33.6854
v  22.8395 -0.1398 33.6854
v  22.8368 -0.1381 33.6854
v  22.8344 -0.1361 33.6854
v  22.8322 -0.1338 33.6854
v  22.8304 -0.1313 33.6854
v  22.8288 -0.1285 33.6854
v  22.8277 -0.1256 33.6854
v  22.8269 -0.1225 33.6854
v  22.8265 -0.1194 33.6854
v  22.8265 -0.1162 33.6854
v  22.8269 -0.1131 33.6854
v  22.8277 -0.1100 33.6854
v  22.8288 -0.1071 33.6854
v  22.8304 -0.1043 33.6854
v  22.8322 -0.1018 33.6854
v  22.8344 -0.0995 33.6854
v  22.8368 -0.0975 33.6854
v  22.8395 -0.0958 33.6854
v  22.8423 -0.0944 33.6854
v  22.8453 -0.0935 33.6854
v  22.8516 -0.1429 33.6864
v  22.8547 -0.1427 33.6864
v  22.8578 -0.1421 33.6864
v  22.8608 -0.1412 33.6864
v  22.8637 -0.1398 33.6864
v  22.8664 -0.1381 33.6864
v  22.8688 -0.1361 33.6864
v  22.8709 -0.1338 33.6864
v  22.8728 -0.1313 33.6864
v  22.8743 -0.1285 33.6864
v  22.8755 -0.1256 33.6864
v  22.8763 -0.1225 33.6864
v  22.8767 -0.1194 33.6864
v  22.8767 -0.1162 33.6864
v  22.8763 -0.1131 33.6864
v  22.8755 -0.1100 33.6864
v  22.8743 -0.1071 33.6864
v  22.8728 -0.1043 33.6864
v  22.8709 -0.1018 33.6864
v  22.8688 -0.0995 33.6864
v  22.8664 -0.0975 33.6864
v  22.8637 -0.0958 33.6864
v  22.8608 -0.0944 33.6864
v  22.8474 0.0332 33.7016
v  22.8516 0.0334 33.7016
v  22.8516 0.0334 33.6878
v  22.8474 0.0332 33.6878
v  22.8432 0.0324 33.7016
v  22.8432 0.0324 33.6878
v  22.8392 0.0311 33.7016
v  22.8392 0.0311 33.6878
v  22.8354 0.0293 33.7016
v  22.8354 0.0293 33.6878
v  22.8318 0.0270 33.7016
v  22.8318 0.0270 33.6878
v  22.8286 0.0243 33.7016
v  22.8286 0.0243 33.6878
v  22.8257 0.0212 33.7016
v  22.8257 0.0212 33.6878
v  22.8232 0.0178 33.7016
v  22.8232 0.0178 33.6878
v  22.8212 0.0141 33.7016
v  22.8212 0.0141 33.6878
v  22.8196 0.0102 33.7016
v  22.8196 0.0102 33.6878
v  22.8186 0.0061 33.7016
v  22.8186 0.0061 33.6878
v  22.8180 0.0019 33.7016
v  22.8180 0.0019 33.6878
v  22.8180 -0.0023 33.7016
v  22.8180 -0.0023 33.6878
v  22.8186 -0.0065 33.7016
v  22.8186 -0.0065 33.6878
v  22.8196 -0.0106 33.7016
v  22.8196 -0.0106 33.6878
v  22.8212 -0.0145 33.7016
v  22.8212 -0.0145 33.6878
v  22.8232 -0.0182 33.7016
v  22.8232 -0.0182 33.6878
v  22.8257 -0.0216 33.7016
v  22.8257 -0.0216 33.6878
v  22.8286 -0.0247 33.7016
v  22.8286 -0.0247 33.6878
v  22.8318 -0.0274 33.7016
v  22.8318 -0.0274 33.6878
v  22.8354 -0.0297 33.7016
v  22.8354 -0.0297 33.6878
v  22.8392 -0.0315 33.7016
v  22.8392 -0.0315 33.6878
v  22.8432 -0.0328 33.7016
v  22.8432 -0.0328 33.6878
v  22.8474 -0.0336 33.7016
v  22.8474 -0.0336 33.6878
v  22.8516 -0.0338 33.7016
v  22.8516 -0.0338 33.6878
v  22.8558 -0.0336 33.7016
v  22.8558 -0.0336 33.6878
v  22.8599 -0.0328 33.7016
v  22.8599 -0.0328 33.6878
v  22.8640 -0.0315 33.7016
v  22.8640 -0.0315 33.6878
v  22.8678 -0.0297 33.7016
v  22.8678 -0.0297 33.6878
v  22.8714 -0.0274 33.7016
v  22.8714 -0.0274 33.6878
v  22.8746 -0.0247 33.7016
v  22.8746 -0.0247 33.6878
v  22.8775 -0.0216 33.7016
v  22.8775 -0.0216 33.6878
v  22.8800 -0.0182 33.7016
v  22.8800 -0.0182 33.6878
v  22.8820 -0.0145 33.7016
v  22.8820 -0.0145 33.6878
v  22.8836 -0.0106 33.7016
v  22.8836 -0.0106 33.6878
v  22.8846 -0.0065 33.7016
v  22.8846 -0.0065 33.6878
v  22.8851 -0.0023 33.7016
v  22.8851 -0.0023 33.6878
v  22.8851 0.0019 33.7016
v  22.8851 0.0019 33.6878
v  22.8846 0.0061 33.7016
v  22.8846 0.0061 33.6878
v  22.8836 0.0102 33.7016
v  22.8836 0.0102 33.6878
v  22.8820 0.0141 33.7016
v  22.8820 0.0141 33.6878
v  22.8800 0.0178 33.7016
v  22.8800 0.0178 33.6878
v  22.8775 0.0212 33.7016
v  22.8775 0.0212 33.6878
v  22.8746 0.0243 33.7016
v  22.8746 0.0243 33.6878
v  22.8714 0.0270 33.7016
v  22.8714 0.0270 33.6878
v  22.8678 0.0293 33.7016
v  22.8678 0.0293 33.6878
v  22.8640 0.0311 33.7016
v  22.8640 0.0311 33.6878
v  22.8599 0.0324 33.7016
v  22.8599 0.0324 33.6878
v  22.8558 0.0332 33.7016
v  22.8558 0.0332 33.6878
v  22.8468 0.0301 33.6864
v  22.8507 0.0304 33.6864
v  22.8546 0.0301 33.6864
v  22.8585 0.0294 33.6864
v  22.8622 0.0282 33.6864
v  22.8658 0.0265 33.6864
v  22.8691 0.0244 33.6864
v  22.8722 0.0219 33.6864
v  22.8748 0.0190 33.6864
v  22.8772 0.0158 33.6864
v  22.8791 0.0124 33.6864
v  22.8805 0.0087 33.6864
v  22.8815 0.0049 33.6864
v  22.8820 0.0010 33.6864
v  22.8820 -0.0029 33.6864
v  22.8815 -0.0068 33.6864
v  22.8805 -0.0106 33.6864
v  22.8791 -0.0143 33.6864
v  22.8772 -0.0177 33.6864
v  22.8749 -0.0209 33.6864
v  22.8722 -0.0238 33.6864
v  22.8691 -0.0263 33.6864
v  22.8658 -0.0284 33.6864
v  22.8623 -0.0301 33.6864
v  22.8585 -0.0313 33.6864
v  22.8546 -0.0321 33.6864
v  22.8507 -0.0323 33.6864
v  22.8468 -0.0321 33.6864
v  22.8429 -0.0313 33.6864
v  22.8392 -0.0301 33.6864
v  22.8356 -0.0284 33.6864
v  22.8323 -0.0263 33.6864
v  22.8293 -0.0238 33.6864
v  22.8266 -0.0209 33.6864
v  22.8242 -0.0177 33.6864
v  22.8223 -0.0143 33.6864
v  22.8209 -0.0106 33.6864
v  22.8199 -0.0068 33.6864
v  22.8194 -0.0029 33.6864
v  22.8194 0.0010 33.6864
v  22.8199 0.0049 33.6864
v  22.8209 0.0087 33.6864
v  22.8223 0.0124 33.6864
v  22.8242 0.0159 33.6864
v  22.8266 0.0190 33.6864
v  22.8293 0.0219 33.6864
v  22.8323 0.0244 33.6864
v  22.8356 0.0265 33.6864
v  22.8392 0.0282 33.6864
v  22.8429 0.0294 33.6864
v  22.8484 0.0247 33.6864
v  22.8516 0.0249 33.6864
v  22.8516 0.0249 33.6854
v  22.8484 0.0247 33.6854
v  22.8453 0.0241 33.6864
v  22.8423 0.0232 33.6864
v  22.8547 0.0247 33.6864
v  22.8395 0.0218 33.6864
v  22.8368 0.0201 33.6864
v  22.8322 0.0158 33.6864
v  22.8344 0.0181 33.6864
v  22.8304 0.0133 33.6864
v  22.8288 0.0105 33.6864
v  22.8269 0.0045 33.6864
v  22.8277 0.0076 33.6864
v  22.8277 -0.0080 33.6864
v  22.8265 0.0014 33.6864
v  22.8265 -0.0018 33.6864
v  22.8269 -0.0049 33.6864
v  22.8288 -0.0109 33.6864
v  22.8304 -0.0137 33.6864
v  22.8344 -0.0185 33.6864
v  22.8322 -0.0162 33.6864
v  22.8453 -0.0245 33.6864
v  22.8368 -0.0205 33.6864
v  22.8395 -0.0222 33.6864
v  22.8423 -0.0236 33.6864
v  22.8484 -0.0251 33.6864
v  22.8516 -0.0253 33.6864
v  22.8578 -0.0245 33.6864
v  22.8547 -0.0251 33.6864
v  22.8688 -0.0185 33.6864
v  22.8608 -0.0236 33.6864
v  22.8637 -0.0222 33.6864
v  22.8664 -0.0205 33.6864
v  22.8709 -0.0162 33.6864
v  22.8728 -0.0137 33.6864
v  22.8755 -0.0080 33.6864
v  22.8743 -0.0109 33.6864
v  22.8763 0.0045 33.6864
v  22.8763 -0.0049 33.6864
v  22.8767 -0.0018 33.6864
v  22.8767 0.0014 33.6864
v  22.8755 0.0076 33.6864
v  22.8743 0.0105 33.6864
v  22.8709 0.0158 33.6864
v  22.8728 0.0133 33.6864
v  22.8608 0.0232 33.6864
v  22.8688 0.0181 33.6864
v  22.8664 0.0201 33.6864
v  22.8637 0.0218 33.6864
v  22.8578 0.0241 33.6864
v  22.8547 0.0247 33.6854
v  22.8578 0.0241 33.6854
v  22.8608 0.0232 33.6854
v  22.8637 0.0218 33.6854
v  22.8664 0.0201 33.6854
v  22.8688 0.0181 33.6854
v  22.8709 0.0158 33.6854
v  22.8728 0.0133 33.6854
v  22.8743 0.0105 33.6854
v  22.8755 0.0076 33.6854
v  22.8763 0.0045 33.6854
v  22.8767 0.0014 33.6854
v  22.8767 -0.0018 33.6854
v  22.8763 -0.0049 33.6854
v  22.8755 -0.0080 33.6854
v  22.8743 -0.0109 33.6854
v  22.8728 -0.0137 33.6854
v  22.8709 -0.0162 33.6854
v  22.8688 -0.0185 33.6854
v  22.8664 -0.0205 33.6854
v  22.8637 -0.0222 33.6854
v  22.8608 -0.0236 33.6854
v  22.8578 -0.0245 33.6854
v  22.8547 -0.0251 33.6854
v  22.8516 -0.0253 33.6854
v  22.8484 -0.0251 33.6854
v  22.8453 -0.0245 33.6854
v  22.8423 -0.0236 33.6854
v  22.8395 -0.0222 33.6854
v  22.8368 -0.0205 33.6854
v  22.8344 -0.0185 33.6854
v  22.8322 -0.0162 33.6854
v  22.8304 -0.0137 33.6854
v  22.8288 -0.0109 33.6854
v  22.8277 -0.0080 33.6854
v  22.8269 -0.0049 33.6854
v  22.8265 -0.0018 33.6854
v  22.8265 0.0014 33.6854
v  22.8269 0.0045 33.6854
v  22.8277 0.0076 33.6854
v  22.8288 0.0105 33.6854
v  22.8304 0.0133 33.6854
v  22.8322 0.0158 33.6854
v  22.8344 0.0181 33.6854
v  22.8368 0.0201 33.6854
v  22.8395 0.0218 33.6854
v  22.8423 0.0232 33.6854
v  22.8453 0.0241 33.6854
v  22.8474 -0.0844 33.7310
v  22.8474 -0.0844 33.7448
v  22.8516 -0.0842 33.7448
v  22.8516 -0.0842 33.7310
v  22.8432 -0.0852 33.7310
v  22.8432 -0.0852 33.7448
v  22.8392 -0.0865 33.7310
v  22.8392 -0.0865 33.7448
v  22.8354 -0.0883 33.7310
v  22.8354 -0.0883 33.7448
v  22.8318 -0.0906 33.7310
v  22.8318 -0.0906 33.7448
v  22.8286 -0.0933 33.7310
v  22.8286 -0.0933 33.7448
v  22.8257 -0.0964 33.7310
v  22.8257 -0.0964 33.7448
v  22.8232 -0.0998 33.7310
v  22.8232 -0.0998 33.7448
v  22.8212 -0.1035 33.7310
v  22.8212 -0.1035 33.7448
v  22.8196 -0.1074 33.7310
v  22.8196 -0.1074 33.7448
v  22.8186 -0.1115 33.7310
v  22.8186 -0.1115 33.7448
v  22.8180 -0.1157 33.7310
v  22.8180 -0.1157 33.7448
v  22.8180 -0.1199 33.7310
v  22.8180 -0.1199 33.7448
v  22.8186 -0.1241 33.7310
v  22.8186 -0.1241 33.7448
v  22.8196 -0.1282 33.7310
v  22.8196 -0.1282 33.7448
v  22.8212 -0.1321 33.7310
v  22.8212 -0.1321 33.7448
v  22.8232 -0.1358 33.7310
v  22.8232 -0.1358 33.7448
v  22.8257 -0.1392 33.7310
v  22.8257 -0.1392 33.7448
v  22.8286 -0.1423 33.7310
v  22.8286 -0.1423 33.7448
v  22.8318 -0.1450 33.7310
v  22.8318 -0.1450 33.7448
v  22.8354 -0.1473 33.7310
v  22.8354 -0.1473 33.7448
v  22.8392 -0.1491 33.7310
v  22.8392 -0.1491 33.7448
v  22.8432 -0.1504 33.7310
v  22.8432 -0.1504 33.7448
v  22.8474 -0.1512 33.7310
v  22.8474 -0.1512 33.7448
v  22.8516 -0.1514 33.7310
v  22.8516 -0.1514 33.7448
v  22.8558 -0.1512 33.7310
v  22.8558 -0.1512 33.7448
v  22.8599 -0.1504 33.7310
v  22.8599 -0.1504 33.7448
v  22.8640 -0.1491 33.7310
v  22.8640 -0.1491 33.7448
v  22.8678 -0.1473 33.7310
v  22.8678 -0.1473 33.7448
v  22.8714 -0.1450 33.7310
v  22.8714 -0.1450 33.7448
v  22.8746 -0.1423 33.7310
v  22.8746 -0.1423 33.7448
v  22.8775 -0.1392 33.7310
v  22.8775 -0.1392 33.7448
v  22.8800 -0.1358 33.7310
v  22.8800 -0.1358 33.7448
v  22.8820 -0.1321 33.7310
v  22.8820 -0.1321 33.7448
v  22.8836 -0.1282 33.7310
v  22.8836 -0.1282 33.7448
v  22.8846 -0.1241 33.7310
v  22.8846 -0.1241 33.7448
v  22.8851 -0.1199 33.7310
v  22.8851 -0.1199 33.7448
v  22.8851 -0.1157 33.7310
v  22.8851 -0.1157 33.7448
v  22.8846 -0.1115 33.7310
v  22.8846 -0.1115 33.7448
v  22.8836 -0.1074 33.7310
v  22.8836 -0.1074 33.7448
v  22.8820 -0.1035 33.7310
v  22.8820 -0.1035 33.7448
v  22.8800 -0.0998 33.7310
v  22.8800 -0.0998 33.7448
v  22.8775 -0.0964 33.7310
v  22.8775 -0.0964 33.7448
v  22.8746 -0.0933 33.7310
v  22.8746 -0.0933 33.7448
v  22.8714 -0.0906 33.7310
v  22.8714 -0.0906 33.7448
v  22.8678 -0.0883 33.7310
v  22.8678 -0.0883 33.7448
v  22.8640 -0.0865 33.7310
v  22.8640 -0.0865 33.7448
v  22.8599 -0.0852 33.7310
v  22.8599 -0.0852 33.7448
v  22.8558 -0.0844 33.7310
v  22.8558 -0.0844 33.7448
v  22.8468 -0.0875 33.7462
v  22.8507 -0.0872 33.7462
v  22.8546 -0.0875 33.7462
v  22.8585 -0.0882 33.7462
v  22.8622 -0.0894 33.7462
v  22.8658 -0.0911 33.7462
v  22.8691 -0.0932 33.7462
v  22.8722 -0.0957 33.7462
v  22.8748 -0.0986 33.7462
v  22.8772 -0.1018 33.7462
v  22.8791 -0.1052 33.7462
v  22.8805 -0.1089 33.7462
v  22.8815 -0.1127 33.7462
v  22.8820 -0.1166 33.7462
v  22.8820 -0.1205 33.7462
v  22.8815 -0.1244 33.7462
v  22.8805 -0.1282 33.7462
v  22.8791 -0.1319 33.7462
v  22.8772 -0.1353 33.7462
v  22.8749 -0.1385 33.7462
v  22.8722 -0.1414 33.7462
v  22.8691 -0.1439 33.7462
v  22.8658 -0.1460 33.7462
v  22.8623 -0.1477 33.7462
v  22.8585 -0.1489 33.7462
v  22.8546 -0.1496 33.7462
v  22.8507 -0.1499 33.7462
v  22.8468 -0.1496 33.7462
v  22.8429 -0.1489 33.7462
v  22.8392 -0.1477 33.7462
v  22.8356 -0.1460 33.7462
v  22.8323 -0.1439 33.7462
v  22.8293 -0.1414 33.7462
v  22.8266 -0.1385 33.7462
v  22.8242 -0.1353 33.7462
v  22.8223 -0.1319 33.7462
v  22.8209 -0.1282 33.7462
v  22.8199 -0.1244 33.7462
v  22.8194 -0.1205 33.7462
v  22.8194 -0.1166 33.7462
v  22.8199 -0.1127 33.7462
v  22.8209 -0.1089 33.7462
v  22.8223 -0.1052 33.7462
v  22.8242 -0.1017 33.7462
v  22.8266 -0.0986 33.7462
v  22.8293 -0.0957 33.7462
v  22.8323 -0.0932 33.7462
v  22.8356 -0.0911 33.7462
v  22.8392 -0.0894 33.7462
v  22.8429 -0.0882 33.7462
v  22.8484 -0.0929 33.7462
v  22.8484 -0.0929 33.7473
v  22.8516 -0.0927 33.7473
v  22.8516 -0.0927 33.7462
v  22.8453 -0.0935 33.7462
v  22.8423 -0.0944 33.7462
v  22.8395 -0.0958 33.7462
v  22.8368 -0.0975 33.7462
v  22.8344 -0.0995 33.7462
v  22.8322 -0.1018 33.7462
v  22.8304 -0.1043 33.7462
v  22.8288 -0.1071 33.7462
v  22.8277 -0.1100 33.7462
v  22.8269 -0.1131 33.7462
v  22.8265 -0.1162 33.7462
v  22.8265 -0.1194 33.7462
v  22.8269 -0.1225 33.7462
v  22.8277 -0.1256 33.7462
v  22.8288 -0.1285 33.7462
v  22.8304 -0.1313 33.7462
v  22.8322 -0.1338 33.7462
v  22.8344 -0.1361 33.7462
v  22.8368 -0.1381 33.7462
v  22.8395 -0.1398 33.7462
v  22.8423 -0.1412 33.7462
v  22.8453 -0.1421 33.7462
v  22.8484 -0.1427 33.7462
v  22.8547 -0.0929 33.7462
v  22.8547 -0.0929 33.7473
v  22.8578 -0.0935 33.7473
v  22.8578 -0.0935 33.7462
v  22.8608 -0.0944 33.7473
v  22.8637 -0.0958 33.7473
v  22.8664 -0.0975 33.7473
v  22.8688 -0.0995 33.7473
v  22.8709 -0.1018 33.7473
v  22.8728 -0.1043 33.7473
v  22.8743 -0.1071 33.7473
v  22.8755 -0.1100 33.7473
v  22.8763 -0.1131 33.7473
v  22.8767 -0.1162 33.7473
v  22.8767 -0.1194 33.7473
v  22.8763 -0.1225 33.7473
v  22.8755 -0.1256 33.7473
v  22.8743 -0.1285 33.7473
v  22.8728 -0.1313 33.7473
v  22.8709 -0.1338 33.7473
v  22.8688 -0.1361 33.7473
v  22.8664 -0.1381 33.7473
v  22.8637 -0.1398 33.7473
v  22.8608 -0.1412 33.7473
v  22.8578 -0.1421 33.7473
v  22.8547 -0.1427 33.7473
v  22.8516 -0.1429 33.7473
v  22.8484 -0.1427 33.7473
v  22.8453 -0.1421 33.7473
v  22.8423 -0.1412 33.7473
v  22.8395 -0.1398 33.7473
v  22.8368 -0.1381 33.7473
v  22.8344 -0.1361 33.7473
v  22.8322 -0.1338 33.7473
v  22.8304 -0.1313 33.7473
v  22.8288 -0.1285 33.7473
v  22.8277 -0.1256 33.7473
v  22.8269 -0.1225 33.7473
v  22.8265 -0.1194 33.7473
v  22.8265 -0.1162 33.7473
v  22.8269 -0.1131 33.7473
v  22.8277 -0.1100 33.7473
v  22.8288 -0.1071 33.7473
v  22.8304 -0.1043 33.7473
v  22.8322 -0.1018 33.7473
v  22.8344 -0.0995 33.7473
v  22.8368 -0.0975 33.7473
v  22.8395 -0.0958 33.7473
v  22.8423 -0.0944 33.7473
v  22.8453 -0.0935 33.7473
v  22.8516 -0.1429 33.7462
v  22.8547 -0.1427 33.7462
v  22.8578 -0.1421 33.7462
v  22.8608 -0.1412 33.7462
v  22.8637 -0.1398 33.7462
v  22.8664 -0.1381 33.7462
v  22.8688 -0.1361 33.7462
v  22.8709 -0.1338 33.7462
v  22.8728 -0.1313 33.7462
v  22.8743 -0.1285 33.7462
v  22.8755 -0.1256 33.7462
v  22.8763 -0.1225 33.7462
v  22.8767 -0.1194 33.7462
v  22.8767 -0.1162 33.7462
v  22.8763 -0.1131 33.7462
v  22.8755 -0.1100 33.7462
v  22.8743 -0.1071 33.7462
v  22.8728 -0.1043 33.7462
v  22.8709 -0.1018 33.7462
v  22.8688 -0.0995 33.7462
v  22.8664 -0.0975 33.7462
v  22.8637 -0.0958 33.7462
v  22.8608 -0.0944 33.7462
v  22.8474 0.0332 33.7310
v  22.8474 0.0332 33.7448
v  22.8516 0.0334 33.7448
v  22.8516 0.0334 33.7310
v  22.8432 0.0324 33.7310
v  22.8432 0.0324 33.7448
v  22.8392 0.0311 33.7310
v  22.8392 0.0311 33.7448
v  22.8354 0.0293 33.7310
v  22.8354 0.0293 33.7448
v  22.8318 0.0270 33.7310
v  22.8318 0.0270 33.7448
v  22.8286 0.0243 33.7310
v  22.8286 0.0243 33.7448
v  22.8257 0.0212 33.7310
v  22.8257 0.0212 33.7448
v  22.8232 0.0178 33.7310
v  22.8232 0.0178 33.7448
v  22.8212 0.0141 33.7310
v  22.8212 0.0141 33.7448
v  22.8196 0.0102 33.7310
v  22.8196 0.0102 33.7448
v  22.8186 0.0061 33.7310
v  22.8186 0.0061 33.7448
v  22.8180 0.0019 33.7310
v  22.8180 0.0019 33.7448
v  22.8180 -0.0023 33.7310
v  22.8180 -0.0023 33.7448
v  22.8186 -0.0065 33.7310
v  22.8186 -0.0065 33.7448
v  22.8196 -0.0106 33.7310
v  22.8196 -0.0106 33.7448
v  22.8212 -0.0145 33.7310
v  22.8212 -0.0145 33.7448
v  22.8232 -0.0182 33.7310
v  22.8232 -0.0182 33.7448
v  22.8257 -0.0216 33.7310
v  22.8257 -0.0216 33.7448
v  22.8286 -0.0247 33.7310
v  22.8286 -0.0247 33.7448
v  22.8318 -0.0274 33.7310
v  22.8318 -0.0274 33.7448
v  22.8354 -0.0297 33.7310
v  22.8354 -0.0297 33.7448
v  22.8392 -0.0315 33.7310
v  22.8392 -0.0315 33.7448
v  22.8432 -0.0328 33.7310
v  22.8432 -0.0328 33.7448
v  22.8474 -0.0336 33.7310
v  22.8474 -0.0336 33.7448
v  22.8516 -0.0338 33.7310
v  22.8516 -0.0338 33.7448
v  22.8558 -0.0336 33.7310
v  22.8558 -0.0336 33.7448
v  22.8599 -0.0328 33.7310
v  22.8599 -0.0328 33.7448
v  22.8640 -0.0315 33.7310
v  22.8640 -0.0315 33.7448
v  22.8678 -0.0297 33.7310
v  22.8678 -0.0297 33.7448
v  22.8714 -0.0274 33.7310
v  22.8714 -0.0274 33.7448
v  22.8746 -0.0247 33.7310
v  22.8746 -0.0247 33.7448
v  22.8775 -0.0216 33.7310
v  22.8775 -0.0216 33.7448
v  22.8800 -0.0182 33.7310
v  22.8800 -0.0182 33.7448
v  22.8820 -0.0145 33.7310
v  22.8820 -0.0145 33.7448
v  22.8836 -0.0106 33.7310
v  22.8836 -0.0106 33.7448
v  22.8846 -0.0065 33.7310
v  22.8846 -0.0065 33.7448
v  22.8851 -0.0023 33.7310
v  22.8851 -0.0023 33.7448
v  22.8851 0.0019 33.7310
v  22.8851 0.0019 33.7448
v  22.8846 0.0061 33.7310
v  22.8846 0.0061 33.7448
v  22.8836 0.0102 33.7310
v  22.8836 0.0102 33.7448
v  22.8820 0.0141 33.7310
v  22.8820 0.0141 33.7448
v  22.8800 0.0178 33.7310
v  22.8800 0.0178 33.7448
v  22.8775 0.0212 33.7310
v  22.8775 0.0212 33.7448
v  22.8746 0.0243 33.7310
v  22.8746 0.0243 33.7448
v  22.8714 0.0270 33.7310
v  22.8714 0.0270 33.7448
v  22.8678 0.0293 33.7310
v  22.8678 0.0293 33.7448
v  22.8640 0.0311 33.7310
v  22.8640 0.0311 33.7448
v  22.8599 0.0324 33.7310
v  22.8599 0.0324 33.7448
v  22.8558 0.0332 33.7310
v  22.8558 0.0332 33.7448
v  22.8468 0.0301 33.7462
v  22.8507 0.0304 33.7462
v  22.8546 0.0301 33.7462
v  22.8585 0.0294 33.7462
v  22.8622 0.0282 33.7462
v  22.8658 0.0265 33.7462
v  22.8691 0.0244 33.7462
v  22.8722 0.0219 33.7462
v  22.8748 0.0190 33.7462
v  22.8772 0.0158 33.7462
v  22.8791 0.0124 33.7462
v  22.8805 0.0087 33.7462
v  22.8815 0.0049 33.7462
v  22.8820 0.0010 33.7462
v  22.8820 -0.0029 33.7462
v  22.8815 -0.0068 33.7462
v  22.8805 -0.0106 33.7462
v  22.8791 -0.0143 33.7462
v  22.8772 -0.0177 33.7462
v  22.8749 -0.0209 33.7462
v  22.8722 -0.0238 33.7462
v  22.8691 -0.0263 33.7462
v  22.8658 -0.0284 33.7462
v  22.8623 -0.0301 33.7462
v  22.8585 -0.0313 33.7462
v  22.8546 -0.0321 33.7462
v  22.8507 -0.0323 33.7462
v  22.8468 -0.0321 33.7462
v  22.8429 -0.0313 33.7462
v  22.8392 -0.0301 33.7462
v  22.8356 -0.0284 33.7462
v  22.8323 -0.0263 33.7462
v  22.8293 -0.0238 33.7462
v  22.8266 -0.0209 33.7462
v  22.8242 -0.0177 33.7462
v  22.8223 -0.0143 33.7462
v  22.8209 -0.0106 33.7462
v  22.8199 -0.0068 33.7462
v  22.8194 -0.0029 33.7462
v  22.8194 0.0010 33.7462
v  22.8199 0.0049 33.7462
v  22.8209 0.0087 33.7462
v  22.8223 0.0124 33.7462
v  22.8242 0.0159 33.7462
v  22.8266 0.0190 33.7462
v  22.8293 0.0219 33.7462
v  22.8323 0.0244 33.7462
v  22.8356 0.0265 33.7462
v  22.8392 0.0282 33.7462
v  22.8429 0.0294 33.7462
v  22.8484 0.0247 33.7462
v  22.8484 0.0247 33.7473
v  22.8516 0.0249 33.7473
v  22.8516 0.0249 33.7462
v  22.8547 0.0247 33.7462
v  22.8423 0.0232 33.7462
v  22.8578 0.0241 33.7462
v  22.8608 0.0232 33.7462
v  22.8664 0.0201 33.7462
v  22.8637 0.0218 33.7462
v  22.8688 0.0181 33.7462
v  22.8709 0.0158 33.7462
v  22.8743 0.0105 33.7462
v  22.8728 0.0133 33.7462
v  22.8767 -0.0018 33.7462
v  22.8755 0.0076 33.7462
v  22.8763 0.0045 33.7462
v  22.8767 0.0014 33.7462
v  22.8763 -0.0049 33.7462
v  22.8755 -0.0080 33.7462
v  22.8728 -0.0137 33.7462
v  22.8743 -0.0109 33.7462
v  22.8637 -0.0222 33.7462
v  22.8709 -0.0162 33.7462
v  22.8688 -0.0185 33.7462
v  22.8664 -0.0205 33.7462
v  22.8608 -0.0236 33.7462
v  22.8578 -0.0245 33.7462
v  22.8516 -0.0253 33.7462
v  22.8547 -0.0251 33.7462
v  22.8395 -0.0222 33.7462
v  22.8484 -0.0251 33.7462
v  22.8453 -0.0245 33.7462
v  22.8423 -0.0236 33.7462
v  22.8368 -0.0205 33.7462
v  22.8344 -0.0185 33.7462
v  22.8304 -0.0137 33.7462
v  22.8322 -0.0162 33.7462
v  22.8265 -0.0018 33.7462
v  22.8288 -0.0109 33.7462
v  22.8277 -0.0080 33.7462
v  22.8269 -0.0049 33.7462
v  22.8265 0.0014 33.7462
v  22.8269 0.0045 33.7462
v  22.8288 0.0105 33.7462
v  22.8277 0.0076 33.7462
v  22.8368 0.0201 33.7462
v  22.8304 0.0133 33.7462
v  22.8322 0.0158 33.7462
v  22.8344 0.0181 33.7462
v  22.8395 0.0218 33.7462
v  22.8453 0.0241 33.7462
v  22.8547 0.0247 33.7473
v  22.8578 0.0241 33.7473
v  22.8608 0.0232 33.7473
v  22.8637 0.0218 33.7473
v  22.8664 0.0201 33.7473
v  22.8688 0.0181 33.7473
v  22.8709 0.0158 33.7473
v  22.8728 0.0133 33.7473
v  22.8743 0.0105 33.7473
v  22.8755 0.0076 33.7473
v  22.8763 0.0045 33.7473
v  22.8767 0.0014 33.7473
v  22.8767 -0.0018 33.7473
v  22.8763 -0.0049 33.7473
v  22.8755 -0.0080 33.7473
v  22.8743 -0.0109 33.7473
v  22.8728 -0.0137 33.7473
v  22.8709 -0.0162 33.7473
v  22.8688 -0.0185 33.7473
v  22.8664 -0.0205 33.7473
v  22.8637 -0.0222 33.7473
v  22.8608 -0.0236 33.7473
v  22.8578 -0.0245 33.7473
v  22.8547 -0.0251 33.7473
v  22.8516 -0.0253 33.7473
v  22.8484 -0.0251 33.7473
v  22.8453 -0.0245 33.7473
v  22.8423 -0.0236 33.7473
v  22.8395 -0.0222 33.7473
v  22.8368 -0.0205 33.7473
v  22.8344 -0.0185 33.7473
v  22.8322 -0.0162 33.7473
v  22.8304 -0.0137 33.7473
v  22.8288 -0.0109 33.7473
v  22.8277 -0.0080 33.7473
v  22.8269 -0.0049 33.7473
v  22.8265 -0.0018 33.7473
v  22.8265 0.0014 33.7473
v  22.8269 0.0045 33.7473
v  22.8277 0.0076 33.7473
v  22.8288 0.0105 33.7473
v  22.8304 0.0133 33.7473
v  22.8322 0.0158 33.7473
v  22.8344 0.0181 33.7473
v  22.8368 0.0201 33.7473
v  22.8395 0.0218 33.7473
v  22.8423 0.0232 33.7473
v  22.8453 0.0241 33.7473
v  23.1619 0.6807 33.7091
v  23.1619 0.6807 33.7076
v  23.1619 0.5757 33.7076
v  23.1619 0.5757 33.7091
v  23.3659 0.5757 33.7091
v  23.3659 0.6807 33.7091
v  23.3659 0.5757 33.7076
v  23.3659 0.6807 33.7076
v  23.1619 0.6807 33.7174
v  23.1619 0.6807 33.7159
v  23.1619 0.5757 33.7159
v  23.1619 0.5757 33.7174
v  23.3659 0.5757 33.7174
v  23.3659 0.6807 33.7174
v  23.3659 0.5757 33.7159
v  23.3659 0.6807 33.7159
v  23.1619 0.8257 33.7091
v  23.1619 0.8257 33.7076
v  23.1619 0.7207 33.7076
v  23.1619 0.7207 33.7091
v  23.3659 0.7207 33.7091
v  23.3659 0.8257 33.7091
v  23.3659 0.7207 33.7076
v  23.3659 0.8257 33.7076
v  23.1619 0.8257 33.7174
v  23.1619 0.8257 33.7159
v  23.1619 0.7207 33.7159
v  23.1619 0.7207 33.7174
v  23.3659 0.7207 33.7174
v  23.3659 0.8257 33.7174
v  23.3659 0.7207 33.7159
v  23.3659 0.8257 33.7159
v  22.9279 0.6807 33.7091
v  22.9279 0.6807 33.7076
v  22.9279 0.5757 33.7076
v  22.9279 0.5757 33.7091
v  23.1319 0.5757 33.7091
v  23.1319 0.6807 33.7091
v  23.1319 0.5757 33.7076
v  23.1319 0.6807 33.7076
v  22.9279 0.6807 33.7174
v  22.9279 0.6807 33.7159
v  22.9279 0.5757 33.7159
v  22.9279 0.5757 33.7174
v  23.1319 0.5757 33.7174
v  23.1319 0.6807 33.7174
v  23.1319 0.5757 33.7159
v  23.1319 0.6807 33.7159
v  22.9279 0.8257 33.7091
v  22.9279 0.8257 33.7076
v  22.9279 0.7207 33.7076
v  22.9279 0.7207 33.7091
v  23.1319 0.7207 33.7091
v  23.1319 0.8257 33.7091
v  23.1319 0.7207 33.7076
v  23.1319 0.8257 33.7076
v  22.9279 0.8257 33.7174
v  22.9279 0.8257 33.7159
v  22.9279 0.7207 33.7159
v  22.9279 0.7207 33.7174
v  23.1319 0.7207 33.7174
v  23.1319 0.8257 33.7174
v  23.1319 0.7207 33.7159
v  23.1319 0.8257 33.7159
v  23.3959 0.6807 33.7091
v  23.3959 0.6807 33.7076
v  23.3959 0.5757 33.7076
v  23.3959 0.5757 33.7091
v  23.5999 0.5757 33.7091
v  23.5999 0.6807 33.7091
v  23.5999 0.5757 33.7076
v  23.5999 0.6807 33.7076
v  23.3959 0.6807 33.7174
v  23.3959 0.6807 33.7159
v  23.3959 0.5757 33.7159
v  23.3959 0.5757 33.7174
v  23.5999 0.5757 33.7174
v  23.5999 0.6807 33.7174
v  23.5999 0.5757 33.7159
v  23.5999 0.6807 33.7159
v  23.3959 0.8257 33.7091
v  23.3959 0.8257 33.7076
v  23.3959 0.7207 33.7076
v  23.3959 0.7207 33.7091
v  23.5999 0.7207 33.7091
v  23.5999 0.8257 33.7091
v  23.5999 0.7207 33.7076
v  23.5999 0.8257 33.7076
v  23.3959 0.8257 33.7174
v  23.3959 0.8257 33.7159
v  23.3959 0.7207 33.7159
v  23.3959 0.7207 33.7174
v  23.5999 0.7207 33.7174
v  23.5999 0.8257 33.7174
v  23.5999 0.7207 33.7159
v  23.5999 0.8257 33.7159
v  23.5999 -0.9875 33.7316
v  23.7639 -0.9875 33.7316
v  23.7639 -0.7838 33.7316
v  23.5999 -0.7838 33.7316
v  23.7571 0.9932 33.7016
v  23.7571 0.8257 33.7016
v  23.5999 0.8257 33.7016
v  23.5999 0.9932 33.7016
v  23.7639 1.0000 33.7055
v  23.5999 1.0000 33.7055
v  23.5999 1.0000 33.7316
v  23.7639 1.0000 33.7316
v  22.7639 -0.9875 33.7055
v  22.9279 -0.9875 33.7055
v  22.9279 -0.9875 33.7316
v  22.7639 -0.9875 33.7316
v  22.7639 1.0000 33.7055
v  22.7639 0.8257 33.7055
v  22.7639 0.8257 33.7316
v  22.7639 1.0000 33.7316
v  23.7639 -0.9875 33.7055
v  23.7639 -0.7838 33.7055
v  22.7639 0.5757 33.7055
v  22.7639 0.4162 33.7055
v  22.7639 0.4162 33.7316
v  22.7639 0.5757 33.7316
v  23.7639 0.7207 33.7055
v  23.7639 0.8257 33.7055
v  23.7639 0.8257 33.7316
v  23.7639 0.7207 33.7316
v  23.7639 0.4162 33.7055
v  23.7639 0.5757 33.7055
v  23.7639 0.5757 33.7316
v  23.7639 0.4162 33.7316
v  23.5999 0.5757 33.7316
v  23.7639 0.6807 33.7316
v  23.5999 0.6807 33.7316
v  23.5999 0.8257 33.7316
v  23.5999 -0.9875 33.7055
v  22.7639 -0.7838 33.7055
v  22.7639 -0.7838 33.7316
v  23.0879 -0.9875 33.7055
v  23.0879 -0.9875 33.7316
v  22.9279 0.5757 33.7016
v  22.9279 0.4162 33.7016
v  22.7707 0.4162 33.7016
v  22.7707 0.5757 33.7016
v  23.7571 0.6807 33.7016
v  23.7571 0.5757 33.7016
v  23.5999 0.5757 33.7016
v  23.5999 0.6807 33.7016
v  23.5999 0.4162 33.7316
v  23.7571 -0.7838 33.7016
v  23.7571 -0.9807 33.7016
v  23.5999 -0.9807 33.7016
v  23.5999 -0.7838 33.7016
v  22.9279 -0.7838 33.7016
v  22.7707 -0.7838 33.7016
v  22.9279 -0.7838 33.7316
v  22.9279 0.4162 33.7316
v  23.7571 0.4162 33.7016
v  23.5999 0.4162 33.7016
v  22.9279 0.5757 33.7316
v  22.9279 1.0000 33.7055
v  22.9279 1.0000 33.7316
v  22.9279 0.8257 33.7316
v  22.9279 0.6807 33.7316
v  22.7639 0.6807 33.7316
v  22.7639 0.6807 33.7055
v  22.9279 0.9932 33.7016
v  22.9279 0.8257 33.7016
v  22.7707 0.8257 33.7016
v  22.7707 0.9932 33.7016
v  23.1839 -0.9875 33.7055
v  23.1839 -0.9875 33.7316
v  23.3439 -0.9875 33.7055
v  23.3439 -0.9875 33.7316
v  23.0879 -0.7838 33.7316
v  23.0879 0.4162 33.7316
v  23.0757 0.4039 33.7060
v  22.9401 0.4039 33.7060
v  23.0879 0.4162 33.7016
v  23.0879 0.5757 33.7316
v  23.0879 0.5757 33.7016
v  23.0879 1.0000 33.7055
v  23.0879 1.0000 33.7316
v  23.0879 0.8257 33.7316
v  23.0879 -0.7838 33.7016
v  23.0879 -0.9807 33.7016
v  22.9279 -0.9807 33.7016
v  23.0879 0.9932 33.7016
v  23.0879 0.8257 33.7016
v  23.4399 -0.9875 33.7055
v  23.4399 -0.9875 33.7316
v  23.1839 -0.7838 33.7316
v  23.1839 0.4162 33.7316
v  23.1839 0.4162 33.7016
v  23.1839 -0.7838 33.7016
v  23.1839 0.5757 33.7316
v  23.1839 0.5757 33.7016
v  23.1839 1.0000 33.7055
v  23.1839 1.0000 33.7316
v  23.1839 0.8257 33.7316
v  23.1839 -0.9807 33.7016
v  23.1839 0.9932 33.7016
v  23.1839 0.8257 33.7016
v  23.3439 -0.7838 33.7316
v  23.3439 0.4162 33.7316
v  23.1961 0.4039 33.7060
v  23.1961 -0.7715 33.7060
v  23.3439 0.5757 33.7316
v  23.3439 0.5757 33.7016
v  23.3439 0.4162 33.7016
v  23.3439 1.0000 33.7055
v  23.3439 1.0000 33.7316
v  23.3439 0.8257 33.7316
v  23.4399 0.8257 33.7016
v  23.3439 0.8257 33.7016
v  23.4399 0.8257 33.7316
v  23.3439 -0.7838 33.7016
v  23.3439 -0.9807 33.7016
v  23.3439 0.9932 33.7016
v  23.4399 -0.7838 33.7316
v  23.4399 0.4162 33.7316
v  23.4399 0.4162 33.7016
v  23.4399 -0.7838 33.7016
v  23.4399 0.5757 33.7316
v  23.4399 0.5757 33.7016
v  23.4399 1.0000 33.7055
v  23.4399 1.0000 33.7316
v  22.9279 0.6807 33.7016
v  23.4399 -0.9807 33.7016
v  23.4399 0.9932 33.7016
v  22.7707 0.6807 33.7016
v  23.0757 -0.7715 33.7060
v  23.5999 0.7207 33.7316
v  23.5999 0.7207 33.7016
v  23.5877 -0.7715 33.7099
v  23.5877 0.4039 33.7099
v  23.5877 0.4039 33.7060
v  23.5877 -0.7715 33.7060
v  23.0757 0.4039 33.7099
v  22.9401 0.4039 33.7099
v  23.3317 -0.7715 33.7099
v  23.3317 0.4039 33.7099
v  23.3317 0.4039 33.7060
v  23.3317 -0.7715 33.7060
v  23.4521 0.4039 33.7060
v  23.4521 -0.7715 33.7060
v  22.9401 -0.7715 33.7060
v  22.9401 -0.7715 33.7099
v  23.0757 -0.7715 33.7099
v  23.1961 -0.7715 33.7099
v  23.4521 -0.7715 33.7099
v  23.1961 0.4039 33.7099
v  23.4521 0.4039 33.7099
v  23.0722 0.4004 33.7110
v  23.0722 -0.7680 33.7110
v  22.9436 -0.7680 33.7110
v  22.9436 0.4004 33.7110
v  23.3282 0.4004 33.7110
v  23.3282 -0.7680 33.7110
v  23.1996 -0.7680 33.7110
v  23.1996 0.4004 33.7110
v  23.5842 0.4004 33.7110
v  23.5842 -0.7680 33.7110
v  23.4556 -0.7680 33.7110
v  23.4556 0.4004 33.7110
v  23.3959 0.6807 33.7316
v  23.3959 0.6807 33.7016
v  23.3959 0.7207 33.7316
v  23.3959 0.7207 33.7016
v  23.5999 0.7007 33.7316
v  23.5999 0.7007 33.7016
v  23.3959 0.7007 33.7316
v  23.3959 0.7007 33.7016
v  23.3659 0.6807 33.7016
v  23.3659 0.6807 33.7316
v  23.1619 0.6807 33.7316
v  23.1619 0.6807 33.7016
v  23.1619 0.7207 33.7316
v  23.3659 0.7207 33.7316
v  23.3659 0.7207 33.7016
v  23.1619 0.7207 33.7016
v  23.3659 0.7007 33.7316
v  23.3659 0.7007 33.7016
v  23.1619 0.7007 33.7316
v  23.1619 0.7007 33.7016
v  23.1319 0.6807 33.7016
v  23.1319 0.6807 33.7316
v  22.9279 0.7207 33.7316
v  23.1319 0.7207 33.7316
v  23.1319 0.7207 33.7016
v  22.9279 0.7207 33.7016
v  23.1319 0.7007 33.7316
v  23.1319 0.7007 33.7016
v  22.9279 0.7007 33.7316
v  22.9279 0.7007 33.7016
v  23.3959 0.8257 33.7016
v  23.3959 0.8257 33.7316
v  23.3659 0.8257 33.7316
v  23.3659 0.8257 33.7016
v  23.3759 0.8257 33.7316
v  23.3759 0.8257 33.7016
v  23.3659 0.5757 33.7316
v  23.3759 0.5757 33.7316
v  23.3759 0.6807 33.7316
v  23.3659 0.5757 33.7016
v  23.3759 0.5757 33.7016
v  23.3759 0.7207 33.7016
v  23.3959 0.5757 33.7016
v  23.3959 0.5757 33.7316
v  23.1619 0.8257 33.7016
v  23.1619 0.8257 33.7316
v  23.1319 0.8257 33.7316
v  23.1319 0.8257 33.7016
v  23.1519 0.8257 33.7316
v  23.1519 0.8257 33.7016
v  23.1319 0.5757 33.7316
v  23.1519 0.5757 33.7316
v  23.1519 0.6807 33.7316
v  23.1319 0.5757 33.7016
v  23.1519 0.5757 33.7016
v  23.1519 0.7207 33.7016
v  23.1619 0.5757 33.7016
v  23.1619 0.5757 33.7316
v  22.7707 -0.9807 33.7016
v  23.7571 0.7207 33.7016
v  23.1519 0.7207 33.7316
v  23.1519 0.6807 33.7016
v  23.3759 0.7207 33.7316
v  23.3759 0.6807 33.7016
v  22.7707 0.7207 33.7016
v  22.7639 0.7207 33.7055
v  22.7639 0.7207 33.7316
v  23.7639 0.6807 33.7055
v  23.1619 0.6807 33.7038
v  23.1655 0.6772 33.7060
v  23.1655 0.5827 33.7060
v  23.1619 0.5757 33.7038
v  23.3623 0.5827 33.7060
v  23.3659 0.5757 33.7038
v  23.3623 0.6772 33.7060
v  23.3659 0.6807 33.7038
v  23.3623 0.5827 33.7273
v  23.3623 0.6772 33.7273
v  23.1655 0.5827 33.7273
v  23.3659 0.6807 33.7295
v  23.3659 0.5757 33.7295
v  23.1619 0.5757 33.7295
v  23.1655 0.6772 33.7273
v  23.1619 0.6807 33.7295
v  23.1619 0.8257 33.7038
v  23.1655 0.8222 33.7060
v  23.1655 0.7277 33.7060
v  23.1619 0.7207 33.7038
v  23.3623 0.7277 33.7060
v  23.3659 0.7207 33.7038
v  23.3623 0.8222 33.7060
v  23.3659 0.8257 33.7038
v  23.3623 0.7277 33.7273
v  23.3623 0.8222 33.7273
v  23.1655 0.7277 33.7273
v  23.3659 0.8257 33.7295
v  23.3659 0.7207 33.7295
v  23.1619 0.7207 33.7295
v  23.1655 0.8222 33.7273
v  23.1619 0.8257 33.7295
v  22.9279 0.6807 33.7038
v  22.9315 0.6772 33.7060
v  22.9315 0.5827 33.7060
v  22.9279 0.5757 33.7038
v  23.1283 0.5827 33.7060
v  23.1319 0.5757 33.7038
v  23.1283 0.6772 33.7060
v  23.1319 0.6807 33.7038
v  23.1283 0.5827 33.7273
v  23.1283 0.6772 33.7273
v  22.9315 0.5827 33.7273
v  23.1319 0.6807 33.7295
v  23.1319 0.5757 33.7295
v  22.9279 0.5757 33.7295
v  22.9315 0.6772 33.7273
v  22.9279 0.6807 33.7295
v  22.9279 0.8257 33.7038
v  22.9315 0.8222 33.7060
v  22.9315 0.7277 33.7060
v  22.9279 0.7207 33.7038
v  23.1283 0.7277 33.7060
v  23.1319 0.7207 33.7038
v  23.1283 0.8222 33.7060
v  23.1319 0.8257 33.7038
v  23.1283 0.7277 33.7273
v  23.1283 0.8222 33.7273
v  22.9315 0.7277 33.7273
v  23.1319 0.8257 33.7295
v  23.1319 0.7207 33.7295
v  22.9279 0.7207 33.7295
v  22.9315 0.8222 33.7273
v  22.9279 0.8257 33.7295
v  23.3959 0.6807 33.7038
v  23.3995 0.6772 33.7060
v  23.3995 0.5827 33.7060
v  23.3959 0.5757 33.7038
v  23.5963 0.5827 33.7060
v  23.5999 0.5757 33.7038
v  23.5963 0.6772 33.7060
v  23.5999 0.6807 33.7038
v  23.5963 0.5827 33.7273
v  23.5963 0.6772 33.7273
v  23.3995 0.5827 33.7273
v  23.5999 0.6807 33.7295
v  23.5999 0.5757 33.7295
v  23.3959 0.5757 33.7295
v  23.3995 0.6772 33.7273
v  23.3959 0.6807 33.7295
v  23.3959 0.8257 33.7038
v  23.3995 0.8222 33.7060
v  23.3995 0.7277 33.7060
v  23.3959 0.7207 33.7038
v  23.5963 0.7277 33.7060
v  23.5999 0.7207 33.7038
v  23.5963 0.8222 33.7060
v  23.5999 0.8257 33.7038
v  23.5963 0.7277 33.7273
v  23.5963 0.8222 33.7273
v  23.3995 0.7277 33.7273
v  23.5999 0.8257 33.7295
v  23.5999 0.7207 33.7295
v  23.3959 0.7207 33.7295
v  23.3995 0.8222 33.7273
v  23.3959 0.8257 33.7295
# 3082 vertices

vn -1.0000 0.0000 0.0000
vn 0.0000 0.0000 -1.0000
vn 1.0000 0.0000 0.0000
vn 0.0000 1.0000 0.0000
vn 0.0000 -1.0000 0.0000
vn 0.9980 0.0628 0.0000
vn 0.0000 0.0000 1.0000
vn 0.9980 -0.0628 0.0000
vn 0.0000 0.0628 0.9980
vn 0.0000 -0.0628 0.9980
vn 1.0000 0.0001 0.0001
vn 1.0000 -0.0001 0.0001
vn -1.0000 -0.0001 0.0000
vn -1.0000 0.0001 0.0000
vn 1.0000 0.0001 -0.0001
vn 1.0000 -0.0001 -0.0001
vn -1.0000 0.0000 0.0001
vn 0.2100 -0.0614 0.9758
vn 0.2100 0.0614 0.9758
vn 0.2657 -0.1806 0.9470
vn 0.0000 -0.1874 0.9823
vn 0.3435 -0.2902 0.8932
vn 0.0000 -0.3090 0.9511
vn 1.0000 0.0000 -0.0001
vn 1.0000 0.0000 0.0001
vn 0.9511 -0.3090 0.0000
vn 0.9823 -0.1875 0.0000
vn 0.9048 -0.4258 0.0000
vn 0.8443 -0.5358 0.0000
vn 0.0000 -0.5358 0.8443
vn 0.0000 -0.4258 0.9048
vn -1.0000 -0.0001 0.0001
vn 0.4215 -0.3861 0.8205
vn 0.4908 -0.4669 0.7356
vn 0.5490 -0.5328 0.6440
vn 0.0000 -0.6374 0.7705
vn 0.5961 -0.5853 0.5496
vn 0.0000 -0.7290 0.6846
vn 0.0000 -0.7290 0.6845
vn 0.6846 -0.7290 0.0000
vn 0.7705 -0.6374 0.0000
vn 0.5878 -0.8090 0.0000
vn 0.4818 -0.8763 0.0000
vn 0.0000 -0.8763 0.4818
vn 0.0000 -0.8090 0.5878
vn 1.0000 -0.0001 0.0000
vn 1.0000 0.0001 -0.0000
vn 0.6332 -0.6262 0.4550
vn 0.6614 -0.6572 0.3613
vn 0.6821 -0.6799 0.2692
vn 0.0000 -0.9298 0.3681
vn 0.6962 -0.6953 0.1785
vn -0.0000 -0.9686 0.2487
vn 0.2487 -0.9686 0.0000
vn 0.3681 -0.9298 0.0000
vn 0.1253 -0.9921 0.0000
vn 0.0000 -0.9921 0.1253
vn 0.0000 -0.9921 0.1254
vn 0.7044 -0.7042 0.0890
vn 0.7071 -0.7071 0.0000
vn 0.7044 -0.7042 -0.0890
vn -0.0000 -0.9921 -0.1253
vn 0.6963 -0.6952 -0.1785
vn -0.0000 -0.9686 -0.2487
vn 0.0000 -0.9921 -0.1254
vn -0.2487 -0.9686 0.0000
vn -0.1253 -0.9921 0.0000
vn -0.3681 -0.9298 0.0000
vn -0.4818 -0.8763 0.0000
vn 0.0000 -0.8763 -0.4817
vn 0.0000 -0.9298 -0.3681
vn 0.0000 -0.8763 -0.4818
vn 0.6822 -0.6799 -0.2692
vn 0.6615 -0.6572 -0.3613
vn 0.6332 -0.6262 -0.4549
vn 0.0000 -0.8090 -0.5878
vn 0.5962 -0.5853 -0.5496
vn 0.0000 -0.7290 -0.6845
vn 0.0000 -0.7290 -0.6846
vn -0.6846 -0.7290 0.0000
vn -0.5878 -0.8090 0.0000
vn -0.7705 -0.6374 0.0000
vn -0.8444 -0.5358 0.0000
vn 0.0000 -0.5358 -0.8443
vn 0.0000 -0.6374 -0.7705
vn -1.0000 0.0000 -0.0001
vn 0.5490 -0.5328 -0.6440
vn 0.4908 -0.4668 -0.7356
vn 0.4214 -0.3861 -0.8206
vn 0.0000 -0.4258 -0.9048
vn 0.3436 -0.2902 -0.8932
vn 0.0000 -0.3090 -0.9511
vn -0.9510 -0.3091 0.0000
vn -0.9049 -0.4257 0.0000
vn -0.9823 -0.1875 0.0000
vn -0.9980 -0.0627 0.0000
vn -0.0000 -0.0628 -0.9980
vn 0.0000 -0.1874 -0.9823
vn -1.0000 -0.0001 -0.0001
vn 0.2657 -0.1806 -0.9470
vn 0.2099 -0.0614 -0.9758
vn 0.2099 0.0614 -0.9758
vn 0.0000 0.0628 -0.9980
vn 0.2657 0.1806 -0.9470
vn 0.0000 0.1874 -0.9823
vn -1.0000 0.0001 -0.0001
vn -0.9823 0.1875 0.0000
vn -0.9980 0.0627 0.0000
vn -0.9510 0.3091 0.0000
vn -0.9049 0.4257 0.0000
vn 0.0000 0.4258 -0.9048
vn 0.0000 0.3090 -0.9510
vn 0.0000 0.3090 -0.9511
vn 0.3436 0.2902 -0.8932
vn 0.4214 0.3861 -0.8206
vn 0.4908 0.4668 -0.7357
vn 0.0000 0.5358 -0.8443
vn 0.5490 0.5328 -0.6440
vn 0.0000 0.6374 -0.7705
vn 0.0000 0.5359 -0.8443
vn -0.7705 0.6374 0.0000
vn -0.8444 0.5358 0.0000
vn -0.6846 0.7290 0.0000
vn -0.5878 0.8090 0.0000
vn 0.0000 0.8090 -0.5878
vn 0.0000 0.7290 -0.6845
vn 0.0000 0.7289 -0.6846
vn 0.5962 0.5853 -0.5496
vn 0.6332 0.6262 -0.4550
vn 0.6615 0.6572 -0.3613
vn 0.0000 0.8763 -0.4818
vn 0.6821 0.6799 -0.2692
vn 0.0000 0.9298 -0.3680
vn 0.0000 0.9298 -0.3681
vn 0.0000 0.8763 -0.4817
vn -0.3681 0.9298 0.0000
vn -0.4818 0.8763 0.0000
vn -0.2486 0.9686 0.0000
vn -0.1253 0.9921 0.0000
vn 0.0000 0.9921 -0.1253
vn 0.0000 0.9686 -0.2487
vn 0.0000 0.9921 -0.1254
vn 0.0000 0.9686 -0.2488
vn 0.6962 0.6953 -0.1785
vn 0.7044 0.7042 -0.0890
vn 0.7071 0.7071 0.0000
vn 0.7044 0.7042 0.0890
vn 0.0000 0.9921 0.1253
vn 0.0000 0.9921 0.1254
vn 0.1253 0.9921 0.0000
vn 0.2486 0.9686 0.0000
vn 0.3681 0.9298 0.0000
vn 0.0000 0.9298 0.3681
vn 0.0000 0.9686 0.2487
vn 0.0000 0.9298 0.3680
vn 0.0000 0.9686 0.2488
vn 0.6962 0.6952 0.1785
vn 0.6821 0.6799 0.2692
vn 0.6615 0.6572 0.3613
vn 0.0000 0.8763 0.4818
vn 0.6332 0.6262 0.4550
vn 0.0000 0.8090 0.5878
vn 0.0000 0.8763 0.4817
vn 0.5878 0.8090 0.0000
vn 0.4818 0.8763 0.0000
vn 0.6846 0.7290 0.0000
vn 0.7705 0.6374 0.0000
vn 0.0000 0.6374 0.7705
vn 0.0000 0.7290 0.6845
vn 0.0000 0.7289 0.6846
vn -1.0000 0.0001 0.0001
vn 0.0000 0.7290 0.6846
vn 0.5962 0.5853 0.5496
vn 0.5490 0.5328 0.6440
vn 0.4908 0.4668 0.7356
vn 0.0000 0.5358 0.8443
vn 0.4214 0.3861 0.8205
vn 0.0000 0.4258 0.9048
vn 0.0000 0.5359 0.8443
vn 0.9048 0.4258 0.0000
vn 0.8443 0.5358 0.0000
vn 0.9511 0.3090 0.0000
vn 0.9823 0.1875 0.0000
vn 0.0000 0.1874 0.9823
vn 0.0000 0.3090 0.9511
vn 0.3435 0.2902 0.8932
vn 0.2657 0.1806 0.9470
vn 0.7128 0.0000 -0.7014
vn 0.2100 -0.0614 -0.9758
vn 0.2100 0.0614 -0.9758
vn 0.3435 -0.2902 -0.8932
vn 0.8444 -0.5358 0.0000
vn 0.4214 -0.3861 -0.8205
vn 0.4908 -0.4669 -0.7356
vn 0.5961 -0.5853 -0.5496
vn 0.6845 -0.7290 0.0000
vn 0.6332 -0.6262 -0.4550
vn 0.6614 -0.6572 -0.3613
vn 0.6962 -0.6952 -0.1785
vn 0.0000 -0.8763 0.4817
vn 0.6822 -0.6799 0.2692
vn 0.6615 -0.6572 0.3613
vn 0.6332 -0.6262 0.4549
vn 0.5962 -0.5853 0.5496
vn -0.6845 -0.7290 0.0000
vn 0.4908 -0.4668 0.7356
vn 0.4214 -0.3861 0.8206
vn -0.9823 -0.1874 0.0000
vn -0.9823 0.1874 0.0000
vn 0.0000 0.3090 0.9510
vn 0.4214 0.3861 0.8206
vn 0.4908 0.4668 0.7357
vn -0.6845 0.7290 0.0000
vn 0.5961 0.5853 0.5496
vn 0.6962 0.6953 0.1785
vn 0.6962 0.6952 -0.1785
vn 0.6614 0.6572 -0.3613
vn 0.6845 0.7290 0.0000
vn 0.0000 0.7290 -0.6846
vn 0.5962 0.5852 -0.5496
vn 0.4908 0.4669 -0.7356
vn 0.4215 0.3861 -0.8205
vn 0.8444 0.5358 0.0000
vn 0.3435 0.2902 -0.8932
vn -0.0903 0.7150 0.6932
vn 0.0000 0.7207 0.6932
vn 0.0023 0.8483 -0.5295
vn -0.1040 0.8456 -0.5235
vn -0.1792 0.6980 0.6932
vn -0.2099 0.8302 -0.5165
vn -0.2653 0.6701 0.6932
vn -0.3137 0.8019 -0.5084
vn -0.3472 0.6316 0.6932
vn -0.4140 0.7612 -0.4992
vn -0.4236 0.5831 0.6932
vn -0.5093 0.7083 -0.4888
vn -0.4933 0.5254 0.6932
vn -0.5981 0.6438 -0.4772
vn -0.5553 0.4594 0.6932
vn -0.6792 0.5683 -0.4645
vn -0.6085 0.3862 0.6932
vn -0.7509 0.4828 -0.4506
vn -0.6521 0.3069 0.6932
vn -0.8120 0.3882 -0.4357
vn -0.6854 0.2227 0.6932
vn -0.8613 0.2857 -0.4202
vn -0.7079 0.1350 0.6932
vn -0.8974 0.1768 -0.4042
vn -0.7193 0.0452 0.6932
vn -0.9193 0.0632 -0.3884
vn -0.7192 -0.0452 0.6933
vn -0.9262 -0.0533 -0.3732
vn -0.7079 -0.1350 0.6932
vn -0.9174 -0.1706 -0.3594
vn -0.6854 -0.2227 0.6932
vn -0.8928 -0.2864 -0.3476
vn -0.6521 -0.3069 0.6933
vn -0.8525 -0.3984 -0.3385
vn -0.6085 -0.3862 0.6932
vn -0.7970 -0.5041 -0.3325
vn -0.5553 -0.4594 0.6933
vn -0.7274 -0.6015 -0.3302
vn -0.4934 -0.5253 0.6932
vn -0.6450 -0.6884 -0.3317
vn -0.4236 -0.5831 0.6932
vn -0.5516 -0.7631 -0.3367
vn -0.3472 -0.6316 0.6932
vn -0.4492 -0.8240 -0.3451
vn -0.2653 -0.6701 0.6932
vn -0.3401 -0.8702 -0.3563
vn -0.1792 -0.6980 0.6932
vn -0.2264 -0.9011 -0.3697
vn -0.0903 -0.7150 0.6932
vn -0.1105 -0.9164 -0.3846
vn 0.0000 -0.7207 0.6932
vn 0.0055 -0.9163 -0.4004
vn 0.0903 -0.7150 0.6932
vn 0.1194 -0.9013 -0.4163
vn 0.1792 -0.6980 0.6932
vn 0.2296 -0.8721 -0.4320
vn 0.2653 -0.6701 0.6932
vn 0.3342 -0.8297 -0.4471
vn 0.3472 -0.6316 0.6932
vn 0.4319 -0.7751 -0.4612
vn 0.4236 -0.5831 0.6932
vn 0.5213 -0.7095 -0.4742
vn 0.4933 -0.5253 0.6932
vn 0.6014 -0.6340 -0.4861
vn 0.5553 -0.4594 0.6932
vn 0.6713 -0.5501 -0.4967
vn 0.6085 -0.3862 0.6932
vn 0.7300 -0.4590 -0.5062
vn 0.6521 -0.3069 0.6932
vn 0.7772 -0.3622 -0.5146
vn 0.6854 -0.2227 0.6932
vn 0.8121 -0.2609 -0.5218
vn 0.7080 -0.1350 0.6932
vn 0.8346 -0.1567 -0.5281
vn 0.7193 -0.0452 0.6932
vn 0.8443 -0.0510 -0.5334
vn 0.7193 0.0452 0.6933
vn 0.8413 0.0546 -0.5377
vn 0.7079 0.1350 0.6932
vn 0.8256 0.1589 -0.5413
vn 0.6854 0.2227 0.6932
vn 0.7977 0.2603 -0.5440
vn 0.6521 0.3068 0.6933
vn 0.7578 0.3573 -0.5459
vn 0.6085 0.3862 0.6932
vn 0.7065 0.4488 -0.5471
vn 0.5553 0.4594 0.6932
vn 0.6447 0.5334 -0.5475
vn 0.4933 0.5254 0.6932
vn 0.5731 0.6099 -0.5473
vn 0.4236 0.5831 0.6932
vn 0.4928 0.6772 -0.5463
vn 0.3472 0.6316 0.6932
vn 0.4049 0.7345 -0.5445
vn 0.2653 0.6701 0.6932
vn 0.3106 0.7808 -0.5420
vn 0.1792 0.6980 0.6932
vn 0.2111 0.8156 -0.5387
vn 0.0903 0.7150 0.6932
vn 0.1079 0.8382 -0.5345
vn -0.0394 0.2913 -0.9558
vn -0.0022 0.2855 -0.9583
vn 0.0330 0.2763 -0.9605
vn -0.0003 0.0692 -0.9976
vn 0.0083 0.0678 -0.9977
vn -0.0091 0.0696 -0.9975
vn 0.0662 0.2641 -0.9622
vn 0.0166 0.0655 -0.9977
vn 0.0973 0.2491 -0.9636
vn 0.0245 0.0623 -0.9977
vn 0.1263 0.2315 -0.9646
vn 0.0319 0.0583 -0.9978
vn 0.1530 0.2116 -0.9653
vn 0.0388 0.0535 -0.9978
vn 0.1776 0.1895 -0.9657
vn 0.0451 0.0481 -0.9978
vn 0.1998 0.1652 -0.9658
vn 0.0508 0.0420 -0.9978
vn 0.2196 0.1390 -0.9656
vn 0.0557 0.0353 -0.9978
vn 0.2370 0.1108 -0.9651
vn 0.0599 0.0281 -0.9978
vn 0.2519 0.0808 -0.9644
vn 0.0634 0.0204 -0.9978
vn 0.2640 0.0490 -0.9633
vn 0.0659 0.0124 -0.9977
vn 0.2731 0.0156 -0.9618
vn 0.0676 0.0040 -0.9977
vn 0.2792 -0.0195 -0.9600
vn 0.0684 -0.0045 -0.9976
vn 0.2819 -0.0561 -0.9578
vn 0.0681 -0.0133 -0.9976
vn 0.2809 -0.0941 -0.9551
vn 0.0669 -0.0221 -0.9975
vn 0.2759 -0.1332 -0.9519
vn 0.0646 -0.0308 -0.9974
vn 0.2664 -0.1732 -0.9481
vn 0.0613 -0.0394 -0.9973
vn 0.2522 -0.2137 -0.9438
vn 0.0569 -0.0476 -0.9972
vn 0.2327 -0.2541 -0.9387
vn 0.0514 -0.0554 -0.9971
vn 0.2076 -0.2938 -0.9330
vn 0.0449 -0.0626 -0.9970
vn 0.1767 -0.3320 -0.9266
vn 0.0374 -0.0690 -0.9969
vn 0.1397 -0.3676 -0.9194
vn 0.0290 -0.0745 -0.9968
vn 0.0967 -0.3994 -0.9116
vn 0.0198 -0.0790 -0.9967
vn 0.0480 -0.4261 -0.9034
vn 0.0099 -0.0822 -0.9966
vn -0.0058 -0.4463 -0.8948
vn -0.0004 -0.0841 -0.9964
vn -0.0635 -0.4586 -0.8863
vn -0.0110 -0.0846 -0.9963
vn -0.1239 -0.4619 -0.8782
vn -0.0218 -0.0836 -0.9962
vn -0.1851 -0.4552 -0.8709
vn -0.0324 -0.0811 -0.9962
vn -0.2450 -0.4383 -0.8647
vn -0.0426 -0.0771 -0.9961
vn -0.3017 -0.4111 -0.8602
vn -0.0522 -0.0716 -0.9961
vn -0.3531 -0.3743 -0.8574
vn -0.0609 -0.0647 -0.9960
vn -0.3974 -0.3290 -0.8566
vn -0.0685 -0.0567 -0.9960
vn -0.4330 -0.2766 -0.8578
vn -0.0749 -0.0477 -0.9960
vn -0.4588 -0.2189 -0.8611
vn -0.0800 -0.0378 -0.9961
vn -0.4741 -0.1581 -0.8661
vn -0.0835 -0.0273 -0.9961
vn -0.4788 -0.0961 -0.8726
vn -0.0855 -0.0166 -0.9962
vn -0.4733 -0.0350 -0.8802
vn -0.0860 -0.0057 -0.9963
vn -0.4585 0.0232 -0.8884
vn -0.0849 0.0049 -0.9964
vn -0.4354 0.0771 -0.8969
vn -0.0824 0.0153 -0.9965
vn -0.4055 0.1256 -0.9054
vn -0.0786 0.0251 -0.9966
vn -0.3703 0.1680 -0.9136
vn -0.0735 0.0341 -0.9967
vn -0.3313 0.2039 -0.9212
vn -0.0674 0.0423 -0.9968
vn -0.2898 0.2333 -0.9282
vn -0.0605 0.0494 -0.9969
vn -0.2470 0.2563 -0.9345
vn -0.0528 0.0556 -0.9970
vn -0.2038 0.2734 -0.9400
vn -0.0446 0.0606 -0.9972
vn -0.1610 0.2850 -0.9449
vn -0.0360 0.0645 -0.9973
vn -0.1191 0.2915 -0.9491
vn -0.0271 0.0673 -0.9973
vn -0.0784 0.2935 -0.9527
vn -0.0181 0.0690 -0.9974
vn -0.0903 0.7150 -0.6932
vn 0.0000 0.7207 -0.6932
vn 0.0000 0.8567 -0.5158
vn -0.1074 0.8499 -0.5158
vn 0.0903 0.7150 -0.6932
vn -0.3015 -0.3015 -0.9045
vn -0.2653 0.6701 -0.6932
vn 0.5773 -0.5773 -0.5773
vn 0.3015 0.3015 -0.9045
vn -0.0903 -0.7150 -0.6932
vn -0.1792 -0.6980 -0.6932
vn -0.2653 -0.6701 -0.6932
vn -0.6521 0.3068 -0.6932
vn -0.3472 -0.6316 -0.6932
vn -0.4236 -0.5831 -0.6932
vn -0.4933 -0.5253 -0.6932
vn -0.5553 -0.4594 -0.6932
vn -0.6085 -0.3862 -0.6932
vn -0.6521 -0.3068 -0.6932
vn -0.7079 -0.1350 -0.6932
vn -0.6854 -0.2227 -0.6932
vn -0.7193 -0.0452 -0.6932
vn -0.7193 0.0452 -0.6932
vn -0.6854 0.2227 -0.6932
vn -0.7079 0.1350 -0.6932
vn -0.6085 0.3862 -0.6932
vn -0.5553 0.4594 -0.6932
vn -0.4933 0.5253 -0.6932
vn -0.4236 0.5831 -0.6932
vn -0.3472 0.6316 -0.6932
vn -0.1792 0.6980 -0.6932
vn 0.1074 0.8499 -0.5158
vn 0.0000 0.2393 -0.9709
vn 0.0300 0.2374 -0.9709
vn -0.0300 0.2374 -0.9709
vn 0.2130 0.8298 -0.5158
vn 0.0595 0.2318 -0.9709
vn 0.1792 0.6980 -0.6932
vn 0.3154 0.7965 -0.5158
vn 0.0881 0.2225 -0.9709
vn 0.4127 0.7507 -0.5158
vn 0.1153 0.2097 -0.9709
vn 0.5036 0.6931 -0.5158
vn 0.1407 0.1936 -0.9709
vn 0.5864 0.6245 -0.5158
vn 0.1638 0.1744 -0.9709
vn 0.6601 0.5461 -0.5158
vn 0.1844 0.1526 -0.9709
vn 0.7233 0.4590 -0.5158
vn 0.2021 0.1282 -0.9709
vn 0.7752 0.3647 -0.5158
vn 0.2165 0.1019 -0.9709
vn 0.8148 0.2647 -0.5158
vn 0.2276 0.0739 -0.9709
vn 0.8415 0.1605 -0.5158
vn 0.2351 0.0448 -0.9709
vn 0.8550 0.0538 -0.5158
vn 0.2389 0.0150 -0.9709
vn 0.8550 -0.0538 -0.5158
vn 0.2389 -0.0150 -0.9709
vn 0.8415 -0.1605 -0.5158
vn 0.2351 -0.0448 -0.9709
vn 0.8148 -0.2647 -0.5158
vn 0.2276 -0.0739 -0.9709
vn 0.7752 -0.3648 -0.5158
vn 0.2165 -0.1019 -0.9709
vn 0.7233 -0.4590 -0.5158
vn 0.2021 -0.1282 -0.9709
vn 0.6601 -0.5461 -0.5158
vn 0.1844 -0.1525 -0.9709
vn 0.5864 -0.6245 -0.5158
vn 0.1638 -0.1744 -0.9709
vn 0.5036 -0.6931 -0.5158
vn 0.1407 -0.1936 -0.9709
vn 0.4127 -0.7507 -0.5158
vn 0.1153 -0.2097 -0.9709
vn 0.3153 -0.7965 -0.5158
vn 0.0881 -0.2225 -0.9709
vn 0.2130 -0.8298 -0.5158
vn 0.0595 -0.2318 -0.9709
vn 0.1074 -0.8499 -0.5158
vn 0.0300 -0.2374 -0.9709
vn 0.0000 -0.8567 -0.5158
vn 0.0000 -0.2393 -0.9709
vn -0.1074 -0.8499 -0.5158
vn -0.0300 -0.2374 -0.9709
vn -0.2130 -0.8298 -0.5158
vn -0.0595 -0.2318 -0.9709
vn -0.3154 -0.7965 -0.5158
vn -0.0881 -0.2225 -0.9709
vn -0.4127 -0.7507 -0.5158
vn -0.1153 -0.2097 -0.9709
vn -0.5036 -0.6931 -0.5158
vn -0.1407 -0.1936 -0.9709
vn -0.5864 -0.6245 -0.5158
vn -0.1638 -0.1744 -0.9709
vn -0.6601 -0.5461 -0.5158
vn -0.1844 -0.1525 -0.9709
vn -0.7233 -0.4590 -0.5158
vn -0.2021 -0.1282 -0.9709
vn -0.7752 -0.3648 -0.5158
vn -0.2165 -0.1019 -0.9709
vn -0.8148 -0.2647 -0.5158
vn -0.2276 -0.0739 -0.9709
vn -0.8415 -0.1605 -0.5158
vn -0.2351 -0.0448 -0.9709
vn -0.8550 -0.0538 -0.5158
vn -0.2388 -0.0150 -0.9709
vn -0.8550 0.0538 -0.5158
vn -0.2388 0.0150 -0.9709
vn -0.8415 0.1605 -0.5158
vn -0.2351 0.0448 -0.9709
vn -0.8148 0.2647 -0.5158
vn -0.2276 0.0739 -0.9709
vn -0.7752 0.3648 -0.5158
vn -0.2165 0.1019 -0.9709
vn -0.7233 0.4590 -0.5158
vn -0.2021 0.1282 -0.9709
vn -0.6601 0.5461 -0.5158
vn -0.1844 0.1526 -0.9709
vn -0.5864 0.6245 -0.5158
vn -0.1638 0.1744 -0.9709
vn -0.5036 0.6931 -0.5158
vn -0.1407 0.1936 -0.9709
vn -0.4127 0.7507 -0.5158
vn -0.1153 0.2097 -0.9709
vn -0.3154 0.7965 -0.5158
vn -0.0881 0.2225 -0.9709
vn -0.2130 0.8298 -0.5158
vn -0.0595 0.2318 -0.9709
vn 0.0000 -0.7207 -0.6932
vn 0.0903 -0.7150 -0.6932
vn 0.1792 -0.6980 -0.6932
vn 0.2653 -0.6701 -0.6932
vn 0.3472 -0.6316 -0.6932
vn 0.4236 -0.5831 -0.6932
vn 0.4933 -0.5253 -0.6932
vn 0.5553 -0.4594 -0.6932
vn 0.6085 -0.3862 -0.6932
vn 0.6521 -0.3068 -0.6932
vn 0.6854 -0.2227 -0.6932
vn 0.7079 -0.1350 -0.6932
vn 0.7193 -0.0453 -0.6932
vn 0.7193 0.0453 -0.6932
vn 0.7079 0.1350 -0.6932
vn 0.6854 0.2227 -0.6932
vn 0.6521 0.3068 -0.6932
vn 0.6085 0.3862 -0.6932
vn 0.5553 0.4594 -0.6932
vn 0.4933 0.5253 -0.6932
vn 0.4236 0.5831 -0.6932
vn 0.3472 0.6316 -0.6932
vn 0.2653 0.6701 -0.6932
vn -0.5773 0.5773 -0.5773
vn -0.1041 0.8456 -0.5235
vn -0.2099 0.8302 -0.5164
vn -0.4934 0.5253 0.6932
vn -0.5982 0.6438 -0.4772
vn -0.6521 0.3069 0.6933
vn -0.7079 0.1350 0.6933
vn -0.9193 0.0631 -0.3884
vn -0.7193 -0.0452 0.6932
vn -0.9174 -0.1705 -0.3594
vn -0.6521 -0.3068 0.6933
vn -0.6085 -0.3861 0.6932
vn -0.5553 -0.4594 0.6932
vn -0.7273 -0.6016 -0.3302
vn -0.4933 -0.5253 0.6933
vn -0.6450 -0.6885 -0.3316
vn -0.4493 -0.8240 -0.3451
vn -0.1104 -0.9164 -0.3846
vn 0.1195 -0.9013 -0.4163
vn 0.5213 -0.7094 -0.4742
vn 0.8121 -0.2609 -0.5219
vn 0.7079 -0.1350 0.6933
vn 0.8413 0.0546 -0.5378
vn 0.8257 0.1589 -0.5412
vn 0.6521 0.3069 0.6932
vn 0.7578 0.3574 -0.5459
vn 0.6447 0.5334 -0.5476
vn 0.4933 0.5253 0.6932
vn 0.3472 0.6315 0.6932
vn 0.3106 0.7809 -0.5420
vn -0.0394 0.2914 -0.9558
vn 0.2518 0.0808 -0.9644
vn 0.2732 0.0156 -0.9618
vn 0.1767 -0.3320 -0.9265
vn -0.1239 -0.4618 -0.8782
vn -0.1850 -0.4552 -0.8709
vn -0.2450 -0.4383 -0.8648
vn -0.3018 -0.4111 -0.8601
vn -0.3532 -0.3743 -0.8574
vn -0.4330 -0.2766 -0.8579
vn -0.0750 -0.0477 -0.9960
vn -0.4789 -0.0961 -0.8726
vn -0.4734 -0.0351 -0.8801
vn -0.4353 0.0771 -0.8969
vn -0.4054 0.1256 -0.9054
vn -0.4236 0.5830 0.6932
vn -0.4933 0.5253 0.6932
vn -0.7193 -0.0453 0.6932
vn -0.6521 -0.3068 0.6932
vn -0.4933 -0.5253 0.6932
vn 0.4934 -0.5253 0.6932
vn 0.6521 -0.3068 0.6932
vn 0.7079 -0.1350 0.6932
vn 0.7193 -0.0453 0.6932
vn 0.7193 0.0452 0.6932
vn 0.6521 0.3068 0.6932
vn 0.4236 0.5830 0.6932
vn 0.3153 0.7965 -0.5158
vn 0.7752 0.3648 -0.5158
vn 0.2388 0.0150 -0.9709
vn 0.7752 -0.3647 -0.5158
vn 0.1844 -0.1526 -0.9709
vn -0.1844 -0.1526 -0.9709
vn -0.2389 -0.0150 -0.9709
vn -0.7751 0.3648 -0.5158
vn -0.3153 0.7965 -0.5158
vn -0.1040 0.8456 0.5235
vn 0.0023 0.8483 0.5295
vn -0.2099 0.8302 0.5165
vn -0.3137 0.8019 0.5084
vn -0.4140 0.7612 0.4992
vn -0.5093 0.7083 0.4888
vn -0.4933 0.5254 -0.6932
vn -0.5981 0.6438 0.4772
vn -0.6792 0.5683 0.4645
vn -0.7509 0.4828 0.4506
vn -0.6521 0.3069 -0.6932
vn -0.8120 0.3882 0.4357
vn -0.8613 0.2857 0.4202
vn -0.8974 0.1768 0.4042
vn -0.9193 0.0632 0.3884
vn -0.7192 -0.0452 -0.6933
vn -0.9262 -0.0533 0.3732
vn -0.9174 -0.1706 0.3594
vn -0.8928 -0.2864 0.3476
vn -0.6521 -0.3069 -0.6933
vn -0.8525 -0.3984 0.3385
vn -0.7970 -0.5041 0.3325
vn -0.5553 -0.4594 -0.6933
vn -0.7274 -0.6015 0.3302
vn -0.4934 -0.5253 -0.6932
vn -0.6450 -0.6884 0.3317
vn -0.5516 -0.7631 0.3367
vn -0.4492 -0.8240 0.3451
vn -0.3401 -0.8702 0.3563
vn -0.2264 -0.9011 0.3697
vn -0.1105 -0.9164 0.3846
vn 0.0055 -0.9163 0.4004
vn 0.1194 -0.9013 0.4163
vn 0.2296 -0.8721 0.4320
vn 0.3342 -0.8297 0.4471
vn 0.4319 -0.7751 0.4612
vn 0.5213 -0.7095 0.4742
vn 0.6014 -0.6340 0.4861
vn 0.6713 -0.5501 0.4967
vn 0.7301 -0.4590 0.5062
vn 0.6521 -0.3069 -0.6932
vn 0.7772 -0.3622 0.5146
vn 0.8121 -0.2609 0.5218
vn 0.7080 -0.1350 -0.6932
vn 0.8346 -0.1567 0.5281
vn 0.7193 -0.0452 -0.6932
vn 0.8443 -0.0510 0.5334
vn 0.7193 0.0452 -0.6933
vn 0.8413 0.0546 0.5377
vn 0.8256 0.1589 0.5413
vn 0.7977 0.2603 0.5440
vn 0.6521 0.3068 -0.6933
vn 0.7578 0.3573 0.5459
vn 0.7065 0.4488 0.5471
vn 0.6447 0.5334 0.5475
vn 0.4933 0.5254 -0.6932
vn 0.5731 0.6099 0.5473
vn 0.4928 0.6772 0.5463
vn 0.4049 0.7345 0.5445
vn 0.3106 0.7808 0.5420
vn 0.2111 0.8156 0.5387
vn 0.1079 0.8382 0.5345
vn -0.0394 0.2913 0.9558
vn -0.0022 0.2855 0.9583
vn 0.0330 0.2763 0.9605
vn -0.0003 0.0692 0.9976
vn 0.0083 0.0678 0.9977
vn -0.0091 0.0696 0.9975
vn 0.0166 0.0655 0.9977
vn 0.0662 0.2641 0.9622
vn 0.0245 0.0623 0.9977
vn 0.0973 0.2491 0.9636
vn 0.0319 0.0583 0.9978
vn 0.1263 0.2315 0.9646
vn 0.0388 0.0535 0.9978
vn 0.1530 0.2116 0.9653
vn 0.0451 0.0481 0.9978
vn 0.1775 0.1895 0.9657
vn 0.0508 0.0420 0.9978
vn 0.1998 0.1652 0.9658
vn 0.0557 0.0353 0.9978
vn 0.2196 0.1390 0.9656
vn 0.0599 0.0281 0.9978
vn 0.2370 0.1108 0.9651
vn 0.0634 0.0204 0.9978
vn 0.2519 0.0808 0.9644
vn 0.0659 0.0124 0.9977
vn 0.2640 0.0490 0.9633
vn 0.0676 0.0040 0.9977
vn 0.2731 0.0156 0.9618
vn 0.0684 -0.0045 0.9976
vn 0.2792 -0.0195 0.9600
vn 0.0681 -0.0133 0.9976
vn 0.2819 -0.0561 0.9578
vn 0.0669 -0.0221 0.9975
vn 0.2809 -0.0941 0.9551
vn 0.0646 -0.0308 0.9974
vn 0.2759 -0.1332 0.9519
vn 0.0613 -0.0394 0.9973
vn 0.2664 -0.1732 0.9481
vn 0.0569 -0.0476 0.9972
vn 0.2522 -0.2137 0.9438
vn 0.0514 -0.0554 0.9971
vn 0.2327 -0.2541 0.9387
vn 0.0449 -0.0626 0.9970
vn 0.2076 -0.2938 0.9330
vn 0.0374 -0.0690 0.9969
vn 0.1767 -0.3320 0.9265
vn 0.0290 -0.0745 0.9968
vn 0.1397 -0.3676 0.9194
vn 0.0198 -0.0790 0.9967
vn 0.0967 -0.3994 0.9116
vn 0.0099 -0.0822 0.9966
vn 0.0480 -0.4261 0.9034
vn -0.0004 -0.0841 0.9964
vn -0.0058 -0.4463 0.8948
vn -0.0110 -0.0846 0.9963
vn -0.0635 -0.4586 0.8863
vn -0.0218 -0.0836 0.9962
vn -0.1239 -0.4619 0.8782
vn -0.0324 -0.0811 0.9962
vn -0.1851 -0.4552 0.8709
vn -0.0426 -0.0771 0.9961
vn -0.2450 -0.4383 0.8647
vn -0.0522 -0.0716 0.9961
vn -0.3017 -0.4111 0.8602
vn -0.0609 -0.0647 0.9960
vn -0.3531 -0.3743 0.8574
vn -0.0685 -0.0567 0.9960
vn -0.3974 -0.3290 0.8566
vn -0.0750 -0.0477 0.9960
vn -0.4331 -0.2766 0.8578
vn -0.0800 -0.0378 0.9961
vn -0.4588 -0.2189 0.8611
vn -0.0835 -0.0273 0.9961
vn -0.4741 -0.1581 0.8661
vn -0.0855 -0.0166 0.9962
vn -0.4788 -0.0961 0.8726
vn -0.0860 -0.0057 0.9963
vn -0.4733 -0.0350 0.8802
vn -0.0849 0.0049 0.9964
vn -0.4585 0.0232 0.8884
vn -0.0824 0.0153 0.9965
vn -0.4354 0.0771 0.8969
vn -0.0786 0.0251 0.9966
vn -0.4055 0.1256 0.9054
vn -0.0735 0.0341 0.9967
vn -0.3703 0.1680 0.9136
vn -0.0674 0.0423 0.9968
vn -0.3313 0.2039 0.9212
vn -0.0605 0.0494 0.9969
vn -0.2898 0.2333 0.9282
vn -0.0528 0.0556 0.9970
vn -0.2470 0.2563 0.9345
vn -0.0446 0.0606 0.9972
vn -0.2038 0.2734 0.9400
vn -0.0360 0.0645 0.9973
vn -0.1610 0.2850 0.9449
vn -0.0271 0.0673 0.9973
vn -0.1191 0.2915 0.9491
vn -0.0181 0.0690 0.9974
vn -0.0784 0.2935 0.9527
vn -0.1074 0.8499 0.5158
vn 0.0000 0.8567 0.5158
vn -0.3015 -0.3015 0.9045
vn -0.6521 0.3068 0.6932
vn 0.3015 0.3015 0.9045
vn 0.5773 -0.5773 0.5773
vn 0.1074 0.8499 0.5158
vn 0.0000 0.2393 0.9709
vn 0.0300 0.2374 0.9709
vn -0.0300 0.2374 0.9709
vn 0.0595 0.2318 0.9709
vn 0.2130 0.8298 0.5158
vn 0.0881 0.2225 0.9709
vn 0.3153 0.7965 0.5158
vn 0.1153 0.2097 0.9709
vn 0.4127 0.7507 0.5158
vn 0.1407 0.1936 0.9709
vn 0.5036 0.6931 0.5158
vn 0.1638 0.1744 0.9709
vn 0.5864 0.6245 0.5158
vn 0.1844 0.1526 0.9709
vn 0.6601 0.5461 0.5158
vn 0.2021 0.1282 0.9709
vn 0.7233 0.4590 0.5158
vn 0.2165 0.1019 0.9709
vn 0.7752 0.3648 0.5158
vn 0.2276 0.0739 0.9709
vn 0.8148 0.2647 0.5158
vn 0.2351 0.0448 0.9709
vn 0.8415 0.1605 0.5158
vn 0.2389 0.0150 0.9709
vn 0.8550 0.0538 0.5158
vn 0.2389 -0.0150 0.9709
vn 0.8550 -0.0538 0.5158
vn 0.2351 -0.0448 0.9709
vn 0.8415 -0.1605 0.5158
vn 0.2276 -0.0739 0.9709
vn 0.8148 -0.2647 0.5158
vn 0.2165 -0.1019 0.9709
vn 0.7752 -0.3648 0.5158
vn 0.2021 -0.1282 0.9709
vn 0.7233 -0.4590 0.5158
vn 0.1844 -0.1525 0.9709
vn 0.6601 -0.5461 0.5158
vn 0.1638 -0.1744 0.9709
vn 0.5864 -0.6245 0.5158
vn 0.1407 -0.1936 0.9709
vn 0.5036 -0.6931 0.5158
vn 0.1153 -0.2097 0.9709
vn 0.4127 -0.7507 0.5158
vn 0.0881 -0.2225 0.9709
vn 0.3153 -0.7965 0.5158
vn 0.0595 -0.2318 0.9709
vn 0.2130 -0.8298 0.5158
vn 0.0300 -0.2374 0.9709
vn 0.1074 -0.8499 0.5158
vn 0.0000 -0.2393 0.9709
vn 0.0000 -0.8567 0.5158
vn -0.0300 -0.2374 0.9709
vn -0.1074 -0.8499 0.5158
vn -0.0595 -0.2318 0.9709
vn -0.2130 -0.8298 0.5158
vn -0.0881 -0.2225 0.9709
vn -0.3154 -0.7965 0.5158
vn -0.1153 -0.2097 0.9709
vn -0.4127 -0.7507 0.5158
vn -0.1407 -0.1936 0.9709
vn -0.5036 -0.6931 0.5158
vn -0.1638 -0.1744 0.9709
vn -0.5864 -0.6245 0.5158
vn -0.1844 -0.1525 0.9709
vn -0.6601 -0.5461 0.5158
vn -0.2021 -0.1282 0.9709
vn -0.7233 -0.4590 0.5158
vn -0.2165 -0.1019 0.9709
vn -0.7752 -0.3648 0.5158
vn -0.2276 -0.0739 0.9709
vn -0.8148 -0.2647 0.5158
vn -0.2351 -0.0448 0.9709
vn -0.8415 -0.1605 0.5158
vn -0.2389 -0.0150 0.9709
vn -0.8550 -0.0538 0.5158
vn -0.2389 0.0150 0.9709
vn -0.8550 0.0538 0.5158
vn -0.2351 0.0448 0.9709
vn -0.8415 0.1605 0.5158
vn -0.2276 0.0739 0.9709
vn -0.8148 0.2647 0.5158
vn -0.2165 0.1019 0.9709
vn -0.7752 0.3648 0.5158
vn -0.2021 0.1282 0.9709
vn -0.7233 0.4590 0.5158
vn -0.1844 0.1526 0.9709
vn -0.6601 0.5461 0.5158
vn -0.1638 0.1744 0.9709
vn -0.5864 0.6245 0.5158
vn -0.1407 0.1936 0.9709
vn -0.5036 0.6931 0.5158
vn -0.1153 0.2097 0.9709
vn -0.4127 0.7507 0.5158
vn -0.0881 0.2225 0.9709
vn -0.3153 0.7965 0.5158
vn -0.0595 0.2318 0.9709
vn -0.2130 0.8298 0.5158
vn 0.7193 0.0453 0.6932
vn -0.5773 0.5773 0.5773
vn -0.1041 0.8456 0.5235
vn -0.2099 0.8302 0.5164
vn -0.4934 0.5253 -0.6932
vn -0.5982 0.6438 0.4772
vn -0.6521 0.3069 -0.6933
vn -0.7079 0.1350 -0.6933
vn -0.9193 0.0631 0.3884
vn -0.9174 -0.1705 0.3594
vn -0.6521 -0.3068 -0.6933
vn -0.6085 -0.3861 -0.6932
vn -0.7273 -0.6015 0.3302
vn -0.4933 -0.5253 -0.6933
vn -0.6450 -0.6885 0.3316
vn -0.4493 -0.8240 0.3451
vn -0.1104 -0.9164 0.3846
vn 0.5213 -0.7094 0.4742
vn 0.7300 -0.4590 0.5062
vn 0.8121 -0.2609 0.5219
vn 0.7079 -0.1350 -0.6933
vn 0.8413 0.0546 0.5378
vn 0.8257 0.1589 0.5412
vn 0.6521 0.3069 -0.6932
vn 0.7578 0.3574 0.5459
vn 0.6447 0.5334 0.5476
vn 0.3472 0.6315 -0.6932
vn 0.3106 0.7809 0.5420
vn -0.0394 0.2914 0.9558
vn 0.1776 0.1895 0.9657
vn 0.2732 0.0156 0.9618
vn -0.1239 -0.4618 0.8782
vn -0.2451 -0.4383 0.8647
vn -0.3018 -0.4111 0.8601
vn -0.4331 -0.2766 0.8579
vn -0.4789 -0.0961 0.8726
vn -0.4734 -0.0351 0.8801
vn -0.4353 0.0771 0.8969
vn -0.4054 0.1256 0.9054
vn 0.4236 0.5830 -0.6932
vn 0.7193 0.0452 -0.6932
vn 0.4934 -0.5253 -0.6932
vn -0.7193 -0.0453 -0.6932
vn -0.4236 0.5830 -0.6932
vn 0.1844 -0.1526 0.9709
vn -0.3153 -0.7965 0.5158
vn -0.1844 -0.1526 0.9709
vn -0.7751 0.3648 0.5158
vn 0.0000 -0.3320 -0.9433
vn 0.3339 0.0000 -0.9426
vn -0.3339 0.0000 -0.9426
vn 0.0000 0.3320 -0.9433
vn 0.3131 0.0000 -0.9497
vn 0.0000 -0.3131 -0.9497
vn 0.0000 0.3131 -0.9497
vn -0.3131 0.0000 -0.9497
vn -0.4936 0.0000 -0.8697
vn 0.0000 -0.4935 -0.8697
vn 0.4936 0.0000 -0.8697
vn 0.0000 0.4936 -0.8697
vn 0.0000 0.4935 -0.8697
vn 0.4935 0.0000 -0.8697
vn 0.5229 0.0000 -0.8524
vn -0.0000 0.2993 -0.9541
vn -0.5229 0.0000 -0.8524
vn -0.5228 0.0000 0.8524
vn 0.0000 0.2993 0.9541
vn 0.5228 0.0000 0.8524
vn 0.0000 -0.5315 0.8471
vn 0.0000 -0.5315 -0.8471
vn -0.0000 0.2993 -0.9542
vn 0.0000 0.2993 0.9542
vn 0.5228 0.0000 -0.8524
# 982 vertex normals

vt 0.6250 0.1818 0.0000
vt 0.6250 0.2791 0.0000
vt 0.3750 0.2791 0.0000
vt 0.3750 0.1818 0.0000
vt 0.6250 1.5356 0.0000
vt 0.3750 1.5356 0.0000
vt 0.3750 1.2856 0.0000
vt 0.6250 1.2856 0.0000
vt 0.6980 -0.1825 0.0000
vt 0.6713 -0.1841 0.0000
vt 0.6450 -0.1892 0.0000
vt 0.7066 -0.3303 0.0000
vt 0.6195 -0.1974 0.0000
vt 0.5953 -0.2088 0.0000
vt 0.5727 -0.2232 0.0000
vt 0.5520 -0.2403 0.0000
vt 0.5337 -0.2598 0.0000
vt 0.5179 -0.2814 0.0000
vt 0.5050 -0.3049 0.0000
vt 0.4952 -0.3298 0.0000
vt 0.6789 -0.4521 0.0000
vt 0.4885 -0.3558 0.0000
vt 0.4852 -0.3823 0.0000
vt 0.4852 -0.4091 0.0000
vt 0.4885 -0.4357 0.0000
vt 0.4952 -0.4616 0.0000
vt 0.5050 -0.4865 0.0000
vt 0.5179 -0.5100 0.0000
vt 0.5337 -0.5317 0.0000
vt 0.5520 -0.5512 0.0000
vt 0.5727 -0.5682 0.0000
vt 0.5953 -0.5826 0.0000
vt 0.6195 -0.5940 0.0000
vt 0.6450 -0.6023 0.0000
vt 0.6713 -0.6073 0.0000
vt 0.6789 -0.3303 0.0000
vt 0.7247 -0.1841 0.0000
vt 0.4559 1.0004 0.0000
vt 0.4306 1.0004 0.0000
vt 0.4054 1.0004 0.0000
vt 0.3568 1.0004 0.0000
vt 0.3807 1.0004 0.0000
vt 0.3343 1.0004 0.0000
vt 0.3136 1.0004 0.0000
vt 0.4474 1.0004 0.0000
vt 0.2950 1.0004 0.0000
vt 0.2789 1.0004 0.0000
vt 0.2657 1.0004 0.0000
vt 0.2556 1.0004 0.0000
vt 0.2488 1.0004 0.0000
vt 0.2454 1.0004 0.0000
vt 0.2457 1.0004 0.0000
vt 0.2495 1.0004 0.0000
vt 0.2569 1.0004 0.0000
vt 0.2677 1.0004 0.0000
vt 0.2819 1.0004 0.0000
vt 0.2992 1.0004 0.0000
vt 0.3193 1.0004 0.0000
vt 0.3419 1.0004 0.0000
vt 0.3667 1.0004 0.0000
vt 0.3933 1.0004 0.0000
vt 0.4212 1.0004 0.0000
vt 0.4500 1.0004 0.0000
vt 0.4555 1.0004 0.0000
vt 0.4815 1.0004 0.0000
vt 0.4809 1.0004 0.0000
vt 0.6250 0.4693 0.0000
vt 0.3750 0.4693 0.0000
vt 0.3750 0.4594 0.0000
vt 0.6250 0.4594 0.0000
vt 0.6250 0.4709 0.0000
vt 0.6250 0.5682 0.0000
vt 0.3750 0.5682 0.0000
vt 0.3750 0.4709 0.0000
vt 0.4534 1.0004 0.0000
vt 0.4813 1.0004 0.0000
vt 0.5091 1.0004 0.0000
vt 0.4803 1.0004 0.0000
vt 0.5365 1.0004 0.0000
vt 0.5635 1.0004 0.0000
vt 0.6121 1.0004 0.0000
vt 0.5888 1.0004 0.0000
vt 0.6329 1.0004 0.0000
vt 0.6508 1.0004 0.0000
vt 0.6769 1.0004 0.0000
vt 0.6655 1.0004 0.0000
vt 0.6846 1.0004 0.0000
vt 0.6886 1.0004 0.0000
vt 0.6855 1.0004 0.0000
vt 0.6889 1.0004 0.0000
vt 0.6785 1.0004 0.0000
vt 0.6681 1.0004 0.0000
vt 0.6546 1.0004 0.0000
vt 0.6384 1.0004 0.0000
vt 0.6199 1.0004 0.0000
vt 0.5994 1.0004 0.0000
vt 0.5773 1.0004 0.0000
vt 0.5539 1.0004 0.0000
vt 0.5288 1.0004 0.0000
vt 0.5019 1.0004 0.0000
vt 0.4743 1.0004 0.0000
vt 0.4916 1.0004 0.0000
vt 0.4561 1.0004 0.0000
vt 0.6250 0.2906 0.0000
vt 0.3750 0.2906 0.0000
vt 0.3750 0.2807 0.0000
vt 0.6250 0.2807 0.0000
vt 0.6980 -0.6090 0.0000
vt 0.7247 -0.6073 0.0000
vt 0.7066 -0.4521 0.0000
vt 0.7510 -0.6023 0.0000
vt 0.7765 -0.5940 0.0000
vt 0.8008 -0.5826 0.0000
vt 0.8234 -0.5682 0.0000
vt 0.9008 -0.3298 0.0000
vt 0.8440 -0.5512 0.0000
vt 0.8623 -0.5317 0.0000
vt 0.8781 -0.5100 0.0000
vt 0.8910 -0.4865 0.0000
vt 0.9008 -0.4616 0.0000
vt 0.9075 -0.4357 0.0000
vt 0.9109 -0.3823 0.0000
vt 0.9109 -0.4091 0.0000
vt 0.9075 -0.3558 0.0000
vt 0.8910 -0.3049 0.0000
vt 0.8781 -0.2814 0.0000
vt 0.8623 -0.2598 0.0000
vt 0.8440 -0.2403 0.0000
vt 0.8234 -0.2232 0.0000
vt 0.8008 -0.2088 0.0000
vt 0.7765 -0.1974 0.0000
vt 0.7510 -0.1892 0.0000
vt -0.1606 0.4694 0.0000
vt -0.4106 0.4694 0.0000
vt -0.4106 0.4595 0.0000
vt -0.1606 0.4594 0.0000
vt -0.1606 0.5682 0.0000
vt -0.4106 0.5682 0.0000
vt -0.4106 0.4709 0.0000
vt -0.1606 0.4709 0.0000
vt 1.4106 0.4693 0.0000
vt 1.1606 0.4693 0.0000
vt 1.1606 0.4594 0.0000
vt 1.4106 0.4594 0.0000
vt 1.4106 0.5682 0.0000
vt 1.1606 0.5682 0.0000
vt 1.1606 0.4709 0.0000
vt 1.4106 0.4709 0.0000
vt 0.6980 0.4571 0.0000
vt 0.6713 0.4555 0.0000
vt 0.6450 0.4504 0.0000
vt 0.7510 0.4504 0.0000
vt 0.6195 0.4422 0.0000
vt 0.5953 0.4308 0.0000
vt 0.5520 0.3993 0.0000
vt 0.5727 0.4164 0.0000
vt 0.5337 0.3798 0.0000
vt 0.5179 0.3581 0.0000
vt 0.4952 0.3098 0.0000
vt 0.5050 0.3347 0.0000
vt 0.4885 0.2838 0.0000
vt 0.4852 0.2573 0.0000
vt 0.4885 0.2039 0.0000
vt 0.4852 0.2305 0.0000
vt 0.5050 0.1531 0.0000
vt 0.4952 0.1780 0.0000
vt 0.5179 0.1296 0.0000
vt 0.5337 0.1079 0.0000
vt 0.5520 0.0884 0.0000
vt 0.5727 0.0713 0.0000
vt 0.5953 0.0570 0.0000
vt 0.6195 0.0456 0.0000
vt 0.6450 0.0373 0.0000
vt 0.6713 0.0323 0.0000
vt 0.6980 0.0306 0.0000
vt 0.7247 0.0323 0.0000
vt 0.7510 0.0373 0.0000
vt 0.7765 0.0456 0.0000
vt 0.8008 0.0570 0.0000
vt 0.8234 0.0713 0.0000
vt 0.8440 0.0884 0.0000
vt 0.8623 0.1079 0.0000
vt 0.8781 0.1296 0.0000
vt 0.8910 0.1531 0.0000
vt 0.9008 0.1780 0.0000
vt 0.9075 0.2039 0.0000
vt 0.9109 0.2305 0.0000
vt 0.9109 0.2573 0.0000
vt 0.9075 0.2838 0.0000
vt 0.9008 0.3098 0.0000
vt 0.8910 0.3347 0.0000
vt 0.8781 0.3581 0.0000
vt 0.8623 0.3798 0.0000
vt 0.8440 0.3993 0.0000
vt 0.8234 0.4164 0.0000
vt 0.8008 0.4308 0.0000
vt 0.7765 0.4422 0.0000
vt 0.7247 0.4555 0.0000
vt 0.0418 1.0004 0.0000
vt 0.0404 1.0004 0.0000
vt 0.0414 1.0004 0.0000
vt 0.0954 1.0004 0.0000
vt 0.0445 1.0004 0.0000
vt 0.0496 1.0004 0.0000
vt 0.0657 1.0004 0.0000
vt 0.0567 1.0004 0.0000
vt 0.0766 1.0004 0.0000
vt 0.0893 1.0004 0.0000
vt 0.1201 1.0004 0.0000
vt 0.1039 1.0004 0.0000
vt 0.1990 1.0004 0.0000
vt 0.1379 1.0004 0.0000
vt 0.1571 1.0004 0.0000
vt 0.1776 1.0004 0.0000
vt 0.2213 1.0004 0.0000
vt 0.2443 1.0004 0.0000
vt 0.2912 1.0004 0.0000
vt 0.2676 1.0004 0.0000
vt 0.3835 1.0004 0.0000
vt 0.3147 1.0004 0.0000
vt 0.3381 1.0004 0.0000
vt 0.3610 1.0004 0.0000
vt 0.4053 1.0004 0.0000
vt 0.4263 1.0004 0.0000
vt 0.4662 1.0004 0.0000
vt 0.4466 1.0004 0.0000
vt 0.5398 1.0004 0.0000
vt 0.4851 1.0004 0.0000
vt 0.5036 1.0004 0.0000
vt 0.5218 1.0004 0.0000
vt 0.5577 1.0004 0.0000
vt 0.5754 1.0004 0.0000
vt 0.6108 1.0004 0.0000
vt 0.5931 1.0004 0.0000
vt 0.6816 1.0004 0.0000
vt 0.6285 1.0004 0.0000
vt 0.6461 1.0004 0.0000
vt 0.6639 1.0004 0.0000
vt 0.6993 1.0004 0.0000
vt 0.7169 1.0004 0.0000
vt 0.7508 1.0004 0.0000
vt 0.7342 1.0004 0.0000
vt 0.6941 1.0004 0.0000
vt 0.7655 1.0004 0.0000
vt 0.7752 1.0004 0.0000
vt 0.7685 1.0004 0.0000
vt 0.3756 1.0004 0.0000
vt 0.0479 1.0004 0.0000
vt 0.6371 1.0004 0.0000
vt -0.0757 1.0004 0.0000
vt 0.3797 1.0004 0.0000
vt 0.5190 1.0004 0.0000
vt 0.6567 1.0004 0.0000
vt 0.1398 1.0004 0.0000
vt 0.7811 1.0004 0.0000
vt 0.8831 1.0004 0.0000
vt 1.0045 1.0004 0.0000
vt 0.9578 1.0004 0.0000
vt 1.0258 1.0004 0.0000
vt 0.9811 1.0004 0.0000
vt 1.0094 1.0004 0.0000
vt -0.0070 1.0004 0.0000
vt 0.9452 1.0004 0.0000
vt 0.9049 1.0004 0.0000
vt 0.8223 1.0004 0.0000
vt 0.8632 1.0004 0.0000
vt 0.7845 1.0004 0.0000
vt 0.7510 1.0004 0.0000
vt 0.6893 1.0004 0.0000
vt 0.7195 1.0004 0.0000
vt 0.5762 1.0004 0.0000
vt 0.6601 1.0004 0.0000
vt 0.6316 1.0004 0.0000
vt 0.6037 1.0004 0.0000
vt 0.5491 1.0004 0.0000
vt 0.5222 1.0004 0.0000
vt 0.4689 1.0004 0.0000
vt 0.4955 1.0004 0.0000
vt 0.3613 1.0004 0.0000
vt 0.4422 1.0004 0.0000
vt 0.4155 1.0004 0.0000
vt 0.3886 1.0004 0.0000
vt 0.3337 1.0004 0.0000
vt 0.3055 1.0004 0.0000
vt 0.2465 1.0004 0.0000
vt 0.2765 1.0004 0.0000
vt 0.0989 1.0004 0.0000
vt 0.2145 1.0004 0.0000
vt 0.1785 1.0004 0.0000
vt 0.1394 1.0004 0.0000
vt 0.0586 1.0004 0.0000
vt 0.0206 1.0004 0.0000
vt -0.0396 1.0004 0.0000
vt -0.0131 1.0004 0.0000
vt -0.0558 1.0004 0.0000
vt -0.0583 1.0004 0.0000
vt -0.0433 1.0004 0.0000
vt 0.0536 1.0004 0.0000
vt 0.2502 1.0004 0.0000
vt 0.1582 1.0004 0.0000
vt 0.0744 1.0004 0.0000
vt 25.2698 1.0003 0.0000
vt 25.7970 1.0003 0.0000
vt 25.0843 1.0003 0.0000
vt 24.5599 1.0003 0.0000
vt -2.7362 1.0004 0.0000
vt -2.7978 1.0004 0.0000
vt -2.8816 1.0004 0.0000
vt -2.8196 1.0004 0.0000
vt 26.8767 1.0003 0.0000
vt 25.4792 1.0003 0.0000
vt 24.7692 1.0003 0.0000
vt 26.3087 1.0003 0.0000
vt -2.9417 1.0004 0.0000
vt -2.7608 1.0004 0.0000
vt -2.8442 1.0004 0.0000
vt -3.0084 1.0004 0.0000
vt 26.8769 1.0003 0.0000
vt 26.3089 1.0003 0.0000
vt 25.4815 1.0003 0.0000
vt 26.8778 1.0003 0.0000
vt 26.3098 1.0003 0.0000
vt 24.7716 1.0003 0.0000
vt -2.7607 1.0004 0.0000
vt -2.9414 1.0004 0.0000
vt -3.0081 1.0004 0.0000
vt -2.8441 1.0004 0.0000
vt 24.7743 1.0003 0.0000
vt 25.4843 1.0003 0.0000
vt 25.4841 1.0003 0.0000
vt 24.7741 1.0003 0.0000
vt -2.8430 1.0004 0.0000
vt -2.7597 1.0004 0.0000
vt 26.8411 1.0003 0.0000
vt 25.4842 1.0003 0.0000
vt 24.7742 1.0003 0.0000
vt 26.2690 1.0003 0.0000
vt -2.9351 1.0004 0.0000
vt -3.0023 1.0004 0.0000
vt 26.8410 1.0003 0.0000
vt 26.2689 1.0003 0.0000
vt -2.9352 1.0004 0.0000
vt 25.5130 1.0003 0.0000
vt 24.8059 1.0003 0.0000
vt -2.7634 1.0004 0.0000
vt -2.8464 1.0004 0.0000
vt 25.5126 1.0003 0.0000
vt 24.8056 1.0003 0.0000
vt 24.8055 1.0003 0.0000
vt -2.7555 1.0005 0.0000
vt -2.7388 1.0005 0.0000
vt -2.6948 1.0005 0.0000
vt -2.6725 1.0005 0.0000
vt 24.0322 1.0003 0.0000
vt 24.2222 1.0003 0.0000
vt 24.5969 1.0003 0.0000
vt 24.7393 1.0003 0.0000
vt 0.7303 1.0003 0.0000
vt 0.7294 1.0003 0.0000
vt 0.7211 1.0003 0.0000
vt 0.7194 1.0003 0.0000
vt 0.7320 1.0004 0.0000
vt 0.7429 1.0004 0.0000
vt 0.8916 1.0004 0.0000
vt 0.8910 1.0004 0.0000
vt 0.8779 1.0004 0.0000
vt 0.8769 1.0004 0.0000
vt 0.8867 1.0003 0.0000
vt 0.9014 1.0003 0.0000
vt 0.9349 1.0003 0.0000
vt 0.9467 1.0003 0.0000
vt 0.7319 1.0003 0.0000
vt 0.7715 1.0003 0.0000
vt 0.7804 1.0003 0.0000
vt 0.7429 1.0003 0.0000
vt 0.8857 1.0003 0.0000
vt 0.9004 1.0003 0.0000
vt 0.7311 1.0003 0.0000
vt 0.7421 1.0003 0.0000
vt 0.9363 1.0003 0.0000
vt 0.9481 1.0003 0.0000
vt 0.7311 1.0004 0.0000
vt 0.7727 1.0004 0.0000
vt 0.7815 1.0003 0.0000
vt 0.7421 1.0004 0.0000
vt 0.7727 1.0003 0.0000
vt 0.8856 1.0003 0.0000
vt 0.7310 1.0003 0.0000
vt 0.7420 1.0003 0.0000
vt 0.8622 1.0003 0.0000
vt 0.9223 1.0003 0.0000
vt 0.9386 1.0003 0.0000
vt 0.8769 1.0003 0.0000
vt 0.7211 1.0004 0.0000
vt 0.7462 1.0004 0.0000
vt 0.7576 1.0004 0.0000
vt 0.7321 1.0004 0.0000
vt 0.0378 1.0004 0.0000
vt 0.0540 1.0004 0.0000
vt 0.0399 1.0004 0.0000
vt 0.0513 1.0004 0.0000
vt 0.0424 1.0004 0.0000
vt 0.0601 1.0004 0.0000
vt 0.0494 1.0004 0.0000
vt 0.0677 1.0004 0.0000
vt 0.4969 1.0004 0.0000
vt 0.6211 1.0004 0.0000
vt 0.6393 1.0004 0.0000
vt 0.5099 1.0004 0.0000
vt 0.6909 1.0003 0.0000
vt 0.7830 1.0003 0.0000
vt 0.8006 1.0003 0.0000
vt 0.7053 1.0003 0.0000
vt 0.5721 1.0005 0.0000
vt 0.5426 1.0004 0.0000
vt 0.5556 1.0004 0.0000
vt 0.5825 1.0005 0.0000
vt 0.7666 1.0004 0.0000
vt 0.7260 1.0004 0.0000
vt 0.7404 1.0004 0.0000
vt 0.7782 1.0004 0.0000
vt 0.7666 1.0003 0.0000
vt 0.7782 1.0003 0.0000
vt 0.5556 1.0005 0.0000
vt 0.7405 1.0004 0.0000
vt 0.5713 1.0004 0.0000
vt 0.5818 1.0004 0.0000
vt 0.7655 1.0003 0.0000
vt 0.7260 1.0003 0.0000
vt 0.7405 1.0003 0.0000
vt 0.7771 1.0003 0.0000
vt 0.5713 1.0005 0.0000
vt 0.5818 1.0005 0.0000
vt 0.5433 1.0004 0.0000
vt 0.5562 1.0004 0.0000
vt 0.7269 1.0003 0.0000
vt 0.7412 1.0003 0.0000
vt 0.7355 1.0003 0.0000
vt 0.7352 1.0003 0.0000
vt 0.7215 1.0003 0.0000
vt 0.5529 1.0004 0.0000
vt 0.5527 1.0004 0.0000
vt 0.5402 1.0004 0.0000
vt 0.5399 1.0004 0.0000
vt 0.3905 1.0005 0.0000
vt 0.3904 1.0005 0.0000
vt 0.3796 1.0005 0.0000
vt 0.3795 1.0005 0.0000
vt 0.3814 1.0005 0.0000
vt 0.3924 1.0005 0.0000
vt 0.2532 1.0003 0.0000
vt 0.2531 1.0003 0.0000
vt 0.2444 1.0003 0.0000
vt 0.2454 1.0003 0.0000
vt 0.2542 1.0003 0.0000
vt 0.2578 1.0003 0.0000
vt 0.2649 1.0003 0.0000
vt 0.2542 1.0004 0.0000
vt 0.4006 1.0005 0.0000
vt 0.4095 1.0005 0.0000
vt 0.2578 1.0004 0.0000
vt 0.2452 1.0004 0.0000
vt 0.2540 1.0004 0.0000
vt 0.3810 1.0005 0.0000
vt 0.3920 1.0005 0.0000
vt 0.2540 1.0003 0.0000
vt 0.2452 1.0003 0.0000
vt 0.2582 1.0003 0.0000
vt 0.2652 1.0003 0.0000
vt 0.4012 1.0005 0.0000
vt 0.4100 1.0005 0.0000
vt 0.2582 1.0004 0.0000
vt 0.2451 1.0004 0.0000
vt 0.2539 1.0004 0.0000
vt 0.2652 1.0004 0.0000
vt 0.3809 1.0005 0.0000
vt 0.1810 1.0003 0.0000
vt 0.3713 1.0004 0.0000
vt 0.3901 1.0004 0.0000
vt 0.1898 1.0003 0.0000
vt 0.3255 1.0005 0.0000
vt 0.4824 1.0005 0.0000
vt 0.5010 1.0005 0.0000
vt 0.3366 1.0005 0.0000
vt 0.0678 1.0004 0.0000
vt 0.0867 1.0004 0.0000
vt 0.0580 1.0004 0.0000
vt 0.0790 1.0004 0.0000
vt 0.0980 1.0004 0.0000
vt 0.0916 1.0004 0.0000
vt 0.1106 1.0004 0.0000
vt -0.0363 1.0003 0.0000
vt 0.2215 1.0003 0.0000
vt 0.2406 1.0003 0.0000
vt -0.0318 1.0003 0.0000
vt 0.0612 1.0004 0.0000
vt 0.2853 1.0004 0.0000
vt 0.3043 1.0004 0.0000
vt 0.0460 1.0003 0.0000
vt 0.0419 1.0003 0.0000
vt 0.0464 1.0003 0.0000
vt 0.0496 1.0003 0.0000
vt 0.1407 1.0004 0.0000
vt 0.1329 1.0004 0.0000
vt 0.1395 1.0004 0.0000
vt 0.1459 1.0004 0.0000
vt 0.0461 1.0003 0.0000
vt 0.1330 1.0004 0.0000
vt 0.0459 1.0003 0.0000
vt 0.0495 1.0003 0.0000
vt 0.1405 1.0004 0.0000
vt 0.1458 1.0004 0.0000
vt 0.0420 1.0003 0.0000
vt 0.1331 1.0004 0.0000
vt 0.1397 1.0004 0.0000
vt 0.1391 1.0004 0.0000
vt 0.1326 1.0004 0.0000
vt 0.0462 1.0003 0.0000
vt 0.0418 1.0003 0.0000
vt -0.0268 1.0006 0.0000
vt -0.0294 1.0005 0.0000
vt -0.0293 1.0005 0.0000
vt -0.0267 1.0005 0.0000
vt -0.0798 1.0003 0.0000
vt -0.0810 1.0003 0.0000
vt -0.0804 1.0003 0.0000
vt -0.0794 1.0003 0.0000
vt -0.0276 1.0005 0.0000
vt -0.0255 1.0006 0.0000
vt -0.0255 1.0005 0.0000
vt -0.0275 1.0005 0.0000
vt -0.0254 1.0005 0.0000
vt -0.0254 1.0006 0.0000
vt -0.1681 1.0002 0.0000
vt 0.1528 1.0003 0.0000
vt 0.1721 1.0003 0.0000
vt -0.1670 1.0002 0.0000
vt -0.1127 1.0006 0.0000
vt 0.1777 1.0005 0.0000
vt 0.1969 1.0005 0.0000
vt -0.1101 1.0006 0.0000
vt 0.1209 1.0004 0.0000
vt 0.1401 1.0004 0.0000
vt 0.1055 1.0004 0.0000
vt 0.1247 1.0004 0.0000
vt 0.1377 1.0004 0.0000
vt 0.1561 1.0004 0.0000
vt 0.1755 1.0004 0.0000
vt -0.2150 1.0004 0.0000
vt 0.1754 1.0004 0.0000
vt -0.2025 1.0004 0.0000
vt 0.1457 1.0004 0.0000
vt 0.1650 1.0004 0.0000
vt -0.2022 1.0004 0.0000
vt -0.1245 1.0004 0.0000
vt -0.1129 1.0004 0.0000
vt -0.1130 1.0004 0.0000
vt -0.1127 1.0004 0.0000
vt -0.1138 1.0004 0.0000
vt -0.1141 1.0004 0.0000
vt -0.0805 1.0003 0.0000
vt -0.0806 1.0003 0.0000
vt -0.0809 1.0003 0.0000
vt -0.0799 1.0003 0.0000
vt -0.1142 1.0004 0.0000
vt -0.1139 1.0004 0.0000
vt -0.0800 1.0003 0.0000
vt -0.1685 1.0003 0.0000
vt 0.2296 1.0003 0.0000
vt 0.2490 1.0003 0.0000
vt -0.1673 1.0003 0.0000
vt -0.2041 1.0004 0.0000
vt 0.1840 1.0004 0.0000
vt 0.2034 1.0004 0.0000
vt -0.2038 1.0004 0.0000
vt 0.2168 1.0004 0.0000
vt 0.1974 1.0004 0.0000
vt 0.1760 1.0004 0.0000
vt 0.1954 1.0004 0.0000
vt 0.2397 1.0004 0.0000
vt 0.2202 1.0004 0.0000
vt 0.2639 1.0004 0.0000
vt 0.2444 1.0004 0.0000
vt -0.0165 1.0003 0.0000
vt 0.3769 1.0004 0.0000
vt 0.3964 1.0004 0.0000
vt -0.0120 1.0003 0.0000
vt -0.1067 1.0005 0.0000
vt 0.2935 1.0004 0.0000
vt 0.3129 1.0004 0.0000
vt -0.1041 1.0005 0.0000
vt 0.0600 1.0003 0.0000
vt 0.0632 1.0003 0.0000
vt 0.0678 1.0003 0.0000
vt 0.0636 1.0003 0.0000
vt -0.0235 1.0005 0.0000
vt -0.0222 1.0005 0.0000
vt -0.0195 1.0005 0.0000
vt -0.0214 1.0005 0.0000
vt 0.0677 1.0003 0.0000
vt 0.0637 1.0003 0.0000
vt -0.0213 1.0005 0.0000
vt -0.0196 1.0005 0.0000
vt -0.0221 1.0005 0.0000
vt 0.0679 1.0003 0.0000
vt 0.0634 1.0003 0.0000
vt 0.1853 1.0004 0.0000
vt 0.1786 1.0004 0.0000
vt 0.1780 1.0004 0.0000
vt 0.1847 1.0004 0.0000
vt 0.3357 1.0004 0.0000
vt 0.3267 1.0004 0.0000
vt 0.3266 1.0004 0.0000
vt 0.3256 1.0003 0.0000
vt 0.3347 1.0003 0.0000
vt 0.3256 1.0004 0.0000
vt 0.3145 1.0004 0.0000
vt 0.3218 1.0004 0.0000
vt 0.3347 1.0004 0.0000
vt 0.1717 1.0004 0.0000
vt 0.1772 1.0004 0.0000
vt 0.3145 1.0003 0.0000
vt 0.3218 1.0003 0.0000
vt 0.3258 1.0004 0.0000
vt 0.3349 1.0004 0.0000
vt 0.1782 1.0004 0.0000
vt 0.1849 1.0004 0.0000
vt 0.3141 1.0004 0.0000
vt 0.3214 1.0004 0.0000
vt 0.1716 1.0004 0.0000
vt 0.1769 1.0004 0.0000
vt 0.3142 1.0004 0.0000
vt 0.3350 1.0004 0.0000
vt 0.3215 1.0004 0.0000
vt 0.1770 1.0004 0.0000
vt 0.2594 1.0004 0.0000
vt 0.6111 1.0004 0.0000
vt 0.6306 1.0004 0.0000
vt 0.2685 1.0003 0.0000
vt 0.1045 1.0004 0.0000
vt 0.4818 1.0004 0.0000
vt 0.5013 1.0004 0.0000
vt 0.1112 1.0004 0.0000
vt 0.3162 1.0004 0.0000
vt 0.2967 1.0004 0.0000
vt 0.2894 1.0004 0.0000
vt 0.2700 1.0004 0.0000
vt 0.3440 1.0004 0.0000
vt 0.3245 1.0004 0.0000
vt 0.3728 1.0004 0.0000
vt 0.3532 1.0004 0.0000
vt 0.6916 1.0004 0.0000
vt 0.9648 1.0004 0.0000
vt 0.9843 1.0004 0.0000
vt 0.7055 1.0004 0.0000
vt 0.4529 1.0006 0.0000
vt 0.7698 1.0005 0.0000
vt 0.7893 1.0005 0.0000
vt 0.4645 1.0006 0.0000
vt 0.7117 1.0004 0.0000
vt 0.7544 1.0004 0.0000
vt 0.7229 1.0004 0.0000
vt 0.4922 1.0005 0.0000
vt 0.5111 1.0006 0.0000
vt 0.5227 1.0006 0.0000
vt 0.5014 1.0006 0.0000
vt 0.4921 1.0006 0.0000
vt 0.7228 1.0004 0.0000
vt 0.5110 1.0006 0.0000
vt 0.4921 1.0005 0.0000
vt 0.5014 1.0005 0.0000
vt 0.5226 1.0006 0.0000
vt 0.5110 1.0005 0.0000
vt 0.7125 1.0004 0.0000
vt 0.7237 1.0004 0.0000
vt 0.4927 1.0005 0.0000
vt 0.5226 1.0005 0.0000
vt 0.5020 1.0005 0.0000
vt 0.7238 1.0004 0.0000
vt 0.7399 1.0004 0.0000
vt 0.7537 1.0004 0.0000
vt 0.5107 1.0005 0.0000
vt 0.5222 1.0006 0.0000
vt 0.7538 1.0004 0.0000
vt 0.5106 1.0005 0.0000
vt 0.5242 1.0006 0.0000
vt 0.5240 1.0006 0.0000
vt 0.5127 1.0006 0.0000
vt 0.5126 1.0006 0.0000
vt 0.7573 1.0004 0.0000
vt 0.7571 1.0004 0.0000
vt 0.7436 1.0003 0.0000
vt 0.7434 1.0003 0.0000
vt 1.0416 1.0004 0.0000
vt 1.0411 1.0004 0.0000
vt 1.0260 1.0004 0.0000
vt 1.0257 1.0004 0.0000
vt 1.0194 1.0004 0.0000
vt 1.0353 1.0004 0.0000
vt 1.3677 1.0002 0.0000
vt 1.3665 1.0002 0.0000
vt 1.3508 1.0002 0.0000
vt 1.3501 1.0002 0.0000
vt 1.3383 1.0002 0.0000
vt 1.3559 1.0002 0.0000
vt 1.2839 1.0002 0.0000
vt 1.2981 1.0002 0.0000
vt 0.9796 1.0004 0.0000
vt 0.9925 1.0004 0.0000
vt 1.2838 1.0002 0.0000
vt 0.9797 1.0004 0.0000
vt 1.3395 1.0002 0.0000
vt 1.3571 1.0002 0.0000
vt 1.0202 1.0004 0.0000
vt 1.0362 1.0004 0.0000
vt 1.2822 1.0002 0.0000
vt 1.2964 1.0002 0.0000
vt 0.9784 1.0004 0.0000
vt 0.9912 1.0004 0.0000
vt 0.9785 1.0004 0.0000
vt 1.2823 1.0003 0.0000
vt 1.3395 1.0003 0.0000
vt 1.3572 1.0003 0.0000
vt 1.2964 1.0003 0.0000
vt 1.0203 1.0004 0.0000
vt 1.3113 1.0003 0.0000
vt 1.4747 1.0003 0.0000
vt 1.4943 1.0003 0.0000
vt 1.3290 1.0003 0.0000
vt 0.9814 1.0004 0.0000
vt 1.2030 1.0004 0.0000
vt 1.2225 1.0004 0.0000
vt 0.9974 1.0004 0.0000
vt 0.4325 1.0004 0.0000
vt 0.4130 1.0004 0.0000
vt 0.4023 1.0004 0.0000
vt 0.3828 1.0004 0.0000
vt 0.4631 1.0004 0.0000
vt 0.4436 1.0004 0.0000
vt 0.4940 1.0004 0.0000
vt 0.4745 1.0004 0.0000
vt 1.1301 1.0004 0.0000
vt 1.1639 1.0004 0.0000
vt 1.1835 1.0004 0.0000
vt 1.1496 1.0004 0.0000
vt 1.5532 1.0003 0.0000
vt 1.6534 1.0003 0.0000
vt 1.6730 1.0003 0.0000
vt 1.5720 1.0003 0.0000
vt 1.0976 1.0004 0.0000
vt 1.1359 1.0004 0.0000
vt 1.1553 1.0004 0.0000
vt 1.1131 1.0004 0.0000
vt 1.5027 1.0003 0.0000
vt 1.5703 1.0003 0.0000
vt 1.5891 1.0003 0.0000
vt 1.5178 1.0003 0.0000
vt 1.5027 1.0004 0.0000
vt 1.5178 1.0004 0.0000
vt 1.1358 1.0004 0.0000
vt 1.5702 1.0003 0.0000
vt 1.1552 1.0004 0.0000
vt 1.5891 1.0004 0.0000
vt 1.5703 1.0004 0.0000
vt 1.0986 1.0004 0.0000
vt 1.1143 1.0004 0.0000
vt 1.5046 1.0004 0.0000
vt 1.5198 1.0004 0.0000
vt 1.5047 1.0004 0.0000
vt 1.1350 1.0004 0.0000
vt 1.1544 1.0004 0.0000
vt 1.5689 1.0004 0.0000
vt 1.5876 1.0004 0.0000
vt 1.5877 1.0004 0.0000
vt 1.6091 1.0003 0.0000
vt 1.6062 1.0003 0.0000
vt 1.5920 1.0003 0.0000
vt 1.5904 1.0004 0.0000
vt 1.1755 1.0004 0.0000
vt 1.1703 1.0004 0.0000
vt 1.1601 1.0004 0.0000
vt 1.1562 1.0004 0.0000
vt -0.1566 1.0004 0.0000
vt -0.1605 1.0004 0.0000
vt -0.1708 1.0004 0.0000
vt -0.1760 1.0004 0.0000
vt -0.1548 1.0004 0.0000
vt -0.1354 1.0004 0.0000
vt -0.5906 1.0005 0.0000
vt -0.5922 1.0005 0.0000
vt -0.6064 1.0005 0.0000
vt -0.6093 1.0005 0.0000
vt -0.5878 1.0005 0.0000
vt -0.5691 1.0005 0.0000
vt -0.5200 1.0005 0.0000
vt -0.5049 1.0005 0.0000
vt -0.1147 1.0004 0.0000
vt -0.0990 1.0004 0.0000
vt -0.5893 1.0005 0.0000
vt -0.5705 1.0005 0.0000
vt -0.1557 1.0004 0.0000
vt -0.1362 1.0004 0.0000
vt -0.5180 1.0005 0.0000
vt -0.5029 1.0005 0.0000
vt -0.1135 1.0004 0.0000
vt -0.0980 1.0004 0.0000
vt -0.5894 1.0005 0.0000
vt -0.5706 1.0005 0.0000
vt -0.1363 1.0004 0.0000
vt -0.5723 1.0005 0.0000
vt -0.6732 1.0005 0.0000
vt -0.6537 1.0005 0.0000
vt -0.5534 1.0005 0.0000
vt -0.1500 1.0004 0.0000
vt -0.1839 1.0004 0.0000
vt -0.1644 1.0004 0.0000
vt -0.1305 1.0004 0.0000
vt 0.5559 1.0004 0.0000
vt 0.5364 1.0004 0.0000
vt 0.5250 1.0004 0.0000
vt 0.5055 1.0004 0.0000
vt 0.5866 1.0004 0.0000
vt 0.5670 1.0004 0.0000
vt 0.6167 1.0004 0.0000
vt 0.5972 1.0004 0.0000
vt 0.0024 1.0004 0.0000
vt -0.2227 1.0004 0.0000
vt -0.2032 1.0004 0.0000
vt 0.0183 1.0004 0.0000
vt -0.3292 1.0004 0.0000
vt -0.4944 1.0004 0.0000
vt -0.4749 1.0004 0.0000
vt -0.3115 1.0004 0.0000
vt 0.0085 1.0003 0.0000
vt -0.0365 1.0003 0.0000
vt -0.0205 1.0003 0.0000
vt 0.0213 1.0003 0.0000
vt -0.2966 1.0004 0.0000
vt -0.3574 1.0004 0.0000
vt -0.3398 1.0004 0.0000
vt -0.2825 1.0004 0.0000
vt -0.0365 1.0004 0.0000
vt 0.0085 1.0004 0.0000
vt 0.0213 1.0004 0.0000
vt -0.0205 1.0004 0.0000
vt -0.3573 1.0004 0.0000
vt -0.3397 1.0004 0.0000
vt 0.0072 1.0004 0.0000
vt 0.0201 1.0004 0.0000
vt -0.2983 1.0004 0.0000
vt -0.2841 1.0004 0.0000
vt -0.0355 1.0003 0.0000
vt -0.0196 1.0003 0.0000
vt -0.3561 1.0004 0.0000
vt -0.3385 1.0004 0.0000
vt -0.3503 1.0004 0.0000
vt -0.3510 1.0004 0.0000
vt -0.3667 1.0004 0.0000
vt -0.3679 1.0004 0.0000
vt -0.0260 1.0004 0.0000
vt -0.0263 1.0004 0.0000
vt -0.0414 1.0004 0.0000
vt -0.0419 1.0004 0.0000
vt 0.2562 1.0003 0.0000
vt 0.2561 1.0003 0.0000
vt 0.2426 1.0003 0.0000
vt 0.2424 1.0003 0.0000
vt 0.2459 1.0004 0.0000
vt 0.2598 1.0004 0.0000
vt 0.4868 1.0004 0.0000
vt 0.4867 1.0004 0.0000
vt 0.4754 1.0003 0.0000
vt 0.4753 1.0003 0.0000
vt 0.4773 1.0003 0.0000
vt 0.4888 1.0003 0.0000
vt 0.4773 1.0004 0.0000
vt 0.4974 1.0004 0.0000
vt 0.5068 1.0004 0.0000
vt 0.2459 1.0003 0.0000
vt 0.2759 1.0003 0.0000
vt 0.2871 1.0003 0.0000
vt 0.2598 1.0003 0.0000
vt 0.2759 1.0004 0.0000
vt 0.2871 1.0004 0.0000
vt 0.4768 1.0004 0.0000
vt 0.4884 1.0004 0.0000
vt 0.2453 1.0003 0.0000
vt 0.2592 1.0003 0.0000
vt 0.4980 1.0004 0.0000
vt 0.5073 1.0004 0.0000
vt 0.2768 1.0003 0.0000
vt 0.2879 1.0003 0.0000
vt 0.2591 1.0003 0.0000
vt 0.2768 1.0004 0.0000
vt 0.2879 1.0004 0.0000
vt 0.5349 1.0004 0.0000
vt 0.2104 1.0004 0.0000
vt 0.2299 1.0004 0.0000
vt 0.5465 1.0004 0.0000
vt 0.2941 1.0003 0.0000
vt 0.0155 1.0003 0.0000
vt 0.0350 1.0003 0.0000
vt 0.3080 1.0003 0.0000
vt 0.6750 1.0004 0.0000
vt 0.6555 1.0004 0.0000
vt 0.6462 1.0004 0.0000
vt 0.6267 1.0004 0.0000
vt 0.7028 1.0004 0.0000
vt 0.6833 1.0004 0.0000
vt 0.7294 1.0004 0.0000
vt 0.7100 1.0004 0.0000
vt 0.8883 1.0004 0.0000
vt 0.4985 1.0004 0.0000
vt 0.5180 1.0004 0.0000
vt 0.8950 1.0004 0.0000
vt 0.7309 1.0004 0.0000
vt 0.3691 1.0004 0.0000
vt 0.7401 1.0004 0.0000
vt 0.8226 1.0004 0.0000
vt 0.8146 1.0004 0.0000
vt 0.8213 1.0004 0.0000
vt 0.8279 1.0004 0.0000
vt 0.6780 1.0004 0.0000
vt 0.6645 1.0004 0.0000
vt 0.6737 1.0004 0.0000
vt 0.6853 1.0004 0.0000
vt 0.8226 1.0005 0.0000
vt 0.8280 1.0005 0.0000
vt 0.8280 1.0004 0.0000
vt 0.8214 1.0004 0.0000
vt 0.6646 1.0004 0.0000
vt 0.8224 1.0005 0.0000
vt 0.8147 1.0005 0.0000
vt 0.8214 1.0005 0.0000
vt 0.8278 1.0005 0.0000
vt 0.6777 1.0004 0.0000
vt 0.6850 1.0004 0.0000
vt 0.8278 1.0004 0.0000
vt 0.8148 1.0004 0.0000
vt 0.8224 1.0004 0.0000
vt 0.8215 1.0004 0.0000
vt 0.6648 1.0004 0.0000
vt 0.6739 1.0004 0.0000
vt 0.8148 1.0005 0.0000
vt 0.8215 1.0005 0.0000
vt 0.6729 1.0004 0.0000
vt 0.6728 1.0004 0.0000
vt 0.6638 1.0004 0.0000
vt 0.8209 1.0004 0.0000
vt 0.8143 1.0004 0.0000
vt 0.8142 1.0004 0.0000
vt 0.9357 1.0003 0.0000
vt 0.9312 1.0003 0.0000
vt 0.9315 1.0003 0.0000
vt 0.9360 1.0003 0.0000
vt 1.0209 1.0003 0.0000
vt 1.0182 1.0003 0.0000
vt 1.0183 1.0003 0.0000
vt 1.0210 1.0003 0.0000
vt 1.0201 1.0003 0.0000
vt 1.0222 1.0003 0.0000
vt 0.9354 1.0003 0.0000
vt 0.9391 1.0003 0.0000
vt 0.9314 1.0003 0.0000
vt 0.9359 1.0003 0.0000
vt 1.0223 1.0003 0.0000
vt 0.9355 1.0003 0.0000
vt 0.9392 1.0003 0.0000
vt 1.0202 1.0003 0.0000
vt 0.9313 1.0003 0.0000
vt 1.1027 1.0003 0.0000
vt 0.6863 1.0003 0.0000
vt 0.7057 1.0003 0.0000
vt 1.1054 1.0003 0.0000
vt 1.0110 1.0003 0.0000
vt 0.6031 1.0003 0.0000
vt 0.6225 1.0003 0.0000
vt 1.0155 1.0003 0.0000
vt 0.7791 1.0004 0.0000
vt 0.7597 1.0004 0.0000
vt 0.7549 1.0004 0.0000
vt 0.7355 1.0004 0.0000
vt 0.8019 1.0004 0.0000
vt 0.7825 1.0004 0.0000
vt 0.8038 1.0004 0.0000
vt 0.8232 1.0004 0.0000
vt 1.2022 1.0004 0.0000
vt 0.7958 1.0004 0.0000
vt 0.8152 1.0004 0.0000
vt 1.2025 1.0004 0.0000
vt 1.1660 1.0003 0.0000
vt 0.7503 1.0003 0.0000
vt 0.7697 1.0003 0.0000
vt 1.1672 1.0003 0.0000
vt 1.1125 1.0004 0.0000
vt 1.1124 1.0004 0.0000
vt 1.1127 1.0004 0.0000
vt 1.0788 1.0003 0.0000
vt 1.0782 1.0003 0.0000
vt 1.0794 1.0003 0.0000
vt 1.0797 1.0003 0.0000
vt 1.1128 1.0004 0.0000
vt 1.0787 1.0003 0.0000
vt 1.1229 1.0003 0.0000
vt 1.1113 1.0004 0.0000
vt 1.1110 1.0004 0.0000
vt 1.1112 1.0004 0.0000
vt 1.2003 1.0004 0.0000
vt 0.8341 1.0004 0.0000
vt 0.8533 1.0004 0.0000
vt 1.2006 1.0004 0.0000
vt 1.2131 1.0003 0.0000
vt 0.8236 1.0003 0.0000
vt 0.8429 1.0003 0.0000
vt 0.8420 1.0004 0.0000
vt 0.8612 1.0004 0.0000
vt 0.8237 1.0004 0.0000
vt 0.8430 1.0004 0.0000
vt 0.8588 1.0004 0.0000
vt 0.8780 1.0004 0.0000
vt 0.8741 1.0004 0.0000
vt 0.8932 1.0004 0.0000
vt 1.1078 1.0004 0.0000
vt 0.8022 1.0004 0.0000
vt 1.1103 1.0004 0.0000
vt 1.1648 1.0004 0.0000
vt 0.8269 1.0004 0.0000
vt 0.8461 1.0004 0.0000
vt 1.1659 1.0004 0.0000
vt 1.0235 1.0004 0.0000
vt 1.0248 1.0004 0.0000
vt 1.0274 1.0004 0.0000
vt 1.0255 1.0004 0.0000
vt 1.0776 1.0004 0.0000
vt 1.0779 1.0004 0.0000
vt 1.0791 1.0004 0.0000
vt 1.0785 1.0004 0.0000
vt 1.0273 1.0004 0.0000
vt 1.0256 1.0004 0.0000
vt 1.0247 1.0004 0.0000
vt 0.9565 1.0005 0.0000
vt 0.9521 1.0005 0.0000
vt 0.9519 1.0005 0.0000
vt 0.9563 1.0005 0.0000
vt 0.8660 1.0004 0.0000
vt 0.8659 1.0004 0.0000
vt 0.8595 1.0004 0.0000
vt 0.8589 1.0004 0.0000
vt 0.8654 1.0004 0.0000
vt 0.8529 1.0004 0.0000
vt 0.8581 1.0004 0.0000
vt 0.9488 1.0005 0.0000
vt 0.9524 1.0005 0.0000
vt 0.8591 1.0004 0.0000
vt 0.8656 1.0004 0.0000
vt 0.9564 1.0005 0.0000
vt 0.9520 1.0005 0.0000
vt 0.8527 1.0004 0.0000
vt 0.8579 1.0004 0.0000
vt 0.9523 1.0005 0.0000
vt 0.9302 1.0004 0.0000
vt 0.6956 1.0004 0.0000
vt 0.7145 1.0004 0.0000
vt 0.9367 1.0004 0.0000
vt 1.0297 1.0005 0.0000
vt 0.7589 1.0005 0.0000
vt 0.7779 1.0005 0.0000
vt 1.0341 1.0005 0.0000
vt 0.9004 1.0004 0.0000
vt 0.9192 1.0004 0.0000
vt 0.8880 1.0004 0.0000
vt 0.9069 1.0004 0.0000
vt 0.9114 1.0004 0.0000
vt 0.9300 1.0004 0.0000
vt 0.9210 1.0004 0.0000
vt 0.9392 1.0004 0.0000
vt 0.6659 1.0003 0.0000
vt 0.5045 1.0004 0.0000
vt 0.5228 1.0004 0.0000
vt 0.6767 1.0003 0.0000
vt 0.8094 1.0003 0.0000
vt 0.6114 1.0003 0.0000
vt 0.6300 1.0003 0.0000
vt 0.8181 1.0003 0.0000
vt 0.5938 1.0003 0.0000
vt 0.6115 1.0003 0.0000
vt 0.6223 1.0003 0.0000
vt 0.6025 1.0003 0.0000
vt 0.7349 1.0003 0.0000
vt 0.7460 1.0003 0.0000
vt 0.7547 1.0003 0.0000
vt 0.7418 1.0003 0.0000
vt 0.5938 1.0004 0.0000
vt 0.6025 1.0004 0.0000
vt 0.7348 1.0003 0.0000
vt 0.6223 1.0004 0.0000
vt 0.6115 1.0004 0.0000
vt 0.5943 1.0003 0.0000
vt 0.6030 1.0003 0.0000
vt 0.7422 1.0003 0.0000
vt 0.6111 1.0003 0.0000
vt 0.6219 1.0003 0.0000
vt 0.7457 1.0003 0.0000
vt 0.7544 1.0003 0.0000
vt 0.6219 1.0004 0.0000
vt 0.7555 1.0003 0.0000
vt 0.7554 1.0003 0.0000
vt 0.7468 1.0003 0.0000
vt 0.6237 1.0003 0.0000
vt 0.6236 1.0003 0.0000
vt 0.6130 1.0003 0.0000
vt 0.4726 1.0003 0.0000
vt 0.4724 1.0003 0.0000
vt 0.4603 1.0003 0.0000
vt 0.4601 1.0003 0.0000
vt 0.4569 1.0003 0.0000
vt 0.4694 1.0003 0.0000
vt 0.3248 1.0003 0.0000
vt 0.3244 1.0003 0.0000
vt 0.3118 1.0003 0.0000
vt 0.3115 1.0003 0.0000
vt 0.3062 1.0003 0.0000
vt 0.3194 1.0003 0.0000
vt 0.2731 1.0003 0.0000
vt 0.2838 1.0003 0.0000
vt 0.4322 1.0003 0.0000
vt 0.4423 1.0003 0.0000
vt 0.3069 1.0003 0.0000
vt 0.3202 1.0003 0.0000
vt 0.4575 1.0003 0.0000
vt 0.4700 1.0003 0.0000
vt 0.2721 1.0003 0.0000
vt 0.2827 1.0003 0.0000
vt 0.4315 1.0003 0.0000
vt 0.4415 1.0003 0.0000
vt 0.3203 1.0003 0.0000
vt 0.2828 1.0003 0.0000
vt 0.4701 1.0003 0.0000
vt 0.3393 1.0003 0.0000
vt 0.2513 1.0003 0.0000
vt 0.2676 1.0003 0.0000
vt 0.3526 1.0003 0.0000
vt 0.5017 1.0003 0.0000
vt 0.3766 1.0003 0.0000
vt 0.3943 1.0003 0.0000
vt 0.5142 1.0003 0.0000
vt 0.9349 1.0004 0.0000
vt 0.9511 1.0004 0.0000
vt 0.9290 1.0004 0.0000
vt 0.9466 1.0004 0.0000
vt 0.9352 1.0004 0.0000
vt 0.8568 1.0004 0.0000
vt 0.7730 1.0004 0.0000
vt 5.8567 1.0004 0.0000
vt 6.0444 1.0004 0.0000
vt 5.9607 1.0004 0.0000
vt 5.7759 1.0004 0.0000
vt 0.3585 1.0003 0.0000
vt 0.3152 1.0003 0.0000
vt 0.3266 1.0003 0.0000
vt 0.3688 1.0003 0.0000
vt 6.2200 1.0004 0.0000
vt 5.9301 1.0004 0.0000
vt 5.8493 1.0004 0.0000
vt 6.1554 1.0004 0.0000
vt 0.3085 1.0003 0.0000
vt 0.3420 1.0003 0.0000
vt 0.3523 1.0003 0.0000
vt 0.3168 1.0003 0.0000
vt 6.1553 1.0004 0.0000
vt 5.9303 1.0004 0.0000
vt 5.8495 1.0004 0.0000
vt 0.3419 1.0003 0.0000
vt 5.9304 1.0004 0.0000
vt 5.8496 1.0004 0.0000
vt 6.2117 1.0004 0.0000
vt 6.1466 1.0004 0.0000
vt 0.3095 1.0003 0.0000
vt 0.3178 1.0003 0.0000
vt 6.2118 1.0005 0.0000
vt 6.1467 1.0005 0.0000
vt 5.9363 1.0004 0.0000
vt 6.2118 1.0004 0.0000
vt 6.1467 1.0004 0.0000
vt 5.8558 1.0004 0.0000
vt 0.3413 1.0003 0.0000
vt 0.3515 1.0003 0.0000
vt 0.3516 1.0003 0.0000
vt 0.3578 1.0003 0.0000
vt 0.3486 1.0003 0.0000
vt 0.3482 1.0003 0.0000
vt 5.7637 1.0004 0.0000
vt 5.7763 1.0004 0.0000
vt 5.8369 1.0004 0.0000
vt 5.8441 1.0004 0.0000
vt 0.5274 1.0004 0.0000
vt 0.5118 1.0004 0.0000
vt 0.4901 1.0004 0.0000
vt 0.5654 1.0004 0.0000
vt 0.4655 1.0004 0.0000
vt 0.4410 1.0004 0.0000
vt 0.3969 1.0004 0.0000
vt 0.4180 1.0004 0.0000
vt 0.3781 1.0004 0.0000
vt 0.3622 1.0004 0.0000
vt 0.3405 1.0004 0.0000
vt 0.3495 1.0004 0.0000
vt 0.3998 1.0004 0.0000
vt 0.3352 1.0004 0.0000
vt 0.3336 1.0004 0.0000
vt 0.3359 1.0004 0.0000
vt 0.3514 1.0004 0.0000
vt 0.3645 1.0004 0.0000
vt 0.4215 1.0004 0.0000
vt 0.4454 1.0004 0.0000
vt 0.4972 1.0004 0.0000
vt 0.4709 1.0004 0.0000
vt 0.5230 1.0004 0.0000
vt 0.5452 1.0004 0.0000
vt 0.5765 1.0004 0.0000
vt 0.5609 1.0004 0.0000
vt 0.7376 1.0004 0.0000
vt 0.5981 1.0004 0.0000
vt 0.6227 1.0004 0.0000
vt 0.6703 1.0004 0.0000
vt 0.6472 1.0004 0.0000
vt 0.6914 1.0004 0.0000
vt 0.7098 1.0004 0.0000
vt 0.7254 1.0004 0.0000
vt 0.7465 1.0004 0.0000
vt 0.7517 1.0004 0.0000
vt 0.7532 1.0004 0.0000
vt 0.7057 1.0004 0.0000
vt 0.7450 1.0004 0.0000
vt 0.7353 1.0004 0.0000
vt 0.7221 1.0004 0.0000
vt 0.6864 1.0004 0.0000
vt 0.6650 1.0004 0.0000
vt 0.6169 1.0004 0.0000
vt 0.6417 1.0004 0.0000
vt 0.5909 1.0004 0.0000
vt 0.5432 1.0004 0.0000
vt 0.0000 0.0000 0.0000
vt 0.6250 0.0000 0.0000
vt 0.6250 0.2500 0.0000
vt 0.3750 0.2500 0.0000
vt 0.3750 0.0000 0.0000
vt 0.6250 0.4090 0.0000
vt 0.6250 0.8311 0.0000
vt 0.3750 0.8311 0.0000
vt 0.3750 0.4090 0.0000
vt 0.3750 0.8410 0.0000
vt 0.3750 0.0910 0.0000
vt 0.3750 0.6689 0.0000
vt 0.6250 0.6689 0.0000
vt 0.6250 0.8410 0.0000
vt 0.6250 0.0910 0.0000
vt 0.9925 0.1732 0.0000
vt 1.0125 0.1732 0.0000
vt 1.0125 -0.3267 0.0000
vt 0.9925 -0.3267 0.0000
vt 0.9190 0.1732 0.0000
vt 0.9390 0.1732 0.0000
vt 0.9390 -0.3268 0.0000
vt 0.9190 -0.3268 0.0000
vt 0.8462 0.1732 0.0000
vt 0.8662 0.1732 0.0000
vt 0.8662 -0.3268 0.0000
vt 0.8462 -0.3268 0.0000
vt 0.7748 0.1732 0.0000
vt 0.7948 0.1732 0.0000
vt 0.7948 -0.3268 0.0000
vt 0.7748 -0.3268 0.0000
vt 0.7057 0.1732 0.0000
vt 0.7257 0.1732 0.0000
vt 0.7257 -0.3268 0.0000
vt 0.7057 -0.3268 0.0000
vt 0.6397 0.1732 0.0000
vt 0.6597 0.1732 0.0000
vt 0.6597 -0.3268 0.0000
vt 0.6397 -0.3268 0.0000
vt 0.5775 0.1732 0.0000
vt 0.5975 0.1732 0.0000
vt 0.5975 -0.3268 0.0000
vt 0.5775 -0.3268 0.0000
vt 0.5197 0.1732 0.0000
vt 0.5397 0.1732 0.0000
vt 0.5397 -0.3268 0.0000
vt 0.5197 -0.3268 0.0000
vt 0.4670 0.1732 0.0000
vt 0.4870 0.1732 0.0000
vt 0.4870 -0.3268 0.0000
vt 0.4670 -0.3268 0.0000
vt 0.4198 0.1732 0.0000
vt 0.4398 0.1732 0.0000
vt 0.4398 -0.3268 0.0000
vt 0.4198 -0.3268 0.0000
vt 0.3787 0.1732 0.0000
vt 0.3987 0.1732 0.0000
vt 0.3987 -0.3268 0.0000
vt 0.3787 -0.3268 0.0000
vt 0.3438 0.1732 0.0000
vt 0.3638 0.1732 0.0000
vt 0.3638 -0.3268 0.0000
vt 0.3438 -0.3268 0.0000
vt 0.3156 0.1732 0.0000
vt 0.3356 0.1732 0.0000
vt 0.3356 -0.3268 0.0000
vt 0.3156 -0.3268 0.0000
vt 0.2940 0.1732 0.0000
vt 0.3140 0.1732 0.0000
vt 0.3140 -0.3268 0.0000
vt 0.2940 -0.3268 0.0000
vt 0.2792 0.1732 0.0000
vt 0.2991 0.1732 0.0000
vt 0.2991 -0.3268 0.0000
vt 0.2792 -0.3268 0.0000
vt 0.2709 0.1732 0.0000
vt 0.2909 0.1732 0.0000
vt 0.2909 -0.3268 0.0000
vt 0.2709 -0.3268 0.0000
vt 0.2692 0.1732 0.0000
vt 0.2892 0.1732 0.0000
vt 0.2892 -0.3268 0.0000
vt 0.2692 -0.3268 0.0000
vt 0.2736 0.1732 0.0000
vt 0.2936 0.1732 0.0000
vt 0.2936 -0.3268 0.0000
vt 0.2736 -0.3268 0.0000
vt 0.2837 0.1732 0.0000
vt 0.3037 0.1732 0.0000
vt 0.3037 -0.3268 0.0000
vt 0.2837 -0.3268 0.0000
vt 0.2992 0.1732 0.0000
vt 0.3192 0.1732 0.0000
vt 0.3192 -0.3268 0.0000
vt 0.2992 -0.3268 0.0000
vt 0.3194 0.1732 0.0000
vt 0.3394 0.1732 0.0000
vt 0.3394 -0.3268 0.0000
vt 0.3194 -0.3268 0.0000
vt 0.3715 0.1732 0.0000
vt 0.3915 0.1732 0.0000
vt 0.3915 -0.3268 0.0000
vt 0.3715 -0.3268 0.0000
vt 0.4019 0.1732 0.0000
vt 0.4219 0.1732 0.0000
vt 0.4219 -0.3268 0.0000
vt 0.4019 -0.3268 0.0000
vt 0.4342 0.1732 0.0000
vt 0.4542 0.1732 0.0000
vt 0.4542 -0.3268 0.0000
vt 0.4342 -0.3268 0.0000
vt 0.4675 0.1732 0.0000
vt 0.4875 0.1732 0.0000
vt 0.4875 -0.3268 0.0000
vt 0.4675 -0.3268 0.0000
vt 0.5010 0.1732 0.0000
vt 0.5210 0.1732 0.0000
vt 0.5210 -0.3268 0.0000
vt 0.5010 -0.3268 0.0000
vt 0.5338 0.1732 0.0000
vt 0.5538 0.1732 0.0000
vt 0.5538 -0.3268 0.0000
vt 0.5338 -0.3268 0.0000
vt 0.5652 0.1732 0.0000
vt 0.5852 0.1732 0.0000
vt 0.5852 -0.3268 0.0000
vt 0.5652 -0.3268 0.0000
vt 0.5943 0.1732 0.0000
vt 0.6143 0.1732 0.0000
vt 0.6143 -0.3268 0.0000
vt 0.5943 -0.3268 0.0000
vt 0.6203 0.1732 0.0000
vt 0.6403 0.1732 0.0000
vt 0.6403 -0.3268 0.0000
vt 0.6203 -0.3268 0.0000
vt 0.6425 0.1732 0.0000
vt 0.6625 0.1732 0.0000
vt 0.6625 -0.3268 0.0000
vt 0.6425 -0.3268 0.0000
vt 0.6603 0.1732 0.0000
vt 0.6803 0.1732 0.0000
vt 0.6803 -0.3268 0.0000
vt 0.6603 -0.3268 0.0000
vt 0.6730 0.1732 0.0000
vt 0.6930 0.1732 0.0000
vt 0.6930 -0.3268 0.0000
vt 0.6730 -0.3268 0.0000
vt 0.6802 0.1732 0.0000
vt 0.7002 0.1732 0.0000
vt 0.7002 -0.3268 0.0000
vt 0.6802 -0.3268 0.0000
vt 0.6813 0.1732 0.0000
vt 0.7013 0.1732 0.0000
vt 0.7013 -0.3268 0.0000
vt 0.6813 -0.3268 0.0000
vt 0.6762 0.1732 0.0000
vt 0.6962 0.1732 0.0000
vt 0.6962 -0.3268 0.0000
vt 0.6762 -0.3268 0.0000
vt 0.6644 0.1732 0.0000
vt 0.6844 0.1732 0.0000
vt 0.6844 -0.3268 0.0000
vt 0.6644 -0.3268 0.0000
vt 0.6460 0.1732 0.0000
vt 0.6660 0.1732 0.0000
vt 0.6660 -0.3268 0.0000
vt 0.6460 -0.3268 0.0000
vt 0.6209 0.1732 0.0000
vt 0.6409 0.1732 0.0000
vt 0.6409 -0.3268 0.0000
vt 0.6209 -0.3268 0.0000
vt 0.5891 0.1732 0.0000
vt 0.6091 0.1732 0.0000
vt 0.6091 -0.3268 0.0000
vt 0.5891 -0.3268 0.0000
vt 0.5508 0.1732 0.0000
vt 0.5708 0.1732 0.0000
vt 0.5708 -0.3268 0.0000
vt 0.5508 -0.3268 0.0000
vt 0.5064 0.1732 0.0000
vt 0.5264 0.1733 0.0000
vt 0.5264 -0.3268 0.0000
vt 0.5064 -0.3268 0.0000
vt 0.4563 0.1732 0.0000
vt 0.4763 0.1732 0.0000
vt 0.4763 -0.3268 0.0000
vt 0.4563 -0.3268 0.0000
vt 0.4008 0.1732 0.0000
vt 0.4208 0.1732 0.0000
vt 0.4208 -0.3268 0.0000
vt 0.4008 -0.3268 0.0000
vt 0.3406 0.1732 0.0000
vt 0.3606 0.1732 0.0000
vt 0.3606 -0.3268 0.0000
vt 0.3406 -0.3268 0.0000
vt 0.2762 0.1732 0.0000
vt 0.2962 0.1732 0.0000
vt 0.2962 -0.3268 0.0000
vt 0.2762 -0.3268 0.0000
vt 0.2085 0.1732 0.0000
vt 0.2285 0.1732 0.0000
vt 0.2285 -0.3268 0.0000
vt 0.2085 -0.3268 0.0000
vt 0.1381 0.1732 0.0000
vt 0.1581 0.1732 0.0000
vt 0.1581 -0.3268 0.0000
vt 0.1381 -0.3268 0.0000
vt 0.0658 0.1732 0.0000
vt 0.0858 0.1732 0.0000
vt 0.0858 -0.3268 0.0000
vt 0.0658 -0.3268 0.0000
vt 0.9888 0.5000 0.0000
vt 0.9925 0.5000 0.0000
vt 1.0125 0.5000 0.0000
vt 1.0075 0.5000 0.0000
vt 0.0626 0.5000 0.0000
vt 0.0658 0.5000 0.0000
vt 0.0858 0.5000 0.0000
vt 0.0812 0.5000 0.0000
vt 0.0625 0.5000 0.0000
vt 0.0627 0.5000 0.0000
vt 0.0813 0.5000 0.0000
vt 0.0803 0.5000 0.0000
vt 0.9887 0.5000 0.0000
vt 0.9889 0.5000 0.0000
vt 1.0065 0.5000 0.0000
vt 0.1354 0.5000 0.0000
vt 0.1541 0.5000 0.0000
vt 0.1531 0.5000 0.0000
vt 0.1381 0.5000 0.0000
vt 0.1581 0.5000 0.0000
vt 0.1540 0.5000 0.0000
vt 0.2064 0.5000 0.0000
vt 0.2250 0.5000 0.0000
vt 0.2242 0.5000 0.0000
vt 0.2748 0.5000 0.0000
vt 0.2747 0.5000 0.0000
vt 0.2934 0.5000 0.0000
vt 0.2926 0.5000 0.0000
vt 0.3399 0.5000 0.0000
vt 0.3397 0.5000 0.0000
vt 0.3583 0.5000 0.0000
vt 0.3577 0.5000 0.0000
vt 0.4009 0.5000 0.0000
vt 0.4006 0.5000 0.0000
vt 0.4192 0.5000 0.0000
vt 0.4186 0.5000 0.0000
vt 0.4571 0.5000 0.0000
vt 0.4567 0.5000 0.0000
vt 0.4753 0.5000 0.0000
vt 0.4749 0.5000 0.0000
vt 0.5080 0.5000 0.0000
vt 0.5075 0.5000 0.0000
vt 0.5262 0.5000 0.0000
vt 0.5258 0.5000 0.0000
vt 0.5532 0.5000 0.0000
vt 0.5526 0.5000 0.0000
vt 0.5712 0.5000 0.0000
vt 0.5710 0.5000 0.0000
vt 0.5921 0.5000 0.0000
vt 0.5914 0.5000 0.0000
vt 0.6101 0.5000 0.0000
vt 0.6099 0.5000 0.0000
vt 0.6246 0.5000 0.0000
vt 0.6239 0.5000 0.0000
vt 0.6425 0.5000 0.0000
vt 0.6424 0.5000 0.0000
vt 0.6504 0.5000 0.0000
vt 0.6495 0.5000 0.0000
vt 0.6682 0.5000 0.0000
vt 0.5946 0.5000 0.0000
vt 0.5958 0.5000 0.0000
vt 0.6168 0.5000 0.0000
vt 0.6147 0.5000 0.0000
vt 0.6817 0.5000 0.0000
vt 0.6807 0.5000 0.0000
vt 0.6993 0.5000 0.0000
vt 0.6995 0.5000 0.0000
vt 0.6873 0.5000 0.0000
vt 0.6862 0.5000 0.0000
vt 0.7049 0.5000 0.0000
vt 0.7051 0.5000 0.0000
vt 0.6865 0.5000 0.0000
vt 0.6854 0.5000 0.0000
vt 0.7040 0.5000 0.0000
vt 0.7043 0.5000 0.0000
vt 0.6797 0.5000 0.0000
vt 0.6785 0.5000 0.0000
vt 0.6971 0.5000 0.0000
vt 0.6975 0.5000 0.0000
vt 0.6672 0.5000 0.0000
vt 0.6660 0.5000 0.0000
vt 0.6846 0.5000 0.0000
vt 0.6850 0.5000 0.0000
vt 0.6496 0.5000 0.0000
vt 0.6483 0.5000 0.0000
vt 0.6669 0.5000 0.0000
vt 0.6673 0.5000 0.0000
vt 0.6274 0.5000 0.0000
vt 0.6261 0.5000 0.0000
vt 0.6447 0.5000 0.0000
vt 0.6451 0.5000 0.0000
vt 0.6013 0.5001 0.0000
vt 0.6001 0.5001 0.0000
vt 0.6187 0.5001 0.0000
vt 0.6191 0.5001 0.0000
vt 0.5721 0.5000 0.0000
vt 0.5708 0.5000 0.0000
vt 0.5895 0.5000 0.0000
vt 0.5899 0.5000 0.0000
vt 0.5404 0.5000 0.0000
vt 0.5392 0.5000 0.0000
vt 0.5579 0.5000 0.0000
vt 0.5582 0.5000 0.0000
vt 0.5073 0.5000 0.0000
vt 0.5061 0.5000 0.0000
vt 0.5248 0.5000 0.0000
vt 0.5251 0.5000 0.0000
vt 0.4735 0.5000 0.0000
vt 0.4723 0.5000 0.0000
vt 0.4910 0.5000 0.0000
vt 0.4912 0.5000 0.0000
vt 0.4396 0.5000 0.0000
vt 0.4385 0.5000 0.0000
vt 0.4572 0.5000 0.0000
vt 0.4574 0.5000 0.0000
vt 0.4068 0.5000 0.0000
vt 0.4058 0.5000 0.0000
vt 0.4245 0.5000 0.0000
vt 0.4246 0.5000 0.0000
vt 0.3758 0.4999 0.0000
vt 0.3749 0.4999 0.0000
vt 0.3935 0.4999 0.0000
vt 0.3474 0.5000 0.0000
vt 0.3466 0.5000 0.0000
vt 0.3653 0.5000 0.0000
vt 0.3652 0.5000 0.0000
vt 0.3222 0.4999 0.0000
vt 0.3215 0.4999 0.0000
vt 0.3402 0.4999 0.0000
vt 0.3400 0.4999 0.0000
vt 0.3014 0.5000 0.0000
vt 0.3008 0.5000 0.0000
vt 0.3194 0.5000 0.0000
vt 0.3191 0.5000 0.0000
vt 0.2852 0.5000 0.0000
vt 0.2847 0.5000 0.0000
vt 0.3034 0.5000 0.0000
vt 0.3030 0.5000 0.0000
vt 0.2742 0.5000 0.0000
vt 0.2738 0.5000 0.0000
vt 0.2925 0.5000 0.0000
vt 0.2920 0.5000 0.0000
vt 0.2691 0.5000 0.0000
vt 0.2688 0.5000 0.0000
vt 0.2875 0.5000 0.0000
vt 0.2868 0.5000 0.0000
vt 0.2701 0.5000 0.0000
vt 0.2699 0.5000 0.0000
vt 0.2886 0.5000 0.0000
vt 0.2879 0.5000 0.0000
vt 0.2776 0.5000 0.0000
vt 0.2962 0.5000 0.0000
vt 0.2954 0.5000 0.0000
vt 0.2918 0.5000 0.0000
vt 0.3105 0.5000 0.0000
vt 0.3095 0.5000 0.0000
vt 0.3128 0.5000 0.0000
vt 0.3130 0.5000 0.0000
vt 0.3316 0.5000 0.0000
vt 0.3306 0.5000 0.0000
vt 0.3404 0.5000 0.0000
vt 0.3406 0.5000 0.0000
vt 0.3593 0.5000 0.0000
vt 0.3582 0.5000 0.0000
vt 0.3748 0.5000 0.0000
vt 0.3750 0.5000 0.0000
vt 0.3937 0.5000 0.0000
vt 0.3925 0.5000 0.0000
vt 0.4155 0.5000 0.0000
vt 0.4158 0.5000 0.0000
vt 0.4345 0.5000 0.0000
vt 0.4333 0.5000 0.0000
vt 0.4623 0.5000 0.0000
vt 0.4627 0.5000 0.0000
vt 0.4813 0.5000 0.0000
vt 0.4801 0.5000 0.0000
vt 0.5148 0.5000 0.0000
vt 0.5152 0.5000 0.0000
vt 0.5338 0.5000 0.0000
vt 0.5326 0.5000 0.0000
vt 0.5724 0.5000 0.0000
vt 0.5728 0.5000 0.0000
vt 0.5902 0.5000 0.0000
vt 0.6347 0.5000 0.0000
vt 0.6351 0.5000 0.0000
vt 0.6537 0.5000 0.0000
vt 0.6524 0.5000 0.0000
vt 0.7007 0.5000 0.0000
vt 0.7011 0.5000 0.0000
vt 0.7197 0.5000 0.0000
vt 0.7185 0.5000 0.0000
vt 0.7700 0.5001 0.0000
vt 0.7704 0.5001 0.0000
vt 0.7890 0.5001 0.0000
vt 0.7878 0.5001 0.0000
vt 0.8415 0.5000 0.0000
vt 0.8418 0.5000 0.0000
vt 0.8605 0.5000 0.0000
vt 0.8593 0.5000 0.0000
vt 0.9147 0.5000 0.0000
vt 0.9149 0.5000 0.0000
vt 0.9336 0.5000 0.0000
vt 0.9324 0.5000 0.0000
vt 0.9150 0.5000 0.0000
vt 0.9190 0.5000 0.0000
vt 0.9390 0.5000 0.0000
vt 0.8462 0.5000 0.0000
vt 0.8662 0.5000 0.0000
vt 0.7702 0.5000 0.0000
vt 0.7748 0.5000 0.0000
vt 0.7948 0.5000 0.0000
vt 0.7889 0.5000 0.0000
vt 0.7010 0.5000 0.0000
vt 0.7057 0.5000 0.0000
vt 0.7257 0.5000 0.0000
vt 0.6350 0.5000 0.0000
vt 0.6397 0.5000 0.0000
vt 0.6597 0.5000 0.0000
vt 0.6536 0.5000 0.0000
vt 0.5775 0.5000 0.0000
vt 0.5975 0.5000 0.0000
vt 0.5151 0.5000 0.0000
vt 0.5197 0.5000 0.0000
vt 0.5397 0.5000 0.0000
vt 0.4626 0.5000 0.0000
vt 0.4670 0.5000 0.0000
vt 0.4870 0.5000 0.0000
vt 0.4812 0.5000 0.0000
vt 0.4157 0.5000 0.0000
vt 0.4198 0.5000 0.0000
vt 0.4398 0.5000 0.0000
vt 0.4344 0.5000 0.0000
vt 0.3749 0.5000 0.0000
vt 0.3787 0.5000 0.0000
vt 0.3987 0.5000 0.0000
vt 0.3936 0.5000 0.0000
vt 0.3405 0.5000 0.0000
vt 0.3438 0.5000 0.0000
vt 0.3638 0.5000 0.0000
vt 0.3592 0.5000 0.0000
vt 0.3127 0.5000 0.0000
vt 0.3156 0.5000 0.0000
vt 0.3356 0.5000 0.0000
vt 0.3314 0.5000 0.0000
vt 0.2917 0.5000 0.0000
vt 0.2940 0.5000 0.0000
vt 0.3140 0.5000 0.0000
vt 0.3104 0.5000 0.0000
vt 0.2774 0.5000 0.0000
vt 0.2791 0.5000 0.0000
vt 0.2991 0.5000 0.0000
vt 0.2961 0.5000 0.0000
vt 0.2709 0.5000 0.0000
vt 0.2909 0.5000 0.0000
vt 0.2885 0.5000 0.0000
vt 0.2692 0.5000 0.0000
vt 0.2892 0.5000 0.0000
vt 0.2874 0.5000 0.0000
vt 0.2736 0.5000 0.0000
vt 0.2936 0.5000 0.0000
vt 0.2837 0.5000 0.0000
vt 0.3037 0.5000 0.0000
vt 0.3033 0.5000 0.0000
vt 0.2992 0.5000 0.0000
vt 0.3192 0.5000 0.0000
vt 0.3195 0.5000 0.0000
vt 0.3217 0.5000 0.0000
vt 0.3395 0.5000 0.0000
vt 0.3467 0.5000 0.0000
vt 0.3715 0.5000 0.0000
vt 0.3915 0.5000 0.0000
vt 0.4060 0.5000 0.0000
vt 0.4019 0.5000 0.0000
vt 0.4219 0.5000 0.0000
vt 0.4387 0.5000 0.0000
vt 0.4342 0.5000 0.0000
vt 0.4542 0.5000 0.0000
vt 0.4725 0.5000 0.0000
vt 0.4675 0.5000 0.0000
vt 0.4875 0.5000 0.0000
vt 0.4911 0.5000 0.0000
vt 0.5064 0.5000 0.0000
vt 0.5010 0.5000 0.0000
vt 0.5210 0.5000 0.0000
vt 0.5250 0.5000 0.0000
vt 0.5395 0.5000 0.0000
vt 0.5538 0.5000 0.0000
vt 0.5711 0.5000 0.0000
vt 0.5652 0.5000 0.0000
vt 0.5852 0.5000 0.0000
vt 0.5898 0.5000 0.0000
vt 0.6003 0.5000 0.0000
vt 0.5943 0.5000 0.0000
vt 0.6143 0.5000 0.0000
vt 0.6190 0.5000 0.0000
vt 0.6264 0.5000 0.0000
vt 0.6203 0.5000 0.0000
vt 0.6403 0.5000 0.0000
vt 0.6486 0.5000 0.0000
vt 0.6625 0.5000 0.0000
vt 0.6663 0.5000 0.0000
vt 0.6603 0.5000 0.0000
vt 0.6803 0.5000 0.0000
vt 0.6849 0.5000 0.0000
vt 0.6788 0.5000 0.0000
vt 0.6730 0.5000 0.0000
vt 0.6930 0.5000 0.0000
vt 0.6974 0.5000 0.0000
vt 0.6857 0.5000 0.0000
vt 0.6802 0.5000 0.0000
vt 0.7002 0.5000 0.0000
vt 0.6813 0.5000 0.0000
vt 0.7013 0.5000 0.0000
vt 0.6809 0.5000 0.0000
vt 0.6762 0.5000 0.0000
vt 0.6962 0.5000 0.0000
vt 0.6686 0.5000 0.0000
vt 0.6644 0.5000 0.0000
vt 0.6844 0.5000 0.0000
vt 0.6872 0.5000 0.0000
vt 0.6497 0.5000 0.0000
vt 0.6460 0.5000 0.0000
vt 0.6683 0.5000 0.0000
vt 0.6208 0.5000 0.0000
vt 0.6408 0.5000 0.0000
vt 0.6426 0.5000 0.0000
vt 0.5915 0.5000 0.0000
vt 0.5891 0.5000 0.0000
vt 0.6091 0.5000 0.0000
vt 0.5508 0.5000 0.0000
vt 0.5713 0.5000 0.0000
vt 0.5264 0.5000 0.0000
vt 0.4563 0.5000 0.0000
vt 0.4763 0.5000 0.0000
vt 0.4005 0.5000 0.0000
vt 0.4008 0.5000 0.0000
vt 0.4208 0.5000 0.0000
vt 0.4191 0.5000 0.0000
vt 0.3396 0.5000 0.0000
vt 0.3605 0.5000 0.0000
vt 0.2746 0.5000 0.0000
vt 0.2762 0.5000 0.0000
vt 0.2933 0.5000 0.0000
vt 0.2063 0.5000 0.0000
vt 0.2085 0.5000 0.0000
vt 0.2285 0.5000 0.0000
vt 0.2249 0.5000 0.0000
vt 0.2209 -0.1515 0.0000
vt 0.2505 -0.1571 0.0000
vt 0.2792 -0.1664 0.0000
vt 0.1608 -0.1515 0.0000
vt 0.3065 -0.1793 0.0000
vt 0.3319 -0.1954 0.0000
vt 0.3758 -0.2366 0.0000
vt 0.3551 -0.2146 0.0000
vt 0.3935 -0.2610 0.0000
vt 0.4080 -0.2874 0.0000
vt 0.4266 -0.3446 0.0000
vt 0.4191 -0.3154 0.0000
vt 0.4304 -0.3745 0.0000
vt 0.4304 -0.4047 0.0000
vt 0.4266 -0.4346 0.0000
vt 0.4191 -0.4638 0.0000
vt 0.4080 -0.4918 0.0000
vt 0.3935 -0.5182 0.0000
vt 0.3758 -0.5426 0.0000
vt 0.3551 -0.5645 0.0000
vt 0.3319 -0.5838 0.0000
vt 0.3065 -0.5999 0.0000
vt 0.2792 -0.6127 0.0000
vt 0.2505 -0.6220 0.0000
vt 0.2209 -0.6277 0.0000
vt 0.1908 -0.6296 0.0000
vt 0.1608 -0.6277 0.0000
vt 0.1311 -0.6220 0.0000
vt 0.1025 -0.6127 0.0000
vt 0.0752 -0.5999 0.0000
vt 0.0498 -0.5838 0.0000
vt 0.0265 -0.5645 0.0000
vt 0.0059 -0.5426 0.0000
vt -0.0118 -0.5182 0.0000
vt -0.0263 -0.4918 0.0000
vt -0.0374 -0.4638 0.0000
vt -0.0449 -0.4346 0.0000
vt -0.0487 -0.4047 0.0000
vt -0.0487 -0.3745 0.0000
vt -0.0449 -0.3446 0.0000
vt -0.0374 -0.3154 0.0000
vt -0.0263 -0.2874 0.0000
vt -0.0118 -0.2610 0.0000
vt 0.0059 -0.2366 0.0000
vt 0.0265 -0.2146 0.0000
vt 0.0498 -0.1954 0.0000
vt 0.0752 -0.1793 0.0000
vt 0.1025 -0.1664 0.0000
vt 0.1311 -0.1571 0.0000
vt 0.1908 -0.1496 0.0000
vt 0.9968 -0.0478 0.0000
vt 1.0168 -0.0478 0.0000
vt 1.0168 -0.0980 0.0000
vt 0.9968 -0.0980 0.0000
vt 0.2009 -0.3679 0.0000
vt 0.1708 -0.3660 0.0000
vt 0.1407 -0.3679 0.0000
vt 0.1549 -0.5267 0.0000
vt 0.2592 -0.3828 0.0000
vt 0.1919 -0.5267 0.0000
vt 0.1919 -0.6897 0.0000
vt 0.2009 -0.8441 0.0000
vt 0.2305 -0.8384 0.0000
vt 0.2592 -0.8291 0.0000
vt 0.3880 -0.5038 0.0000
vt 0.2864 -0.8163 0.0000
vt 0.3119 -0.8001 0.0000
vt 0.3351 -0.7809 0.0000
vt 0.3557 -0.7589 0.0000
vt 0.3735 -0.7346 0.0000
vt 0.3880 -0.7082 0.0000
vt 0.4066 -0.6509 0.0000
vt 0.3991 -0.6801 0.0000
vt 0.4103 -0.6210 0.0000
vt 0.4103 -0.5909 0.0000
vt 0.3991 -0.5318 0.0000
vt 0.4066 -0.5610 0.0000
vt 0.3735 -0.4774 0.0000
vt 0.3557 -0.4530 0.0000
vt 0.3351 -0.4310 0.0000
vt 0.3119 -0.4118 0.0000
vt 0.2864 -0.3956 0.0000
vt 0.2305 -0.3735 0.0000
vt 0.0881 -0.0478 0.0000
vt 0.1081 -0.0478 0.0000
vt 0.1081 -0.0980 0.0000
vt 0.0881 -0.0980 0.0000
vt 8.9688 0.1072 0.0000
vt 8.8281 0.1211 0.0000
vt 8.7834 0.1211 0.0000
vt 8.9255 0.1072 0.0000
vt 0.2597 1.0003 0.0000
vt 0.2718 1.0003 0.0000
vt -0.5603 1.0003 0.0000
vt -0.5454 1.0003 0.0000
vt 2.9821 0.1108 0.0000
vt 2.9378 0.1247 0.0000
vt 2.9530 0.1247 0.0000
vt 2.9968 0.1108 0.0000
vt 0.1780 -0.0478 0.0000
vt 0.1980 -0.0478 0.0000
vt 0.1980 -0.0980 0.0000
vt 0.1780 -0.0980 0.0000
vt 2.3818 0.1177 0.0000
vt 2.3481 0.1316 0.0000
vt 2.3663 0.1316 0.0000
vt 2.3994 0.1177 0.0000
vt 2.1138 0.1280 0.0000
vt 2.0853 0.1419 0.0000
vt 2.1043 0.1419 0.0000
vt 2.1322 0.1280 0.0000
vt 1.9479 0.1413 0.0000
vt 1.9230 0.1553 0.0000
vt 1.9423 0.1553 0.0000
vt 1.9666 0.1413 0.0000
vt 1.8289 0.1577 0.0000
vt 1.8067 0.1717 0.0000
vt 1.8263 0.1717 0.0000
vt 1.8478 0.1577 0.0000
vt 1.7355 0.1767 0.0000
vt 1.7155 0.1906 0.0000
vt 1.7352 0.1906 0.0000
vt 1.7545 0.1767 0.0000
vt 1.6569 0.1980 0.0000
vt 1.6388 0.2119 0.0000
vt 1.6586 0.2119 0.0000
vt 1.6760 0.1980 0.0000
vt 1.5871 0.2215 0.0000
vt 1.5707 0.2354 0.0000
vt 1.5905 0.2354 0.0000
vt 1.6063 0.2215 0.0000
vt 1.5223 0.2459 0.0000
vt 1.5074 0.2598 0.0000
vt 1.5273 0.2598 0.0000
vt 1.5415 0.2459 0.0000
vt 1.4601 0.2726 0.0000
vt 1.4465 0.2866 0.0000
vt 1.4664 0.2866 0.0000
vt 1.4793 0.2726 0.0000
vt 1.3985 0.2998 0.0000
vt 1.3862 0.3138 0.0000
vt 1.4062 0.3138 0.0000
vt 1.4179 0.2998 0.0000
vt 1.3360 0.3273 0.0000
vt 1.3249 0.3413 0.0000
vt 1.3449 0.3413 0.0000
vt 1.3554 0.3273 0.0000
vt 1.2738 0.3551 0.0000
vt 1.2637 0.3690 0.0000
vt 1.2837 0.3690 0.0000
vt 1.2931 0.3551 0.0000
vt 1.2090 0.3820 0.0000
vt 1.2000 0.3960 0.0000
vt 1.2200 0.3960 0.0000
vt 1.2284 0.3820 0.0000
vt 1.1423 0.4080 0.0000
vt 1.1343 0.4220 0.0000
vt 1.1543 0.4220 0.0000
vt 1.1617 0.4080 0.0000
vt 1.0733 0.4333 0.0000
vt 1.0663 0.4473 0.0000
vt 1.0863 0.4473 0.0000
vt 1.0928 0.4333 0.0000
vt 1.0023 0.4567 0.0000
vt 0.9961 0.4706 0.0000
vt 1.0162 0.4706 0.0000
vt 1.0217 0.4567 0.0000
vt 0.9291 0.4779 0.0000
vt 0.9238 0.4918 0.0000
vt 0.9439 0.4918 0.0000
vt 0.9486 0.4779 0.0000
vt 0.8541 0.4967 0.0000
vt 0.8497 0.5106 0.0000
vt 0.8698 0.5106 0.0000
vt 0.8736 0.4967 0.0000
vt 0.7777 0.5129 0.0000
vt 0.7741 0.5269 0.0000
vt 0.7942 0.5269 0.0000
vt 0.7971 0.5129 0.0000
vt 0.6999 0.5261 0.0000
vt 0.6971 0.5401 0.0000
vt 0.7172 0.5401 0.0000
vt 0.7193 0.5261 0.0000
vt 0.6212 0.5362 0.0000
vt 0.6193 0.5501 0.0000
vt 0.6394 0.5501 0.0000
vt 0.6407 0.5362 0.0000
vt 0.5422 0.5430 0.0000
vt 0.5411 0.5570 0.0000
vt 0.5612 0.5569 0.0000
vt 0.5617 0.5430 0.0000
vt 0.4634 0.5464 0.0000
vt 0.4630 0.5603 0.0000
vt 0.4831 0.5603 0.0000
vt 0.4828 0.5464 0.0000
vt 0.3850 0.5464 0.0000
vt 0.3855 0.5603 0.0000
vt 0.4056 0.5603 0.0000
vt 0.4045 0.5464 0.0000
vt 0.3074 0.5427 0.0000
vt 0.3087 0.5567 0.0000
vt 0.3288 0.5567 0.0000
vt 0.3269 0.5427 0.0000
vt 0.2311 0.5358 0.0000
vt 0.2332 0.5498 0.0000
vt 0.2533 0.5498 0.0000
vt 0.2505 0.5358 0.0000
vt 0.1564 0.5255 0.0000
vt 0.1593 0.5395 0.0000
vt 0.1794 0.5395 0.0000
vt 0.1758 0.5255 0.0000
vt 0.0837 0.5122 0.0000
vt 0.0875 0.5261 0.0000
vt 0.1076 0.5261 0.0000
vt 0.1031 0.5122 0.0000
vt 0.0132 0.4960 0.0000
vt 0.0179 0.5099 0.0000
vt 0.0380 0.5099 0.0000
vt 0.0327 0.4960 0.0000
vt -0.0547 0.4768 0.0000
vt -0.0491 0.4908 0.0000
vt -0.0291 0.4908 0.0000
vt -0.0352 0.4768 0.0000
vt -0.1200 0.4556 0.0000
vt -0.1136 0.4695 0.0000
vt -0.0935 0.4695 0.0000
vt -0.1006 0.4556 0.0000
vt -0.1829 0.4320 0.0000
vt -0.1755 0.4460 0.0000
vt -0.1554 0.4460 0.0000
vt -0.1635 0.4320 0.0000
vt -0.2431 0.4073 0.0000
vt -0.2348 0.4212 0.0000
vt -0.2147 0.4212 0.0000
vt -0.2238 0.4073 0.0000
vt -0.3014 0.3806 0.0000
vt -0.2920 0.3946 0.0000
vt -0.2720 0.3946 0.0000
vt -0.2821 0.3806 0.0000
vt -0.3579 0.3537 0.0000
vt -0.3474 0.3676 0.0000
vt -0.3274 0.3676 0.0000
vt -0.3386 0.3537 0.0000
vt -0.4070 0.3260 0.0000
vt -0.3955 0.3399 0.0000
vt -0.3754 0.3399 0.0000
vt -0.3876 0.3260 0.0000
vt -0.4686 0.2984 0.0000
vt -0.4557 0.3123 0.0000
vt -0.4358 0.3123 0.0000
vt -0.4493 0.2984 0.0000
vt -0.5252 0.2714 0.0000
vt -0.5109 0.2853 0.0000
vt -0.4910 0.2853 0.0000
vt -0.5059 0.2714 0.0000
vt -0.5848 0.2450 0.0000
vt -0.5691 0.2589 0.0000
vt -0.5492 0.2589 0.0000
vt -0.5656 0.2450 0.0000
vt -0.6501 0.2201 0.0000
vt -0.6327 0.2341 0.0000
vt -0.6129 0.2341 0.0000
vt -0.6309 0.2201 0.0000
vt -0.7251 0.1967 0.0000
vt -0.7058 0.2107 0.0000
vt -0.6861 0.2107 0.0000
vt -0.7061 0.1967 0.0000
vt -0.8159 0.1756 0.0000
vt -0.7943 0.1895 0.0000
vt -0.7747 0.1895 0.0000
vt -0.7969 0.1756 0.0000
vt -0.9331 0.1567 0.0000
vt -0.9088 0.1707 0.0000
vt -0.8894 0.1707 0.0000
vt -0.9143 0.1567 0.0000
vt -1.0984 0.1405 0.0000
vt -1.0706 0.1544 0.0000
vt -1.0515 0.1544 0.0000
vt -1.0800 0.1405 0.0000
vt -1.3668 0.1273 0.0000
vt -1.3337 0.1413 0.0000
vt -1.3155 0.1413 0.0000
vt -1.3492 0.1273 0.0000
vt -1.9691 0.1173 0.0000
vt -1.9253 0.1312 0.0000
vt -1.9099 0.1312 0.0000
vt -1.9543 0.1173 0.0000
vt -8.0030 0.1105 0.0000
vt -7.8606 0.1244 0.0000
vt -7.9028 0.1244 0.0000
vt -8.0438 0.1105 0.0000
vt 0.9052 -0.0478 0.0000
vt 0.9252 -0.0478 0.0000
vt 0.9252 -0.0980 0.0000
vt 0.9052 -0.0980 0.0000
vt 0.8145 -0.0478 0.0000
vt 0.8345 -0.0478 0.0000
vt 0.8345 -0.0980 0.0000
vt 0.8145 -0.0980 0.0000
vt 0.7257 -0.0478 0.0000
vt 0.7457 -0.0478 0.0000
vt 0.7457 -0.0980 0.0000
vt 0.7257 -0.0980 0.0000
vt 0.6400 -0.0478 0.0000
vt 0.6600 -0.0478 0.0000
vt 0.6600 -0.0980 0.0000
vt 0.6400 -0.0980 0.0000
vt 0.5584 -0.0478 0.0000
vt 0.5784 -0.0478 0.0000
vt 0.5784 -0.0980 0.0000
vt 0.5584 -0.0980 0.0000
vt 0.4819 -0.0478 0.0000
vt 0.5019 -0.0478 0.0000
vt 0.5019 -0.0980 0.0000
vt 0.4819 -0.0980 0.0000
vt 0.4113 -0.0478 0.0000
vt 0.4313 -0.0478 0.0000
vt 0.4313 -0.0980 0.0000
vt 0.4113 -0.0980 0.0000
vt 0.3494 -0.0478 0.0000
vt 0.3694 -0.0478 0.0000
vt 0.3695 -0.0980 0.0000
vt 0.3495 -0.0980 0.0000
vt 0.2920 -0.0479 0.0000
vt 0.3119 -0.0479 0.0000
vt 0.3119 -0.0980 0.0000
vt 0.2920 -0.0980 0.0000
vt 0.2490 -0.0479 0.0000
vt 0.2690 -0.0479 0.0000
vt 0.2693 -0.0980 0.0000
vt 0.2493 -0.0980 0.0000
vt 0.2031 -0.0478 0.0000
vt 0.2231 -0.0478 0.0000
vt 0.2231 -0.0980 0.0000
vt 0.2031 -0.0980 0.0000
vt 0.1720 -0.0478 0.0000
vt 0.1920 -0.0478 0.0000
vt 0.1920 -0.0980 0.0000
vt 0.1720 -0.0980 0.0000
vt 0.1499 -0.0478 0.0000
vt 0.1699 -0.0478 0.0000
vt 0.1699 -0.0980 0.0000
vt 0.1499 -0.0980 0.0000
vt 0.1368 -0.0479 0.0000
vt 0.1568 -0.0479 0.0000
vt 0.1568 -0.0980 0.0000
vt 0.1368 -0.0980 0.0000
vt 0.1340 -0.0479 0.0000
vt 0.1539 -0.0478 0.0000
vt 0.1540 -0.0980 0.0000
vt 0.1341 -0.0980 0.0000
vt 0.1369 -0.0498 0.0000
vt 0.1569 -0.0487 0.0000
vt 0.1569 -0.0990 0.0000
vt 0.1369 -0.1002 0.0000
vt 0.1496 -0.0479 0.0000
vt 0.1696 -0.0479 0.0000
vt 0.1696 -0.0980 0.0000
vt 0.1496 -0.0980 0.0000
vt 0.1700 -0.0478 0.0000
vt 0.1900 -0.0478 0.0000
vt 0.1900 -0.0980 0.0000
vt 0.1700 -0.0980 0.0000
vt 0.1974 -0.0479 0.0000
vt 0.2174 -0.0479 0.0000
vt 0.2174 -0.0980 0.0000
vt 0.1974 -0.0980 0.0000
vt 0.2313 -0.0509 0.0000
vt 0.2513 -0.0497 0.0000
vt 0.2513 -0.1001 0.0000
vt 0.2313 -0.1013 0.0000
vt 0.2706 -0.0478 0.0000
vt 0.2906 -0.0478 0.0000
vt 0.2906 -0.0980 0.0000
vt 0.2706 -0.0980 0.0000
vt 0.3145 -0.0478 0.0000
vt 0.3345 -0.0478 0.0000
vt 0.3345 -0.0980 0.0000
vt 0.3145 -0.0980 0.0000
vt 0.3620 -0.0478 0.0000
vt 0.3820 -0.0478 0.0000
vt 0.3820 -0.0980 0.0000
vt 0.3620 -0.0980 0.0000
vt 0.4119 -0.0483 0.0000
vt 0.4319 -0.0481 0.0000
vt 0.4319 -0.0994 0.0000
vt 0.4119 -0.0998 0.0000
vt 0.4632 -0.0466 0.0000
vt 0.4832 -0.0471 0.0000
vt 0.4832 -0.0972 0.0000
vt 0.4632 -0.0967 0.0000
vt 0.5148 -0.0478 0.0000
vt 0.5348 -0.0478 0.0000
vt 0.5348 -0.0980 0.0000
vt 0.5148 -0.0980 0.0000
vt 0.5655 -0.0478 0.0000
vt 0.5855 -0.0478 0.0000
vt 0.5855 -0.0980 0.0000
vt 0.5655 -0.0980 0.0000
vt 0.6143 -0.0478 0.0000
vt 0.6343 -0.0478 0.0000
vt 0.6343 -0.0980 0.0000
vt 0.6143 -0.0980 0.0000
vt 0.6600 -0.0479 0.0000
vt 0.6800 -0.0479 0.0000
vt 0.6800 -0.0980 0.0000
vt 0.7016 -0.0478 0.0000
vt 0.7216 -0.0478 0.0000
vt 0.7216 -0.0979 0.0000
vt 0.7016 -0.0979 0.0000
vt 0.7381 -0.0478 0.0000
vt 0.7581 -0.0478 0.0000
vt 0.7581 -0.0979 0.0000
vt 0.7381 -0.0979 0.0000
vt 0.7686 -0.0478 0.0000
vt 0.7886 -0.0478 0.0000
vt 0.7886 -0.0980 0.0000
vt 0.7686 -0.0980 0.0000
vt 0.7912 -0.0479 0.0000
vt 0.8112 -0.0479 0.0000
vt 0.8112 -0.0980 0.0000
vt 0.7912 -0.0980 0.0000
vt 0.8082 -0.0480 0.0000
vt 0.8281 -0.0480 0.0000
vt 0.8281 -0.0982 0.0000
vt 0.8081 -0.0982 0.0000
vt 0.8171 -0.0479 0.0000
vt 0.8371 -0.0479 0.0000
vt 0.8371 -0.0980 0.0000
vt 0.8171 -0.0980 0.0000
vt 0.8169 -0.0479 0.0000
vt 0.8369 -0.0479 0.0000
vt 0.8369 -0.0980 0.0000
vt 0.8169 -0.0980 0.0000
vt 0.8080 -0.0478 0.0000
vt 0.8280 -0.0478 0.0000
vt 0.8280 -0.0980 0.0000
vt 0.8080 -0.0980 0.0000
vt 0.7901 -0.0479 0.0000
vt 0.8101 -0.0479 0.0000
vt 0.8101 -0.0980 0.0000
vt 0.7901 -0.0980 0.0000
vt 0.7629 -0.0479 0.0000
vt 0.7829 -0.0479 0.0000
vt 0.7829 -0.0980 0.0000
vt 0.7629 -0.0980 0.0000
vt 0.7269 -0.0480 0.0000
vt 0.7469 -0.0480 0.0000
vt 0.7469 -0.0982 0.0000
vt 0.7269 -0.0981 0.0000
vt 0.6830 -0.0478 0.0000
vt 0.7030 -0.0479 0.0000
vt 0.7030 -0.0980 0.0000
vt 0.6830 -0.0980 0.0000
vt 0.6304 -0.0478 0.0000
vt 0.6504 -0.0478 0.0000
vt 0.6504 -0.0980 0.0000
vt 0.6304 -0.0980 0.0000
vt 0.5700 -0.0478 0.0000
vt 0.5900 -0.0478 0.0000
vt 0.5900 -0.0980 0.0000
vt 0.5700 -0.0980 0.0000
vt 0.5025 -0.0479 0.0000
vt 0.5225 -0.0479 0.0000
vt 0.5225 -0.0980 0.0000
vt 0.5025 -0.0980 0.0000
vt 0.4287 -0.0478 0.0000
vt 0.4487 -0.0478 0.0000
vt 0.4487 -0.0980 0.0000
vt 0.4287 -0.0980 0.0000
vt 0.3694 -0.0980 0.0000
vt 0.3494 -0.0980 0.0000
vt 0.2655 -0.0478 0.0000
vt 0.2855 -0.0478 0.0000
vt 0.2855 -0.0980 0.0000
vt 0.2655 -0.0980 0.0000
vt 0.1549 -0.6897 0.0000
vt 0.1111 -0.3735 0.0000
vt 0.0825 -0.3828 0.0000
vt 0.0552 -0.3956 0.0000
vt 0.0297 -0.4118 0.0000
vt 0.0065 -0.4310 0.0000
vt -0.0141 -0.4530 0.0000
vt -0.0318 -0.4774 0.0000
vt -0.0463 -0.5038 0.0000
vt -0.0574 -0.5318 0.0000
vt -0.0649 -0.5610 0.0000
vt -0.0574 -0.6801 0.0000
vt -0.0687 -0.5909 0.0000
vt -0.0687 -0.6210 0.0000
vt -0.0649 -0.6509 0.0000
vt -0.0463 -0.7082 0.0000
vt -0.0318 -0.7346 0.0000
vt -0.0141 -0.7589 0.0000
vt 0.0065 -0.7809 0.0000
vt 0.0297 -0.8001 0.0000
vt 0.0552 -0.8163 0.0000
vt 0.0825 -0.8291 0.0000
vt 0.1111 -0.8384 0.0000
vt 0.1407 -0.8441 0.0000
vt 0.1708 -0.8460 0.0000
vt 1.0192 0.1732 0.0000
vt 1.0392 0.1732 0.0000
vt 1.0392 -0.3267 0.0000
vt 1.0192 -0.3267 0.0000
vt 0.9986 0.1732 0.0000
vt 1.0186 0.1732 0.0000
vt 1.0186 -0.3268 0.0000
vt 0.9986 -0.3268 0.0000
vt 0.9773 0.1732 0.0000
vt 0.9973 0.1732 0.0000
vt 0.9973 -0.3268 0.0000
vt 0.9773 -0.3268 0.0000
vt 0.9555 0.1732 0.0000
vt 0.9755 0.1732 0.0000
vt 0.9755 -0.3268 0.0000
vt 0.9555 -0.3268 0.0000
vt 0.9332 0.1732 0.0000
vt 0.9532 0.1732 0.0000
vt 0.9532 -0.3268 0.0000
vt 0.9332 -0.3268 0.0000
vt 0.9103 0.1732 0.0000
vt 0.9303 0.1732 0.0000
vt 0.9303 -0.3268 0.0000
vt 0.9103 -0.3268 0.0000
vt 0.8869 0.1732 0.0000
vt 0.9069 0.1732 0.0000
vt 0.9069 -0.3268 0.0000
vt 0.8869 -0.3268 0.0000
vt 0.8631 0.1732 0.0000
vt 0.8831 0.1732 0.0000
vt 0.8831 -0.3268 0.0000
vt 0.8631 -0.3268 0.0000
vt 0.8389 0.1732 0.0000
vt 0.8589 0.1732 0.0000
vt 0.8589 -0.3268 0.0000
vt 0.8389 -0.3268 0.0000
vt 0.8145 0.1732 0.0000
vt 0.8345 0.1732 0.0000
vt 0.8345 -0.3268 0.0000
vt 0.8145 -0.3268 0.0000
vt 0.7898 0.1732 0.0000
vt 0.8098 0.1732 0.0000
vt 0.8098 -0.3268 0.0000
vt 0.7898 -0.3268 0.0000
vt 0.7649 0.1732 0.0000
vt 0.7849 0.1732 0.0000
vt 0.7849 -0.3268 0.0000
vt 0.7649 -0.3268 0.0000
vt 0.7400 0.1732 0.0000
vt 0.7600 0.1732 0.0000
vt 0.7600 -0.3268 0.0000
vt 0.7400 -0.3268 0.0000
vt 0.7151 0.1732 0.0000
vt 0.7351 0.1732 0.0000
vt 0.7351 -0.3268 0.0000
vt 0.7151 -0.3268 0.0000
vt 0.6902 0.1732 0.0000
vt 0.7102 0.1732 0.0000
vt 0.7102 -0.3268 0.0000
vt 0.6902 -0.3268 0.0000
vt 0.6655 0.1732 0.0000
vt 0.6855 0.1732 0.0000
vt 0.6855 -0.3268 0.0000
vt 0.6655 -0.3268 0.0000
vt 0.6411 0.1732 0.0000
vt 0.6611 0.1732 0.0000
vt 0.6611 -0.3268 0.0000
vt 0.6411 -0.3268 0.0000
vt 0.6169 0.1732 0.0000
vt 0.6369 0.1732 0.0000
vt 0.6369 -0.3268 0.0000
vt 0.6169 -0.3268 0.0000
vt 0.5931 0.1732 0.0000
vt 0.6131 0.1732 0.0000
vt 0.6131 -0.3268 0.0000
vt 0.5931 -0.3268 0.0000
vt 0.5697 0.1732 0.0000
vt 0.5897 0.1732 0.0000
vt 0.5897 -0.3268 0.0000
vt 0.5697 -0.3268 0.0000
vt 0.5468 0.1732 0.0000
vt 0.5668 0.1732 0.0000
vt 0.5668 -0.3268 0.0000
vt 0.5468 -0.3268 0.0000
vt 0.5245 0.1732 0.0000
vt 0.5445 0.1732 0.0000
vt 0.5445 -0.3268 0.0000
vt 0.5245 -0.3268 0.0000
vt 0.5027 0.1732 0.0000
vt 0.5227 0.1732 0.0000
vt 0.5227 -0.3268 0.0000
vt 0.5027 -0.3268 0.0000
vt 0.4814 0.1732 0.0000
vt 0.5014 0.1732 0.0000
vt 0.5014 -0.3268 0.0000
vt 0.4814 -0.3268 0.0000
vt 0.4608 0.1732 0.0000
vt 0.4808 0.1732 0.0000
vt 0.4808 -0.3268 0.0000
vt 0.4608 -0.3268 0.0000
vt 0.4408 0.1732 0.0000
vt 0.4408 -0.3268 0.0000
vt 0.4214 0.1732 0.0000
vt 0.4414 0.1732 0.0000
vt 0.4414 -0.3268 0.0000
vt 0.4214 -0.3268 0.0000
vt 0.4027 0.1732 0.0000
vt 0.4227 0.1732 0.0000
vt 0.4227 -0.3268 0.0000
vt 0.4027 -0.3268 0.0000
vt 0.3845 0.1732 0.0000
vt 0.4045 0.1732 0.0000
vt 0.4045 -0.3268 0.0000
vt 0.3845 -0.3268 0.0000
vt 0.3668 0.1732 0.0000
vt 0.3868 0.1732 0.0000
vt 0.3868 -0.3268 0.0000
vt 0.3668 -0.3268 0.0000
vt 0.3497 0.1732 0.0000
vt 0.3697 0.1732 0.0000
vt 0.3697 -0.3268 0.0000
vt 0.3497 -0.3268 0.0000
vt 0.3331 0.1732 0.0000
vt 0.3531 0.1732 0.0000
vt 0.3531 -0.3268 0.0000
vt 0.3331 -0.3268 0.0000
vt 0.3169 0.1732 0.0000
vt 0.3369 0.1732 0.0000
vt 0.3369 -0.3268 0.0000
vt 0.3169 -0.3268 0.0000
vt 0.3011 0.1732 0.0000
vt 0.3211 0.1732 0.0000
vt 0.3211 -0.3268 0.0000
vt 0.3011 -0.3268 0.0000
vt 0.2855 0.1732 0.0000
vt 0.3055 0.1732 0.0000
vt 0.3055 -0.3268 0.0000
vt 0.2855 -0.3268 0.0000
vt 0.2702 0.1732 0.0000
vt 0.2902 0.1732 0.0000
vt 0.2902 -0.3268 0.0000
vt 0.2702 -0.3268 0.0000
vt 0.2551 0.1732 0.0000
vt 0.2751 0.1732 0.0000
vt 0.2751 -0.3268 0.0000
vt 0.2551 -0.3268 0.0000
vt 0.2400 0.1732 0.0000
vt 0.2600 0.1732 0.0000
vt 0.2600 -0.3268 0.0000
vt 0.2400 -0.3268 0.0000
vt 0.2249 0.1732 0.0000
vt 0.2449 0.1732 0.0000
vt 0.2449 -0.3268 0.0000
vt 0.2249 -0.3268 0.0000
vt 0.2098 0.1732 0.0000
vt 0.2298 0.1732 0.0000
vt 0.2298 -0.3268 0.0000
vt 0.2098 -0.3268 0.0000
vt 0.1945 0.1732 0.0000
vt 0.2145 0.1732 0.0000
vt 0.2145 -0.3268 0.0000
vt 0.1945 -0.3268 0.0000
vt 0.1789 0.1732 0.0000
vt 0.1989 0.1732 0.0000
vt 0.1989 -0.3268 0.0000
vt 0.1789 -0.3268 0.0000
vt 0.1631 0.1732 0.0000
vt 0.1831 0.1732 0.0000
vt 0.1831 -0.3268 0.0000
vt 0.1631 -0.3268 0.0000
vt 0.1469 0.1732 0.0000
vt 0.1669 0.1732 0.0000
vt 0.1669 -0.3268 0.0000
vt 0.1469 -0.3268 0.0000
vt 0.1303 0.1732 0.0000
vt 0.1503 0.1732 0.0000
vt 0.1503 -0.3268 0.0000
vt 0.1303 -0.3268 0.0000
vt 0.1131 0.1732 0.0000
vt 0.1331 0.1732 0.0000
vt 0.1332 -0.3268 0.0000
vt 0.1132 -0.3268 0.0000
vt 0.0955 0.1732 0.0000
vt 0.1155 0.1732 0.0000
vt 0.1155 -0.3268 0.0000
vt 0.0955 -0.3268 0.0000
vt 0.0773 0.1732 0.0000
vt 0.0973 0.1732 0.0000
vt 0.0973 -0.3268 0.0000
vt 0.0773 -0.3268 0.0000
vt 0.0586 0.1732 0.0000
vt 0.0786 0.1732 0.0000
vt 0.0786 -0.3268 0.0000
vt 0.0586 -0.3268 0.0000
vt 0.0392 0.1732 0.0000
vt 0.0592 0.1732 0.0000
vt 0.0592 -0.3267 0.0000
vt 0.0392 -0.3267 0.0000
vt 1.0155 0.5000 0.0000
vt 1.0192 0.5000 0.0000
vt 1.0392 0.5000 0.0000
vt 1.0341 0.5000 0.0000
vt 0.0360 0.5000 0.0000
vt 0.0392 0.5000 0.0000
vt 0.0592 0.5000 0.0000
vt 0.0546 0.5000 0.0000
vt 0.0361 0.5000 0.0000
vt 0.0547 0.5000 0.0000
vt 0.0537 0.5000 0.0000
vt 1.0157 0.5000 0.0000
vt 1.0343 0.5000 0.0000
vt 1.0332 0.5000 0.0000
vt 0.0559 0.5000 0.0000
vt 0.0560 0.5000 0.0000
vt 0.0746 0.5000 0.0000
vt 0.0737 0.5000 0.0000
vt 0.0558 0.5000 0.0000
vt 0.0586 0.5000 0.0000
vt 0.0786 0.5000 0.0000
vt 0.0745 0.5000 0.0000
vt 0.0753 0.5000 0.0000
vt 0.0939 0.5000 0.0000
vt 0.0931 0.5000 0.0000
vt 0.0942 0.5000 0.0000
vt 0.0941 0.5000 0.0000
vt 0.1127 0.5000 0.0000
vt 0.1119 0.5000 0.0000
vt 0.1125 0.5000 0.0000
vt 0.1123 0.5000 0.0000
vt 0.1309 0.5000 0.0000
vt 0.1303 0.5000 0.0000
vt 0.1300 0.5000 0.0000
vt 0.1487 0.5000 0.0000
vt 0.1481 0.5000 0.0000
vt 0.1477 0.5000 0.0000
vt 0.1473 0.5000 0.0000
vt 0.1659 0.5000 0.0000
vt 0.1655 0.5000 0.0000
vt 0.1647 0.5000 0.0000
vt 0.1642 0.5000 0.0000
vt 0.1828 0.5000 0.0000
vt 0.1824 0.5000 0.0000
vt 0.1812 0.5000 0.0000
vt 0.1807 0.5000 0.0000
vt 0.1993 0.5000 0.0000
vt 0.1990 0.5000 0.0000
vt 0.1975 0.5000 0.0000
vt 0.1968 0.5000 0.0000
vt 0.2155 0.5000 0.0000
vt 0.2153 0.5000 0.0000
vt 0.2135 0.5000 0.0000
vt 0.2127 0.5000 0.0000
vt 0.2314 0.5000 0.0000
vt 0.2313 0.5000 0.0000
vt 0.2293 0.5000 0.0000
vt 0.2471 0.5000 0.0000
vt 0.2450 0.5000 0.0000
vt 0.2441 0.5000 0.0000
vt 0.2627 0.5000 0.0000
vt 0.2628 0.5000 0.0000
vt 0.2606 0.5000 0.0000
vt 0.2596 0.5000 0.0000
vt 0.2782 0.5000 0.0000
vt 0.2784 0.5000 0.0000
vt 0.2763 0.5000 0.0000
vt 0.2752 0.5000 0.0000
vt 0.2938 0.5000 0.0000
vt 0.2908 0.5000 0.0000
vt 0.3098 0.5000 0.0000
vt 0.3078 0.5000 0.0000
vt 0.3066 0.5000 0.0000
vt 0.3253 0.5000 0.0000
vt 0.3256 0.5000 0.0000
vt 0.3239 0.5000 0.0000
vt 0.3227 0.5000 0.0000
vt 0.3413 0.5000 0.0000
vt 0.3417 0.5000 0.0000
vt 0.3402 0.5000 0.0000
vt 0.3390 0.5000 0.0000
vt 0.3576 0.5000 0.0000
vt 0.3580 0.5000 0.0000
vt 0.3569 0.5000 0.0000
vt 0.3556 0.5000 0.0000
vt 0.3743 0.5000 0.0000
vt 0.3747 0.5000 0.0000
vt 0.3740 0.5000 0.0000
vt 0.3727 0.5000 0.0000
vt 0.3913 0.5000 0.0000
vt 0.3917 0.5000 0.0000
vt 0.3914 0.5000 0.0000
vt 0.3902 0.5000 0.0000
vt 0.4088 0.5000 0.0000
vt 0.4092 0.5000 0.0000
vt 0.4094 0.5000 0.0000
vt 0.4082 0.5000 0.0000
vt 0.4268 0.5000 0.0000
vt 0.4272 0.5000 0.0000
vt 0.4278 0.5000 0.0000
vt 0.4267 0.5000 0.0000
vt 0.4453 0.5000 0.0000
vt 0.4456 0.5000 0.0000
vt 0.4468 0.5000 0.0000
vt 0.4457 0.5000 0.0000
vt 0.4643 0.5000 0.0000
vt 0.4646 0.5000 0.0000
vt 0.4663 0.5000 0.0000
vt 0.4653 0.5000 0.0000
vt 0.4839 0.5000 0.0000
vt 0.4841 0.5000 0.0000
vt 0.4864 0.5000 0.0000
vt 0.4854 0.5000 0.0000
vt 0.5040 0.5000 0.0000
vt 0.5041 0.5000 0.0000
vt 0.5070 0.5000 0.0000
vt 0.5247 0.5000 0.0000
vt 0.5281 0.5000 0.0000
vt 0.5273 0.5000 0.0000
vt 0.5460 0.5000 0.0000
vt 0.5459 0.5000 0.0000
vt 0.5498 0.5000 0.0000
vt 0.5491 0.5000 0.0000
vt 0.5677 0.5000 0.0000
vt 0.5675 0.5000 0.0000
vt 0.5719 0.5000 0.0000
vt 0.5900 0.5000 0.0000
vt 0.5897 0.5000 0.0000
vt 0.5945 0.5000 0.0000
vt 0.5940 0.5000 0.0000
vt 0.6127 0.5000 0.0000
vt 0.6123 0.5000 0.0000
vt 0.6176 0.5000 0.0000
vt 0.6172 0.5000 0.0000
vt 0.6358 0.5000 0.0000
vt 0.6353 0.5000 0.0000
vt 0.6410 0.5000 0.0000
vt 0.6407 0.5000 0.0000
vt 0.6593 0.5000 0.0000
vt 0.6587 0.5000 0.0000
vt 0.6647 0.5000 0.0000
vt 0.6645 0.5000 0.0000
vt 0.6832 0.5000 0.0000
vt 0.6824 0.5000 0.0000
vt 0.6887 0.5000 0.0000
vt 0.6886 0.5000 0.0000
vt 0.7072 0.5000 0.0000
vt 0.7064 0.5000 0.0000
vt 0.7128 0.5000 0.0000
vt 0.7129 0.5000 0.0000
vt 0.7315 0.5000 0.0000
vt 0.7306 0.5000 0.0000
vt 0.7371 0.5000 0.0000
vt 0.7373 0.5000 0.0000
vt 0.7559 0.5000 0.0000
vt 0.7549 0.5000 0.0000
vt 0.7615 0.5000 0.0000
vt 0.7617 0.5000 0.0000
vt 0.7804 0.5000 0.0000
vt 0.7793 0.5000 0.0000
vt 0.7859 0.5000 0.0000
vt 0.7861 0.5000 0.0000
vt 0.8048 0.5000 0.0000
vt 0.8036 0.5000 0.0000
vt 0.8102 0.5000 0.0000
vt 0.8105 0.5000 0.0000
vt 0.8291 0.5000 0.0000
vt 0.8279 0.5000 0.0000
vt 0.8343 0.5000 0.0000
vt 0.8347 0.5000 0.0000
vt 0.8533 0.5000 0.0000
vt 0.8521 0.5000 0.0000
vt 0.8583 0.5000 0.0000
vt 0.8586 0.5000 0.0000
vt 0.8773 0.5000 0.0000
vt 0.8760 0.5000 0.0000
vt 0.8819 0.5000 0.0000
vt 0.8823 0.5000 0.0000
vt 0.9010 0.5000 0.0000
vt 0.8997 0.5000 0.0000
vt 0.9053 0.5000 0.0000
vt 0.9057 0.5000 0.0000
vt 0.9243 0.5000 0.0000
vt 0.9231 0.5000 0.0000
vt 0.9282 0.5000 0.0000
vt 0.9286 0.5000 0.0000
vt 0.9473 0.5000 0.0000
vt 0.9460 0.5000 0.0000
vt 0.9508 0.5000 0.0000
vt 0.9512 0.5000 0.0000
vt 0.9698 0.5000 0.0000
vt 0.9686 0.5000 0.0000
vt 0.9728 0.5000 0.0000
vt 0.9732 0.5000 0.0000
vt 0.9918 0.5000 0.0000
vt 0.9906 0.5000 0.0000
vt 0.9944 0.5000 0.0000
vt 0.9947 0.5000 0.0000
vt 1.0133 0.5000 0.0000
vt 1.0122 0.5000 0.0000
vt 0.9945 0.5000 0.0000
vt 0.9986 0.5000 0.0000
vt 1.0186 0.5000 0.0000
vt 1.0132 0.5000 0.0000
vt 0.9730 0.5000 0.0000
vt 0.9773 0.5000 0.0000
vt 0.9973 0.5000 0.0000
vt 0.9916 0.5000 0.0000
vt 0.9510 0.5000 0.0000
vt 0.9555 0.5000 0.0000
vt 0.9755 0.5000 0.0000
vt 0.9696 0.5000 0.0000
vt 0.9285 0.5000 0.0000
vt 0.9332 0.5000 0.0000
vt 0.9532 0.5000 0.0000
vt 0.9471 0.5000 0.0000
vt 0.9055 0.5000 0.0000
vt 0.9103 0.5000 0.0000
vt 0.9303 0.5000 0.0000
vt 0.9242 0.5000 0.0000
vt 0.8822 0.5000 0.0000
vt 0.8869 0.5000 0.0000
vt 0.9069 0.5000 0.0000
vt 0.9008 0.5000 0.0000
vt 0.8585 0.5000 0.0000
vt 0.8631 0.5000 0.0000
vt 0.8831 0.5000 0.0000
vt 0.8771 0.5000 0.0000
vt 0.8345 0.5000 0.0000
vt 0.8389 0.5000 0.0000
vt 0.8589 0.5000 0.0000
vt 0.8532 0.5000 0.0000
vt 0.8104 0.5000 0.0000
vt 0.8145 0.5000 0.0000
vt 0.8290 0.5000 0.0000
vt 0.7860 0.5000 0.0000
vt 0.7898 0.5000 0.0000
vt 0.8098 0.5000 0.0000
vt 0.8047 0.5000 0.0000
vt 0.7616 0.5000 0.0000
vt 0.7649 0.5000 0.0000
vt 0.7849 0.5000 0.0000
vt 0.7803 0.5000 0.0000
vt 0.7372 0.5000 0.0000
vt 0.7400 0.5000 0.0000
vt 0.7600 0.5000 0.0000
vt 0.7558 0.5000 0.0000
vt 0.7151 0.5000 0.0000
vt 0.7351 0.5000 0.0000
vt 0.7314 0.5000 0.0000
vt 0.6885 0.5000 0.0000
vt 0.6902 0.5000 0.0000
vt 0.7102 0.5000 0.0000
vt 0.6655 0.5000 0.0000
vt 0.6855 0.5000 0.0000
vt 0.6831 0.5000 0.0000
vt 0.6411 0.5000 0.0000
vt 0.6611 0.5000 0.0000
vt 0.6169 0.5000 0.0000
vt 0.6369 0.5000 0.0000
vt 0.5941 0.5000 0.0000
vt 0.5931 0.5000 0.0000
vt 0.6131 0.5000 0.0000
vt 0.5697 0.5000 0.0000
vt 0.5468 0.5000 0.0000
vt 0.5668 0.5000 0.0000
vt 0.5678 0.5000 0.0000
vt 0.5274 0.5000 0.0000
vt 0.5245 0.5000 0.0000
vt 0.5445 0.5000 0.0000
vt 0.5062 0.5000 0.0000
vt 0.5027 0.5000 0.0000
vt 0.5227 0.5000 0.0000
vt 0.4855 0.5000 0.0000
vt 0.4814 0.5000 0.0000
vt 0.5014 0.5000 0.0000
vt 0.4654 0.5000 0.0000
vt 0.4608 0.5000 0.0000
vt 0.4808 0.5000 0.0000
vt 0.4840 0.5000 0.0000
vt 0.4458 0.5000 0.0000
vt 0.4408 0.5000 0.0000
vt 0.4645 0.5000 0.0000
vt 0.4214 0.5000 0.0000
vt 0.4414 0.5000 0.0000
vt 0.4455 0.5000 0.0000
vt 0.4083 0.5000 0.0000
vt 0.4027 0.5000 0.0000
vt 0.4227 0.5000 0.0000
vt 0.4270 0.5000 0.0000
vt 0.3904 0.5000 0.0000
vt 0.3845 0.5000 0.0000
vt 0.4045 0.5000 0.0000
vt 0.4090 0.5000 0.0000
vt 0.3729 0.5000 0.0000
vt 0.3668 0.5000 0.0000
vt 0.3868 0.5000 0.0000
vt 0.3559 0.5000 0.0000
vt 0.3497 0.5000 0.0000
vt 0.3697 0.5000 0.0000
vt 0.3745 0.5000 0.0000
vt 0.3392 0.5000 0.0000
vt 0.3331 0.5000 0.0000
vt 0.3531 0.5000 0.0000
vt 0.3578 0.5000 0.0000
vt 0.3229 0.5000 0.0000
vt 0.3169 0.5000 0.0000
vt 0.3369 0.5000 0.0000
vt 0.3415 0.5000 0.0000
vt 0.3069 0.5000 0.0000
vt 0.3011 0.5000 0.0000
vt 0.3211 0.5000 0.0000
vt 0.3255 0.5000 0.0000
vt 0.2910 0.5000 0.0000
vt 0.2855 0.5000 0.0000
vt 0.3055 0.5000 0.0000
vt 0.3097 0.5000 0.0000
vt 0.2754 0.5000 0.0000
vt 0.2702 0.5000 0.0000
vt 0.2902 0.5000 0.0000
vt 0.2598 0.5000 0.0000
vt 0.2551 0.5000 0.0000
vt 0.2751 0.5000 0.0000
vt 0.2442 0.5000 0.0000
vt 0.2400 0.5000 0.0000
vt 0.2600 0.5000 0.0000
vt 0.2629 0.5000 0.0000
vt 0.2286 0.5000 0.0000
vt 0.2449 0.5000 0.0000
vt 0.2472 0.5000 0.0000
vt 0.2128 0.5000 0.0000
vt 0.2098 0.5000 0.0000
vt 0.2298 0.5000 0.0000
vt 0.2315 0.5000 0.0000
vt 0.1969 0.5000 0.0000
vt 0.1945 0.5000 0.0000
vt 0.2145 0.5000 0.0000
vt 0.1789 0.5000 0.0000
vt 0.1989 0.5000 0.0000
vt 0.1631 0.5000 0.0000
vt 0.1831 0.5000 0.0000
vt 0.1469 0.5000 0.0000
vt 0.1669 0.5000 0.0000
vt 0.1503 0.5000 0.0000
vt 0.1486 0.5000 0.0000
vt 0.1122 0.5000 0.0000
vt 0.1132 0.5000 0.0000
vt 0.1332 0.5000 0.0000
vt 0.0940 0.5000 0.0000
vt 0.0955 0.5000 0.0000
vt 0.1155 0.5000 0.0000
vt 0.1126 0.5000 0.0000
vt 0.0752 0.5000 0.0000
vt 0.0773 0.5000 0.0000
vt 0.0973 0.5000 0.0000
vt 0.0938 0.5000 0.0000
vt 0.2209 0.4881 0.0000
vt 0.2505 0.4825 0.0000
vt 0.2792 0.4731 0.0000
vt 0.1607 0.4881 0.0000
vt 0.3065 0.4603 0.0000
vt 0.3319 0.4442 0.0000
vt 0.3758 0.4030 0.0000
vt 0.3551 0.4250 0.0000
vt 0.3935 0.3786 0.0000
vt 0.4080 0.3522 0.0000
vt 0.4266 0.2950 0.0000
vt 0.4191 0.3242 0.0000
vt 0.4304 0.2651 0.0000
vt 0.4304 0.2349 0.0000
vt 0.4266 0.2050 0.0000
vt 0.4191 0.1758 0.0000
vt 0.4080 0.1478 0.0000
vt 0.3935 0.1214 0.0000
vt 0.3758 0.0970 0.0000
vt 0.3551 0.0750 0.0000
vt 0.3319 0.0558 0.0000
vt 0.3065 0.0397 0.0000
vt 0.2792 0.0269 0.0000
vt 0.2505 0.0175 0.0000
vt 0.2209 0.0119 0.0000
vt 0.1908 0.0100 0.0000
vt 0.1608 0.0119 0.0000
vt 0.1311 0.0175 0.0000
vt 0.1025 0.0269 0.0000
vt 0.0752 0.0397 0.0000
vt 0.0498 0.0558 0.0000
vt 0.0265 0.0750 0.0000
vt 0.0059 0.0970 0.0000
vt -0.0118 0.1214 0.0000
vt -0.0263 0.1478 0.0000
vt -0.0374 0.1758 0.0000
vt -0.0449 0.2050 0.0000
vt -0.0487 0.2349 0.0000
vt -0.0487 0.2651 0.0000
vt -0.0449 0.2950 0.0000
vt -0.0374 0.3242 0.0000
vt -0.0263 0.3522 0.0000
vt -0.0118 0.3786 0.0000
vt 0.0059 0.4030 0.0000
vt 0.0265 0.4250 0.0000
vt 0.0498 0.4442 0.0000
vt 0.0752 0.4603 0.0000
vt 0.1025 0.4731 0.0000
vt 0.1311 0.4825 0.0000
vt 0.1908 0.4900 0.0000
vt 1.0324 -0.0478 0.0000
vt 1.0524 -0.0478 0.0000
vt 1.0524 -0.0980 0.0000
vt 1.0324 -0.0980 0.0000
vt 0.2009 0.4881 0.0000
vt 0.2305 0.4825 0.0000
vt 0.2592 0.4731 0.0000
vt 0.1407 0.4881 0.0000
vt 0.2864 0.4603 0.0000
vt 0.3119 0.4442 0.0000
vt 0.3557 0.4030 0.0000
vt 0.3351 0.4250 0.0000
vt 0.3735 0.3786 0.0000
vt 0.3880 0.3522 0.0000
vt 0.4066 0.2950 0.0000
vt 0.3991 0.3242 0.0000
vt 0.3991 0.1758 0.0000
vt 0.4103 0.2651 0.0000
vt 0.4103 0.2349 0.0000
vt 0.4066 0.2050 0.0000
vt 0.3880 0.1478 0.0000
vt 0.3735 0.1214 0.0000
vt 0.3351 0.0750 0.0000
vt 0.3557 0.0970 0.0000
vt 0.2305 0.0175 0.0000
vt 0.3119 0.0558 0.0000
vt 0.2864 0.0397 0.0000
vt 0.2592 0.0269 0.0000
vt 0.2009 0.0119 0.0000
vt 0.1708 0.0100 0.0000
vt 0.1111 0.0175 0.0000
vt 0.1407 0.0119 0.0000
vt 0.0065 0.0750 0.0000
vt 0.0825 0.0269 0.0000
vt 0.0552 0.0397 0.0000
vt 0.0297 0.0558 0.0000
vt -0.0141 0.0970 0.0000
vt -0.0318 0.1214 0.0000
vt -0.0574 0.1758 0.0000
vt -0.0463 0.1478 0.0000
vt -0.0649 0.2950 0.0000
vt -0.0649 0.2050 0.0000
vt -0.0687 0.2349 0.0000
vt -0.0687 0.2651 0.0000
vt -0.0574 0.3242 0.0000
vt -0.0463 0.3522 0.0000
vt -0.0141 0.4030 0.0000
vt -0.0318 0.3786 0.0000
vt 0.0825 0.4731 0.0000
vt 0.0065 0.4250 0.0000
vt 0.0297 0.4442 0.0000
vt 0.0552 0.4603 0.0000
vt 0.1111 0.4825 0.0000
vt 0.1708 0.4900 0.0000
vt 0.0524 -0.0478 0.0000
vt 0.0724 -0.0478 0.0000
vt 0.0724 -0.0980 0.0000
vt 0.0524 -0.0980 0.0000
vt 6.8088 0.3268 0.0000
vt 6.6686 0.3407 0.0000
vt 6.6273 0.3407 0.0000
vt 6.7689 0.3268 0.0000
vt -1.3064 1.0003 0.0000
vt -1.2927 1.0003 0.0000
vt -2.1328 1.0003 0.0000
vt -2.1192 1.0003 0.0000
vt 2.2156 0.3269 0.0000
vt 2.1713 0.3408 0.0000
vt 2.1866 0.3408 0.0000
vt 2.2304 0.3269 0.0000
vt 0.0716 -0.0478 0.0000
vt 0.0916 -0.0478 0.0000
vt 0.0916 -0.0980 0.0000
vt 0.0716 -0.0980 0.0000
vt 1.7205 0.3270 0.0000
vt 1.6868 0.3409 0.0000
vt 1.7050 0.3409 0.0000
vt 1.7381 0.3270 0.0000
vt 1.4825 0.3271 0.0000
vt 1.4541 0.3410 0.0000
vt 1.4730 0.3410 0.0000
vt 1.5009 0.3271 0.0000
vt 1.3261 0.3271 0.0000
vt 1.3012 0.3411 0.0000
vt 1.3205 0.3411 0.0000
vt 1.3448 0.3271 0.0000
vt 1.2093 0.3272 0.0000
vt 1.1871 0.3412 0.0000
vt 1.2066 0.3412 0.0000
vt 1.2282 0.3272 0.0000
vt 1.1159 0.3273 0.0000
vt 1.0960 0.3412 0.0000
vt 1.1156 0.3412 0.0000
vt 1.1350 0.3273 0.0000
vt 1.0380 0.3273 0.0000
vt 1.0199 0.3413 0.0000
vt 1.0397 0.3413 0.0000
vt 1.0571 0.3273 0.0000
vt 0.9710 0.3274 0.0000
vt 0.9546 0.3413 0.0000
vt 0.9745 0.3413 0.0000
vt 0.9902 0.3274 0.0000
vt 0.9122 0.3272 0.0000
vt 0.8973 0.3411 0.0000
vt 0.9172 0.3411 0.0000
vt 0.9314 0.3272 0.0000
vt 0.8596 0.3272 0.0000
vt 0.8461 0.3411 0.0000
vt 0.8660 0.3411 0.0000
vt 0.8789 0.3272 0.0000
vt 0.8121 0.3274 0.0000
vt 0.7998 0.3413 0.0000
vt 0.8198 0.3413 0.0000
vt 0.8315 0.3274 0.0000
vt 0.7688 0.3274 0.0000
vt 0.7576 0.3414 0.0000
vt 0.7776 0.3414 0.0000
vt 0.7881 0.3274 0.0000
vt 0.7288 0.3274 0.0000
vt 0.7188 0.3414 0.0000
vt 0.7388 0.3414 0.0000
vt 0.7482 0.3274 0.0000
vt 0.6919 0.3274 0.0000
vt 0.6828 0.3413 0.0000
vt 0.7029 0.3413 0.0000
vt 0.7113 0.3274 0.0000
vt 0.6575 0.3272 0.0000
vt 0.6494 0.3411 0.0000
vt 0.6695 0.3411 0.0000
vt 0.6769 0.3272 0.0000
vt 0.6254 0.3271 0.0000
vt 0.6183 0.3411 0.0000
vt 0.6383 0.3411 0.0000
vt 0.6448 0.3271 0.0000
vt 0.5953 0.3273 0.0000
vt 0.5891 0.3413 0.0000
vt 0.6092 0.3413 0.0000
vt 0.6147 0.3273 0.0000
vt 0.5670 0.3272 0.0000
vt 0.5617 0.3412 0.0000
vt 0.5818 0.3412 0.0000
vt 0.5864 0.3272 0.0000
vt 0.5404 0.3272 0.0000
vt 0.5360 0.3411 0.0000
vt 0.5561 0.3411 0.0000
vt 0.5599 0.3272 0.0000
vt 0.5154 0.3272 0.0000
vt 0.5118 0.3411 0.0000
vt 0.5319 0.3411 0.0000
vt 0.5348 0.3272 0.0000
vt 0.4917 0.3270 0.0000
vt 0.4889 0.3410 0.0000
vt 0.5090 0.3410 0.0000
vt 0.5111 0.3270 0.0000
vt 0.4692 0.3269 0.0000
vt 0.4673 0.3409 0.0000
vt 0.4874 0.3409 0.0000
vt 0.4887 0.3269 0.0000
vt 0.4479 0.3269 0.0000
vt 0.4468 0.3408 0.0000
vt 0.4669 0.3408 0.0000
vt 0.4673 0.3269 0.0000
vt 0.4275 0.3267 0.0000
vt 0.4272 0.3407 0.0000
vt 0.4473 0.3407 0.0000
vt 0.4470 0.3267 0.0000
vt 0.4080 0.3267 0.0000
vt 0.4085 0.3407 0.0000
vt 0.4286 0.3407 0.0000
vt 0.3891 0.3266 0.0000
vt 0.3904 0.3405 0.0000
vt 0.4105 0.3405 0.0000
vt 0.4086 0.3266 0.0000
vt 0.3708 0.3265 0.0000
vt 0.3729 0.3404 0.0000
vt 0.3930 0.3404 0.0000
vt 0.3902 0.3265 0.0000
vt 0.3527 0.3264 0.0000
vt 0.3556 0.3404 0.0000
vt 0.3757 0.3404 0.0000
vt 0.3721 0.3264 0.0000
vt 0.3346 0.3263 0.0000
vt 0.3384 0.3403 0.0000
vt 0.3585 0.3403 0.0000
vt 0.3541 0.3263 0.0000
vt 0.3164 0.3263 0.0000
vt 0.3210 0.3402 0.0000
vt 0.3411 0.3402 0.0000
vt 0.3358 0.3263 0.0000
vt 0.2977 0.3262 0.0000
vt 0.3032 0.3401 0.0000
vt 0.3233 0.3401 0.0000
vt 0.3171 0.3262 0.0000
vt 0.2782 0.3261 0.0000
vt 0.2847 0.3401 0.0000
vt 0.3047 0.3401 0.0000
vt 0.2977 0.3261 0.0000
vt 0.2576 0.3261 0.0000
vt 0.2650 0.3400 0.0000
vt 0.2850 0.3400 0.0000
vt 0.2770 0.3261 0.0000
vt 0.2354 0.3261 0.0000
vt 0.2438 0.3400 0.0000
vt 0.2638 0.3400 0.0000
vt 0.2548 0.3261 0.0000
vt 0.2111 0.3261 0.0000
vt 0.2205 0.3400 0.0000
vt 0.2405 0.3400 0.0000
vt 0.2305 0.3261 0.0000
vt 0.1842 0.3261 0.0000
vt 0.1947 0.3400 0.0000
vt 0.2147 0.3400 0.0000
vt 0.2035 0.3261 0.0000
vt 0.1538 0.3260 0.0000
vt 0.1655 0.3399 0.0000
vt 0.1854 0.3399 0.0000
vt 0.1731 0.3260 0.0000
vt 0.1193 0.3260 0.0000
vt 0.1322 0.3399 0.0000
vt 0.1521 0.3399 0.0000
vt 0.1386 0.3260 0.0000
vt 0.0793 0.3260 0.0000
vt 0.0936 0.3400 0.0000
vt 0.1135 0.3400 0.0000
vt 0.0986 0.3260 0.0000
vt 0.0325 0.3260 0.0000
vt 0.0483 0.3400 0.0000
vt 0.0681 0.3400 0.0000
vt 0.0517 0.3260 0.0000
vt -0.0231 0.3261 0.0000
vt -0.0057 0.3400 0.0000
vt 0.0141 0.3400 0.0000
vt -0.0040 0.3261 0.0000
vt -0.0908 0.3261 0.0000
vt -0.0715 0.3401 0.0000
vt -0.0518 0.3401 0.0000
vt -0.0718 0.3261 0.0000
vt -0.1751 0.3262 0.0000
vt -0.1535 0.3401 0.0000
vt -0.1340 0.3401 0.0000
vt -0.1562 0.3262 0.0000
vt -0.2843 0.3262 0.0000
vt -0.2600 0.3402 0.0000
vt -0.2407 0.3402 0.0000
vt -0.2656 0.3262 0.0000
vt -0.4351 0.3263 0.0000
vt -0.4073 0.3402 0.0000
vt -0.3883 0.3402 0.0000
vt -0.4168 0.3263 0.0000
vt -0.6708 0.3264 0.0000
vt -0.6377 0.3403 0.0000
vt -0.6195 0.3403 0.0000
vt -0.6532 0.3264 0.0000
vt -1.1740 0.3265 0.0000
vt -1.1302 0.3404 0.0000
vt -1.1149 0.3404 0.0000
vt -1.1592 0.3265 0.0000
vt -6.0055 0.3266 0.0000
vt -5.8641 0.3405 0.0000
vt -5.9053 0.3405 0.0000
vt -6.0454 0.3266 0.0000
vt 1.0116 -0.0478 0.0000
vt 1.0316 -0.0478 0.0000
vt 1.0316 -0.0980 0.0000
vt 1.0116 -0.0980 0.0000
vt 0.9900 -0.0480 0.0000
vt 1.0100 -0.0481 0.0000
vt 1.0100 -0.0981 0.0000
vt 0.9900 -0.0980 0.0000
vt 0.9675 -0.0478 0.0000
vt 0.9875 -0.0478 0.0000
vt 0.9875 -0.0980 0.0000
vt 0.9675 -0.0980 0.0000
vt 0.9444 -0.0478 0.0000
vt 0.9644 -0.0478 0.0000
vt 0.9644 -0.0980 0.0000
vt 0.9444 -0.0980 0.0000
vt 0.9205 -0.0478 0.0000
vt 0.9405 -0.0478 0.0000
vt 0.9405 -0.0980 0.0000
vt 0.9205 -0.0980 0.0000
vt 0.8959 -0.0478 0.0000
vt 0.9159 -0.0478 0.0000
vt 0.9159 -0.0980 0.0000
vt 0.8959 -0.0980 0.0000
vt 0.8709 -0.0478 0.0000
vt 0.8909 -0.0478 0.0000
vt 0.8909 -0.0980 0.0000
vt 0.8709 -0.0980 0.0000
vt 0.8453 -0.0478 0.0000
vt 0.8653 -0.0478 0.0000
vt 0.8653 -0.0980 0.0000
vt 0.8453 -0.0980 0.0000
vt 0.8193 -0.0478 0.0000
vt 0.8393 -0.0478 0.0000
vt 0.8393 -0.0980 0.0000
vt 0.8193 -0.0980 0.0000
vt 0.7931 -0.0478 0.0000
vt 0.8131 -0.0478 0.0000
vt 0.8131 -0.0980 0.0000
vt 0.7931 -0.0980 0.0000
vt 0.7666 -0.0478 0.0000
vt 0.7866 -0.0478 0.0000
vt 0.7866 -0.0980 0.0000
vt 0.7666 -0.0980 0.0000
vt 0.7400 -0.0478 0.0000
vt 0.7600 -0.0478 0.0000
vt 0.7600 -0.0980 0.0000
vt 0.7400 -0.0980 0.0000
vt 0.7134 -0.0478 0.0000
vt 0.7334 -0.0478 0.0000
vt 0.7334 -0.0980 0.0000
vt 0.7134 -0.0980 0.0000
vt 0.6869 -0.0478 0.0000
vt 0.7069 -0.0478 0.0000
vt 0.7069 -0.0980 0.0000
vt 0.6869 -0.0980 0.0000
vt 0.6607 -0.0478 0.0000
vt 0.6807 -0.0478 0.0000
vt 0.6807 -0.0980 0.0000
vt 0.6607 -0.0980 0.0000
vt 0.6347 -0.0478 0.0000
vt 0.6547 -0.0478 0.0000
vt 0.6547 -0.0980 0.0000
vt 0.6347 -0.0980 0.0000
vt 0.6091 -0.0478 0.0000
vt 0.6291 -0.0478 0.0000
vt 0.6291 -0.0980 0.0000
vt 0.6091 -0.0980 0.0000
vt 0.5840 -0.0478 0.0000
vt 0.6040 -0.0478 0.0000
vt 0.6040 -0.0980 0.0000
vt 0.5840 -0.0980 0.0000
vt 0.5595 -0.0478 0.0000
vt 0.5795 -0.0478 0.0000
vt 0.5795 -0.0980 0.0000
vt 0.5595 -0.0980 0.0000
vt 0.5356 -0.0478 0.0000
vt 0.5556 -0.0478 0.0000
vt 0.5556 -0.0980 0.0000
vt 0.5356 -0.0980 0.0000
vt 0.5125 -0.0478 0.0000
vt 0.5325 -0.0478 0.0000
vt 0.5325 -0.0980 0.0000
vt 0.5124 -0.0980 0.0000
vt 0.4900 -0.0478 0.0000
vt 0.5100 -0.0478 0.0000
vt 0.5100 -0.0980 0.0000
vt 0.4900 -0.0980 0.0000
vt 0.4684 -0.0478 0.0000
vt 0.4884 -0.0478 0.0000
vt 0.4884 -0.0980 0.0000
vt 0.4684 -0.0980 0.0000
vt 0.4476 -0.0478 0.0000
vt 0.4676 -0.0478 0.0000
vt 0.4676 -0.0980 0.0000
vt 0.4476 -0.0980 0.0000
vt 0.4276 -0.0478 0.0000
vt 0.4276 -0.0980 0.0000
vt 0.4084 -0.0478 0.0000
vt 0.4284 -0.0478 0.0000
vt 0.4284 -0.0980 0.0000
vt 0.4084 -0.0980 0.0000
vt 0.3900 -0.0478 0.0000
vt 0.4100 -0.0478 0.0000
vt 0.4100 -0.0980 0.0000
vt 0.3900 -0.0980 0.0000
vt 0.3724 -0.0478 0.0000
vt 0.3924 -0.0478 0.0000
vt 0.3924 -0.0980 0.0000
vt 0.3724 -0.0980 0.0000
vt 0.3556 -0.0478 0.0000
vt 0.3756 -0.0478 0.0000
vt 0.3756 -0.0980 0.0000
vt 0.3556 -0.0980 0.0000
vt 0.3395 -0.0478 0.0000
vt 0.3595 -0.0478 0.0000
vt 0.3595 -0.0980 0.0000
vt 0.3395 -0.0980 0.0000
vt 0.3240 -0.0478 0.0000
vt 0.3440 -0.0478 0.0000
vt 0.3440 -0.0980 0.0000
vt 0.3240 -0.0980 0.0000
vt 0.3091 -0.0478 0.0000
vt 0.3291 -0.0478 0.0000
vt 0.3291 -0.0980 0.0000
vt 0.3091 -0.0980 0.0000
vt 0.2947 -0.0478 0.0000
vt 0.3147 -0.0478 0.0000
vt 0.3147 -0.0980 0.0000
vt 0.2947 -0.0980 0.0000
vt 0.2807 -0.0478 0.0000
vt 0.3007 -0.0478 0.0000
vt 0.3007 -0.0980 0.0000
vt 0.2807 -0.0980 0.0000
vt 0.2669 -0.0478 0.0000
vt 0.2869 -0.0478 0.0000
vt 0.2869 -0.0980 0.0000
vt 0.2669 -0.0980 0.0000
vt 0.2534 -0.0478 0.0000
vt 0.2734 -0.0478 0.0000
vt 0.2734 -0.0980 0.0000
vt 0.2534 -0.0980 0.0000
vt 0.2400 -0.0478 0.0000
vt 0.2600 -0.0478 0.0000
vt 0.2600 -0.0980 0.0000
vt 0.2400 -0.0980 0.0000
vt 0.2266 -0.0478 0.0000
vt 0.2466 -0.0478 0.0000
vt 0.2466 -0.0980 0.0000
vt 0.2266 -0.0980 0.0000
vt 0.2131 -0.0478 0.0000
vt 0.2331 -0.0478 0.0000
vt 0.2331 -0.0980 0.0000
vt 0.2131 -0.0980 0.0000
vt 0.1993 -0.0478 0.0000
vt 0.2193 -0.0478 0.0000
vt 0.2193 -0.0980 0.0000
vt 0.1993 -0.0980 0.0000
vt 0.1853 -0.0478 0.0000
vt 0.2053 -0.0478 0.0000
vt 0.2053 -0.0980 0.0000
vt 0.1853 -0.0980 0.0000
vt 0.1709 -0.0478 0.0000
vt 0.1909 -0.0477 0.0000
vt 0.1909 -0.0980 0.0000
vt 0.1709 -0.0980 0.0000
vt 0.1560 -0.0477 0.0000
vt 0.1760 -0.0477 0.0000
vt 0.1760 -0.0980 0.0000
vt 0.1560 -0.0980 0.0000
vt 0.1405 -0.0478 0.0000
vt 0.1605 -0.0477 0.0000
vt 0.1605 -0.0979 0.0000
vt 0.1405 -0.0980 0.0000
vt 0.1244 -0.0478 0.0000
vt 0.1444 -0.0478 0.0000
vt 0.1444 -0.0980 0.0000
vt 0.1244 -0.0980 0.0000
vt 0.1075 -0.0481 0.0000
vt 0.1275 -0.0482 0.0000
vt 0.1275 -0.0981 0.0000
vt 0.1075 -0.0980 0.0000
vt 0.0900 -0.0478 0.0000
vt 0.1100 -0.0478 0.0000
vt 0.1100 -0.0980 0.0000
vt 0.0900 -0.0980 0.0000
# 3352 texture coords

o Cube_013
g Cube_013
usemtl Material__89
s off
f 1/1/1 2/2/1 3/3/1 4/4/1 
f 1/5/2 4/6/2 5/7/2 6/8/2 
f 7/9/2 8/10/2 9/11/2 10/12/2 
f 9/11/2 11/13/2 12/14/2 10/12/2 
f 12/14/2 13/15/2 14/16/2 10/12/2 
f 14/16/2 15/17/2 16/18/2 10/12/2 
f 16/18/2 17/19/2 18/20/2 19/21/2 
f 18/20/2 20/22/2 21/23/2 19/21/2 
f 21/23/2 22/24/2 23/25/2 19/21/2 
f 23/25/2 24/26/2 25/27/2 19/21/2 
f 25/27/2 26/28/2 27/29/2 19/21/2 
f 27/29/2 28/30/2 29/31/2 19/21/2 
f 29/31/2 30/32/2 31/33/2 19/21/2 
f 31/33/2 32/34/2 33/35/2 19/21/2 
f 16/18/2 19/21/2 34/36/2 10/12/2 
f 7/9/2 10/12/2 35/37/2 
f 36/38/2 37/39/2 38/40/2 39/41/2 
f 38/40/2 40/42/2 39/41/2 
f 39/41/2 41/43/2 42/44/2 43/45/2 
f 42/44/2 44/46/2 45/47/2 43/45/2 
f 45/47/2 46/48/2 47/49/2 43/45/2 
f 47/49/2 48/50/2 49/51/2 43/45/2 
f 49/51/2 50/52/2 51/53/2 43/45/2 
f 51/53/2 52/54/2 53/55/2 43/45/2 
f 53/55/2 54/56/2 55/57/2 43/45/2 
f 55/57/2 56/58/2 57/59/2 43/45/2 
f 57/59/2 58/60/2 59/61/2 43/45/2 
f 59/61/2 60/62/2 61/63/2 43/45/2 
f 61/63/2 62/64/2 43/45/2 
f 36/38/2 39/41/2 43/45/2 63/65/2 
f 36/38/2 63/65/2 64/66/2 
f 10/67/3 65/68/3 66/69/3 63/70/3 
f 67/71/3 6/72/3 5/73/3 68/74/3 
f 61/75/2 69/76/2 70/77/2 63/78/2 
f 70/77/2 71/79/2 72/80/2 73/81/2 
f 72/80/2 74/82/2 73/81/2 
f 73/81/2 75/83/2 76/84/2 77/85/2 
f 76/84/2 78/86/2 77/85/2 
f 77/85/2 79/87/2 80/88/2 73/81/2 
f 70/77/2 73/81/2 80/88/2 81/89/2 
f 80/88/2 82/90/2 81/89/2 
f 81/89/2 83/91/2 84/92/2 70/77/2 
f 84/92/2 85/93/2 86/94/2 70/77/2 
f 86/94/2 87/95/2 88/96/2 70/77/2 
f 88/96/2 89/97/2 90/98/2 70/77/2 
f 90/98/2 91/99/2 92/100/2 70/77/2 
f 92/100/2 64/101/2 63/78/2 70/77/2 
f 61/75/2 63/78/2 66/102/2 62/103/2 
f 43/104/1 62/105/1 19/106/1 
f 19/106/1 34/107/1 43/104/1 
f 33/35/2 93/108/2 94/109/2 65/110/2 
f 94/109/2 95/111/2 96/112/2 65/110/2 
f 96/112/2 97/113/2 98/114/2 99/115/2 
f 98/114/2 100/116/2 101/117/2 99/115/2 
f 101/117/2 102/118/2 103/119/2 99/115/2 
f 103/119/2 104/120/2 105/121/2 106/122/2 
f 105/121/2 107/123/2 106/122/2 
f 106/122/2 108/124/2 99/115/2 103/119/2 
f 96/112/2 99/115/2 109/125/2 110/126/2 
f 96/112/2 110/126/2 111/127/2 112/128/2 
f 96/112/2 112/128/2 113/129/2 114/130/2 
f 96/112/2 114/130/2 115/131/2 116/132/2 
f 96/112/2 116/132/2 35/37/2 10/12/2 
f 96/112/2 10/12/2 65/110/2 
f 33/35/2 65/110/2 19/21/2 
f 65/133/4 19/134/4 62/135/4 
f 62/135/4 66/136/4 65/133/4 
f 5/137/4 4/138/4 3/139/4 68/140/4 
f 34/141/5 10/142/5 63/143/5 
f 63/143/5 43/144/5 34/141/5 
f 1/145/5 6/146/5 67/147/5 2/148/5 
f 117/149/2 118/150/2 119/151/2 120/152/2 
f 119/151/2 121/153/2 122/154/2 123/155/2 
f 122/154/2 124/156/2 123/155/2 
f 123/155/2 125/157/2 126/158/2 127/159/2 
f 126/158/2 128/160/2 127/159/2 
f 127/159/2 129/161/2 130/162/2 131/163/2 
f 130/162/2 132/164/2 131/163/2 
f 123/155/2 127/159/2 131/163/2 133/165/2 
f 131/163/2 134/166/2 133/165/2 
f 133/165/2 135/167/2 136/168/2 123/155/2 
f 136/168/2 137/169/2 138/170/2 123/155/2 
f 138/170/2 139/171/2 140/172/2 123/155/2 
f 140/172/2 141/173/2 142/174/2 123/155/2 
f 142/174/2 143/175/2 144/176/2 123/155/2 
f 144/176/2 145/177/2 146/178/2 123/155/2 
f 146/178/2 147/179/2 148/180/2 123/155/2 
f 148/180/2 149/181/2 150/182/2 123/155/2 
f 150/182/2 151/183/2 152/184/2 123/155/2 
f 152/184/2 153/185/2 154/186/2 123/155/2 
f 154/186/2 155/187/2 156/188/2 123/155/2 
f 156/188/2 157/189/2 158/190/2 123/155/2 
f 158/190/2 159/191/2 160/192/2 123/155/2 
f 160/192/2 161/193/2 162/194/2 123/155/2 
f 162/194/2 163/195/2 164/196/2 123/155/2 
f 164/196/2 165/197/2 120/152/2 123/155/2 
f 119/151/2 123/155/2 120/152/2 
f 117/149/2 120/152/2 166/198/2 
f 167/199/2 168/200/2 169/201/2 170/202/2 
f 169/201/2 171/203/2 172/204/2 173/205/2 
f 172/204/2 174/206/2 173/205/2 
f 173/205/2 175/207/2 176/208/2 177/209/2 
f 176/208/2 178/210/2 177/209/2 
f 169/201/2 173/205/2 177/209/2 179/211/2 
f 177/209/2 180/212/2 181/213/2 179/211/2 
f 181/213/2 182/214/2 179/211/2 
f 179/211/2 183/215/2 184/216/2 185/217/2 
f 184/216/2 186/218/2 185/217/2 
f 169/201/2 179/211/2 185/217/2 187/219/2 
f 185/217/2 188/220/2 189/221/2 187/219/2 
f 189/221/2 190/222/2 187/219/2 
f 187/219/2 191/223/2 192/224/2 193/225/2 
f 192/224/2 194/226/2 193/225/2 
f 169/201/2 187/219/2 193/225/2 195/227/2 
f 193/225/2 196/228/2 197/229/2 195/227/2 
f 197/229/2 198/230/2 195/227/2 
f 195/227/2 199/231/2 200/232/2 201/233/2 
f 200/232/2 202/234/2 201/233/2 
f 169/201/2 195/227/2 201/233/2 203/235/2 
f 201/233/2 204/236/2 205/237/2 203/235/2 
f 205/237/2 206/238/2 203/235/2 
f 203/235/2 207/239/2 208/240/2 209/241/2 
f 208/240/2 210/242/2 209/241/2 
f 169/201/2 203/235/2 209/241/2 211/243/2 
f 209/241/2 212/244/2 213/245/2 211/243/2 
f 213/245/2 214/246/2 211/243/2 
f 211/243/2 215/247/2 170/202/2 169/201/2 
f 167/199/2 170/202/2 216/248/2 
f 217/249/6 218/249/6 219/250/6 220/250/6 
f 219/251/7 218/252/7 221/253/7 222/254/7 
f 221/253/7 223/255/7 224/256/7 225/257/7 
f 224/256/7 226/258/7 225/257/7 
f 225/257/7 227/259/7 228/259/7 229/260/7 
f 228/259/7 230/261/7 229/260/7 
f 221/253/7 225/257/7 229/260/7 231/262/7 
f 229/260/7 232/263/7 233/264/7 234/265/7 
f 233/264/7 235/266/7 234/265/7 
f 234/265/7 236/267/7 237/268/7 238/269/7 
f 237/268/7 239/270/7 238/269/7 
f 229/260/7 234/265/7 238/269/7 240/271/7 
f 238/269/7 241/272/7 242/273/7 240/271/7 
f 242/273/7 243/274/7 240/271/7 
f 240/271/7 244/275/7 245/276/7 246/277/7 
f 245/276/7 247/278/7 246/277/7 
f 229/260/7 240/271/7 246/277/7 248/279/7 
f 246/277/7 249/280/7 250/281/7 248/279/7 
f 250/281/7 251/282/7 248/279/7 
f 248/279/7 252/283/7 253/284/7 254/285/7 
f 253/284/7 255/286/7 254/285/7 
f 229/260/7 248/279/7 254/285/7 256/287/7 
f 254/285/7 257/288/7 258/289/7 256/287/7 
f 258/289/7 259/290/7 256/287/7 
f 256/287/7 260/291/7 261/292/7 262/293/7 
f 261/292/7 263/294/7 262/293/7 
f 229/260/7 256/287/7 262/293/7 231/262/7 
f 262/293/7 264/295/7 265/296/7 231/262/7 
f 265/296/7 266/297/7 231/262/7 
f 231/262/7 267/298/7 222/254/7 221/253/7 
f 219/251/7 222/254/7 268/299/7 
f 220/300/8 219/300/8 268/301/8 269/301/8 
f 270/302/9 217/303/9 220/304/9 271/305/9 
f 271/306/10 220/307/10 269/308/10 272/309/10 
f 273/310/11 270/311/11 271/312/11 274/313/11 
f 274/314/12 271/315/12 272/316/12 275/317/12 
f 276/318/9 273/318/9 274/319/9 277/319/9 
f 277/314/10 274/314/10 275/317/10 278/317/10 
f 279/320/13 276/321/13 277/322/13 280/323/13 
f 280/324/14 277/325/14 278/326/14 281/327/14 
f 282/328/9 283/329/9 279/330/9 280/331/9 
f 284/332/10 282/333/10 280/333/10 281/332/10 
f 285/334/15 283/335/15 282/336/15 286/337/15 
f 286/338/16 282/333/16 284/332/16 287/339/16 
f 288/340/9 285/340/9 286/341/9 289/341/9 
f 289/342/10 286/342/10 287/339/10 290/339/10 
f 291/343/17 288/340/17 289/341/17 292/344/17 
f 292/345/17 289/338/17 290/339/17 293/346/17 
f 294/347/9 291/347/9 292/348/9 295/349/9 
f 295/345/10 292/345/10 293/346/10 296/346/10 
f 296/350/18 297/351/18 298/352/18 295/353/18 
f 295/354/19 298/355/19 299/356/19 294/357/19 
f 300/358/20 301/359/20 297/360/20 296/361/20 
f 296/362/21 293/362/21 302/363/21 300/363/21 
f 303/364/22 304/365/22 301/366/22 300/367/22 
f 300/368/23 302/368/23 305/369/23 303/369/23 
f 302/368/17 306/370/17 307/371/17 305/369/17 
f 293/372/17 290/373/17 306/374/17 302/375/17 
f 306/370/23 308/370/23 309/371/23 307/371/23 
f 290/373/21 287/373/21 308/374/21 306/374/21 
f 308/370/24 310/376/24 311/377/24 309/371/24 
f 287/373/24 284/378/24 310/379/24 308/374/24 
f 311/377/23 310/376/23 312/376/23 313/377/23 
f 310/379/21 284/378/21 281/378/21 312/379/21 
f 312/376/1 314/380/1 315/381/1 313/377/1 
f 281/382/1 278/383/1 314/384/1 312/385/1 
f 314/380/23 316/380/23 317/381/23 315/381/23 
f 278/386/21 275/386/21 316/384/21 314/384/21 
f 316/380/12 318/387/12 319/377/12 317/381/12 
f 275/386/25 272/388/25 318/389/25 316/384/25 
f 318/390/23 320/391/23 321/392/23 319/393/23 
f 272/394/21 269/395/21 320/396/21 318/397/21 
f 320/398/26 222/398/26 267/399/26 321/399/26 
f 269/400/27 268/400/27 222/401/27 320/401/27 
f 321/402/28 267/402/28 231/403/28 322/403/28 
f 322/404/29 231/404/29 266/405/29 323/405/29 
f 324/406/30 322/407/30 323/408/30 325/409/30 
f 319/410/31 321/411/31 322/412/31 324/413/31 
f 326/414/12 324/415/12 325/416/12 327/417/12 
f 317/418/25 319/419/25 324/420/25 326/421/25 
f 328/414/30 326/414/30 327/417/30 329/417/30 
f 315/422/31 317/422/31 326/423/31 328/423/31 
f 330/415/1 328/414/1 329/417/1 331/424/1 
f 313/419/13 315/418/13 328/421/13 330/425/13 
f 332/416/30 333/415/30 330/415/30 331/424/30 
f 333/425/31 311/419/31 313/419/31 330/425/31 
f 334/426/15 333/415/15 332/416/15 335/427/15 
f 309/428/24 311/429/24 333/430/24 334/431/24 
f 336/432/30 334/432/30 335/433/30 337/433/30 
f 307/428/31 309/428/31 334/431/31 336/431/31 
f 338/434/17 336/426/17 337/427/17 339/435/17 
f 305/436/32 307/428/32 336/431/32 338/437/32 
f 340/434/30 338/434/30 339/435/30 341/435/30 
f 303/436/31 305/436/31 338/437/31 340/437/31 
f 340/438/33 342/439/33 304/440/33 303/360/33 
f 341/441/34 343/442/34 342/443/34 340/444/34 
f 344/445/35 345/446/35 343/447/35 341/448/35 
f 341/449/36 339/449/36 346/450/36 344/450/36 
f 347/451/37 348/452/37 345/453/37 344/453/37 
f 344/454/38 346/454/38 349/455/38 347/455/38 
f 346/51/13 350/456/13 351/457/13 349/458/13 
f 339/449/17 337/459/17 350/460/17 346/450/17 
f 350/461/39 352/461/39 353/457/39 351/457/39 
f 337/459/36 335/459/36 352/460/36 350/460/36 
f 352/461/15 354/462/15 355/463/15 353/457/15 
f 335/459/15 332/464/15 354/465/15 352/460/15 
f 355/466/39 354/467/39 356/467/39 357/466/39 
f 354/465/36 332/464/36 331/464/36 356/465/36 
f 356/462/1 358/468/1 359/469/1 357/466/1 
f 331/464/13 329/470/13 358/471/13 356/465/13 
f 358/468/38 360/468/38 361/469/38 359/469/38 
f 329/470/36 327/470/36 360/471/36 358/471/36 
f 360/472/12 362/473/12 363/474/12 361/475/12 
f 327/470/12 325/476/12 362/465/12 360/471/12 
f 362/477/38 364/478/38 365/479/38 363/480/38 
f 325/481/36 323/482/36 364/483/36 362/484/36 
f 364/485/40 265/485/40 264/486/40 365/486/40 
f 323/487/41 266/487/41 265/207/41 364/207/41 
f 365/488/42 264/488/42 262/489/42 366/489/42 
f 366/490/43 262/490/43 263/491/43 367/491/43 
f 368/492/44 366/493/44 367/494/44 369/495/44 
f 363/496/45 365/497/45 366/498/45 368/405/45 
f 370/499/46 368/500/46 369/501/46 371/502/46 
f 361/503/46 363/504/46 368/505/46 370/506/46 
f 372/507/44 370/499/44 371/502/44 373/502/44 
f 359/503/45 361/503/45 370/506/45 372/506/45 
f 374/500/1 372/507/1 373/502/1 375/501/1 
f 357/508/1 359/503/1 372/506/1 374/505/1 
f 376/501/44 377/500/44 374/500/44 375/501/44 
f 377/505/45 355/508/45 357/508/45 374/505/45 
f 378/509/47 377/500/47 376/501/47 379/510/47 
f 353/511/15 355/508/15 377/505/15 378/512/15 
f 380/509/44 378/509/44 379/510/44 381/510/44 
f 351/511/45 353/511/45 378/512/45 380/512/45 
f 382/513/13 380/509/13 381/510/13 383/501/13 
f 349/514/13 351/511/13 380/512/13 382/515/13 
f 384/513/44 382/513/44 383/501/44 385/501/44 
f 347/514/45 349/514/45 382/515/45 384/515/45 
f 384/516/48 386/516/48 348/517/48 347/517/48 
f 385/518/49 387/518/49 386/519/49 384/519/49 
f 388/520/50 389/520/50 387/521/50 385/521/50 
f 385/522/51 383/522/51 390/523/51 388/523/51 
f 391/524/52 392/524/52 389/525/52 388/525/52 
f 388/525/53 390/525/53 393/524/53 391/524/53 
f 390/525/13 394/526/13 395/527/13 393/524/13 
f 383/522/13 381/528/13 394/529/13 390/523/13 
f 394/526/53 396/526/53 397/527/53 395/527/53 
f 381/528/51 379/528/51 396/530/51 394/530/51 
f 396/526/47 398/525/47 399/524/47 397/527/47 
f 379/528/47 376/522/47 398/523/47 396/530/47 
f 399/524/53 398/525/53 400/525/53 401/524/53 
f 398/523/51 376/522/51 375/522/51 400/523/51 
f 400/525/1 402/526/1 403/527/1 401/524/1 
f 375/522/1 373/531/1 402/532/1 400/523/1 
f 402/526/53 404/526/53 405/527/53 403/527/53 
f 373/531/51 371/531/51 404/532/51 402/532/51 
f 404/526/46 406/525/46 407/524/46 405/527/46 
f 371/531/46 369/522/46 406/523/46 404/533/46 
f 406/534/53 408/535/53 409/536/53 407/537/53 
f 369/538/51 367/539/51 408/540/51 406/541/51 
f 408/542/54 261/542/54 260/543/54 409/543/54 
f 367/544/55 263/544/55 261/545/55 408/545/55 
f 409/546/56 260/546/56 256/213/56 410/213/56 
f 410/547/5 256/547/5 259/548/5 411/548/5 
f 412/549/5 410/547/5 411/550/5 413/549/5 
f 407/551/57 409/552/57 410/553/57 412/554/57 
f 414/555/46 412/555/46 413/555/46 415/555/46 
f 405/556/46 407/557/46 412/558/46 414/558/46 
f 416/555/5 414/555/5 415/555/5 417/555/5 
f 403/556/58 405/556/58 414/558/58 416/558/58 
f 418/555/1 416/555/1 417/555/1 419/555/1 
f 401/557/1 403/556/1 416/558/1 418/558/1 
f 420/555/5 421/555/5 418/555/5 419/555/5 
f 421/558/57 399/557/57 401/557/57 418/558/57 
f 422/555/47 421/555/47 420/555/47 423/555/47 
f 397/556/47 399/557/47 421/558/47 422/558/47 
f 424/555/5 422/555/5 423/555/5 425/555/5 
f 395/556/57 397/556/57 422/558/57 424/558/57 
f 426/555/13 424/555/13 425/555/13 427/555/13 
f 393/557/13 395/556/13 424/558/13 426/558/13 
f 428/555/5 426/555/5 427/555/5 429/555/5 
f 391/557/57 393/557/57 426/558/57 428/558/57 
f 428/558/59 430/558/59 392/557/59 391/557/59 
f 429/555/60 431/555/60 430/555/60 428/555/60 
f 432/559/61 433/559/61 431/560/61 429/560/61 
f 429/560/62 427/560/62 434/559/62 432/559/62 
f 435/527/63 436/527/63 433/561/63 432/561/63 
f 432/562/64 434/562/64 437/527/64 435/527/64 
f 434/562/13 438/563/13 439/564/13 437/527/13 
f 427/560/13 425/565/13 438/566/13 434/559/13 
f 438/563/64 440/563/64 441/564/64 439/564/64 
f 425/565/62 423/565/62 440/566/62 438/566/62 
f 440/563/47 442/562/47 443/527/47 441/564/47 
f 423/565/47 420/560/47 442/559/47 440/566/47 
f 443/527/64 442/562/64 444/562/64 445/527/64 
f 442/559/62 420/560/62 419/560/62 444/559/62 
f 444/562/1 446/563/1 447/567/1 445/527/1 
f 419/560/1 417/565/1 446/566/1 444/559/1 
f 446/563/64 448/563/64 449/567/64 447/567/64 
f 417/565/65 415/565/65 448/566/65 446/566/65 
f 448/563/46 450/562/46 451/527/46 449/567/46 
f 415/565/46 413/560/46 450/559/46 448/566/46 
f 450/568/64 452/569/64 453/570/64 451/571/64 
f 413/572/62 411/573/62 452/574/62 450/575/62 
f 257/576/66 453/576/66 452/577/66 258/577/66 
f 259/578/67 258/579/67 452/579/67 411/578/67 
f 254/580/68 454/580/68 453/581/68 257/581/68 
f 255/582/69 455/582/69 454/583/69 254/583/69 
f 456/584/70 454/585/70 455/586/70 457/587/70 
f 451/588/71 453/589/71 454/590/71 456/591/71 
f 458/592/46 456/593/46 457/594/46 459/595/46 
f 449/596/46 451/597/46 456/598/46 458/599/46 
f 460/592/70 458/592/70 459/595/70 461/595/70 
f 447/596/71 449/596/71 458/599/71 460/599/71 
f 462/593/1 460/592/1 461/595/1 463/600/1 
f 445/597/1 447/596/1 460/599/1 462/598/1 
f 464/600/72 465/593/72 462/593/72 463/600/72 
f 465/598/71 443/597/71 445/597/71 462/598/71 
f 466/592/47 465/593/47 464/600/47 467/601/47 
f 441/596/47 443/597/47 465/598/47 466/602/47 
f 468/592/72 466/592/72 467/601/72 469/601/72 
f 439/596/71 441/596/71 466/602/71 468/602/71 
f 470/593/13 468/592/13 469/601/13 471/600/13 
f 437/597/1 439/596/1 468/602/1 470/603/1 
f 472/593/72 470/593/72 471/600/72 473/600/72 
f 435/597/71 437/597/71 470/603/71 472/603/71 
f 472/598/73 474/598/73 436/604/73 435/604/73 
f 473/605/74 475/605/74 474/606/74 472/606/74 
f 476/607/75 477/607/75 475/608/75 473/608/75 
f 473/609/76 471/609/76 478/610/76 476/610/76 
f 479/611/77 480/611/77 477/612/77 476/613/77 
f 476/614/78 478/614/78 481/615/78 479/615/78 
f 478/616/1 482/617/1 483/618/1 481/619/1 
f 471/609/13 469/620/13 482/621/13 478/610/13 
f 482/622/78 484/622/78 485/623/78 483/623/78 
f 469/620/76 467/620/76 484/621/76 482/621/76 
f 484/617/11 486/624/11 487/625/11 485/618/11 
f 467/620/11 464/626/11 486/627/11 484/621/11 
f 487/625/78 486/624/78 488/624/78 489/625/78 
f 486/627/76 464/626/76 463/626/76 488/627/76 
f 488/624/14 490/628/14 491/629/14 489/625/14 
f 463/626/1 461/630/1 490/631/1 488/627/1 
f 490/628/79 492/628/79 493/629/79 491/629/79 
f 461/630/76 459/630/76 492/631/76 490/631/76 
f 492/632/16 494/624/16 495/633/16 493/634/16 
f 459/630/3 457/626/3 494/627/3 492/635/3 
f 494/636/78 496/637/78 497/638/78 495/639/78 
f 457/640/76 455/641/76 496/642/76 494/643/76 
f 252/644/80 497/644/80 496/645/80 253/645/80 
f 253/646/81 496/646/81 455/647/81 255/647/81 
f 248/648/82 498/648/82 497/649/82 252/649/82 
f 251/650/83 499/650/83 498/651/83 248/651/83 
f 500/652/84 498/653/84 499/654/84 501/655/84 
f 495/656/85 497/657/85 498/658/85 500/659/85 
f 502/660/16 500/425/16 501/661/16 503/662/16 
f 493/663/24 495/664/24 500/665/24 502/666/24 
f 504/660/84 502/660/84 503/662/84 505/662/84 
f 491/667/85 493/667/85 502/666/85 504/666/85 
f 506/425/13 504/660/13 505/668/13 507/661/13 
f 489/669/13 491/670/13 504/671/13 506/672/13 
f 508/661/84 509/425/84 506/425/84 507/661/84 
f 509/672/85 487/669/85 489/673/85 506/672/85 
f 510/674/11 509/425/11 508/661/11 511/675/11 
f 485/676/11 487/673/11 509/677/11 510/678/11 
f 512/674/84 510/674/84 511/679/84 513/679/84 
f 483/676/85 485/676/85 510/678/85 512/678/85 
f 514/680/86 512/674/86 513/675/86 515/681/86 
f 481/682/86 483/676/86 512/678/86 514/683/86 
f 516/680/84 514/680/84 515/684/84 517/684/84 
f 479/685/85 481/685/85 514/683/85 516/683/85 
f 516/686/87 518/687/87 480/688/87 479/689/87 
f 517/690/88 519/691/88 518/692/88 516/693/88 
f 520/694/89 521/695/89 519/696/89 517/697/89 
f 517/698/90 515/698/90 522/699/90 520/699/90 
f 523/700/91 524/701/91 521/702/91 520/703/91 
f 520/704/92 522/704/92 525/705/92 523/705/92 
f 522/704/86 526/706/86 527/707/86 525/705/86 
f 515/698/86 513/708/86 526/709/86 522/699/86 
f 526/710/92 528/710/92 529/707/92 527/707/92 
f 513/711/90 511/711/90 528/709/90 526/709/90 
f 528/706/25 530/712/25 531/713/25 529/707/25 
f 511/708/11 508/714/11 530/715/11 528/709/11 
f 531/713/92 530/712/92 532/712/92 533/713/92 
f 530/715/90 508/714/90 507/714/90 532/715/90 
f 532/712/1 534/716/1 535/717/1 533/713/1 
f 507/714/1 505/718/1 534/719/1 532/715/1 
f 534/716/92 536/716/92 537/717/92 535/717/92 
f 505/720/90 503/720/90 536/719/90 534/719/90 
f 536/721/16 538/722/16 539/723/16 537/724/16 
f 503/720/16 501/725/16 538/715/16 536/719/16 
f 538/726/92 540/727/92 541/728/92 539/729/92 
f 501/730/90 499/731/90 540/732/90 538/733/90 
f 249/734/93 541/734/93 540/735/93 250/735/93 
f 250/736/94 540/736/94 499/737/94 251/737/94 
f 542/738/95 541/739/95 249/739/95 246/738/95 
f 543/740/96 542/741/96 246/741/96 247/740/96 
f 544/742/97 542/743/97 543/744/97 545/745/97 
f 539/746/98 541/747/98 542/748/98 544/749/98 
f 546/750/24 544/751/24 545/752/24 547/753/24 
f 537/754/24 539/755/24 544/756/24 546/757/24 
f 548/750/97 546/750/97 547/753/97 549/753/97 
f 535/758/98 537/758/98 546/759/98 548/759/98 
f 550/760/14 548/750/14 549/753/14 551/752/14 
f 533/761/1 535/754/1 548/757/1 550/756/1 
f 552/762/97 553/760/97 550/760/97 551/752/97 
f 553/763/98 531/764/98 533/764/98 550/763/98 
f 554/765/25 553/760/25 552/752/25 555/766/25 
f 529/767/25 531/764/25 553/763/25 554/768/25 
f 556/765/97 554/765/97 555/766/97 557/766/97 
f 527/769/98 529/769/98 554/768/98 556/768/98 
f 558/770/99 556/765/99 557/766/99 559/771/99 
f 525/772/99 527/767/99 556/768/99 558/773/99 
f 560/770/97 558/770/97 559/771/97 561/771/97 
f 523/772/98 525/772/98 558/773/98 560/774/98 
f 560/775/100 562/776/100 524/777/100 523/778/100 
f 561/779/101 563/780/101 562/781/101 560/782/101 
f 564/783/102 565/784/102 563/785/102 561/786/102 
f 561/787/103 559/787/103 566/788/103 564/788/103 
f 567/789/104 568/790/104 565/791/104 564/792/104 
f 564/793/105 566/793/105 569/794/105 567/794/105 
f 566/793/106 570/795/106 571/796/106 569/794/106 
f 559/787/106 557/797/106 570/798/106 566/788/106 
f 570/795/105 572/795/105 573/796/105 571/796/105 
f 557/797/103 555/797/103 572/798/103 570/798/103 
f 572/795/25 574/799/25 575/800/25 573/796/25 
f 555/797/25 552/801/25 574/802/25 572/798/25 
f 575/800/105 574/799/105 576/799/105 577/800/105 
f 574/802/103 552/801/103 551/801/103 576/802/103 
f 576/799/1 578/803/1 579/804/1 577/800/1 
f 551/801/13 549/805/13 578/806/13 576/802/13 
f 578/803/105 580/803/105 581/804/105 579/804/105 
f 549/805/103 547/805/103 580/806/103 578/806/103 
f 580/803/24 582/807/24 583/808/24 581/804/24 
f 547/805/24 545/801/24 582/809/24 580/806/24 
f 582/810/105 584/811/105 585/812/105 583/813/105 
f 545/814/103 543/815/103 584/816/103 582/817/103 
f 585/818/107 584/819/107 245/819/107 244/818/107 
f 584/820/108 543/821/108 247/821/108 245/820/108 
f 586/822/109 585/823/109 244/823/109 240/822/109 
f 587/824/110 586/825/110 240/825/110 243/824/110 
f 588/826/111 586/827/111 587/828/111 589/829/111 
f 583/830/112 585/831/112 586/832/112 588/833/112 
f 590/834/15 588/835/15 589/836/15 591/837/15 
f 581/838/24 583/839/24 588/840/24 590/841/24 
f 592/834/111 590/834/111 591/837/111 593/837/111 
f 579/838/113 581/838/113 590/841/113 592/841/113 
f 594/842/1 592/843/1 593/844/1 595/845/1 
f 577/846/1 579/838/1 592/841/1 594/847/1 
f 596/845/111 597/842/111 594/842/111 595/845/111 
f 597/847/113 575/846/113 577/846/113 594/847/113 
f 598/848/25 597/842/25 596/845/25 599/849/25 
f 573/850/25 575/846/25 597/847/25 598/851/25 
f 600/848/111 598/848/111 599/849/111 601/849/111 
f 571/850/113 573/850/113 598/851/113 600/851/113 
f 602/852/106 600/848/106 601/849/106 603/853/106 
f 569/854/86 571/850/86 600/851/86 602/855/86 
f 604/852/111 602/852/111 603/853/111 605/853/111 
f 567/854/113 569/854/113 602/855/113 604/855/113 
f 604/856/114 606/857/114 568/858/114 567/859/114 
f 605/860/115 607/861/115 606/862/115 604/863/115 
f 608/864/116 609/865/116 607/866/116 605/867/116 
f 605/868/117 603/868/117 610/869/117 608/869/117 
f 611/870/118 612/871/118 609/872/118 608/873/118 
f 608/874/119 610/874/119 613/875/119 611/875/119 
f 610/876/86 614/877/86 615/878/86 613/875/86 
f 603/879/106 601/880/106 614/881/106 610/882/106 
f 614/877/119 616/877/119 617/878/119 615/878/119 
f 601/883/117 599/883/117 616/884/117 614/884/117 
f 616/877/12 618/885/12 619/886/12 617/878/12 
f 599/880/25 596/887/25 618/888/25 616/881/25 
f 619/886/119 618/885/119 620/885/119 621/886/119 
f 618/888/120 596/887/120 595/887/120 620/888/120 
f 620/885/1 622/889/1 623/890/1 621/886/1 
f 595/467/1 593/891/1 622/892/1 620/893/1 
f 622/889/119 624/889/119 625/890/119 623/890/119 
f 593/894/117 591/894/117 624/895/117 622/895/117 
f 624/889/24 626/885/24 627/886/24 625/890/24 
f 591/891/15 589/467/15 626/893/15 624/892/15 
f 626/896/119 628/897/119 629/898/119 627/899/119 
f 589/900/117 587/901/117 628/902/117 626/903/117 
f 629/904/121 628/905/121 242/905/121 241/904/121 
f 628/906/122 587/907/122 243/907/122 242/906/122 
f 630/908/123 629/909/123 241/909/123 238/908/123 
f 631/910/124 630/911/124 238/911/124 239/910/124 
f 632/912/125 630/913/125 631/914/125 633/915/125 
f 627/916/126 629/917/126 630/282/126 632/918/126 
f 634/919/47 632/920/47 633/921/47 635/922/47 
f 625/923/15 627/924/15 632/925/15 634/926/15 
f 636/927/125 634/927/125 635/928/125 637/928/125 
f 623/923/127 625/923/127 634/926/127 636/926/127 
f 638/920/1 636/919/1 637/929/1 639/930/1 
f 621/931/13 623/923/13 636/926/13 638/925/13 
f 640/930/125 641/920/125 638/920/125 639/930/125 
f 641/925/126 619/931/126 621/931/126 638/925/126 
f 642/932/12 641/933/12 640/934/12 643/935/12 
f 617/936/12 619/931/12 641/925/12 642/937/12 
f 644/265/125 642/265/125 643/938/125 645/938/125 
f 615/936/127 617/936/127 642/937/127 644/937/127 
f 646/939/14 644/940/14 645/938/14 647/941/14 
f 613/942/1 615/936/1 644/937/1 646/943/1 
f 648/944/125 646/944/125 647/945/125 649/945/125 
f 611/942/126 613/942/126 646/943/126 648/943/126 
f 648/946/128 650/947/128 612/948/128 611/948/128 
f 649/949/129 651/949/129 650/950/129 648/951/129 
f 652/952/130 653/952/130 651/953/130 649/953/130 
f 649/954/131 647/954/131 654/955/131 652/955/131 
f 655/956/132 656/956/132 653/957/132 652/957/132 
f 652/958/133 654/958/133 657/959/133 655/959/133 
f 654/958/1 658/960/1 659/961/1 657/959/1 
f 647/954/14 645/962/14 658/963/14 654/955/14 
f 658/960/134 660/960/134 661/961/134 659/961/134 
f 645/962/135 643/962/135 660/963/135 658/963/135 
f 660/960/46 662/958/46 663/956/46 661/961/46 
f 643/962/46 640/964/46 662/965/46 660/963/46 
f 663/956/134 662/958/134 664/958/134 665/956/134 
f 662/965/131 640/964/131 639/964/131 664/965/131 
f 664/958/1 666/960/1 667/966/1 665/956/1 
f 639/964/1 637/967/1 666/968/1 664/965/1 
f 666/969/134 668/969/134 669/966/134 667/966/134 
f 637/967/135 635/967/135 668/968/135 666/968/135 
f 668/960/47 670/958/47 671/956/47 669/966/47 
f 635/967/47 633/970/47 670/965/47 668/963/47 
f 670/971/134 672/972/134 673/973/134 671/974/134 
f 633/975/131 631/976/131 672/977/131 670/978/131 
f 673/979/136 672/980/136 237/980/136 236/979/136 
f 672/981/137 631/982/137 239/982/137 237/981/137 
f 674/983/138 673/984/138 236/984/138 234/983/138 
f 674/985/139 234/985/139 235/986/139 675/986/139 
f 676/987/140 674/988/140 675/989/140 677/990/140 
f 671/991/141 673/992/141 674/993/141 676/994/141 
f 678/995/47 676/996/47 677/997/47 679/997/47 
f 669/998/47 671/999/47 676/1000/47 678/1001/47 
f 680/995/140 678/995/140 679/1002/140 681/1002/140 
f 667/998/141 669/998/141 678/1001/141 680/1001/141 
f 682/996/1 680/995/1 681/1002/1 683/997/1 
f 665/999/1 667/998/1 680/1001/1 682/1000/1 
f 684/997/140 685/996/140 682/996/140 683/997/140 
f 685/1000/141 663/999/141 665/999/141 682/1000/141 
f 686/995/46 685/996/46 684/997/46 687/1002/46 
f 661/1003/46 663/999/46 685/1000/46 686/1001/46 
f 688/995/142 686/995/142 687/1002/142 689/1002/142 
f 659/998/141 661/998/141 686/1001/141 688/1001/141 
f 690/996/14 688/995/14 689/997/14 691/997/14 
f 657/999/14 659/998/14 688/1001/14 690/1000/14 
f 692/996/140 690/996/140 691/997/140 693/997/140 
f 655/999/143 657/999/143 690/1000/143 692/1000/143 
f 692/1000/144 694/1000/144 656/999/144 655/999/144 
f 693/997/145 695/997/145 694/996/145 692/996/145 
f 696/1004/146 697/1004/146 695/1004/146 693/1004/146 
f 693/1004/4 691/1004/4 698/1004/4 696/1004/4 
f 699/1005/147 700/1005/147 697/1006/147 696/1006/147 
f 696/1006/148 698/1006/148 701/1005/148 699/1005/148 
f 698/1006/14 702/1006/14 703/1007/14 701/1005/14 
f 691/1004/14 689/1004/14 702/1004/14 698/1004/14 
f 702/1006/149 704/1006/149 705/1007/149 703/1007/149 
f 689/1004/4 687/1004/4 704/1004/4 702/1004/4 
f 704/1006/46 706/1006/46 707/1005/46 705/1007/46 
f 687/1004/46 684/1004/46 706/1004/46 704/1004/46 
f 707/1005/148 706/1006/148 708/1006/148 709/1005/148 
f 706/1004/4 684/1004/4 683/1004/4 708/1004/4 
f 708/1006/1 710/1006/1 711/1007/1 709/1005/1 
f 683/1004/1 681/1004/1 710/1004/1 708/1004/1 
f 710/1006/148 712/1006/148 713/1007/148 711/1007/148 
f 681/1004/4 679/1004/4 712/1004/4 710/1004/4 
f 712/1006/47 714/1006/47 715/1005/47 713/1007/47 
f 679/1004/47 677/1004/47 714/1004/47 712/1004/47 
f 714/1008/148 716/1009/148 717/1010/148 715/1011/148 
f 677/1012/4 675/1013/4 716/1014/4 714/1012/4 
f 716/1015/150 233/1015/150 232/1016/150 717/1016/150 
f 675/1017/4 235/1017/4 233/1018/4 716/1018/4 
f 717/1019/151 232/1019/151 229/1020/151 718/1020/151 
f 718/1021/152 229/1021/152 230/1022/152 719/1022/152 
f 720/1023/153 718/1024/153 719/921/153 721/1025/153 
f 715/1026/154 717/1027/154 718/1028/154 720/1029/154 
f 722/1030/47 720/1031/47 721/1032/47 723/1033/47 
f 713/1034/47 715/1035/47 720/1036/47 722/1037/47 
f 724/1030/153 722/1030/153 723/1033/153 725/1033/153 
f 711/1034/154 713/1034/154 722/1037/154 724/1037/154 
f 726/1031/1 724/1030/1 725/1033/1 727/1038/1 
f 709/1035/1 711/1034/1 724/1037/1 726/1036/1 
f 728/1038/153 729/1031/153 726/1031/153 727/1038/153 
f 729/1036/154 707/1035/154 709/1035/154 726/1036/154 
f 730/1030/46 729/1031/46 728/1038/46 731/1039/46 
f 705/1034/46 707/1035/46 729/1036/46 730/1037/46 
f 732/1030/153 730/1030/153 731/1039/153 733/1039/153 
f 703/1034/154 705/1034/154 730/1037/154 732/1037/154 
f 734/1040/14 732/1030/14 733/1039/14 735/1038/14 
f 701/1035/1 703/1034/1 732/1037/1 734/1036/1 
f 736/1040/155 734/1040/155 735/1038/155 737/1038/155 
f 699/1035/156 701/1035/156 734/1036/156 736/1036/156 
f 736/1036/157 738/1036/157 700/1035/157 699/1035/157 
f 737/1032/158 739/1032/158 738/1031/158 736/1031/158 
f 740/1041/159 741/1041/159 739/1042/159 737/1042/159 
f 737/1043/160 735/1043/160 742/1044/160 740/1044/160 
f 743/1045/161 744/1046/161 741/1047/161 740/1047/161 
f 740/1048/162 742/1048/162 745/1049/162 743/1049/162 
f 742/1048/14 746/1050/14 747/1051/14 745/1049/14 
f 735/1043/14 733/1052/14 746/1053/14 742/1044/14 
f 746/1050/162 748/1050/162 749/1051/162 747/1051/162 
f 733/1052/163 731/1052/163 748/1053/163 746/1053/163 
f 748/1050/16 750/1054/16 751/1055/16 749/1051/16 
f 731/1052/46 728/1043/46 750/1044/46 748/1053/46 
f 751/1055/162 750/1054/162 752/1054/162 753/1055/162 
f 750/1056/160 728/1057/160 727/1057/160 752/1056/160 
f 752/1054/1 754/1058/1 755/1059/1 753/1055/1 
f 727/1057/1 725/1052/1 754/1060/1 752/1056/1 
f 754/1058/162 756/1058/162 757/1059/162 755/1059/162 
f 725/1052/160 723/1052/160 756/1060/160 754/1060/160 
f 756/1058/47 758/1054/47 759/1055/47 757/1059/47 
f 723/1052/47 721/1057/47 758/1056/47 756/1060/47 
f 758/1061/162 760/1062/162 761/1063/162 759/1064/162 
f 721/1065/160 719/1066/160 760/1067/160 758/1068/160 
f 760/1069/164 228/1069/164 227/1070/164 761/1070/164 
f 719/1071/165 230/1071/165 228/1072/165 760/1072/165 
f 761/1073/166 227/1073/166 225/1074/166 762/1074/166 
f 762/1075/167 225/1075/167 226/1076/167 763/1076/167 
f 764/1077/168 762/1078/168 763/1079/168 765/1080/168 
f 759/1081/169 761/1082/169 762/1083/169 764/1084/169 
f 766/1085/11 764/1086/11 765/1087/11 767/1088/11 
f 757/1089/11 759/1090/11 764/1091/11 766/1092/11 
f 768/1093/168 766/1093/168 767/1094/168 769/1094/168 
f 755/1095/170 757/1095/170 766/1092/170 768/1092/170 
f 770/1086/1 768/1085/1 769/1088/1 771/1096/1 
f 753/1090/13 755/1095/13 768/1092/13 770/1091/13 
f 772/1096/168 773/1097/168 770/1097/168 771/1096/168 
f 773/1091/169 751/1090/169 753/1090/169 770/1091/169 
f 774/1098/16 773/1086/16 772/1087/16 775/1099/16 
f 749/439/16 751/1090/16 773/1091/16 774/1100/16 
f 776/1098/168 774/1098/168 775/1099/168 777/1099/168 
f 747/439/170 749/439/170 774/1100/170 776/1100/170 
f 778/1101/171 776/1098/171 777/1099/171 779/1102/171 
f 745/1103/14 747/439/14 776/1100/14 778/1104/14 
f 780/637/168 778/637/168 779/1105/168 781/1105/168 
f 743/1103/172 745/1103/172 778/1104/172 780/1104/172 
f 780/1106/173 782/1107/173 744/1108/173 743/1108/173 
f 781/1109/174 783/1110/174 782/1111/174 780/1111/174 
f 784/1112/175 785/1113/175 783/1114/175 781/1115/175 
f 781/1116/176 779/1116/176 786/1117/176 784/1117/176 
f 787/1118/177 788/1119/177 785/1120/177 784/1121/177 
f 784/1122/178 786/1122/178 789/1123/178 787/1123/178 
f 786/1122/171 790/1124/171 791/1125/171 789/1123/171 
f 779/1116/17 777/1126/17 790/1127/17 786/1117/17 
f 790/1124/178 792/1124/178 793/1125/178 791/1125/178 
f 777/1126/176 775/1126/176 792/1127/176 790/1127/176 
f 792/1124/24 794/1128/24 795/1129/24 793/1125/24 
f 775/1126/16 772/1130/16 794/1131/16 792/1127/16 
f 795/1129/178 794/1128/178 796/1128/178 797/1129/178 
f 794/1131/179 772/1130/179 771/1130/179 796/1131/179 
f 796/1128/1 798/1132/1 799/1133/1 797/1129/1 
f 771/1130/1 769/1134/1 798/1135/1 796/1131/1 
f 798/1132/178 800/1132/178 801/1133/178 799/1133/178 
f 769/1134/176 767/1134/176 800/1135/176 798/1135/176 
f 800/1132/25 802/1128/25 803/1136/25 801/1137/25 
f 767/1134/11 765/1130/11 802/1138/11 800/1135/11 
f 802/1139/178 804/1140/178 805/1141/178 803/1142/178 
f 765/1143/176 763/1144/176 804/1145/176 802/1146/176 
f 804/1147/180 224/1147/180 223/1148/180 805/1148/180 
f 763/1149/181 226/1149/181 224/1150/181 804/1150/181 
f 805/1151/182 223/1151/182 221/1150/182 806/1150/182 
f 806/1152/183 221/1152/183 218/1153/183 217/1153/183 
f 807/1154/184 806/1155/184 217/1156/184 270/1157/184 
f 803/1158/185 805/1159/185 806/1160/185 807/1161/185 
f 808/1162/25 807/1163/25 270/1164/25 273/1165/25 
f 801/1166/11 803/1167/11 807/1168/11 808/1169/11 
f 809/1162/184 808/1162/184 273/1170/184 276/1170/184 
f 799/1166/185 801/1166/185 808/1169/185 809/1169/185 
f 810/1171/1 809/1162/1 276/1165/1 279/1172/1 
f 797/1173/14 799/1166/14 809/1169/14 810/1168/14 
f 283/1172/184 811/1171/184 810/1174/184 279/1175/184 
f 811/1168/185 795/1167/185 797/1173/185 810/1168/185 
f 812/1176/24 811/1171/24 283/1172/24 285/1177/24 
f 793/1178/24 795/1173/24 811/1168/24 812/1179/24 
f 813/1180/184 812/1180/184 285/1181/184 288/1181/184 
f 791/1178/185 793/1178/185 812/1179/185 813/1179/185 
f 814/1182/32 813/1183/32 288/1184/32 291/1185/32 
f 789/1186/17 791/1178/17 813/1179/17 814/1187/17 
f 815/1182/184 814/1182/184 291/1185/184 294/1185/184 
f 787/1186/185 789/1186/185 814/1188/185 815/1188/185 
f 815/1158/186 816/1189/186 788/1190/186 787/1191/186 
f 294/1192/187 299/1193/187 816/1194/187 815/1195/187 
f 298/1196/3 297/1197/3 301/1198/3 816/1199/3 
f 301/1198/3 304/1200/3 342/1201/3 345/1202/3 
f 342/1201/3 343/1203/3 345/1202/3 
f 345/1202/3 348/1204/3 386/1205/3 389/1206/3 
f 386/1205/3 387/1207/3 389/1206/3 
f 301/1198/3 345/1202/3 389/1206/3 477/1208/3 
f 389/1206/3 392/1209/3 430/1210/3 433/59/3 
f 430/1210/3 431/1211/3 433/59/3 
f 433/59/3 436/1212/3 474/1213/3 477/1208/3 
f 474/1213/3 475/42/3 477/1208/3 
f 389/1206/3 433/59/3 477/1208/3 
f 477/1208/3 480/1214/3 518/1215/3 521/1216/3 
f 518/1215/3 519/1217/3 521/1216/3 
f 521/1216/3 524/1218/3 562/1219/3 565/1220/3 
f 562/1219/3 563/1221/3 565/1220/3 
f 477/1208/3 521/1216/3 565/1220/3 653/1222/3 
f 565/1220/3 568/1223/3 606/1224/3 609/1225/3 
f 606/1224/3 607/1226/3 609/1225/3 
f 609/1225/3 612/1227/3 650/1228/3 653/1222/3 
f 650/1228/3 651/1229/3 653/1222/3 
f 565/1220/3 609/1225/3 653/1222/3 
f 653/1222/3 656/1230/3 694/1231/3 697/268/3 
f 694/1231/3 695/1232/3 697/268/3 
f 477/1208/3 653/1222/3 697/268/3 741/1233/3 
f 697/268/3 700/1234/3 738/1235/3 741/1233/3 
f 738/1235/3 739/1236/3 741/1233/3 
f 741/1233/3 744/1237/3 782/1238/3 785/1239/3 
f 782/1238/3 783/1240/3 785/1239/3 
f 477/1208/3 741/1233/3 785/1239/3 301/1198/3 
f 785/1239/3 788/1241/3 816/1199/3 301/1198/3 
f 298/1196/3 816/1199/3 299/1242/3 
f 817/1243/3 818/1243/3 819/1243/3 820/1243/3 
f 821/1243/1 822/1243/1 823/1243/1 824/1243/1 
f 821/1243/4 824/1243/4 820/1243/4 819/1243/4 
f 818/1243/2 822/1243/2 821/1243/2 819/1243/2 
f 823/1243/5 822/1243/5 818/1243/5 817/1243/5 
f 820/1243/7 824/1243/7 823/1243/7 817/1243/7 
f 825/1244/1 826/1245/1 827/1246/1 828/1247/1 
f 826/1248/188 829/1249/188 830/1250/188 827/1251/188 
f 828/1252/5 827/1253/5 830/1254/5 
f 829/1255/7 825/1256/7 828/1252/7 830/1254/7 
f 825/1256/4 829/1255/4 826/1257/4 
f 831/1246/3 832/1245/3 833/1244/3 834/1247/3 
f 835/1247/4 836/1246/4 831/1246/4 834/1247/4 
f 836/1246/7 837/1245/7 832/1245/7 831/1246/7 
f 837/1245/5 838/1244/5 833/1244/5 832/1245/5 
f 838/1244/1 837/1245/1 836/1246/1 835/1247/1 
f 838/1244/2 835/1247/2 834/1247/2 833/1244/2 
f 839/3/1 840/2/1 841/1/1 842/4/1 
f 841/5/7 843/8/7 844/7/7 842/6/7 
f 845/9/7 846/37/7 847/12/7 848/11/7 
f 847/12/7 849/36/7 850/21/7 848/11/7 
f 851/35/7 852/34/7 853/33/7 854/24/7 
f 853/33/7 855/32/7 856/31/7 854/24/7 
f 856/31/7 857/30/7 858/29/7 859/27/7 
f 858/29/7 860/28/7 859/27/7 
f 859/27/7 861/26/7 862/25/7 856/31/7 
f 856/31/7 862/25/7 854/24/7 
f 850/21/7 851/35/7 854/24/7 863/23/7 
f 850/21/7 863/23/7 864/22/7 865/20/7 
f 850/21/7 865/20/7 866/19/7 867/18/7 
f 850/21/7 867/18/7 868/17/7 869/16/7 
f 850/21/7 869/16/7 870/15/7 871/14/7 
f 850/21/7 871/14/7 872/13/7 848/11/7 
f 845/9/7 848/11/7 873/10/7 
f 874/38/7 875/66/7 876/65/7 877/42/7 
f 876/65/7 878/45/7 879/64/7 880/62/7 
f 879/64/7 881/63/7 880/62/7 
f 880/62/7 882/61/7 883/60/7 876/65/7 
f 883/60/7 884/59/7 885/58/7 876/65/7 
f 885/58/7 886/57/7 887/56/7 876/65/7 
f 887/56/7 888/55/7 889/54/7 876/65/7 
f 889/54/7 890/53/7 891/52/7 876/65/7 
f 891/52/7 892/51/7 893/50/7 876/65/7 
f 893/50/7 894/49/7 895/48/7 876/65/7 
f 895/48/7 896/47/7 897/46/7 876/65/7 
f 897/46/7 898/44/7 899/43/7 876/65/7 
f 899/43/7 900/41/7 877/42/7 876/65/7 
f 874/38/7 877/42/7 901/40/7 902/39/7 
f 847/67/3 876/70/3 903/69/3 904/68/3 
f 844/73/3 843/72/3 905/71/3 906/74/3 
f 881/75/7 879/103/7 903/102/7 907/95/7 
f 903/102/7 876/78/7 875/101/7 908/99/7 
f 875/101/7 909/100/7 908/99/7 
f 908/99/7 910/98/7 911/97/7 903/102/7 
f 911/97/7 912/96/7 907/95/7 903/102/7 
f 907/95/7 913/94/7 914/93/7 915/80/7 
f 914/93/7 916/92/7 917/91/7 915/80/7 
f 917/91/7 918/89/7 919/90/7 915/80/7 
f 919/90/7 920/88/7 921/87/7 922/86/7 
f 921/87/7 923/85/7 922/86/7 
f 922/86/7 924/84/7 925/83/7 926/82/7 
f 925/83/7 927/81/7 926/82/7 
f 919/90/7 922/86/7 926/82/7 915/80/7 
f 907/95/7 915/80/7 928/79/7 929/77/7 
f 881/75/7 907/95/7 929/77/7 930/76/7 
f 878/104/1 849/107/1 850/106/1 
f 850/106/1 879/105/1 878/104/1 
f 850/21/7 904/110/7 847/12/7 
f 846/37/7 931/132/7 932/131/7 933/124/7 
f 932/131/7 934/130/7 935/129/7 933/124/7 
f 935/129/7 936/128/7 937/127/7 938/125/7 
f 937/127/7 939/126/7 938/125/7 
f 938/125/7 940/115/7 933/124/7 935/129/7 
f 847/12/7 846/37/7 933/124/7 941/122/7 
f 847/12/7 941/122/7 942/123/7 943/121/7 
f 847/12/7 943/121/7 944/120/7 945/119/7 
f 847/12/7 945/119/7 946/118/7 947/117/7 
f 847/12/7 947/117/7 948/116/7 949/114/7 
f 847/12/7 949/114/7 950/113/7 951/112/7 
f 847/12/7 951/112/7 952/111/7 953/109/7 
f 850/21/7 847/12/7 953/109/7 
f 851/35/7 850/21/7 953/109/7 954/108/7 
f 904/133/4 903/136/4 879/135/4 850/134/4 
f 844/137/4 906/140/4 839/139/4 842/138/4 
f 849/141/5 878/144/5 876/143/5 
f 876/143/5 847/142/5 849/141/5 
f 841/145/5 840/148/5 905/147/5 843/146/5 
f 955/149/7 956/198/7 957/152/7 958/151/7 
f 957/152/7 959/197/7 960/196/7 961/194/7 
f 960/196/7 962/195/7 961/194/7 
f 961/194/7 963/193/7 964/192/7 965/190/7 
f 964/192/7 966/191/7 965/190/7 
f 965/190/7 967/189/7 968/188/7 969/186/7 
f 968/188/7 970/187/7 969/186/7 
f 961/194/7 965/190/7 969/186/7 971/184/7 
f 969/186/7 972/185/7 971/184/7 
f 971/184/7 973/183/7 974/182/7 961/194/7 
f 974/182/7 975/181/7 976/180/7 961/194/7 
f 976/180/7 977/179/7 978/178/7 961/194/7 
f 978/178/7 979/177/7 980/176/7 961/194/7 
f 980/176/7 981/175/7 982/174/7 961/194/7 
f 982/174/7 983/173/7 984/172/7 961/194/7 
f 984/172/7 985/171/7 986/170/7 961/194/7 
f 986/170/7 987/169/7 988/168/7 961/194/7 
f 988/168/7 989/167/7 990/165/7 961/194/7 
f 990/165/7 991/166/7 992/163/7 961/194/7 
f 992/163/7 993/164/7 994/162/7 961/194/7 
f 994/162/7 995/161/7 996/159/7 961/194/7 
f 996/159/7 997/160/7 998/158/7 961/194/7 
f 998/158/7 999/157/7 1000/155/7 961/194/7 
f 1000/155/7 1001/156/7 1002/154/7 961/194/7 
f 1002/154/7 1003/153/7 958/151/7 961/194/7 
f 957/152/7 961/194/7 958/151/7 
f 955/149/7 958/151/7 1004/150/7 
f 1005/199/7 1006/248/7 1007/202/7 1008/201/7 
f 1007/202/7 1009/247/7 1010/243/7 1011/245/7 
f 1010/243/7 1012/246/7 1011/245/7 
f 1011/245/7 1013/244/7 1014/241/7 1015/240/7 
f 1014/241/7 1016/242/7 1015/240/7 
f 1007/202/7 1011/245/7 1015/240/7 1017/237/7 
f 1015/240/7 1018/239/7 1019/235/7 1017/237/7 
f 1019/235/7 1020/238/7 1017/237/7 
f 1017/237/7 1021/236/7 1022/233/7 1023/232/7 
f 1022/233/7 1024/234/7 1023/232/7 
f 1007/202/7 1017/237/7 1023/232/7 1025/229/7 
f 1023/232/7 1026/231/7 1027/227/7 1025/229/7 
f 1027/227/7 1028/230/7 1025/229/7 
f 1025/229/7 1029/228/7 1030/225/7 1031/224/7 
f 1030/225/7 1032/226/7 1031/224/7 
f 1007/202/7 1025/229/7 1031/224/7 1033/221/7 
f 1031/224/7 1034/223/7 1035/219/7 1033/221/7 
f 1035/219/7 1036/222/7 1033/221/7 
f 1033/221/7 1037/220/7 1038/217/7 1039/216/7 
f 1038/217/7 1040/218/7 1039/216/7 
f 1007/202/7 1033/221/7 1039/216/7 1041/213/7 
f 1039/216/7 1042/215/7 1043/211/7 1041/213/7 
f 1043/211/7 1044/214/7 1041/213/7 
f 1041/213/7 1045/212/7 1046/209/7 1047/208/7 
f 1046/209/7 1048/210/7 1047/208/7 
f 1007/202/7 1041/213/7 1047/208/7 1049/204/7 
f 1047/208/7 1050/207/7 1051/205/7 1049/204/7 
f 1051/205/7 1052/206/7 1049/204/7 
f 1049/204/7 1053/203/7 1008/201/7 1007/202/7 
f 1005/199/7 1008/201/7 1054/200/7 
f 1055/249/6 1056/250/6 1057/250/6 1058/249/6 
f 1057/251/2 1059/299/2 1060/254/2 1061/253/2 
f 1060/254/2 1062/298/2 1063/262/2 1064/296/2 
f 1063/262/2 1065/297/2 1064/296/2 
f 1064/296/2 1066/295/2 1067/293/2 1068/292/2 
f 1067/293/2 1069/294/2 1068/292/2 
f 1060/254/2 1064/296/2 1068/292/2 1070/256/2 
f 1068/292/2 1071/291/2 1072/287/2 1073/289/2 
f 1072/287/2 1074/290/2 1073/289/2 
f 1073/289/2 1075/288/2 1076/285/2 1077/284/2 
f 1076/285/2 1078/286/2 1077/284/2 
f 1068/292/2 1073/289/2 1077/284/2 1079/281/2 
f 1077/284/2 1080/283/2 1081/279/2 1079/281/2 
f 1081/279/2 1082/282/2 1079/281/2 
f 1079/281/2 1083/280/2 1084/277/2 1085/276/2 
f 1084/277/2 1086/278/2 1085/276/2 
f 1068/292/2 1079/281/2 1085/276/2 1087/273/2 
f 1085/276/2 1088/275/2 1089/271/2 1087/273/2 
f 1089/271/2 1090/274/2 1087/273/2 
f 1087/273/2 1091/272/2 1092/269/2 1093/268/2 
f 1092/269/2 1094/270/2 1093/268/2 
f 1068/292/2 1087/273/2 1093/268/2 1095/264/2 
f 1093/268/2 1096/267/2 1097/265/2 1095/264/2 
f 1097/265/2 1098/266/2 1095/264/2 
f 1095/264/2 1099/263/2 1100/260/2 1101/259/2 
f 1100/260/2 1102/261/2 1101/259/2 
f 1068/292/2 1095/264/2 1101/259/2 1070/256/2 
f 1101/259/2 1103/259/2 1104/257/2 1070/256/2 
f 1104/257/2 1105/258/2 1070/256/2 
f 1070/256/2 1106/255/2 1061/253/2 1060/254/2 
f 1057/251/2 1061/253/2 1058/252/2 
f 1056/300/8 1107/301/8 1059/301/8 1057/300/8 
f 1108/302/103 1109/305/103 1056/304/103 1055/303/103 
f 1109/306/97 1110/309/97 1107/308/97 1056/307/97 
f 1111/310/24 1112/313/24 1109/312/24 1108/311/24 
f 1112/314/24 1113/317/24 1110/316/24 1109/315/24 
f 1114/318/103 1115/319/103 1112/319/103 1111/318/103 
f 1115/314/97 1116/317/97 1113/317/97 1112/314/97 
f 1117/320/1 1118/323/1 1115/322/1 1114/321/1 
f 1118/324/1 1119/327/1 1116/326/1 1115/325/1 
f 1117/330/103 1120/329/103 1121/328/103 1118/331/103 
f 1118/333/97 1121/333/97 1122/332/97 1119/332/97 
f 1123/334/25 1124/337/25 1121/336/25 1120/335/25 
f 1124/338/25 1125/339/25 1122/332/25 1121/333/25 
f 1126/340/103 1127/341/103 1124/341/103 1123/340/103 
f 1127/342/97 1128/339/97 1125/339/97 1124/342/97 
f 1129/343/86 1130/344/86 1127/341/86 1126/340/86 
f 1130/345/86 1131/346/86 1128/339/86 1127/338/86 
f 1132/347/103 1133/349/103 1130/348/103 1129/347/103 
f 1133/345/97 1134/346/97 1131/346/97 1130/345/97 
f 1134/350/189 1133/353/189 1135/352/189 1136/351/189 
f 1133/354/190 1132/357/190 1137/356/190 1135/355/190 
f 1138/358/100 1134/361/100 1136/360/100 1139/359/100 
f 1134/362/98 1138/363/98 1140/363/98 1131/362/98 
f 1141/364/191 1138/367/191 1139/366/191 1142/365/191 
f 1138/368/92 1141/369/92 1143/369/92 1140/368/92 
f 1140/368/86 1143/369/86 1144/371/86 1145/370/86 
f 1131/372/86 1140/375/86 1145/374/86 1128/373/86 
f 1145/370/92 1144/371/92 1146/371/92 1147/370/92 
f 1128/373/98 1145/374/98 1147/374/98 1125/373/98 
f 1147/370/25 1146/371/25 1148/377/25 1149/376/25 
f 1125/373/25 1147/374/25 1149/379/25 1122/378/25 
f 1150/376/92 1149/376/92 1148/377/92 1151/377/92 
f 1119/378/98 1122/378/98 1149/379/98 1150/379/98 
f 1150/376/1 1151/377/1 1152/381/1 1153/380/1 
f 1119/382/1 1150/385/1 1153/384/1 1116/383/1 
f 1153/380/92 1152/381/92 1154/381/92 1155/380/92 
f 1116/386/98 1153/384/98 1155/384/98 1113/386/98 
f 1155/380/16 1154/381/16 1156/377/16 1157/387/16 
f 1113/386/24 1155/384/24 1157/389/24 1110/388/24 
f 1157/390/92 1156/393/92 1158/392/92 1159/391/92 
f 1110/394/98 1157/397/98 1159/396/98 1107/395/98 
f 1159/398/26 1158/399/26 1062/399/26 1060/398/26 
f 1107/400/27 1159/401/27 1060/401/27 1059/400/27 
f 1158/402/28 1160/403/28 1063/403/28 1062/402/28 
f 1160/404/192 1161/405/192 1065/405/192 1063/404/192 
f 1162/406/84 1163/409/84 1161/408/84 1160/407/84 
f 1156/410/90 1162/413/90 1160/412/90 1158/411/90 
f 1164/414/16 1165/417/16 1163/416/16 1162/415/16 
f 1154/418/24 1164/421/24 1162/420/24 1156/419/24 
f 1166/414/84 1167/417/84 1165/417/84 1164/414/84 
f 1152/422/90 1166/423/90 1164/423/90 1154/422/90 
f 1168/415/1 1169/424/1 1167/417/1 1166/414/1 
f 1151/419/1 1168/425/1 1166/421/1 1152/418/1 
f 1168/415/84 1170/415/84 1171/416/84 1169/424/84 
f 1151/419/90 1148/419/90 1170/425/90 1168/425/90 
f 1172/426/11 1173/427/11 1171/416/11 1170/415/11 
f 1146/428/25 1172/431/25 1170/430/25 1148/429/25 
f 1174/432/84 1175/433/84 1173/433/84 1172/432/84 
f 1144/428/90 1174/431/90 1172/431/90 1146/428/90 
f 1176/434/86 1177/435/86 1175/427/86 1174/426/86 
f 1143/436/86 1176/437/86 1174/431/86 1144/428/86 
f 1178/434/84 1179/435/84 1177/435/84 1176/434/84 
f 1141/436/90 1178/437/90 1176/437/90 1143/436/90 
f 1178/438/193 1141/360/193 1142/440/193 1180/439/193 
f 1179/441/194 1178/444/194 1180/443/194 1181/442/194 
f 1182/445/87 1179/448/87 1181/447/87 1183/446/87 
f 1179/449/85 1182/450/85 1184/450/85 1177/449/85 
f 1185/451/195 1182/453/195 1183/453/195 1186/452/195 
f 1182/454/79 1185/455/79 1187/455/79 1184/454/79 
f 1184/51/13 1187/458/13 1188/457/13 1189/456/13 
f 1177/449/86 1184/450/86 1189/460/86 1175/459/86 
f 1189/461/78 1188/457/78 1190/457/78 1191/461/78 
f 1175/459/85 1189/460/85 1191/460/85 1173/459/85 
f 1191/461/11 1190/457/11 1192/463/11 1193/462/11 
f 1173/459/25 1191/460/25 1193/465/25 1171/464/25 
f 1194/467/78 1193/467/78 1192/466/78 1195/466/78 
f 1169/464/85 1171/464/85 1193/465/85 1194/465/85 
f 1194/462/1 1195/466/1 1196/469/1 1197/468/1 
f 1169/464/13 1194/465/13 1197/471/13 1167/470/13 
f 1197/468/79 1196/469/79 1198/469/79 1199/468/79 
f 1167/470/85 1197/471/85 1199/471/85 1165/470/85 
f 1199/472/16 1198/475/16 1200/474/16 1201/473/16 
f 1165/470/16 1199/471/16 1201/465/16 1163/476/16 
f 1201/477/79 1200/480/79 1202/479/79 1203/478/79 
f 1163/481/85 1201/484/85 1203/483/85 1161/482/85 
f 1203/485/196 1202/486/196 1066/486/196 1064/485/196 
f 1161/487/41 1203/207/41 1064/207/41 1065/487/41 
f 1202/488/42 1204/489/42 1067/489/42 1066/488/42 
f 1204/490/43 1205/491/43 1069/491/43 1067/490/43 
f 1206/492/72 1207/495/72 1205/494/72 1204/493/72 
f 1200/496/76 1206/405/76 1204/498/76 1202/497/76 
f 1208/499/46 1209/502/46 1207/501/46 1206/500/46 
f 1198/503/46 1208/506/46 1206/505/46 1200/504/46 
f 1210/507/72 1211/502/72 1209/502/72 1208/499/72 
f 1196/503/76 1210/506/76 1208/506/76 1198/503/76 
f 1212/500/1 1213/501/1 1211/502/1 1210/507/1 
f 1195/508/1 1212/505/1 1210/506/1 1196/503/1 
f 1212/500/72 1214/500/72 1215/501/72 1213/501/72 
f 1195/508/76 1192/508/76 1214/505/76 1212/505/76 
f 1216/509/47 1217/510/47 1215/501/47 1214/500/47 
f 1190/511/11 1216/512/11 1214/505/11 1192/508/11 
f 1218/509/72 1219/510/72 1217/510/72 1216/509/72 
f 1188/511/76 1218/512/76 1216/512/76 1190/511/76 
f 1220/513/13 1221/501/13 1219/510/13 1218/509/13 
f 1187/514/13 1220/515/13 1218/512/13 1188/511/13 
f 1222/513/72 1223/501/72 1221/501/72 1220/513/72 
f 1185/514/76 1222/515/76 1220/515/76 1187/514/76 
f 1222/516/197 1185/517/197 1186/517/197 1224/516/197 
f 1223/518/198 1222/519/198 1224/519/198 1225/518/198 
f 1226/520/73 1223/521/73 1225/521/73 1227/520/73 
f 1223/522/71 1226/523/71 1228/523/71 1221/522/71 
f 1229/524/199 1226/525/199 1227/525/199 1230/524/199 
f 1226/525/64 1229/524/64 1231/524/64 1228/525/64 
f 1228/525/13 1231/524/13 1232/527/13 1233/526/13 
f 1221/522/13 1228/523/13 1233/529/13 1219/528/13 
f 1233/526/64 1232/527/64 1234/527/64 1235/526/64 
f 1219/528/71 1233/530/71 1235/530/71 1217/528/71 
f 1235/526/47 1234/527/47 1236/524/47 1237/525/47 
f 1217/528/47 1235/530/47 1237/523/47 1215/522/47 
f 1238/525/64 1237/525/64 1236/524/64 1239/524/64 
f 1213/522/71 1215/522/71 1237/523/71 1238/523/71 
f 1238/525/1 1239/524/1 1240/527/1 1241/526/1 
f 1213/522/1 1238/523/1 1241/532/1 1211/531/1 
f 1241/526/64 1240/527/64 1242/527/64 1243/526/64 
f 1211/531/71 1241/532/71 1243/532/71 1209/531/71 
f 1243/526/46 1242/527/46 1244/524/46 1245/525/46 
f 1209/531/46 1243/533/46 1245/523/46 1207/522/46 
f 1245/534/64 1244/537/64 1246/536/64 1247/535/64 
f 1207/538/71 1245/541/71 1247/540/71 1205/539/71 
f 1247/542/54 1246/543/54 1071/543/54 1068/542/54 
f 1205/544/55 1247/545/55 1068/545/55 1069/544/55 
f 1246/546/56 1248/213/56 1072/213/56 1071/546/56 
f 1248/547/5 1249/548/5 1074/548/5 1072/547/5 
f 1250/549/5 1251/549/5 1249/550/5 1248/547/5 
f 1244/551/62 1250/554/62 1248/553/62 1246/552/62 
f 1252/555/46 1253/555/46 1251/555/46 1250/555/46 
f 1242/556/46 1252/558/46 1250/558/46 1244/557/46 
f 1254/555/5 1255/555/5 1253/555/5 1252/555/5 
f 1240/556/65 1254/558/65 1252/558/65 1242/556/65 
f 1256/555/1 1257/555/1 1255/555/1 1254/555/1 
f 1239/557/1 1256/558/1 1254/558/1 1240/556/1 
f 1256/555/5 1258/555/5 1259/555/5 1257/555/5 
f 1239/557/62 1236/557/62 1258/558/62 1256/558/62 
f 1260/555/47 1261/555/47 1259/555/47 1258/555/47 
f 1234/556/47 1260/558/47 1258/558/47 1236/557/47 
f 1262/555/5 1263/555/5 1261/555/5 1260/555/5 
f 1232/556/62 1262/558/62 1260/558/62 1234/556/62 
f 1264/555/13 1265/555/13 1263/555/13 1262/555/13 
f 1231/557/13 1264/558/13 1262/558/13 1232/556/13 
f 1266/555/5 1267/555/5 1265/555/5 1264/555/5 
f 1229/557/62 1266/558/62 1264/558/62 1231/557/62 
f 1266/558/61 1229/557/61 1230/557/61 1268/558/61 
f 1267/555/60 1266/555/60 1268/555/60 1269/555/60 
f 1270/559/59 1267/560/59 1269/560/59 1271/559/59 
f 1267/560/57 1270/559/57 1272/559/57 1265/560/57 
f 1273/527/52 1270/561/52 1271/561/52 1274/527/52 
f 1270/562/53 1273/527/53 1275/527/53 1272/562/53 
f 1272/562/13 1275/527/13 1276/564/13 1277/563/13 
f 1265/560/13 1272/559/13 1277/566/13 1263/565/13 
f 1277/563/53 1276/564/53 1278/564/53 1279/563/53 
f 1263/565/57 1277/566/57 1279/566/57 1261/565/57 
f 1279/563/47 1278/564/47 1280/527/47 1281/562/47 
f 1261/565/47 1279/566/47 1281/559/47 1259/560/47 
f 1282/562/53 1281/562/53 1280/527/53 1283/527/53 
f 1257/560/57 1259/560/57 1281/559/57 1282/559/57 
f 1282/562/1 1283/527/1 1284/567/1 1285/563/1 
f 1257/560/1 1282/559/1 1285/566/1 1255/565/1 
f 1285/563/53 1284/567/53 1286/567/53 1287/563/53 
f 1255/565/58 1285/566/58 1287/566/58 1253/565/58 
f 1287/563/46 1286/567/46 1288/527/46 1289/562/46 
f 1253/565/46 1287/566/46 1289/559/46 1251/560/46 
f 1289/568/53 1288/571/53 1290/570/53 1291/569/53 
f 1251/572/57 1289/575/57 1291/574/57 1249/573/57 
f 1075/576/66 1073/577/66 1291/577/66 1290/576/66 
f 1249/578/67 1291/579/67 1073/579/67 1074/578/67 
f 1076/580/68 1075/581/68 1290/581/68 1292/580/68 
f 1078/582/69 1076/583/69 1292/583/69 1293/582/69 
f 1294/584/200 1295/587/200 1293/586/200 1292/585/200 
f 1288/588/51 1294/591/51 1292/590/51 1290/589/51 
f 1296/592/46 1297/595/46 1295/594/46 1294/593/46 
f 1286/596/46 1296/599/46 1294/598/46 1288/597/46 
f 1298/592/200 1299/595/200 1297/595/200 1296/592/200 
f 1284/596/51 1298/599/51 1296/599/51 1286/596/51 
f 1300/593/1 1301/600/1 1299/595/1 1298/592/1 
f 1283/597/1 1300/598/1 1298/599/1 1284/596/1 
f 1300/593/44 1302/593/44 1303/600/44 1301/600/44 
f 1283/597/51 1280/597/51 1302/598/51 1300/598/51 
f 1304/592/47 1305/601/47 1303/600/47 1302/593/47 
f 1278/596/47 1304/602/47 1302/598/47 1280/597/47 
f 1306/592/44 1307/601/44 1305/601/44 1304/592/44 
f 1276/596/51 1306/602/51 1304/602/51 1278/596/51 
f 1308/593/13 1309/600/13 1307/601/13 1306/592/13 
f 1275/597/13 1308/603/13 1306/602/13 1276/596/13 
f 1310/593/44 1311/600/44 1309/600/44 1308/593/44 
f 1273/597/51 1310/603/51 1308/603/51 1275/597/51 
f 1310/598/201 1273/604/201 1274/604/201 1312/598/201 
f 1311/605/202 1310/606/202 1312/606/202 1313/605/202 
f 1314/607/203 1311/608/203 1313/608/203 1315/607/203 
f 1311/609/45 1314/610/45 1316/610/45 1309/609/45 
f 1317/611/204 1314/613/204 1315/612/204 1318/611/204 
f 1314/614/39 1317/615/39 1319/615/39 1316/614/39 
f 1316/616/1 1319/619/1 1320/618/1 1321/617/1 
f 1309/609/13 1316/610/13 1321/621/13 1307/620/13 
f 1321/622/39 1320/623/39 1322/623/39 1323/622/39 
f 1307/620/45 1321/621/45 1323/621/45 1305/620/45 
f 1323/617/15 1322/618/15 1324/625/15 1325/624/15 
f 1305/620/15 1323/621/15 1325/627/15 1303/626/15 
f 1326/624/39 1325/624/39 1324/625/39 1327/625/39 
f 1301/626/45 1303/626/45 1325/627/45 1326/627/45 
f 1326/624/14 1327/625/14 1328/629/14 1329/628/14 
f 1301/626/1 1326/627/1 1329/631/1 1299/630/1 
f 1329/628/38 1328/629/38 1330/629/38 1331/628/38 
f 1299/630/45 1329/631/45 1331/631/45 1297/630/45 
f 1331/632/12 1330/634/12 1332/633/12 1333/624/12 
f 1297/630/3 1331/635/3 1333/627/3 1295/626/3 
f 1333/636/39 1332/639/39 1334/638/39 1335/637/39 
f 1295/640/45 1333/643/45 1335/642/45 1293/641/45 
f 1080/644/205 1077/645/205 1335/645/205 1334/644/205 
f 1077/646/81 1078/647/81 1293/647/81 1335/646/81 
f 1081/648/82 1080/649/82 1334/649/82 1336/648/82 
f 1082/650/83 1081/651/83 1336/651/83 1337/650/83 
f 1338/652/30 1339/655/30 1337/654/30 1336/653/30 
f 1332/656/36 1338/659/36 1336/658/36 1334/657/36 
f 1340/660/12 1341/662/12 1339/661/12 1338/425/12 
f 1330/663/25 1340/666/25 1338/665/25 1332/664/25 
f 1342/660/30 1343/662/30 1341/662/30 1340/660/30 
f 1328/667/36 1342/666/36 1340/666/36 1330/667/36 
f 1344/425/13 1345/661/13 1343/668/13 1342/660/13 
f 1327/669/13 1344/672/13 1342/671/13 1328/670/13 
f 1344/425/30 1346/425/30 1347/661/30 1345/661/30 
f 1327/673/36 1324/669/36 1346/672/36 1344/672/36 
f 1348/674/24 1349/675/24 1347/661/24 1346/425/24 
f 1322/676/15 1348/678/15 1346/677/15 1324/673/15 
f 1350/674/30 1351/679/30 1349/679/30 1348/674/30 
f 1320/676/36 1350/678/36 1348/678/36 1322/676/36 
f 1352/680/17 1353/681/17 1351/675/17 1350/674/17 
f 1319/682/17 1352/683/17 1350/678/17 1320/676/17 
f 1354/680/30 1355/684/30 1353/684/30 1352/680/30 
f 1317/685/36 1354/683/36 1352/683/36 1319/685/36 
f 1354/686/35 1317/689/35 1318/688/35 1356/687/35 
f 1355/690/206 1354/693/206 1356/692/206 1357/691/206 
f 1358/694/207 1355/697/207 1357/696/207 1359/695/207 
f 1355/698/31 1358/699/31 1360/699/31 1353/698/31 
f 1361/700/22 1358/703/22 1359/702/22 1362/701/22 
f 1358/704/23 1361/705/23 1363/705/23 1360/704/23 
f 1360/704/17 1363/705/17 1364/707/17 1365/706/17 
f 1353/698/17 1360/699/17 1365/709/17 1351/708/17 
f 1365/710/23 1364/707/23 1366/707/23 1367/710/23 
f 1351/711/31 1365/709/31 1367/709/31 1349/711/31 
f 1367/706/24 1366/707/24 1368/713/24 1369/712/24 
f 1349/708/15 1367/709/15 1369/715/15 1347/714/15 
f 1370/712/23 1369/712/23 1368/713/23 1371/713/23 
f 1345/714/31 1347/714/31 1369/715/31 1370/715/31 
f 1370/712/1 1371/713/1 1372/717/1 1373/716/1 
f 1345/714/1 1370/715/1 1373/719/1 1343/718/1 
f 1373/716/23 1372/717/23 1374/717/23 1375/716/23 
f 1343/720/31 1373/719/31 1375/719/31 1341/720/31 
f 1375/721/12 1374/724/12 1376/723/12 1377/722/12 
f 1341/720/12 1375/719/12 1377/715/12 1339/725/12 
f 1377/726/23 1376/729/23 1378/728/23 1379/727/23 
f 1339/730/31 1377/733/31 1379/732/31 1337/731/31 
f 1083/734/93 1079/735/93 1379/735/93 1378/734/93 
f 1079/736/94 1082/737/94 1337/737/94 1379/736/94 
f 1083/739/208 1378/739/208 1380/738/208 1084/738/208 
f 1084/741/96 1380/741/96 1381/740/96 1086/740/96 
f 1382/742/10 1383/745/10 1381/744/10 1380/743/10 
f 1376/746/21 1382/749/21 1380/748/21 1378/747/21 
f 1384/750/25 1385/753/25 1383/752/25 1382/751/25 
f 1374/754/25 1384/757/25 1382/756/25 1376/755/25 
f 1386/750/10 1387/753/10 1385/753/10 1384/750/10 
f 1372/758/21 1386/759/21 1384/759/21 1374/758/21 
f 1388/760/1 1389/752/1 1387/753/1 1386/750/1 
f 1371/761/1 1388/756/1 1386/757/1 1372/754/1 
f 1388/760/10 1390/760/10 1391/762/10 1389/752/10 
f 1371/764/21 1368/764/21 1390/763/21 1388/763/21 
f 1392/765/24 1393/766/24 1391/752/24 1390/760/24 
f 1366/767/24 1392/768/24 1390/763/24 1368/764/24 
f 1394/765/10 1395/766/10 1393/766/10 1392/765/10 
f 1364/769/21 1394/768/21 1392/768/21 1366/769/21 
f 1396/770/17 1397/771/17 1395/766/17 1394/765/17 
f 1363/772/17 1396/773/17 1394/768/17 1364/767/17 
f 1398/770/10 1399/771/10 1397/771/10 1396/770/10 
f 1361/772/21 1398/774/21 1396/773/21 1363/772/21 
f 1398/775/20 1361/778/20 1362/777/20 1400/776/20 
f 1399/779/18 1398/782/18 1400/781/18 1401/780/18 
f 1402/783/19 1399/786/19 1401/785/19 1403/784/19 
f 1399/787/9 1402/788/9 1404/788/9 1397/787/9 
f 1405/789/187 1402/792/187 1403/791/187 1406/790/187 
f 1402/793/184 1405/794/184 1407/794/184 1404/793/184 
f 1404/793/17 1407/794/17 1408/796/17 1409/795/17 
f 1397/787/17 1404/788/17 1409/798/17 1395/797/17 
f 1409/795/184 1408/796/184 1410/796/184 1411/795/184 
f 1395/797/9 1409/798/9 1411/798/9 1393/797/9 
f 1411/795/24 1410/796/24 1412/800/24 1413/799/24 
f 1393/797/24 1411/798/24 1413/802/24 1391/801/24 
f 1414/799/184 1413/799/184 1412/800/184 1415/800/184 
f 1389/801/9 1391/801/9 1413/802/9 1414/802/9 
f 1414/799/1 1415/800/1 1416/804/1 1417/803/1 
f 1389/801/1 1414/802/1 1417/806/1 1387/805/1 
f 1417/803/184 1416/804/184 1418/804/184 1419/803/184 
f 1387/805/9 1417/806/9 1419/806/9 1385/805/9 
f 1419/803/25 1418/804/25 1420/808/25 1421/807/25 
f 1385/805/25 1419/806/25 1421/809/25 1383/801/25 
f 1421/810/184 1420/813/184 1422/812/184 1423/811/184 
f 1383/814/9 1421/817/9 1423/816/9 1381/815/9 
f 1085/819/209 1423/819/209 1422/818/209 1088/818/209 
f 1086/821/108 1381/821/108 1423/820/108 1085/820/108 
f 1088/823/109 1422/823/109 1424/822/109 1089/822/109 
f 1089/825/110 1424/825/110 1425/824/110 1090/824/110 
f 1426/826/178 1427/829/178 1425/828/178 1424/827/178 
f 1420/830/210 1426/833/210 1424/832/210 1422/831/210 
f 1428/834/11 1429/837/11 1427/836/11 1426/835/11 
f 1418/838/25 1428/841/25 1426/840/25 1420/839/25 
f 1430/834/178 1431/837/178 1429/837/178 1428/834/178 
f 1416/838/185 1430/841/185 1428/841/185 1418/838/185 
f 1432/842/1 1433/845/1 1431/844/1 1430/843/1 
f 1415/846/1 1432/847/1 1430/841/1 1416/838/1 
f 1432/842/178 1434/842/178 1435/845/178 1433/845/178 
f 1415/846/185 1412/846/185 1434/847/185 1432/847/185 
f 1436/848/24 1437/849/24 1435/845/24 1434/842/24 
f 1410/850/24 1436/851/24 1434/847/24 1412/846/24 
f 1438/848/178 1439/849/178 1437/849/178 1436/848/178 
f 1408/850/185 1438/851/185 1436/851/185 1410/850/185 
f 1440/852/171 1441/853/171 1439/849/171 1438/848/171 
f 1407/854/17 1440/855/17 1438/851/17 1408/850/17 
f 1442/852/178 1443/853/178 1441/853/178 1440/852/178 
f 1405/854/185 1442/855/185 1440/855/185 1407/854/185 
f 1442/856/186 1405/859/186 1406/858/186 1444/857/186 
f 1443/860/211 1442/863/211 1444/862/211 1445/861/211 
f 1446/864/212 1443/867/212 1445/866/212 1447/865/212 
f 1443/868/176 1446/869/176 1448/869/176 1441/868/176 
f 1449/870/174 1446/873/174 1447/872/174 1450/871/174 
f 1446/874/168 1449/875/168 1451/875/168 1448/874/168 
f 1448/876/17 1451/875/17 1452/878/17 1453/877/17 
f 1441/879/17 1448/882/17 1453/881/17 1439/880/17 
f 1453/877/168 1452/878/168 1454/878/168 1455/877/168 
f 1439/883/176 1453/884/176 1455/884/176 1437/883/176 
f 1455/877/16 1454/878/16 1456/886/16 1457/885/16 
f 1437/880/24 1455/881/24 1457/888/24 1435/887/24 
f 1458/885/168 1457/885/168 1456/886/168 1459/886/168 
f 1433/887/179 1435/887/179 1457/888/179 1458/888/179 
f 1458/885/1 1459/886/1 1460/890/1 1461/889/1 
f 1433/467/1 1458/893/1 1461/892/1 1431/891/1 
f 1461/889/168 1460/890/168 1462/890/168 1463/889/168 
f 1431/894/176 1461/895/176 1463/895/176 1429/894/176 
f 1463/889/25 1462/890/25 1464/886/25 1465/885/25 
f 1429/891/11 1463/892/11 1465/893/11 1427/467/11 
f 1465/896/168 1464/899/168 1466/898/168 1467/897/168 
f 1427/900/176 1465/903/176 1467/902/176 1425/901/176 
f 1087/905/121 1467/905/121 1466/904/121 1091/904/121 
f 1090/907/122 1425/907/122 1467/906/122 1087/906/122 
f 1091/909/213 1466/909/213 1468/908/213 1092/908/213 
f 1092/911/124 1468/911/124 1469/910/124 1094/910/124 
f 1470/912/162 1471/915/162 1469/914/162 1468/913/162 
f 1464/916/169 1470/918/169 1468/282/169 1466/917/169 
f 1472/919/47 1473/922/47 1471/921/47 1470/920/47 
f 1462/923/11 1472/926/11 1470/925/11 1464/924/11 
f 1474/927/162 1475/928/162 1473/928/162 1472/927/162 
f 1460/923/170 1474/926/170 1472/926/170 1462/923/170 
f 1476/920/1 1477/930/1 1475/929/1 1474/919/1 
f 1459/931/13 1476/925/13 1474/926/13 1460/923/13 
f 1476/920/162 1478/920/162 1479/930/162 1477/930/162 
f 1459/931/169 1456/931/169 1478/925/169 1476/925/169 
f 1480/932/16 1481/935/16 1479/934/16 1478/933/16 
f 1454/936/16 1480/937/16 1478/925/16 1456/931/16 
f 1482/265/162 1483/938/162 1481/938/162 1480/265/162 
f 1452/936/170 1482/937/170 1480/937/170 1454/936/170 
f 1484/939/14 1485/941/14 1483/938/14 1482/940/14 
f 1451/942/1 1484/943/1 1482/937/1 1452/936/1 
f 1486/944/162 1487/945/162 1485/945/162 1484/944/162 
f 1449/942/169 1486/943/169 1484/943/169 1451/942/169 
f 1486/946/214 1449/948/214 1450/948/214 1488/947/214 
f 1487/949/161 1486/951/161 1488/950/161 1489/949/161 
f 1490/952/159 1487/953/159 1489/953/159 1491/952/159 
f 1487/954/160 1490/955/160 1492/955/160 1485/954/160 
f 1493/956/158 1490/957/158 1491/957/158 1494/956/158 
f 1490/958/155 1493/959/155 1495/959/155 1492/958/155 
f 1492/958/14 1495/959/14 1496/961/14 1497/960/14 
f 1485/954/14 1492/955/14 1497/963/14 1483/962/14 
f 1497/960/153 1496/961/153 1498/961/153 1499/960/153 
f 1483/962/163 1497/963/163 1499/963/163 1481/962/163 
f 1499/960/46 1498/961/46 1500/956/46 1501/958/46 
f 1481/962/46 1499/963/46 1501/965/46 1479/964/46 
f 1502/958/153 1501/958/153 1500/956/153 1503/956/153 
f 1477/964/160 1479/964/160 1501/965/160 1502/965/160 
f 1502/958/1 1503/956/1 1504/966/1 1505/960/1 
f 1477/964/1 1502/965/1 1505/968/1 1475/967/1 
f 1505/969/153 1504/966/153 1506/966/153 1507/969/153 
f 1475/967/163 1505/968/163 1507/968/163 1473/967/163 
f 1507/960/47 1506/966/47 1508/956/47 1509/958/47 
f 1473/967/47 1507/963/47 1509/965/47 1471/970/47 
f 1509/971/153 1508/974/153 1510/973/153 1511/972/153 
f 1471/975/160 1509/978/160 1511/977/160 1469/976/160 
f 1093/980/136 1511/980/136 1510/979/136 1096/979/136 
f 1094/982/137 1469/982/137 1511/981/137 1093/981/137 
f 1096/984/138 1510/984/138 1512/983/138 1097/983/138 
f 1098/986/139 1097/985/139 1512/985/139 1513/986/139 
f 1514/987/148 1515/990/148 1513/989/148 1512/988/148 
f 1508/991/154 1514/994/154 1512/993/154 1510/992/154 
f 1516/995/47 1517/997/47 1515/997/47 1514/996/47 
f 1506/998/47 1516/1001/47 1514/1000/47 1508/999/47 
f 1518/995/148 1519/1002/148 1517/1002/148 1516/995/148 
f 1504/998/154 1518/1001/154 1516/1001/154 1506/998/154 
f 1520/996/1 1521/997/1 1519/1002/1 1518/995/1 
f 1503/999/1 1520/1000/1 1518/1001/1 1504/998/1 
f 1520/996/148 1522/996/148 1523/997/148 1521/997/148 
f 1503/999/154 1500/999/154 1522/1000/154 1520/1000/154 
f 1524/995/46 1525/1002/46 1523/997/46 1522/996/46 
f 1498/1003/46 1524/1001/46 1522/1000/46 1500/999/46 
f 1526/995/149 1527/1002/149 1525/1002/149 1524/995/149 
f 1496/998/154 1526/1001/154 1524/1001/154 1498/998/154 
f 1528/996/14 1529/997/14 1527/997/14 1526/995/14 
f 1495/999/14 1528/1000/14 1526/1001/14 1496/998/14 
f 1530/996/148 1531/997/148 1529/997/148 1528/996/148 
f 1493/999/156 1530/1000/156 1528/1000/156 1495/999/156 
f 1530/1000/215 1493/999/215 1494/999/215 1532/1000/215 
f 1531/997/147 1530/996/147 1532/996/147 1533/997/147 
f 1534/1004/146 1531/1004/146 1533/1004/146 1535/1004/146 
f 1531/1004/4 1534/1004/4 1536/1004/4 1529/1004/4 
f 1537/1005/145 1534/1006/145 1535/1006/145 1538/1005/145 
f 1534/1006/140 1537/1005/140 1539/1005/140 1536/1006/140 
f 1536/1006/14 1539/1005/14 1540/1007/14 1541/1006/14 
f 1529/1004/14 1536/1004/14 1541/1004/14 1527/1004/14 
f 1541/1006/142 1540/1007/142 1542/1007/142 1543/1006/142 
f 1527/1004/4 1541/1004/4 1543/1004/4 1525/1004/4 
f 1543/1006/46 1542/1007/46 1544/1005/46 1545/1006/46 
f 1525/1004/46 1543/1004/46 1545/1004/46 1523/1004/46 
f 1546/1006/140 1545/1006/140 1544/1005/140 1547/1005/140 
f 1521/1004/4 1523/1004/4 1545/1004/4 1546/1004/4 
f 1546/1006/1 1547/1005/1 1548/1007/1 1549/1006/1 
f 1521/1004/1 1546/1004/1 1549/1004/1 1519/1004/1 
f 1549/1006/140 1548/1007/140 1550/1007/140 1551/1006/140 
f 1519/1004/4 1549/1004/4 1551/1004/4 1517/1004/4 
f 1551/1006/47 1550/1007/47 1552/1005/47 1553/1006/47 
f 1517/1004/47 1551/1004/47 1553/1004/47 1515/1004/47 
f 1553/1008/140 1552/1011/140 1554/1010/140 1555/1009/140 
f 1515/1012/4 1553/1012/4 1555/1014/4 1513/1013/4 
f 1555/1015/150 1554/1016/150 1099/1016/150 1095/1015/150 
f 1513/1017/4 1555/1018/4 1095/1018/4 1098/1017/4 
f 1554/1019/151 1556/1020/151 1100/1020/151 1099/1019/151 
f 1556/1021/152 1557/1022/152 1102/1022/152 1100/1021/152 
f 1558/1023/134 1559/1025/134 1557/921/134 1556/1024/134 
f 1552/1026/141 1558/1029/141 1556/1028/141 1554/1027/141 
f 1560/1030/47 1561/1033/47 1559/1032/47 1558/1031/47 
f 1550/1034/47 1560/1037/47 1558/1036/47 1552/1035/47 
f 1562/1030/134 1563/1033/134 1561/1033/134 1560/1030/134 
f 1548/1034/141 1562/1037/141 1560/1037/141 1550/1034/141 
f 1564/1031/1 1565/1038/1 1563/1033/1 1562/1030/1 
f 1547/1035/1 1564/1036/1 1562/1037/1 1548/1034/1 
f 1564/1031/134 1566/1031/134 1567/1038/134 1565/1038/134 
f 1547/1035/141 1544/1035/141 1566/1036/141 1564/1036/141 
f 1568/1030/46 1569/1039/46 1567/1038/46 1566/1031/46 
f 1542/1034/46 1568/1037/46 1566/1036/46 1544/1035/46 
f 1570/1030/134 1571/1039/134 1569/1039/134 1568/1030/134 
f 1540/1034/141 1570/1037/141 1568/1037/141 1542/1034/141 
f 1572/1040/14 1573/1038/14 1571/1039/14 1570/1030/14 
f 1539/1035/1 1572/1036/1 1570/1037/1 1540/1034/1 
f 1574/1040/133 1575/1038/133 1573/1038/133 1572/1040/133 
f 1537/1035/143 1574/1036/143 1572/1036/143 1539/1035/143 
f 1574/1036/216 1537/1035/216 1538/1035/216 1576/1036/216 
f 1575/1032/132 1574/1031/132 1576/1031/132 1577/1032/132 
f 1578/1041/217 1575/1042/217 1577/1042/217 1579/1041/217 
f 1575/1043/131 1578/1044/131 1580/1044/131 1573/1043/131 
f 1581/1045/129 1578/1047/129 1579/1047/129 1582/1046/129 
f 1578/1048/125 1581/1049/125 1583/1049/125 1580/1048/125 
f 1580/1048/14 1583/1049/14 1584/1051/14 1585/1050/14 
f 1573/1043/14 1580/1044/14 1585/1053/14 1571/1052/14 
f 1585/1050/125 1584/1051/125 1586/1051/125 1587/1050/125 
f 1571/1052/135 1585/1053/135 1587/1053/135 1569/1052/135 
f 1587/1050/12 1586/1051/12 1588/1055/12 1589/1054/12 
f 1569/1052/46 1587/1053/46 1589/1044/46 1567/1043/46 
f 1590/1054/125 1589/1054/125 1588/1055/125 1591/1055/125 
f 1565/1057/131 1567/1057/131 1589/1056/131 1590/1056/131 
f 1590/1054/1 1591/1055/1 1592/1059/1 1593/1058/1 
f 1565/1057/1 1590/1056/1 1593/1060/1 1563/1052/1 
f 1593/1058/125 1592/1059/125 1594/1059/125 1595/1058/125 
f 1563/1052/131 1593/1060/131 1595/1060/131 1561/1052/131 
f 1595/1058/47 1594/1059/47 1596/1055/47 1597/1054/47 
f 1561/1052/47 1595/1060/47 1597/1056/47 1559/1057/47 
f 1597/1061/125 1596/1064/125 1598/1063/125 1599/1062/125 
f 1559/1065/131 1597/1068/131 1599/1067/131 1557/1066/131 
f 1599/1069/164 1598/1070/164 1103/1070/164 1101/1069/164 
f 1557/1071/165 1599/1072/165 1101/1072/165 1102/1071/165 
f 1598/1073/218 1600/1074/218 1104/1074/218 1103/1073/218 
f 1600/1075/167 1601/1076/167 1105/1076/167 1104/1075/167 
f 1602/1077/119 1603/1080/119 1601/1079/119 1600/1078/119 
f 1596/1081/126 1602/1084/126 1600/1083/126 1598/1082/126 
f 1604/1085/15 1605/1088/15 1603/1087/15 1602/1086/15 
f 1594/1089/15 1604/1092/15 1602/1091/15 1596/1090/15 
f 1606/1093/119 1607/1094/119 1605/1094/119 1604/1093/119 
f 1592/1095/127 1606/1092/127 1604/1092/127 1594/1095/127 
f 1608/1086/1 1609/1096/1 1607/1088/1 1606/1085/1 
f 1591/1090/13 1608/1091/13 1606/1092/13 1592/1095/13 
f 1608/1097/119 1610/1097/119 1611/1096/119 1609/1096/119 
f 1591/1090/126 1588/1090/126 1610/1091/126 1608/1091/126 
f 1612/1098/12 1613/1099/12 1611/1087/12 1610/1086/12 
f 1586/439/12 1612/1100/12 1610/1091/12 1588/1090/12 
f 1614/1098/119 1615/1099/119 1613/1099/119 1612/1098/119 
f 1584/439/127 1614/1100/127 1612/1100/127 1586/439/127 
f 1616/1101/106 1617/1102/106 1615/1099/106 1614/1098/106 
f 1583/1103/14 1616/1104/14 1614/1100/14 1584/439/14 
f 1618/637/119 1619/1105/119 1617/1105/119 1616/637/119 
f 1581/1103/219 1618/1104/219 1616/1104/219 1583/1103/219 
f 1618/1106/220 1581/1108/220 1582/1108/220 1620/1107/220 
f 1619/1109/118 1618/1111/118 1620/1111/118 1621/1110/118 
f 1622/1112/221 1619/1115/221 1621/1114/221 1623/1113/221 
f 1619/1116/117 1622/1117/117 1624/1117/117 1617/1116/117 
f 1625/1118/222 1622/1121/222 1623/1120/222 1626/1119/222 
f 1622/1122/111 1625/1123/111 1627/1123/111 1624/1122/111 
f 1624/1122/86 1627/1123/86 1628/1125/86 1629/1124/86 
f 1617/1116/86 1624/1117/86 1629/1127/86 1615/1126/86 
f 1629/1124/111 1628/1125/111 1630/1125/111 1631/1124/111 
f 1615/1126/117 1629/1127/117 1631/1127/117 1613/1126/117 
f 1631/1124/25 1630/1125/25 1632/1129/25 1633/1128/25 
f 1613/1126/12 1631/1127/12 1633/1131/12 1611/1130/12 
f 1634/1128/111 1633/1128/111 1632/1129/111 1635/1129/111 
f 1609/1130/120 1611/1130/120 1633/1131/120 1634/1131/120 
f 1634/1128/1 1635/1129/1 1636/1133/1 1637/1132/1 
f 1609/1130/1 1634/1131/1 1637/1135/1 1607/1134/1 
f 1637/1132/111 1636/1133/111 1638/1133/111 1639/1132/111 
f 1607/1134/117 1637/1135/117 1639/1135/117 1605/1134/117 
f 1639/1132/24 1638/1137/24 1640/1136/24 1641/1128/24 
f 1605/1134/15 1639/1135/15 1641/1138/15 1603/1130/15 
f 1641/1139/111 1640/1142/111 1642/1141/111 1643/1140/111 
f 1603/1143/117 1641/1146/117 1643/1145/117 1601/1144/117 
f 1643/1147/180 1642/1148/180 1106/1148/180 1070/1147/180 
f 1601/1149/223 1643/1150/223 1070/1150/223 1105/1149/223 
f 1642/1151/182 1644/1150/182 1061/1150/182 1106/1151/182 
f 1644/1152/183 1055/1153/183 1058/1153/183 1061/1152/183 
f 1645/1154/105 1108/1157/105 1055/1156/105 1644/1155/105 
f 1640/1158/113 1645/1161/113 1644/1160/113 1642/1159/113 
f 1646/1162/24 1111/1165/24 1108/1164/24 1645/1163/24 
f 1638/1166/15 1646/1169/15 1645/1168/15 1640/1167/15 
f 1647/1162/105 1114/1170/105 1111/1170/105 1646/1162/105 
f 1636/1166/113 1647/1169/113 1646/1169/113 1638/1166/113 
f 1648/1171/1 1117/1172/1 1114/1165/1 1647/1162/1 
f 1635/1173/1 1648/1168/1 1647/1169/1 1636/1166/1 
f 1648/1174/105 1649/1171/105 1120/1172/105 1117/1175/105 
f 1635/1173/113 1632/1167/113 1649/1168/113 1648/1168/113 
f 1650/1176/25 1123/1177/25 1120/1172/25 1649/1171/25 
f 1630/1178/25 1650/1179/25 1649/1168/25 1632/1173/25 
f 1651/1180/105 1126/1181/105 1123/1181/105 1650/1180/105 
f 1628/1178/113 1651/1179/113 1650/1179/113 1630/1178/113 
f 1652/1182/86 1129/1185/86 1126/1184/86 1651/1183/86 
f 1627/1186/86 1652/1187/86 1651/1179/86 1628/1178/86 
f 1653/1182/105 1132/1185/105 1129/1185/105 1652/1182/105 
f 1625/1186/113 1653/1188/113 1652/1188/113 1627/1186/113 
f 1653/1158/224 1625/1191/224 1626/1190/224 1654/1189/224 
f 1132/1192/104 1653/1195/104 1654/1194/104 1137/1193/104 
f 1135/1196/3 1137/1242/3 1654/1199/3 1139/1198/3 
f 1654/1199/3 1626/1241/3 1623/1239/3 1620/1238/3 
f 1623/1239/3 1621/1240/3 1620/1238/3 
f 1620/1238/3 1582/1237/3 1579/1233/3 1576/1235/3 
f 1579/1233/3 1577/1236/3 1576/1235/3 
f 1654/1199/3 1620/1238/3 1576/1235/3 1488/1228/3 
f 1576/1235/3 1538/1234/3 1535/268/3 1532/1231/3 
f 1535/268/3 1533/1232/3 1532/1231/3 
f 1532/1231/3 1494/1230/3 1491/1222/3 1488/1228/3 
f 1491/1222/3 1489/1229/3 1488/1228/3 
f 1576/1235/3 1532/1231/3 1488/1228/3 
f 1488/1228/3 1450/1227/3 1447/1225/3 1444/1224/3 
f 1447/1225/3 1445/1226/3 1444/1224/3 
f 1444/1224/3 1406/1223/3 1403/1220/3 1400/1219/3 
f 1403/1220/3 1401/1221/3 1400/1219/3 
f 1488/1228/3 1444/1224/3 1400/1219/3 1312/1213/3 
f 1400/1219/3 1362/1218/3 1359/1216/3 1356/1215/3 
f 1359/1216/3 1357/1217/3 1356/1215/3 
f 1356/1215/3 1318/1214/3 1315/1208/3 1312/1213/3 
f 1315/1208/3 1313/42/3 1312/1213/3 
f 1400/1219/3 1356/1215/3 1312/1213/3 
f 1312/1213/3 1274/1212/3 1271/59/3 1268/1210/3 
f 1271/59/3 1269/1211/3 1268/1210/3 
f 1488/1228/3 1312/1213/3 1268/1210/3 1224/1205/3 
f 1268/1210/3 1230/1209/3 1227/1206/3 1224/1205/3 
f 1227/1206/3 1225/1207/3 1224/1205/3 
f 1224/1205/3 1186/1204/3 1183/1202/3 1180/1201/3 
f 1183/1202/3 1181/1203/3 1180/1201/3 
f 1488/1228/3 1224/1205/3 1180/1201/3 1654/1199/3 
f 1180/1201/3 1142/1200/3 1139/1198/3 1654/1199/3 
f 1135/1196/3 1139/1198/3 1136/1197/3 
s 1
f 1655/1258/225 1656/1259/226 1657/1260/227 1658/1261/228 
f 1659/1262/229 1655/1263/225 1658/1264/228 1660/1265/230 
f 1661/1266/231 1659/1267/229 1660/1268/230 1662/1269/232 
f 1663/1270/233 1661/1271/231 1662/1272/232 1664/1273/234 
f 1665/1274/235 1663/1275/233 1664/1276/234 1666/1277/236 
f 1667/1278/237 1665/1279/235 1666/1280/236 1668/1281/238 
f 1669/1282/239 1667/1283/237 1668/1284/238 1670/1285/240 
f 1671/1286/241 1669/1287/239 1670/1288/240 1672/1289/242 
f 1673/1290/243 1671/1291/241 1672/1292/242 1674/1293/244 
f 1675/1294/245 1673/1295/243 1674/1296/244 1676/1297/246 
f 1677/1298/247 1675/1299/245 1676/1300/246 1678/1301/248 
f 1679/1302/249 1677/1303/247 1678/1304/248 1680/1305/250 
f 1681/1306/251 1679/1307/249 1680/1308/250 1682/1309/252 
f 1683/1310/253 1681/1311/251 1682/1312/252 1684/1313/254 
f 1685/1314/255 1683/1315/253 1684/1316/254 1686/1317/256 
f 1687/1318/257 1685/1319/255 1686/1320/256 1688/1321/258 
f 1689/1322/259 1687/1323/257 1688/1324/258 1690/1325/260 
f 1691/1326/261 1689/1327/259 1690/1328/260 1692/1329/262 
f 1693/1330/263 1691/1331/261 1692/1332/262 1694/1333/264 
f 1695/1334/265 1693/1335/263 1694/1336/264 1696/1337/266 
f 1697/1338/267 1695/1339/265 1696/1340/266 1698/1341/268 
f 1699/1302/269 1697/1303/267 1698/1304/268 1700/1305/270 
f 1701/1342/271 1699/1343/269 1700/1344/270 1702/1345/272 
f 1703/1346/273 1701/1347/271 1702/1348/272 1704/1349/274 
f 1705/1350/275 1703/1351/273 1704/1352/274 1706/1353/276 
f 1707/1354/277 1705/1355/275 1706/1356/276 1708/1357/278 
f 1709/1358/279 1707/1359/277 1708/1360/278 1710/1361/280 
f 1711/1362/281 1709/1363/279 1710/1364/280 1712/1365/282 
f 1713/1366/283 1711/1367/281 1712/1368/282 1714/1369/284 
f 1715/1370/285 1713/1371/283 1714/1372/284 1716/1373/286 
f 1717/1374/287 1715/1375/285 1716/1376/286 1718/1377/288 
f 1719/1378/289 1717/1379/287 1718/1380/288 1720/1381/290 
f 1721/1382/291 1719/1383/289 1720/1384/290 1722/1385/292 
f 1723/1386/293 1721/1387/291 1722/1388/292 1724/1389/294 
f 1725/1390/295 1723/1391/293 1724/1392/294 1726/1393/296 
f 1727/1394/297 1725/1395/295 1726/1396/296 1728/1397/298 
f 1729/1398/299 1727/1399/297 1728/1400/298 1730/1401/300 
f 1731/1402/301 1729/1403/299 1730/1404/300 1732/1405/302 
f 1733/1406/303 1731/1407/301 1732/1408/302 1734/1409/304 
f 1735/1410/305 1733/1411/303 1734/1412/304 1736/1413/306 
f 1737/1414/307 1735/1415/305 1736/1416/306 1738/1417/308 
f 1739/1418/309 1737/1419/307 1738/1420/308 1740/1421/310 
f 1741/1422/311 1739/1423/309 1740/1424/310 1742/1425/312 
f 1743/1426/313 1741/1427/311 1742/1428/312 1744/1429/314 
f 1745/1430/315 1743/1431/313 1744/1432/314 1746/1433/316 
f 1747/1434/317 1745/1435/315 1746/1436/316 1748/1437/318 
f 1749/1438/319 1747/1439/317 1748/1440/318 1750/1441/320 
f 1751/1442/321 1749/1443/319 1750/1444/320 1752/1445/322 
f 1753/1446/323 1751/1447/321 1752/1448/322 1754/1449/324 
f 1656/1450/226 1753/1451/323 1754/1452/324 1657/1453/227 
f 1755/1454/325 1658/1455/228 1657/1456/227 1756/1457/326 
f 1756/1458/326 1657/1459/227 1754/1460/324 1757/1461/327 
f 7/1462/328 1756/1463/326 1757/1464/327 8/1465/329 
f 35/1466/330 1755/1467/325 1756/1457/326 7/1468/328 
f 8/1469/329 1757/1469/327 1758/1470/331 9/1471/332 
f 1757/1469/327 1754/1472/324 1752/1473/322 1758/1474/331 
f 9/1475/332 1758/1475/331 1759/1476/333 11/1477/334 
f 11/1478/334 1759/1479/333 1760/1480/335 12/1481/336 
f 12/1482/336 1760/1483/335 1761/1484/337 13/1485/338 
f 13/1486/338 1761/1487/337 1762/1488/339 14/1489/340 
f 14/1490/340 1762/1491/339 1763/1492/341 15/1493/342 
f 15/1494/342 1763/1495/341 1764/1496/343 16/1497/344 
f 16/1498/344 1764/1499/343 1765/1500/345 17/1501/346 
f 17/1502/346 1765/1503/345 1766/1504/347 18/1505/348 
f 18/1506/348 1766/1507/347 1767/1508/349 20/1509/350 
f 20/1510/350 1767/1511/349 1768/1512/351 21/1512/352 
f 21/1513/352 1768/1514/351 1769/1515/353 22/1516/354 
f 22/1517/354 1769/1518/353 1770/1519/355 23/1520/356 
f 23/1521/356 1770/1522/355 1771/1523/357 24/1524/358 
f 24/1525/358 1771/1526/357 1772/1527/359 25/1528/360 
f 25/1529/360 1772/1530/359 1773/1531/361 26/1532/362 
f 26/1533/362 1773/1534/361 1774/1535/363 27/1536/364 
f 27/1537/364 1774/1538/363 1775/1539/365 28/1540/366 
f 28/1541/366 1775/1542/365 1776/1543/367 29/1544/368 
f 29/1545/368 1776/1546/367 1777/1547/369 30/1548/370 
f 30/1549/370 1777/1550/369 1778/1551/371 31/1552/372 
f 31/1553/372 1778/1554/371 1779/1555/373 32/1556/374 
f 32/1557/374 1779/1558/373 1780/1559/375 33/1560/376 
f 33/1561/376 1780/1562/375 1781/1563/377 93/1564/378 
f 93/1565/378 1781/1566/377 1782/1567/379 94/1568/380 
f 94/1569/380 1782/1570/379 1783/1571/381 95/1572/382 
f 95/1573/382 1783/1574/381 1784/1575/383 96/1575/384 
f 96/1576/384 1784/1577/383 1785/1578/385 97/1579/386 
f 97/1580/386 1785/1581/385 1786/1582/387 98/1583/388 
f 98/1584/388 1786/1585/387 1787/1586/389 100/1587/390 
f 100/1588/390 1787/1589/389 1788/1590/391 101/1591/392 
f 101/1592/392 1788/1593/391 1789/1594/393 102/1595/394 
f 102/1596/394 1789/1597/393 1790/1598/395 103/1599/396 
f 103/1600/396 1790/1601/395 1791/1602/397 104/1603/398 
f 104/1604/398 1791/1604/397 1792/1605/399 105/1606/400 
f 105/1607/400 1792/1607/399 1793/1608/401 107/1609/402 
f 107/1610/402 1793/1611/401 1794/1612/403 106/1613/404 
f 106/1614/404 1794/1615/403 1795/1616/405 108/1617/406 
f 108/1618/406 1795/1619/405 1796/1620/407 99/1621/408 
f 99/1622/408 1796/1623/407 1797/1624/409 109/1625/410 
f 109/1626/410 1797/1627/409 1798/1628/411 110/1629/412 
f 110/1630/412 1798/1631/411 1799/1632/413 111/1633/414 
f 111/1634/414 1799/1635/413 1800/1503/415 112/1636/416 
f 112/1637/416 1800/1638/415 1801/1639/417 113/1640/418 
f 113/1641/418 1801/1642/417 1802/1643/419 114/1644/420 
f 114/1645/420 1802/1646/419 1803/1647/421 115/1648/422 
f 115/1649/422 1803/1650/421 1804/1651/423 116/1652/424 
f 116/1653/424 1804/1654/423 1755/1655/325 35/1656/330 
f 1804/1657/423 1660/1658/230 1658/1659/228 1755/1655/325 
f 1803/1650/421 1662/1660/232 1660/1661/230 1804/1651/423 
f 1802/1662/419 1664/1663/234 1662/1664/232 1803/1665/421 
f 1801/1666/417 1666/1667/236 1664/1668/234 1802/1643/419 
f 1800/1669/415 1668/1670/238 1666/1671/236 1801/1672/417 
f 1799/1635/413 1670/1673/240 1668/1674/238 1800/1503/415 
f 1798/1675/411 1672/1676/242 1670/1677/240 1799/1632/413 
f 1797/1678/409 1674/1679/244 1672/1680/242 1798/1681/411 
f 1796/1682/407 1676/1683/246 1674/1684/244 1797/1685/409 
f 1795/1686/405 1678/1687/248 1676/1688/246 1796/1689/407 
f 1794/1690/403 1680/1691/250 1678/1692/248 1795/1693/405 
f 1793/1694/401 1682/1695/252 1680/1696/250 1794/1697/403 
f 1792/1698/399 1684/1699/254 1682/1700/252 1793/1701/401 
f 1791/1702/397 1686/1703/256 1684/1704/254 1792/1705/399 
f 1790/1601/395 1688/1706/258 1686/1707/256 1791/1708/397 
f 1789/1597/393 1690/1709/260 1688/1710/258 1790/1711/395 
f 1788/1593/391 1692/1712/262 1690/1713/260 1789/1594/393 
f 1787/1589/389 1694/1714/264 1692/1715/262 1788/1716/391 
f 1786/1585/387 1696/1717/266 1694/1718/264 1787/1719/389 
f 1785/1720/385 1698/1719/268 1696/1721/266 1786/1614/387 
f 1784/1722/383 1700/1691/270 1698/1692/268 1785/1578/385 
f 1783/1619/381 1702/1723/272 1700/1724/270 1784/1620/383 
f 1782/1725/379 1704/1726/274 1702/1727/272 1783/1572/381 
f 1781/1728/377 1706/1729/276 1704/1730/274 1782/1568/379 
f 1780/1731/375 1708/1732/278 1706/1733/276 1781/1734/377 
f 1779/1735/373 1710/1736/280 1708/1737/278 1780/1738/375 
f 1778/1739/371 1712/1632/282 1710/1740/280 1779/1556/373 
f 1777/1741/369 1714/1742/284 1712/1743/282 1778/1744/371 
f 1776/1745/367 1716/1746/286 1714/1747/284 1777/1748/369 
f 1775/1749/365 1718/1750/288 1716/1751/286 1776/1544/367 
f 1774/1752/363 1720/1508/290 1718/1753/288 1775/1540/365 
f 1773/1754/361 1722/1755/292 1720/1756/290 1774/1757/363 
f 1772/1758/359 1724/1759/294 1722/1760/292 1773/1761/361 
f 1771/1762/357 1726/1763/296 1724/1764/294 1772/1528/359 
f 1770/1525/355 1728/1765/298 1726/1766/296 1771/1524/357 
f 1769/1767/353 1730/1768/300 1728/1769/298 1770/1520/355 
f 1768/1770/351 1732/1771/302 1730/1772/300 1769/1773/353 
f 1767/1774/349 1734/1775/304 1732/1534/302 1768/1776/351 
f 1766/1507/347 1736/1777/306 1734/1778/304 1767/1779/349 
f 1765/1780/345 1738/1781/308 1736/1782/306 1766/1504/347 
f 1764/1499/343 1740/1783/310 1738/1550/308 1765/1784/345 
f 1763/1495/341 1742/1735/312 1740/1785/310 1764/1496/343 
f 1762/1491/339 1744/1786/314 1742/1787/312 1763/1492/341 
f 1761/1788/337 1746/1789/316 1744/1790/314 1762/1791/339 
f 1760/1792/335 1748/1690/318 1746/1793/316 1761/1484/337 
f 1759/1794/333 1750/1795/320 1748/1605/318 1760/1796/335 
f 1758/1797/331 1752/1798/322 1750/1799/320 1759/1800/333 
f 1655/1801/225 1659/1802/229 1661/1803/231 1753/1804/323 
f 1661/1803/231 1663/1805/233 1665/1806/235 1669/1807/239 
f 1665/1806/235 1667/1808/237 1669/1807/239 
f 1669/1807/239 1671/1809/241 1673/1810/243 1677/1811/247 
f 1673/1810/243 1675/1812/245 1677/1811/247 
f 1677/1811/247 1679/1813/249 1681/1814/251 1669/1807/239 
f 1681/1814/251 1683/1815/253 1685/1816/255 1669/1807/239 
f 1685/1816/255 1687/1817/257 1689/1818/259 1669/1807/239 
f 1689/1818/259 1691/1819/261 1693/1820/263 1669/1807/239 
f 1693/1820/263 1695/1821/265 1697/1822/267 1669/1807/239 
f 1697/1822/267 1699/1823/269 1701/1824/271 1669/1807/239 
f 1701/1824/271 1703/1825/273 1705/1826/275 1669/1807/239 
f 1705/1826/275 1707/1827/277 1709/1828/279 1669/1807/239 
f 1709/1828/279 1711/1829/281 1713/1830/283 1669/1807/239 
f 1713/1830/283 1715/1831/285 1717/1832/287 1669/1807/239 
f 1717/1832/287 1719/1833/289 1721/1834/291 1669/1807/239 
f 1721/1834/291 1723/1835/293 1725/1836/295 1669/1807/239 
f 1725/1836/295 1727/1837/297 1729/1838/299 1669/1807/239 
f 1729/1838/299 1731/1839/301 1733/1840/303 1669/1807/239 
f 1733/1840/303 1735/1841/305 1737/1842/307 1669/1807/239 
f 1737/1842/307 1739/1843/309 1741/1844/311 1669/1807/239 
f 1741/1844/311 1743/1845/313 1745/1846/315 1669/1807/239 
f 1745/1846/315 1747/1847/317 1749/1848/319 1669/1807/239 
f 1749/1848/319 1751/1849/321 1753/1804/323 1669/1807/239 
f 1661/1803/231 1669/1807/239 1753/1804/323 
f 1655/1801/225 1753/1804/323 1656/1850/226 
f 1805/1851/425 1806/1852/426 1807/1853/427 1808/1854/428 
f 1805/1855/425 1806/1856/426 1809/1857/429 
f 1805/1855/425 1809/1857/429 2/1858/430 1810/1859/431 
f 2/1858/430 67/1860/432 68/1861/433 1810/1859/431 
f 1811/1862/434 1812/1863/435 1813/1864/436 1814/1865/437 
f 1813/1864/436 1815/1866/438 1816/1867/439 1814/1865/437 
f 1816/1867/439 1817/1868/440 1818/1869/441 1814/1865/437 
f 1818/1869/441 1819/1870/442 1820/1871/443 1821/1872/444 
f 1820/1871/443 1822/1873/445 1821/1872/444 
f 1821/1872/444 1823/1874/446 1824/1875/447 1825/1876/448 
f 1824/1875/447 1826/1877/449 1825/1876/448 
f 1818/1869/441 1821/1872/444 1825/1876/448 1814/1865/437 
f 1811/1862/434 1814/1865/437 1827/1878/450 1828/1879/451 
f 1811/1862/434 1828/1879/451 1829/1880/452 1830/1881/453 
f 1811/1862/434 1830/1881/453 1831/1882/454 68/1861/433 
f 68/1861/433 1831/1882/454 1810/1859/431 
f 1805/1855/425 1810/1859/431 1832/1883/455 
f 1806/1884/426 1809/1885/429 1833/1886/456 1807/1887/427 
f 36/1888/457 1807/1889/427 1833/1890/456 37/1891/458 
f 64/1892/459 1808/1893/428 1807/1894/427 36/1895/457 
f 37/1896/458 1833/1897/456 1834/1898/460 38/1899/461 
f 1809/1900/429 1835/1901/462 1834/1902/460 1833/1903/456 
f 38/1904/461 1834/1905/460 1836/1906/463 40/1907/464 
f 40/1908/464 1836/1909/463 1837/1910/465 39/1911/466 
f 39/1912/466 1837/1913/465 1838/1914/467 41/1915/468 
f 41/1916/468 1838/1917/467 1839/1918/469 42/1919/470 
f 42/1920/470 1839/1921/469 1840/1922/471 44/1923/472 
f 44/1924/472 1840/1925/471 1841/1926/473 45/1927/474 
f 45/1928/474 1841/1929/473 1842/1930/475 46/1931/476 
f 46/1932/476 1842/1933/475 1843/1934/477 47/1935/478 
f 47/1936/478 1843/1937/477 1844/1938/479 48/1939/480 
f 48/1940/480 1844/1941/479 1845/1942/481 49/1943/482 
f 49/1944/482 1845/1945/481 1846/1946/483 50/1947/484 
f 50/1948/484 1846/1949/483 1847/1950/485 51/1951/486 
f 51/1952/486 1847/1953/485 1848/1954/487 52/1955/488 
f 52/1956/488 1848/1957/487 1849/1958/489 53/1959/490 
f 53/1960/490 1849/1961/489 1850/1962/491 54/1963/492 
f 54/1964/492 1850/1965/491 1851/1966/493 55/1967/494 
f 55/1968/494 1851/1969/493 1852/1970/495 56/1971/496 
f 56/1972/496 1852/1973/495 1853/1974/497 57/1975/498 
f 57/1976/498 1853/1977/497 1854/1978/499 58/1979/500 
f 58/1980/500 1854/1981/499 1855/1982/501 59/1983/502 
f 59/1984/502 1855/1985/501 1856/1986/503 60/1987/504 
f 60/1988/504 1856/1989/503 1857/1990/505 61/1991/506 
f 61/1992/506 1857/1993/505 1858/1994/507 69/1995/508 
f 69/1996/508 1858/1997/507 1859/1998/509 70/1999/510 
f 70/2000/510 1859/2001/509 1860/2002/511 71/2003/512 
f 71/2004/512 1860/2005/511 1861/2006/513 72/2007/514 
f 72/2008/514 1861/2009/513 1862/2010/515 74/2011/516 
f 74/2012/516 1862/2013/515 1863/2014/517 73/2015/518 
f 73/2016/518 1863/2017/517 1864/2018/519 75/2019/520 
f 75/2020/520 1864/2021/519 1865/2022/521 76/2023/522 
f 76/2024/522 1865/2025/521 1866/2026/523 78/2027/524 
f 78/2028/524 1866/2029/523 1867/2030/525 77/2031/526 
f 77/2032/526 1867/2033/525 1868/2034/527 79/2035/528 
f 79/2036/528 1868/2037/527 1869/2038/529 80/2039/530 
f 80/2040/530 1869/2041/529 1870/2042/531 82/2043/532 
f 82/2044/532 1870/2045/531 1871/2046/533 81/2047/534 
f 81/2048/534 1871/2049/533 1872/2050/535 83/2051/536 
f 83/2052/536 1872/2053/535 1873/2054/537 84/2055/538 
f 84/2056/538 1873/2057/537 1874/2058/539 85/2059/540 
f 85/2060/540 1874/2061/539 1875/2062/541 86/2063/542 
f 86/2064/542 1875/2065/541 1876/2066/543 87/2067/544 
f 87/2068/544 1876/2069/543 1877/2070/545 88/2071/546 
f 88/2072/546 1877/2073/545 1878/2074/547 89/2075/548 
f 89/2076/548 1878/2077/547 1879/2078/549 90/2079/550 
f 90/2080/550 1879/2081/549 1880/2082/551 91/2083/552 
f 91/2084/552 1880/2085/551 1881/2086/553 92/2087/554 
f 92/2088/554 1881/2089/553 1808/2090/428 64/2091/459 
f 1832/2092/455 1805/2093/425 1808/2094/428 
f 1808/2094/428 1881/2095/553 1832/2092/455 
f 1810/2096/431 1832/2097/455 1881/2098/553 
f 1881/2098/553 1880/2099/551 1810/2096/431 
f 1831/2100/454 1810/2101/431 1880/2102/551 
f 1880/2102/551 1879/2103/549 1831/2100/454 
f 1830/2104/453 1831/2105/454 1879/2106/549 
f 1879/2106/549 1878/2107/547 1830/2104/453 
f 1829/2108/452 1830/2109/453 1878/2110/547 
f 1878/2110/547 1877/2111/545 1829/2108/452 
f 1828/2112/451 1829/2113/452 1877/2114/545 
f 1877/2114/545 1876/2115/543 1828/2112/451 
f 1827/2116/450 1828/2117/451 1876/2118/543 
f 1876/2118/543 1875/2119/541 1827/2116/450 
f 1814/2120/437 1827/2121/450 1875/2122/541 
f 1875/2122/541 1874/2123/539 1814/2120/437 
f 1825/2124/448 1814/2125/437 1874/2126/539 
f 1874/2126/539 1873/2127/537 1825/2124/448 
f 1826/2128/449 1825/2129/448 1873/2130/537 
f 1873/2130/537 1872/2131/535 1826/2128/449 
f 1824/2132/447 1826/2133/449 1872/2134/535 
f 1872/2134/535 1871/2135/533 1824/2132/447 
f 1823/2136/446 1824/2137/447 1871/2138/533 
f 1871/2138/533 1870/2139/531 1823/2136/446 
f 1821/2140/444 1823/2141/446 1870/2142/531 
f 1870/2142/531 1869/2143/529 1821/2140/444 
f 1822/2144/445 1821/2145/444 1869/2146/529 
f 1869/2146/529 1868/2147/527 1822/2144/445 
f 1820/2148/443 1822/2149/445 1868/2150/527 
f 1868/2150/527 1867/2151/525 1820/2148/443 
f 1819/2152/442 1820/2153/443 1867/2154/525 
f 1867/2154/525 1866/2155/523 1819/2152/442 
f 1818/2156/441 1819/2157/442 1866/2158/523 
f 1866/2158/523 1865/2159/521 1818/2156/441 
f 1817/2160/440 1818/2161/441 1865/2162/521 
f 1865/2162/521 1864/2163/519 1817/2160/440 
f 1816/2164/439 1817/2165/440 1864/2166/519 
f 1864/2166/519 1863/2167/517 1816/2164/439 
f 1815/2168/438 1816/2169/439 1863/2170/517 
f 1863/2170/517 1862/2171/515 1815/2168/438 
f 1813/2172/436 1815/2173/438 1862/2174/515 
f 1862/2174/515 1861/2175/513 1813/2172/436 
f 1812/2176/435 1813/2177/436 1861/2178/513 
f 1861/2178/513 1860/2179/511 1812/2176/435 
f 1811/2180/434 1812/2181/435 1860/2182/511 
f 1860/2182/511 1859/2183/509 1811/2180/434 
f 1882/2184/555 1811/2185/434 1859/2186/509 1858/2187/507 
f 1883/2188/556 1882/2189/555 1858/2190/507 1857/2191/505 
f 1884/2192/557 1883/2193/556 1857/2194/505 1856/2195/503 
f 1885/2196/558 1884/2197/557 1856/2198/503 1855/2199/501 
f 1886/2200/559 1885/2201/558 1855/2202/501 1854/2203/499 
f 1887/2204/560 1886/2205/559 1854/2206/499 1853/2106/497 
f 1888/2207/561 1887/2208/560 1853/2209/497 1852/2210/495 
f 1889/2211/562 1888/2212/561 1852/2213/495 1851/2214/493 
f 1890/2215/563 1889/2216/562 1851/2217/493 1850/2218/491 
f 1891/2219/564 1890/2220/563 1850/2221/491 1849/2222/489 
f 1892/2223/565 1891/2224/564 1849/2225/489 1848/2226/487 
f 1893/2227/566 1892/2228/565 1848/2229/487 1847/2230/485 
f 1894/2231/567 1893/2232/566 1847/2233/485 1846/2234/483 
f 1895/2235/568 1894/2236/567 1846/2237/483 1845/2238/481 
f 1896/2239/569 1895/2240/568 1845/2241/481 1844/2242/479 
f 1897/2243/570 1896/2244/569 1844/2245/479 1843/2246/477 
f 1898/2247/571 1897/2248/570 1843/2249/477 1842/2250/475 
f 1899/2251/572 1898/2252/571 1842/2253/475 1841/2254/473 
f 1900/2255/573 1899/2256/572 1841/2257/473 1840/2258/471 
f 1901/2259/574 1900/2260/573 1840/2261/471 1839/2262/469 
f 1902/2263/575 1901/2264/574 1839/2265/469 1838/2266/467 
f 1903/2267/576 1902/2268/575 1838/2269/467 1837/2270/465 
f 1904/2120/577 1903/2121/576 1837/2271/465 1836/2272/463 
f 1835/2273/462 1904/2274/577 1836/2275/463 1834/2276/460 
f 68/1861/433 3/2277/578 2/1858/430 
f 1809/1857/429 1835/2278/462 1904/2279/577 
f 1904/2279/577 1903/2280/576 1902/2281/575 
f 1902/2281/575 1901/2282/574 1900/2283/573 
f 1900/2283/573 1899/2284/572 1898/2285/571 
f 1898/2285/571 1897/2286/570 1896/2287/569 
f 1900/2283/573 1898/2285/571 1896/2287/569 1892/2288/565 
f 1896/2287/569 1895/2289/568 1894/2290/567 
f 1894/2290/567 1893/2291/566 1892/2288/565 
f 1896/2287/569 1894/2290/567 1892/2288/565 
f 1900/2283/573 1892/2288/565 1891/2292/564 
f 1902/2281/575 1900/2283/573 1891/2292/564 1904/2279/577 
f 1809/1857/429 1904/2279/577 1891/2292/564 
f 1809/1857/429 1891/2292/564 1890/2293/563 
f 1809/1857/429 1890/2293/563 1889/2294/562 
f 1809/1857/429 1889/2294/562 1888/2295/561 
f 1809/1857/429 1888/2295/561 1887/2296/560 
f 1809/1857/429 1887/2296/560 1886/2297/559 
f 2/1858/430 1809/1857/429 1886/2297/559 
f 2/1858/430 1886/2297/559 1885/2298/558 
f 2/1858/430 1885/2298/558 1884/2299/557 
f 2/1858/430 1884/2299/557 1883/2300/556 
f 68/1861/433 2/1858/430 1883/2300/556 
f 1811/1862/434 68/1861/433 1883/2300/556 
f 1811/1862/434 1883/2300/556 1882/2301/555 
f 1905/2302/225 1906/2303/226 1907/2304/227 1908/2305/579 
f 1909/2306/229 1905/2307/225 1908/2308/579 1910/2309/580 
f 1911/2310/231 1909/2311/229 1910/2312/580 1912/2313/232 
f 1913/2314/233 1911/2315/231 1912/2316/232 1914/2317/234 
f 1915/2318/235 1913/2319/233 1914/2320/234 1916/2321/236 
f 1917/2322/581 1915/2323/235 1916/2324/236 1918/2325/582 
f 1919/2326/239 1917/2327/581 1918/2328/582 1920/2329/240 
f 1921/2330/241 1919/2331/239 1920/2332/240 1922/2333/242 
f 1923/2334/583 1921/2335/241 1922/2336/242 1924/2337/244 
f 1925/2338/245 1923/2339/583 1924/2340/244 1926/2341/246 
f 1927/2342/584 1925/2343/245 1926/2344/246 1928/2345/248 
f 1929/2346/249 1927/2347/584 1928/2348/248 1930/2349/585 
f 1931/2350/586 1929/2351/249 1930/2352/585 1932/2353/252 
f 1933/2354/253 1931/2355/586 1932/2356/252 1934/2357/587 
f 1935/2358/255 1933/2359/253 1934/2360/587 1936/2361/256 
f 1937/2362/588 1935/2363/255 1936/2364/256 1938/2365/258 
f 1939/2366/589 1937/2367/588 1938/2368/258 1940/2369/260 
f 1941/2370/590 1939/2371/589 1940/2372/260 1942/2373/591 
f 1943/2374/592 1941/2375/590 1942/2376/591 1944/2377/593 
f 1945/2378/265 1943/2379/592 1944/2380/593 1946/2381/266 
f 1947/2382/267 1945/2383/265 1946/2384/266 1948/2385/594 
f 1949/2386/269 1947/2387/267 1948/2388/594 1950/2389/270 
f 1951/2390/271 1949/2391/269 1950/2392/270 1952/2393/272 
f 1953/2394/273 1951/2395/271 1952/2396/272 1954/2397/595 
f 1955/2398/275 1953/2399/273 1954/2400/595 1956/2401/276 
f 1957/2402/277 1955/2398/275 1956/2401/276 1958/2403/596 
f 1959/2404/279 1957/2405/277 1958/2406/596 1960/2407/280 
f 1961/2408/281 1959/2409/279 1960/2410/280 1962/2411/282 
f 1963/2412/283 1961/2413/281 1962/2414/282 1964/2415/284 
f 1965/2416/285 1963/2417/283 1964/2418/284 1966/2419/597 
f 1967/2420/287 1965/2421/285 1966/2422/597 1968/2423/288 
f 1969/2424/289 1967/2425/287 1968/2426/288 1970/2427/290 
f 1971/2428/291 1969/2429/289 1970/2430/290 1972/2431/292 
f 1973/2432/293 1971/2433/291 1972/2434/292 1974/2435/294 
f 1975/2436/295 1973/2437/293 1974/2438/294 1976/2439/598 
f 1977/2440/599 1975/2441/295 1976/2442/598 1978/2443/298 
f 1979/2444/299 1977/2445/599 1978/2446/298 1980/2447/300 
f 1981/2448/301 1979/2449/299 1980/2450/300 1982/2451/600 
f 1983/2452/303 1981/2453/301 1982/2454/600 1984/2455/601 
f 1985/2456/305 1983/2457/303 1984/2458/601 1986/2459/306 
f 1987/2460/602 1985/2461/305 1986/2462/306 1988/2463/603 
f 1989/2464/309 1987/2465/602 1988/2466/603 1990/2467/310 
f 1991/2468/311 1989/2469/309 1990/2470/310 1992/2471/604 
f 1993/2472/605 1991/2473/311 1992/2474/604 1994/2475/314 
f 1995/2476/315 1993/2477/605 1994/2478/314 1996/2479/316 
f 1997/2480/606 1995/2481/315 1996/2482/316 1998/2483/318 
f 1999/2484/319 1997/2485/606 1998/2486/318 2000/2487/607 
f 2001/2488/321 1999/2489/319 2000/2490/607 2002/2491/322 
f 2003/2492/323 2001/2493/321 2002/2494/322 2004/2495/324 
f 1906/2496/226 2003/2497/323 2004/2498/324 1907/2499/227 
f 2005/2500/608 1908/2501/579 1907/2502/227 2006/2503/326 
f 2006/2504/326 1907/2505/227 2004/2506/324 2007/2507/327 
f 117/2504/328 2006/2508/326 2007/2509/327 118/2510/329 
f 166/2500/330 2005/2511/608 2006/2512/326 117/2513/328 
f 118/2514/329 2007/2515/327 2008/2516/331 119/2517/332 
f 2007/2518/327 2004/2519/324 2002/2520/322 2008/2521/331 
f 119/2522/332 2008/2522/331 2009/2523/333 121/2524/334 
f 121/2525/334 2009/2526/333 2010/2527/335 122/2528/336 
f 122/2529/336 2010/2530/335 2011/2531/337 124/2532/338 
f 124/2532/338 2011/2533/337 2012/2534/339 123/2535/340 
f 123/2536/340 2012/2537/339 2013/2538/341 125/2539/342 
f 125/2540/342 2013/2541/341 2014/2542/343 126/2543/344 
f 126/2544/344 2014/2545/343 2015/2546/345 128/2547/346 
f 128/2548/346 2015/2549/345 2016/2550/609 127/2551/348 
f 127/2552/348 2016/2553/609 2017/2554/349 129/2555/350 
f 129/2556/350 2017/1799/349 2018/2557/610 130/2557/352 
f 130/2558/352 2018/2559/610 2019/2560/353 132/2561/354 
f 132/2562/354 2019/2563/353 2020/2564/355 131/2565/356 
f 131/2566/356 2020/2567/355 2021/2568/357 134/1699/358 
f 134/1595/358 2021/2569/357 2022/1609/359 133/2570/360 
f 133/2571/360 2022/2572/359 2023/2573/361 135/2574/362 
f 135/2575/362 2023/2576/361 2024/2577/363 136/2578/364 
f 136/2579/364 2024/2580/363 2025/2581/365 137/2582/366 
f 137/2583/366 2025/2584/365 2026/2585/367 138/2586/368 
f 138/2587/368 2026/2588/367 2027/2589/611 139/2590/370 
f 139/2591/370 2027/2592/611 2028/2593/371 140/2594/372 
f 140/2595/372 2028/2596/371 2029/2597/373 141/2598/374 
f 141/2599/374 2029/2600/373 2030/2601/375 142/2602/376 
f 142/2603/376 2030/2604/375 2031/2605/377 143/2606/378 
f 143/2607/378 2031/2608/377 2032/2609/379 144/2610/380 
f 144/2611/380 2032/2612/379 2033/2613/612 145/2614/382 
f 145/2615/382 2033/1558/612 2034/2616/613 146/2616/384 
f 146/2617/384 2034/2618/613 2035/2619/614 147/2620/386 
f 147/2621/386 2035/2622/614 2036/2623/615 148/2624/388 
f 148/2625/388 2036/1784/615 2037/2626/616 149/2627/390 
f 149/2628/390 2037/2629/616 2038/2630/391 150/2631/392 
f 150/2632/392 2038/2633/391 2039/2634/617 151/2635/618 
f 151/2636/618 2039/2637/617 2040/2638/395 152/2639/396 
f 152/2640/396 2040/2641/395 2041/2642/397 153/2643/398 
f 153/2644/398 2041/2645/397 2042/2646/619 154/2647/400 
f 154/2648/400 2042/2649/619 2043/2650/620 155/2651/402 
f 155/2652/402 2043/2653/620 2044/2654/403 156/2655/404 
f 156/2656/404 2044/2657/403 2045/2658/621 157/2659/406 
f 157/2660/406 2045/2661/621 2046/2662/622 158/2663/408 
f 158/2664/408 2046/2665/622 2047/2666/409 159/2667/410 
f 159/2668/410 2047/2669/409 2048/2670/411 160/2671/412 
f 160/2672/412 2048/2673/411 2049/2674/413 161/2675/414 
f 161/2676/414 2049/2677/413 2050/2678/415 162/2679/416 
f 162/2680/416 2050/2681/415 2051/2682/417 163/2683/418 
f 163/2684/418 2051/2685/417 2052/2686/419 164/2687/420 
f 164/2688/420 2052/2689/419 2053/2690/421 165/2691/422 
f 165/2692/422 2053/2693/421 2054/2694/423 120/2695/424 
f 120/2696/424 2054/2697/423 2005/2698/608 166/2699/330 
f 2054/2700/423 1910/2701/580 1908/2702/579 2005/2703/608 
f 2053/2704/421 1912/2705/232 1910/2706/580 2054/2707/423 
f 2052/2708/419 1914/2709/234 1912/2710/232 2053/2711/421 
f 2051/2712/417 1916/2713/236 1914/2714/234 2052/2715/419 
f 2050/2716/415 1918/2717/582 1916/2718/236 2051/2719/417 
f 2049/2720/413 1920/2721/240 1918/2722/582 2050/2723/415 
f 2048/2724/411 1922/2725/242 1920/2726/240 2049/2727/413 
f 2047/2728/409 1924/2729/244 1922/2730/242 2048/2731/411 
f 2046/2732/622 1926/2733/246 1924/2728/244 2047/2734/409 
f 2045/2735/621 1928/2736/248 1926/2737/246 2046/2738/622 
f 2044/2739/403 1930/2740/585 1928/2741/248 2045/2742/621 
f 2043/2743/620 1932/2744/252 1930/2745/585 2044/2746/403 
f 2042/2648/619 1934/2747/587 1932/2748/252 2043/2749/620 
f 2041/2750/397 1936/2751/256 1934/2752/587 2042/2646/619 
f 2040/2641/395 1938/2753/258 1936/2754/256 2041/2755/397 
f 2039/2637/617 1940/2756/260 1938/2757/258 2040/2638/395 
f 2038/2633/391 1942/2758/591 1940/2759/260 2039/2634/617 
f 2037/2760/616 1944/2761/593 1942/2762/591 2038/2630/391 
f 2036/1784/615 1946/2763/266 1944/2627/593 2037/2626/616 
f 2035/2622/614 1948/2764/594 1946/2765/266 2036/2766/615 
f 2034/2767/613 1950/2768/270 1948/2769/594 2035/2619/614 
f 2033/2770/612 1952/2771/272 1950/2772/270 2034/1559/613 
f 2032/2773/379 1954/2774/595 1952/2775/272 2033/2614/612 
f 2031/2776/377 1956/2777/276 1954/2778/595 2032/2779/379 
f 2030/2780/375 1958/2781/596 1956/2777/276 2031/2782/377 
f 2029/2597/373 1960/2783/280 1958/2784/596 2030/2785/375 
f 2028/2786/371 1962/2787/282 1960/2788/280 2029/2789/373 
f 2027/2790/611 1964/2791/284 1962/2792/282 2028/2793/371 
f 2026/2794/367 1966/2795/597 1964/2796/284 2027/1724/611 
f 2025/2797/365 1968/2798/288 1966/2799/597 2026/2800/367 
f 2024/2801/363 1970/2802/290 1968/2803/288 2025/2804/365 
f 2023/2805/361 1972/2806/292 1970/2807/290 2024/2808/363 
f 2022/2809/359 1974/2810/294 1972/2811/292 2023/2812/361 
f 2021/2813/357 1976/2814/598 1974/2815/294 2022/2816/359 
f 2020/2817/355 1978/2818/298 1976/2819/598 2021/1699/357 
f 2019/2820/353 1980/2821/300 1978/2822/298 2020/2565/355 
f 2018/2823/610 1982/2824/600 1980/2825/300 2019/2826/353 
f 2017/2827/349 1984/1800/601 1982/2828/600 2018/2829/610 
f 2016/2830/609 1986/2831/306 1984/2832/601 2017/2833/349 
f 2015/2834/345 1988/2835/603 1986/2836/306 2016/2550/609 
f 2014/2545/343 1990/2837/310 1988/2838/603 2015/2546/345 
f 2013/2541/341 1992/2839/604 1990/2840/310 2014/2542/343 
f 2012/2537/339 1994/2841/314 1992/2842/604 2013/2538/341 
f 2011/2533/337 1996/2532/316 1994/2843/314 2012/2844/339 
f 2010/2845/335 1998/2846/318 1996/2847/316 2011/2531/337 
f 2009/2848/333 2000/2849/607 1998/2850/318 2010/2851/335 
f 2008/2852/331 2002/2853/322 2000/2854/607 2009/2855/333 
f 1905/2856/225 1909/2857/229 1911/2858/231 2003/2859/323 
f 1911/2858/231 1913/2860/233 1915/2861/235 1919/2862/239 
f 1915/2861/235 1917/2863/581 1919/2862/239 
f 1919/2862/239 1921/2864/241 1923/2865/583 1927/2866/584 
f 1923/2865/583 1925/2867/245 1927/2866/584 
f 1927/2866/584 1929/2868/249 1931/2869/586 1919/2862/239 
f 1931/2869/586 1933/2870/253 1935/2871/255 1919/2862/239 
f 1935/2871/255 1937/2872/588 1939/2873/589 1919/2862/239 
f 1939/2873/589 1941/2874/590 1943/2875/592 1919/2862/239 
f 1943/2875/592 1945/2876/265 1947/2877/267 1919/2862/239 
f 1947/2877/267 1949/2878/269 1951/2879/271 1919/2862/239 
f 1951/2879/271 1953/2880/273 1955/2881/275 1919/2862/239 
f 1955/2881/275 1957/2882/277 1959/2883/279 1919/2862/239 
f 1959/2883/279 1961/2884/281 1963/2885/283 1919/2862/239 
f 1963/2885/283 1965/2886/285 1967/2887/287 1919/2862/239 
f 1967/2887/287 1969/2888/289 1971/2889/291 1919/2862/239 
f 1971/2889/291 1973/2890/293 1975/2891/295 1919/2862/239 
f 1975/2891/295 1977/2892/599 1979/2893/299 1919/2862/239 
f 1979/2893/299 1981/2894/301 1983/2895/303 1919/2862/239 
f 1983/2895/303 1985/2896/305 1987/2897/602 1919/2862/239 
f 1987/2897/602 1989/2898/309 1991/2899/311 1919/2862/239 
f 1991/2899/311 1993/2900/605 1995/2901/315 1919/2862/239 
f 1995/2901/315 1997/2902/606 1999/2903/319 1919/2862/239 
f 1999/2903/319 2001/2904/321 2003/2859/323 1919/2862/239 
f 1911/2858/231 1919/2862/239 2003/2859/323 
f 1905/2856/225 2003/2859/323 1906/2905/226 
f 2055/2906/225 2056/2907/226 2057/2908/427 2058/2909/428 
f 2055/2910/225 2059/2911/229 2060/2912/231 2061/2913/323 
f 2060/2912/231 2062/2914/233 2063/2915/623 2064/2916/239 
f 2063/2915/623 2065/2917/624 2064/2916/239 
f 2064/2916/239 2066/2918/241 2067/2919/243 2068/2920/247 
f 2067/2919/243 2069/2921/245 2068/2920/247 
f 2060/2912/231 2064/2916/239 2068/2920/247 2070/2922/255 
f 2068/2920/247 2071/2923/249 2072/2924/625 2070/2922/255 
f 2072/2924/625 2073/2925/253 2070/2922/255 
f 2070/2922/255 2074/2926/626 2075/2927/259 2076/2928/627 
f 2075/2927/259 2077/2929/590 2076/2928/627 
f 2060/2912/231 2070/2922/255 2076/2928/627 2078/2930/271 
f 2076/2928/627 2079/2931/265 2080/2932/267 2078/2930/271 
f 2080/2932/267 2081/2933/269 2078/2930/271 
f 2078/2930/271 2082/2934/273 2083/2935/275 2084/2936/279 
f 2083/2935/275 2085/2937/277 2084/2936/279 
f 2060/2912/231 2078/2930/271 2084/2936/279 2086/2938/628 
f 2084/2936/279 2087/2939/281 2088/2940/283 2086/2938/628 
f 2088/2940/283 2089/2941/285 2086/2938/628 
f 2086/2938/628 2090/2942/289 2091/2943/291 2092/2944/295 
f 2091/2943/291 2093/2945/629 2092/2944/295 
f 2060/2912/231 2086/2938/628 2092/2944/295 2094/2946/303 
f 2092/2944/295 2095/2947/630 2096/2948/631 2094/2946/303 
f 2096/2948/631 2097/2949/632 2094/2946/303 
f 2094/2946/303 2098/2950/305 2099/2951/633 2100/2952/311 
f 2099/2951/633 2101/2953/309 2100/2952/311 
f 2060/2912/231 2094/2946/303 2100/2952/311 2102/2954/319 
f 2100/2952/311 2103/2955/605 2104/2956/634 2102/2954/319 
f 2104/2956/634 2105/2957/317 2102/2954/319 
f 2102/2954/319 2106/2958/321 2061/2913/323 2060/2912/231 
f 2055/2910/225 2061/2913/323 2056/2959/226 
f 2056/2960/226 2061/2961/323 2107/2962/456 2057/2963/427 
f 167/2964/457 2057/2965/427 2107/2966/456 168/2967/458 
f 216/2968/459 2058/2969/428 2057/2970/427 167/2971/457 
f 168/2972/458 2107/2973/456 2108/2974/460 169/2975/461 
f 2061/2976/323 2106/2977/321 2108/2978/460 2107/2979/456 
f 169/2980/461 2108/2981/460 2109/2982/635 171/2983/464 
f 171/2984/464 2109/2985/635 2110/2986/465 172/2987/466 
f 172/2988/466 2110/2989/465 2111/2990/467 174/2991/468 
f 174/2992/468 2111/2993/467 2112/2994/469 173/2995/470 
f 173/2996/470 2112/2997/469 2113/2998/471 175/2999/472 
f 175/3000/472 2113/3001/471 2114/3002/473 176/3003/474 
f 176/3004/474 2114/3005/473 2115/3006/636 178/3007/476 
f 178/3008/476 2115/3009/636 2116/3010/477 177/3011/478 
f 177/3012/478 2116/3013/477 2117/3014/479 180/3015/480 
f 180/3016/480 2117/3017/479 2118/3018/481 181/3019/637 
f 181/3020/637 2118/3021/481 2119/3022/483 182/3023/484 
f 182/3024/484 2119/3025/483 2120/3026/485 179/3027/486 
f 179/3028/486 2120/3029/485 2121/3030/487 183/3031/488 
f 183/3032/488 2121/3033/487 2122/3034/638 184/3035/490 
f 184/3036/490 2122/3037/638 2123/3038/491 186/3039/492 
f 186/3040/492 2123/3041/491 2124/3042/493 185/3043/639 
f 185/3044/639 2124/3045/493 2125/3046/495 188/3047/496 
f 188/3048/496 2125/3049/495 2126/3050/497 189/3051/498 
f 189/3052/498 2126/3053/497 2127/3054/499 190/3055/500 
f 190/3056/500 2127/3057/499 2128/3058/501 187/3059/502 
f 187/3060/502 2128/3061/501 2129/3062/503 191/3063/504 
f 191/3064/504 2129/3065/503 2130/3066/505 192/3067/506 
f 192/3068/506 2130/3069/505 2131/3070/507 194/3071/508 
f 194/3072/508 2131/3073/507 2132/3074/509 193/3068/510 
f 193/3075/510 2132/3076/509 2133/3077/511 196/3078/512 
f 196/3079/512 2133/3080/511 2134/3081/513 197/3082/514 
f 197/3083/514 2134/3084/513 2135/3085/515 198/3086/516 
f 198/3087/516 2135/3088/515 2136/3089/517 195/3090/518 
f 195/3091/518 2136/3092/517 2137/3093/519 199/3094/520 
f 199/3095/520 2137/3096/519 2138/3097/521 200/3098/640 
f 200/3099/640 2138/3100/521 2139/3101/523 202/3102/524 
f 202/3103/524 2139/3104/523 2140/3105/525 201/3106/526 
f 201/3107/526 2140/3108/525 2141/3109/527 204/3110/528 
f 204/3111/528 2141/3112/527 2142/3113/529 205/3114/530 
f 205/3115/530 2142/3116/529 2143/3117/531 206/3118/641 
f 206/3119/641 2143/3120/531 2144/3121/533 203/3122/534 
f 203/3123/534 2144/3124/533 2145/3125/535 207/3126/536 
f 207/3127/536 2145/3128/535 2146/3129/537 208/3130/538 
f 208/3131/538 2146/3132/537 2147/3133/642 210/3134/540 
f 210/3135/540 2147/3136/642 2148/3137/541 209/3138/542 
f 209/3139/542 2148/3140/541 2149/3141/543 212/3142/544 
f 212/3143/544 2149/3144/543 2150/3145/545 213/3146/546 
f 213/3147/546 2150/3148/545 2151/3149/547 214/3150/548 
f 214/3151/548 2151/3152/547 2152/3153/549 211/3154/550 
f 211/3155/550 2152/3156/549 2153/3157/643 215/3158/552 
f 215/3159/552 2153/3160/643 2154/3161/553 170/3162/554 
f 170/3163/554 2154/3164/553 2058/3165/428 216/3166/459 
f 2059/3167/229 2055/3168/225 2058/3169/428 2154/3170/553 
f 2060/3171/231 2059/3172/229 2154/3173/553 2153/3174/643 
f 2062/3175/233 2060/3176/231 2153/3177/643 2152/3178/549 
f 2063/3179/623 2062/3180/233 2152/3181/549 2151/3182/547 
f 2065/3183/624 2063/3184/623 2151/3185/547 2150/3186/545 
f 2064/3187/239 2065/3188/624 2150/3189/545 2149/3190/543 
f 2066/3191/241 2064/3192/239 2149/3193/543 2148/3194/541 
f 2067/3195/243 2066/3196/241 2148/3197/541 2147/3198/642 
f 2069/3199/245 2067/3200/243 2147/3201/642 2146/3202/537 
f 2068/3203/247 2069/3204/245 2146/3205/537 2145/3206/535 
f 2071/3207/249 2068/3208/247 2145/3209/535 2144/3210/533 
f 2072/3211/625 2071/3212/249 2144/3213/533 2143/3214/531 
f 2073/3215/253 2072/3216/625 2143/3217/531 2142/3218/529 
f 2070/3219/255 2073/3220/253 2142/3221/529 2141/3222/527 
f 2074/3223/626 2070/3224/255 2141/3225/527 2140/3226/525 
f 2075/3227/259 2074/3228/626 2140/3229/525 2139/3230/523 
f 2077/3231/590 2075/3232/259 2139/3233/523 2138/3234/521 
f 2076/3235/627 2077/3236/590 2138/3237/521 2137/3238/519 
f 2079/3239/265 2076/3240/627 2137/3241/519 2136/3242/517 
f 2080/3243/267 2079/3244/265 2136/3245/517 2135/3246/515 
f 2081/3247/269 2080/3248/267 2135/3249/515 2134/3250/513 
f 2078/3251/271 2081/3252/269 2134/3253/513 2133/3254/511 
f 2082/3255/273 2078/3256/271 2133/3257/511 2132/3258/509 
f 2083/3259/275 2082/3260/273 2132/3261/509 2131/3262/507 
f 2085/3263/277 2083/3259/275 2131/3262/507 2130/3264/505 
f 2084/3265/279 2085/3266/277 2130/3267/505 2129/3268/503 
f 2087/3269/281 2084/3270/279 2129/3271/503 2128/3272/501 
f 2088/3273/283 2087/3274/281 2128/3275/501 2127/3276/499 
f 2089/3277/285 2088/3278/283 2127/3279/499 2126/3280/497 
f 2086/3281/628 2089/3282/285 2126/3283/497 2125/3284/495 
f 2090/3285/289 2086/3286/628 2125/3287/495 2124/3288/493 
f 2091/3289/291 2090/3290/289 2124/3291/493 2123/3292/491 
f 2093/3293/629 2091/3294/291 2123/3295/491 2122/3296/638 
f 2092/3297/295 2093/3298/629 2122/3299/638 2121/3300/487 
f 2095/3301/630 2092/3302/295 2121/3303/487 2120/3304/485 
f 2096/3305/631 2095/3306/630 2120/3307/485 2119/3308/483 
f 2097/3309/632 2096/3310/631 2119/3311/483 2118/3312/481 
f 2094/3313/303 2097/3314/632 2118/3315/481 2117/3316/479 
f 2098/3317/305 2094/3318/303 2117/3319/479 2116/3320/477 
f 2099/3321/633 2098/3322/305 2116/3323/477 2115/3324/636 
f 2101/3325/309 2099/3326/633 2115/3327/636 2114/3328/473 
f 2100/3329/311 2101/3330/309 2114/3331/473 2113/3332/471 
f 2103/3333/605 2100/3334/311 2113/3335/471 2112/3336/469 
f 2104/3337/634 2103/3338/605 2112/3339/469 2111/3340/467 
f 2105/3341/317 2104/3342/634 2111/3343/467 2110/3344/465 
f 2102/3345/319 2105/3346/317 2110/3347/465 2109/3348/635 
f 2106/3349/321 2102/3350/319 2109/3351/635 2108/3352/460 
f 2155/1258/425 2156/1261/644 2157/1260/645 2158/1259/426 
f 2159/1262/455 2160/1265/646 2156/1264/644 2155/1263/425 
f 2161/1266/431 2162/1269/647 2160/1268/646 2159/1267/455 
f 2163/1270/454 2164/1273/648 2162/1272/647 2161/1271/431 
f 2165/1274/453 2166/1277/649 2164/1276/648 2163/1275/454 
f 2167/1278/650 2168/1281/651 2166/1280/649 2165/1279/453 
f 2169/1282/451 2170/1285/652 2168/1284/651 2167/1283/650 
f 2171/1286/450 2172/1289/653 2170/1288/652 2169/1287/451 
f 2173/1290/654 2174/1293/655 2172/1292/653 2171/1291/450 
f 2175/1294/448 2176/1297/656 2174/1296/655 2173/1295/654 
f 2177/1298/449 2178/1301/657 2176/1300/656 2175/1299/448 
f 2179/1302/447 2180/1305/658 2178/1304/657 2177/1303/449 
f 2181/1306/659 2182/1309/660 2180/1308/658 2179/1307/447 
f 2183/1310/444 2184/1313/661 2182/1312/660 2181/1311/659 
f 2185/1314/445 2186/1317/662 2184/1316/661 2183/1315/444 
f 2187/1318/663 2188/1321/664 2186/1320/662 2185/1319/445 
f 2189/1322/442 2190/1325/665 2188/1324/664 2187/1323/663 
f 2191/1326/666 2192/1329/667 2190/1328/665 2189/1327/442 
f 2193/1330/668 2194/1333/669 2192/1332/667 2191/1331/666 
f 2195/1334/439 2196/1337/670 2194/1336/669 2193/1335/668 
f 2197/1338/438 2198/1341/671 2196/1340/670 2195/1339/439 
f 2199/1302/436 2200/1305/672 2198/1304/671 2197/1303/438 
f 2201/1342/435 2202/1345/673 2200/1344/672 2199/1343/436 
f 2203/1346/434 2204/1349/674 2202/1348/673 2201/1347/435 
f 2205/1350/555 2206/1353/675 2204/1352/674 2203/1351/434 
f 2207/1354/556 2208/1357/676 2206/1356/675 2205/1355/555 
f 2209/1358/557 2210/1361/677 2208/1360/676 2207/1359/556 
f 2211/1362/558 2212/1365/678 2210/1364/677 2209/1363/557 
f 2213/1366/559 2214/1369/679 2212/1368/678 2211/1367/558 
f 2215/1370/560 2216/1373/680 2214/1372/679 2213/1371/559 
f 2217/1374/561 2218/1377/681 2216/1376/680 2215/1375/560 
f 2219/1378/562 2220/1381/682 2218/1380/681 2217/1379/561 
f 2221/1382/563 2222/1385/683 2220/1384/682 2219/1383/562 
f 2223/1386/684 2224/1389/685 2222/1388/683 2221/1387/563 
f 2225/1390/565 2226/1393/686 2224/1392/685 2223/1391/684 
f 2227/1394/687 2228/1397/688 2226/1396/686 2225/1395/565 
f 2229/1398/689 2230/1401/690 2228/1400/688 2227/1399/687 
f 2231/1402/691 2232/1405/692 2230/1404/690 2229/1403/689 
f 2233/1406/569 2234/1409/693 2232/1408/692 2231/1407/691 
f 2235/1410/570 2236/1413/694 2234/1412/693 2233/1411/569 
f 2237/1414/695 2238/1417/696 2236/1416/694 2235/1415/570 
f 2239/1418/572 2240/1421/697 2238/1420/696 2237/1419/695 
f 2241/1422/573 2242/1425/698 2240/1424/697 2239/1423/572 
f 2243/1426/699 2244/1429/700 2242/1428/698 2241/1427/573 
f 2245/1430/575 2246/1433/701 2244/1432/700 2243/1431/699 
f 2247/1434/576 2248/1437/702 2246/1436/701 2245/1435/575 
f 2249/1438/577 2250/1441/703 2248/1440/702 2247/1439/576 
f 2251/1442/462 2252/1445/704 2250/1444/703 2249/1443/577 
f 2253/1446/429 2254/1449/705 2252/1448/704 2251/1447/462 
f 2158/1450/426 2157/1453/645 2254/1452/705 2253/1451/429 
f 2255/1454/706 2256/1457/707 2157/1456/645 2156/1455/644 
f 2256/1458/707 2257/1461/708 2254/1460/705 2157/1459/645 
f 845/1462/709 873/1465/710 2257/1464/708 2256/1463/707 
f 846/1466/711 845/1468/709 2256/1457/707 2255/1467/706 
f 873/1469/710 848/1471/712 2258/1470/713 2257/1469/708 
f 2257/1469/708 2258/1474/713 2252/1473/704 2254/1472/705 
f 848/1475/712 872/1477/714 2259/1476/715 2258/1475/713 
f 872/1478/714 871/1481/716 2260/1480/717 2259/1479/715 
f 871/1482/716 870/1485/718 2261/1484/719 2260/1483/717 
f 870/1486/718 869/1489/720 2262/1488/721 2261/1487/719 
f 869/1490/720 868/1493/722 2263/1492/723 2262/1491/721 
f 868/1494/722 867/1497/724 2264/1496/725 2263/1495/723 
f 867/1498/724 866/1501/726 2265/1500/727 2264/1499/725 
f 866/1502/726 865/1505/728 2266/1504/729 2265/1503/727 
f 865/1506/728 864/1509/730 2267/1508/731 2266/1507/729 
f 864/1510/730 863/1512/732 2268/1512/733 2267/1511/731 
f 863/1513/732 854/1516/734 2269/1515/735 2268/1514/733 
f 854/1517/734 862/1520/736 2270/1519/737 2269/1518/735 
f 862/1521/736 861/1524/738 2271/1523/739 2270/1522/737 
f 861/1525/738 859/1528/740 2272/1527/741 2271/1526/739 
f 859/1529/740 860/1532/742 2273/1531/743 2272/1530/741 
f 860/1533/742 858/1536/744 2274/1535/745 2273/1534/743 
f 858/1537/744 857/1540/746 2275/1539/747 2274/1538/745 
f 857/1541/746 856/1544/748 2276/1543/749 2275/1542/747 
f 856/1545/748 855/1548/750 2277/1547/751 2276/1546/749 
f 855/1549/750 853/1552/752 2278/1551/753 2277/1550/751 
f 853/1553/752 852/1556/754 2279/1555/755 2278/1554/753 
f 852/1557/754 851/1560/756 2280/1559/757 2279/1558/755 
f 851/1561/756 954/1564/758 2281/1563/759 2280/1562/757 
f 954/1565/758 953/1568/760 2282/1567/761 2281/1566/759 
f 953/1569/760 952/1572/762 2283/1571/763 2282/1570/761 
f 952/1573/762 951/1575/764 2284/1575/765 2283/1574/763 
f 951/1576/764 950/1579/766 2285/1578/767 2284/1577/765 
f 950/1580/766 949/1583/768 2286/1582/769 2285/1581/767 
f 949/1584/768 948/1587/770 2287/1586/771 2286/1585/769 
f 948/1588/770 947/1591/772 2288/1590/773 2287/1589/771 
f 947/1592/772 946/1595/774 2289/1594/775 2288/1593/773 
f 946/1596/774 945/1599/776 2290/1598/777 2289/1597/775 
f 945/1600/776 944/1603/778 2291/1602/779 2290/1601/777 
f 944/1604/778 943/1606/780 2292/1605/781 2291/1604/779 
f 943/1607/780 942/1609/782 2293/1608/783 2292/1607/781 
f 942/1610/782 941/1613/784 2294/1612/785 2293/1611/783 
f 941/1614/784 933/1617/786 2295/1616/787 2294/1615/785 
f 933/1618/786 940/1621/788 2296/1620/789 2295/1619/787 
f 940/1622/788 938/1625/790 2297/1624/791 2296/1623/789 
f 938/1626/790 939/1629/792 2298/1628/793 2297/1627/791 
f 939/1630/792 937/1633/794 2299/1632/795 2298/1631/793 
f 937/1634/794 936/1636/796 2300/1503/797 2299/1635/795 
f 936/1637/796 935/1640/798 2301/1639/799 2300/1638/797 
f 935/1641/798 934/1644/800 2302/1643/801 2301/1642/799 
f 934/1645/800 932/1648/802 2303/1647/803 2302/1646/801 
f 932/1649/802 931/1652/804 2304/1651/805 2303/1650/803 
f 931/1653/804 846/1656/711 2255/1655/706 2304/1654/805 
f 2304/1657/805 2255/1655/706 2156/1659/644 2160/1658/646 
f 2303/1650/803 2304/1651/805 2160/1661/646 2162/1660/647 
f 2302/1662/801 2303/1665/803 2162/1664/647 2164/1663/648 
f 2301/1666/799 2302/1643/801 2164/1668/648 2166/1667/649 
f 2300/1669/797 2301/1672/799 2166/1671/649 2168/1670/651 
f 2299/1635/795 2300/1503/797 2168/1674/651 2170/1673/652 
f 2298/1675/793 2299/1632/795 2170/1677/652 2172/1676/653 
f 2297/1678/791 2298/1681/793 2172/1680/653 2174/1679/655 
f 2296/1682/789 2297/1685/791 2174/1684/655 2176/1683/656 
f 2295/1686/787 2296/1689/789 2176/1688/656 2178/1687/657 
f 2294/1690/785 2295/1693/787 2178/1692/657 2180/1691/658 
f 2293/1694/783 2294/1697/785 2180/1696/658 2182/1695/660 
f 2292/1698/781 2293/1701/783 2182/1700/660 2184/1699/661 
f 2291/1702/779 2292/1705/781 2184/1704/661 2186/1703/662 
f 2290/1601/777 2291/1708/779 2186/1707/662 2188/1706/664 
f 2289/1597/775 2290/1711/777 2188/1710/664 2190/1709/665 
f 2288/1593/773 2289/1594/775 2190/1713/665 2192/1712/667 
f 2287/1589/771 2288/1716/773 2192/1715/667 2194/1714/669 
f 2286/1585/769 2287/1719/771 2194/1718/669 2196/1717/670 
f 2285/1720/767 2286/1614/769 2196/1721/670 2198/1719/671 
f 2284/1722/765 2285/1578/767 2198/1692/671 2200/1691/672 
f 2283/1619/763 2284/1620/765 2200/1724/672 2202/1723/673 
f 2282/1725/761 2283/1572/763 2202/1727/673 2204/1726/674 
f 2281/1728/759 2282/1568/761 2204/1730/674 2206/1729/675 
f 2280/1731/757 2281/1734/759 2206/1733/675 2208/1732/676 
f 2279/1735/755 2280/1738/757 2208/1737/676 2210/1736/677 
f 2278/1739/753 2279/1556/755 2210/1740/677 2212/1632/678 
f 2277/1741/751 2278/1744/753 2212/1743/678 2214/1742/679 
f 2276/1745/749 2277/1748/751 2214/1747/679 2216/1746/680 
f 2275/1749/747 2276/1544/749 2216/1751/680 2218/1750/681 
f 2274/1752/745 2275/1540/747 2218/1753/681 2220/1508/682 
f 2273/1754/743 2274/1757/745 2220/1756/682 2222/1755/683 
f 2272/1758/741 2273/1761/743 2222/1760/683 2224/1759/685 
f 2271/1762/739 2272/1528/741 2224/1764/685 2226/1763/686 
f 2270/1525/737 2271/1524/739 2226/1766/686 2228/1765/688 
f 2269/1767/735 2270/1520/737 2228/1769/688 2230/1768/690 
f 2268/1770/733 2269/1773/735 2230/1772/690 2232/1771/692 
f 2267/1774/731 2268/1776/733 2232/1534/692 2234/1775/693 
f 2266/1507/729 2267/1779/731 2234/1778/693 2236/1777/694 
f 2265/1780/727 2266/1504/729 2236/1782/694 2238/1781/696 
f 2264/1499/725 2265/1784/727 2238/1550/696 2240/1783/697 
f 2263/1495/723 2264/1496/725 2240/1785/697 2242/1735/698 
f 2262/1491/721 2263/1492/723 2242/1787/698 2244/1786/700 
f 2261/1788/719 2262/1791/721 2244/1790/700 2246/1789/701 
f 2260/1792/717 2261/1484/719 2246/1793/701 2248/1690/702 
f 2259/1794/715 2260/1796/717 2248/1605/702 2250/1795/703 
f 2258/1797/713 2259/1800/715 2250/1799/703 2252/1798/704 
f 2155/1801/425 2158/1850/426 2253/1804/429 2161/1803/431 
f 2253/1804/429 2251/1849/462 2249/1848/577 2245/1846/575 
f 2249/1848/577 2247/1847/576 2245/1846/575 
f 2245/1846/575 2243/1845/699 2241/1844/573 2237/1842/695 
f 2241/1844/573 2239/1843/572 2237/1842/695 
f 2237/1842/695 2235/1841/570 2233/1840/569 2245/1846/575 
f 2233/1840/569 2231/1839/691 2229/1838/689 2245/1846/575 
f 2229/1838/689 2227/1837/687 2225/1836/565 2245/1846/575 
f 2225/1836/565 2223/1835/684 2221/1834/563 2245/1846/575 
f 2221/1834/563 2219/1833/562 2217/1832/561 2245/1846/575 
f 2217/1832/561 2215/1831/560 2213/1830/559 2245/1846/575 
f 2213/1830/559 2211/1829/558 2209/1828/557 2245/1846/575 
f 2209/1828/557 2207/1827/556 2205/1826/555 2245/1846/575 
f 2205/1826/555 2203/1825/434 2201/1824/435 2245/1846/575 
f 2201/1824/435 2199/1823/436 2197/1822/438 2245/1846/575 
f 2197/1822/438 2195/1821/439 2193/1820/668 2245/1846/575 
f 2193/1820/668 2191/1819/666 2189/1818/442 2245/1846/575 
f 2189/1818/442 2187/1817/663 2185/1816/445 2245/1846/575 
f 2185/1816/445 2183/1815/444 2181/1814/659 2245/1846/575 
f 2181/1814/659 2179/1813/447 2177/1811/449 2245/1846/575 
f 2177/1811/449 2175/1812/448 2173/1810/654 2245/1846/575 
f 2173/1810/654 2171/1809/450 2169/1807/451 2245/1846/575 
f 2169/1807/451 2167/1808/650 2165/1806/453 2245/1846/575 
f 2165/1806/453 2163/1805/454 2161/1803/431 2245/1846/575 
f 2253/1804/429 2245/1846/575 2161/1803/431 
f 2155/1801/425 2161/1803/431 2159/1802/455 
f 2305/1851/225 2306/1854/806 2307/1853/807 2308/1852/226 
f 2305/1855/225 2309/1883/229 2310/1859/231 840/1858/808 
f 2310/1859/231 2311/1882/233 2312/1881/235 840/1858/808 
f 2312/1881/235 2313/1880/624 2314/1879/239 840/1858/808 
f 2314/1879/239 2315/1878/241 2316/1865/809 840/1858/808 
f 2316/1865/809 2317/1876/245 2318/1877/247 906/1861/810 
f 2318/1877/247 2319/1875/249 2320/1874/586 906/1861/810 
f 2320/1874/586 2321/1872/253 2322/1873/255 906/1861/810 
f 2322/1873/255 2323/1871/626 2324/1870/259 906/1861/810 
f 2324/1870/259 2325/1869/590 2326/1868/627 906/1861/810 
f 2326/1868/627 2327/1867/265 2328/1866/267 906/1861/810 
f 2328/1866/267 2329/1864/269 2330/1863/271 906/1861/810 
f 2330/1863/271 2331/1862/273 906/1861/810 
f 2316/1865/809 906/1861/810 905/1860/811 840/1858/808 
f 2305/1855/225 840/1858/808 2332/1857/323 
f 2305/1855/225 2332/1857/323 2308/1856/226 
f 2308/1884/226 2307/1887/807 2333/1886/812 2332/1885/323 
f 874/1888/813 902/1891/814 2333/1890/812 2307/1889/807 
f 875/1892/815 874/1895/813 2307/1894/807 2306/1893/806 
f 902/1896/814 901/1899/816 2334/1898/817 2333/1897/812 
f 2332/1900/323 2333/1903/812 2334/1902/817 2335/1901/321 
f 901/1904/816 877/1907/818 2336/1906/819 2334/1905/817 
f 877/1908/818 900/1911/820 2337/1910/821 2336/1909/819 
f 900/1912/820 899/1915/822 2338/1914/823 2337/1913/821 
f 899/1916/822 898/1919/824 2339/1918/825 2338/1917/823 
f 898/1920/824 897/1923/826 2340/1922/827 2339/1921/825 
f 897/1924/826 896/1927/828 2341/1926/829 2340/1925/827 
f 896/1928/828 895/1931/830 2342/1930/831 2341/1929/829 
f 895/1932/830 894/1935/832 2343/1934/833 2342/1933/831 
f 894/1936/832 893/1939/834 2344/1938/835 2343/1937/833 
f 893/1940/834 892/1943/836 2345/1942/837 2344/1941/835 
f 892/1944/836 891/1947/838 2346/1946/839 2345/1945/837 
f 891/1948/838 890/1951/840 2347/1950/841 2346/1949/839 
f 890/1952/840 889/1955/842 2348/1954/843 2347/1953/841 
f 889/1956/842 888/1959/844 2349/1958/845 2348/1957/843 
f 888/1960/844 887/1963/846 2350/1962/847 2349/1961/845 
f 887/1964/846 886/1967/848 2351/1966/849 2350/1965/847 
f 886/1968/848 885/1971/850 2352/1970/851 2351/1969/849 
f 885/1972/850 884/1975/852 2353/1974/853 2352/1973/851 
f 884/1976/852 883/1979/854 2354/1978/855 2353/1977/853 
f 883/1980/854 882/1983/856 2355/1982/857 2354/1981/855 
f 882/1984/856 880/1987/858 2356/1986/859 2355/1985/857 
f 880/1988/858 881/1991/860 2357/1990/861 2356/1989/859 
f 881/1992/860 930/1995/862 2358/1994/863 2357/1993/861 
f 930/1996/862 929/1999/864 2359/1998/865 2358/1997/863 
f 929/2000/864 928/2003/866 2360/2002/867 2359/2001/865 
f 928/2004/866 915/2007/868 2361/2006/869 2360/2005/867 
f 915/2008/868 926/2011/870 2362/2010/871 2361/2009/869 
f 926/2012/870 927/2015/872 2363/2014/873 2362/2013/871 
f 927/2016/872 925/2019/874 2364/2018/875 2363/2017/873 
f 925/2020/874 924/2023/876 2365/2022/877 2364/2021/875 
f 924/2024/876 922/2027/878 2366/2026/879 2365/2025/877 
f 922/2028/878 923/2031/880 2367/2030/881 2366/2029/879 
f 923/2032/880 921/2035/882 2368/2034/883 2367/2033/881 
f 921/2036/882 920/2039/884 2369/2038/885 2368/2037/883 
f 920/2040/884 919/2043/886 2370/2042/887 2369/2041/885 
f 919/2044/886 918/2047/888 2371/2046/889 2370/2045/887 
f 918/2048/888 917/2051/890 2372/2050/891 2371/2049/889 
f 917/2052/890 916/2055/892 2373/2054/893 2372/2053/891 
f 916/2056/892 914/2059/894 2374/2058/895 2373/2057/893 
f 914/2060/894 913/2063/896 2375/2062/897 2374/2061/895 
f 913/2064/896 907/2067/898 2376/2066/899 2375/2065/897 
f 907/2068/898 912/2071/900 2377/2070/901 2376/2069/899 
f 912/2072/900 911/2075/902 2378/2074/903 2377/2073/901 
f 911/2076/902 910/2079/904 2379/2078/905 2378/2077/903 
f 910/2080/904 908/2083/906 2380/2082/907 2379/2081/905 
f 908/2084/906 909/2087/908 2381/2086/909 2380/2085/907 
f 909/2088/908 875/2091/815 2306/2090/806 2381/2089/909 
f 2309/2092/229 2381/2095/909 2306/2094/806 
f 2306/2094/806 2305/2093/225 2309/2092/229 
f 2310/2096/231 2380/2099/907 2381/2098/909 
f 2381/2098/909 2309/2097/229 2310/2096/231 
f 2311/2100/233 2379/2103/905 2380/2102/907 
f 2380/2102/907 2310/2101/231 2311/2100/233 
f 2312/2104/235 2378/2107/903 2379/2106/905 
f 2379/2106/905 2311/2105/233 2312/2104/235 
f 2313/2108/624 2377/2111/901 2378/2110/903 
f 2378/2110/903 2312/2109/235 2313/2108/624 
f 2314/2112/239 2376/2115/899 2377/2114/901 
f 2377/2114/901 2313/2113/624 2314/2112/239 
f 2315/2116/241 2375/2119/897 2376/2118/899 
f 2376/2118/899 2314/2117/239 2315/2116/241 
f 2316/2120/809 2374/2123/895 2375/2122/897 
f 2375/2122/897 2315/2121/241 2316/2120/809 
f 2317/2124/245 2373/2127/893 2374/2126/895 
f 2374/2126/895 2316/2125/809 2317/2124/245 
f 2318/2128/247 2372/2131/891 2373/2130/893 
f 2373/2130/893 2317/2129/245 2318/2128/247 
f 2319/2132/249 2371/2135/889 2372/2134/891 
f 2372/2134/891 2318/2133/247 2319/2132/249 
f 2320/2136/586 2370/2139/887 2371/2138/889 
f 2371/2138/889 2319/2137/249 2320/2136/586 
f 2321/2140/253 2369/2143/885 2370/2142/887 
f 2370/2142/887 2320/2141/586 2321/2140/253 
f 2322/2144/255 2368/2147/883 2369/2146/885 
f 2369/2146/885 2321/2145/253 2322/2144/255 
f 2323/2148/626 2367/2151/881 2368/2150/883 
f 2368/2150/883 2322/2149/255 2323/2148/626 
f 2324/2152/259 2366/2155/879 2367/2154/881 
f 2367/2154/881 2323/2153/626 2324/2152/259 
f 2325/2156/590 2365/2159/877 2366/2158/879 
f 2366/2158/879 2324/2157/259 2325/2156/590 
f 2326/2160/627 2364/2163/875 2365/2162/877 
f 2365/2162/877 2325/2161/590 2326/2160/627 
f 2327/2164/265 2363/2167/873 2364/2166/875 
f 2364/2166/875 2326/2165/627 2327/2164/265 
f 2328/2168/267 2362/2171/871 2363/2170/873 
f 2363/2170/873 2327/2169/265 2328/2168/267 
f 2329/2172/269 2361/2175/869 2362/2174/871 
f 2362/2174/871 2328/2173/267 2329/2172/269 
f 2330/2176/271 2360/2179/867 2361/2178/869 
f 2361/2178/869 2329/2177/269 2330/2176/271 
f 2331/2180/273 2359/2183/865 2360/2182/867 
f 2360/2182/867 2330/2181/271 2331/2180/273 
f 2382/2184/275 2358/2187/863 2359/2186/865 2331/2185/273 
f 2383/2188/277 2357/2191/861 2358/2190/863 2382/2189/275 
f 2384/2192/279 2356/2195/859 2357/2194/861 2383/2193/277 
f 2385/2196/281 2355/2199/857 2356/2198/859 2384/2197/279 
f 2386/2200/283 2354/2203/855 2355/2202/857 2385/2201/281 
f 2387/2204/285 2353/2106/853 2354/2206/855 2386/2205/283 
f 2388/2207/287 2352/2210/851 2353/2209/853 2387/2208/285 
f 2389/2211/289 2351/2214/849 2352/2213/851 2388/2212/287 
f 2390/2215/291 2350/2218/847 2351/2217/849 2389/2216/289 
f 2391/2219/629 2349/2222/845 2350/2221/847 2390/2220/291 
f 2392/2223/295 2348/2226/843 2349/2225/845 2391/2224/629 
f 2393/2227/630 2347/2230/841 2348/2229/843 2392/2228/295 
f 2394/2231/631 2346/2234/839 2347/2233/841 2393/2232/630 
f 2395/2235/910 2345/2238/837 2346/2237/839 2394/2236/631 
f 2396/2239/303 2344/2242/835 2345/2241/837 2395/2240/910 
f 2397/2243/305 2343/2246/833 2344/2245/835 2396/2244/303 
f 2398/2247/633 2342/2250/831 2343/2249/833 2397/2248/305 
f 2399/2251/309 2341/2254/829 2342/2253/831 2398/2252/633 
f 2400/2255/311 2340/2258/827 2341/2257/829 2399/2256/309 
f 2401/2259/605 2339/2262/825 2340/2261/827 2400/2260/311 
f 2402/2263/315 2338/2266/823 2339/2265/825 2401/2264/605 
f 2403/2267/317 2337/2270/821 2338/2269/823 2402/2268/315 
f 2404/2120/319 2336/2272/819 2337/2271/821 2403/2121/317 
f 2335/2273/321 2334/2276/817 2336/2275/819 2404/2274/319 
f 2331/1862/273 2382/2301/275 2383/2300/277 
f 2383/2300/277 2384/2299/279 2385/2298/281 
f 2385/2298/281 2386/2297/283 2387/2296/285 
f 2387/2296/285 2388/2295/287 2389/2294/289 
f 2389/2294/289 2390/2293/291 2391/2292/629 
f 2391/2292/629 2392/2288/295 2393/2291/630 
f 2393/2291/630 2394/2290/631 2395/2289/910 
f 2391/2292/629 2393/2291/630 2395/2289/910 2399/2284/309 
f 2395/2289/910 2396/2287/303 2397/2286/305 
f 2397/2286/305 2398/2285/633 2399/2284/309 
f 2395/2289/910 2397/2286/305 2399/2284/309 
f 2391/2292/629 2399/2284/309 2400/2283/311 
f 2389/2294/289 2391/2292/629 2400/2283/311 2387/2296/285 
f 2385/2298/281 2387/2296/285 2400/2283/311 
f 2385/2298/281 2400/2283/311 2401/2282/605 
f 2385/2298/281 2401/2282/605 2402/2281/315 
f 2385/2298/281 2402/2281/315 2403/2280/317 
f 2385/2298/281 2403/2280/317 2404/2279/319 
f 2385/2298/281 2404/2279/319 2335/2278/321 
f 2385/2298/281 2335/2278/321 2332/1857/323 
f 2385/2298/281 2332/1857/323 840/1858/808 839/2277/911 
f 2383/2300/277 2385/2298/281 839/2277/911 2331/1862/273 
f 2331/1862/273 839/2277/911 906/1861/810 
f 2405/2302/425 2406/2305/912 2407/2304/645 2408/2303/426 
f 2409/2306/455 2410/2309/913 2406/2308/912 2405/2307/425 
f 2411/2310/431 2412/2313/647 2410/2312/913 2409/2311/455 
f 2413/2314/454 2414/2317/648 2412/2316/647 2411/2315/431 
f 2415/2318/453 2416/2321/649 2414/2320/648 2413/2319/454 
f 2417/2322/914 2418/2325/915 2416/2324/649 2415/2323/453 
f 2419/2326/451 2420/2329/652 2418/2328/915 2417/2327/914 
f 2421/2330/450 2422/2333/653 2420/2332/652 2419/2331/451 
f 2423/2334/916 2424/2337/655 2422/2336/653 2421/2335/450 
f 2425/2338/448 2426/2341/656 2424/2340/655 2423/2339/916 
f 2427/2342/917 2428/2345/657 2426/2344/656 2425/2343/448 
f 2429/2346/447 2430/2349/918 2428/2348/657 2427/2347/917 
f 2431/2350/446 2432/2353/660 2430/2352/918 2429/2351/447 
f 2433/2354/444 2434/2357/919 2432/2356/660 2431/2355/446 
f 2435/2358/445 2436/2361/662 2434/2360/919 2433/2359/444 
f 2437/2362/920 2438/2365/664 2436/2364/662 2435/2363/445 
f 2439/2366/921 2440/2369/665 2438/2368/664 2437/2367/920 
f 2441/2370/441 2442/2373/922 2440/2372/665 2439/2371/921 
f 2443/2374/923 2444/2377/924 2442/2376/922 2441/2375/441 
f 2445/2378/439 2446/2381/670 2444/2380/924 2443/2379/923 
f 2447/2382/438 2448/2385/925 2446/2384/670 2445/2383/439 
f 2449/2386/436 2450/2389/672 2448/2388/925 2447/2387/438 
f 2451/2390/435 2452/2393/673 2450/2392/672 2449/2391/436 
f 2453/2394/434 2454/2397/926 2452/2396/673 2451/2395/435 
f 2455/2398/555 2456/2401/675 2454/2400/926 2453/2399/434 
f 2457/2402/556 2458/2403/676 2456/2401/675 2455/2398/555 
f 2459/2404/557 2460/2407/677 2458/2406/676 2457/2405/556 
f 2461/2408/558 2462/2411/678 2460/2410/677 2459/2409/557 
f 2463/2412/559 2464/2415/679 2462/2414/678 2461/2413/558 
f 2465/2416/560 2466/2419/927 2464/2418/679 2463/2417/559 
f 2467/2420/561 2468/2423/681 2466/2422/927 2465/2421/560 
f 2469/2424/562 2470/2427/682 2468/2426/681 2467/2425/561 
f 2471/2428/563 2472/2431/928 2470/2430/682 2469/2429/562 
f 2473/2432/684 2474/2435/685 2472/2434/928 2471/2433/563 
f 2475/2436/565 2476/2439/929 2474/2438/685 2473/2437/684 
f 2477/2440/930 2478/2443/688 2476/2442/929 2475/2441/565 
f 2479/2444/689 2480/2447/690 2478/2446/688 2477/2445/930 
f 2481/2448/691 2482/2451/931 2480/2450/690 2479/2449/689 
f 2483/2452/569 2484/2455/932 2482/2454/931 2481/2453/691 
f 2485/2456/570 2486/2459/694 2484/2458/932 2483/2457/569 
f 2487/2460/933 2488/2463/934 2486/2462/694 2485/2461/570 
f 2489/2464/572 2490/2467/697 2488/2466/934 2487/2465/933 
f 2491/2468/573 2492/2471/935 2490/2470/697 2489/2469/572 
f 2493/2472/574 2494/2475/700 2492/2474/935 2491/2473/573 
f 2495/2476/575 2496/2479/701 2494/2478/700 2493/2477/574 
f 2497/2480/936 2498/2483/702 2496/2482/701 2495/2481/575 
f 2499/2484/577 2500/2487/937 2498/2486/702 2497/2485/936 
f 2501/2488/462 2502/2491/704 2500/2490/937 2499/2489/577 
f 2503/2492/429 2504/2495/705 2502/2494/704 2501/2493/462 
f 2408/2496/426 2407/2499/645 2504/2498/705 2503/2497/429 
f 2505/2500/938 2506/2503/707 2407/2502/645 2406/2501/912 
f 2506/2504/707 2507/2507/708 2504/2506/705 2407/2505/645 
f 955/2504/709 1004/2510/710 2507/2509/708 2506/2508/707 
f 956/2500/711 955/2513/709 2506/2512/707 2505/2511/938 
f 1004/2514/710 958/2517/712 2508/2516/713 2507/2515/708 
f 2507/2518/708 2508/2521/713 2502/2520/704 2504/2519/705 
f 958/2522/712 1003/2524/714 2509/2523/715 2508/2522/713 
f 1003/2525/714 1002/2528/716 2510/2527/717 2509/2526/715 
f 1002/2529/716 1001/2532/718 2511/2531/719 2510/2530/717 
f 1001/2532/718 1000/2535/720 2512/2534/939 2511/2533/719 
f 1000/2536/720 999/2539/722 2513/2538/723 2512/2537/939 
f 999/2540/722 998/2543/724 2514/2542/725 2513/2541/723 
f 998/2544/724 997/2547/726 2515/2546/727 2514/2545/725 
f 997/2548/726 996/2551/728 2516/2550/729 2515/2549/727 
f 996/2552/728 995/2555/730 2517/2554/731 2516/2553/729 
f 995/2556/730 994/2557/732 2518/2557/940 2517/1799/731 
f 994/2558/732 993/2561/734 2519/2560/735 2518/2559/940 
f 993/2562/734 992/2565/736 2520/2564/737 2519/2563/735 
f 992/2566/736 991/1699/738 2521/2568/739 2520/2567/737 
f 991/1595/738 990/2570/740 2522/1609/741 2521/2569/739 
f 990/2571/740 989/2574/742 2523/2573/743 2522/2572/741 
f 989/2575/742 988/2578/744 2524/2577/745 2523/2576/743 
f 988/2579/744 987/2582/746 2525/2581/747 2524/2580/745 
f 987/2583/746 986/2586/748 2526/2585/749 2525/2584/747 
f 986/2587/748 985/2590/750 2527/2589/751 2526/2588/749 
f 985/2591/750 984/2594/752 2528/2593/753 2527/2592/751 
f 984/2595/752 983/2598/754 2529/2597/755 2528/2596/753 
f 983/2599/754 982/2602/756 2530/2601/757 2529/2600/755 
f 982/2603/756 981/2606/758 2531/2605/759 2530/2604/757 
f 981/2607/758 980/2610/760 2532/2609/761 2531/2608/759 
f 980/2611/760 979/2614/762 2533/2613/941 2532/2612/761 
f 979/2615/762 978/2616/764 2534/2616/765 2533/1558/941 
f 978/2617/764 977/2620/766 2535/2619/942 2534/2618/765 
f 977/2621/766 976/2624/768 2536/2623/943 2535/2622/942 
f 976/2625/768 975/2627/770 2537/2626/771 2536/1784/943 
f 975/2628/770 974/2631/772 2538/2630/773 2537/2629/771 
f 974/2632/772 973/2635/774 2539/2634/944 2538/2633/773 
f 973/2636/774 971/2639/776 2540/2638/777 2539/2637/944 
f 971/2640/776 972/2643/778 2541/2642/779 2540/2641/777 
f 972/2644/778 969/2647/780 2542/2646/945 2541/2645/779 
f 969/2648/780 970/2651/782 2543/2650/946 2542/2649/945 
f 970/2652/782 968/2655/784 2544/2654/785 2543/2653/946 
f 968/2656/784 967/2659/786 2545/2658/947 2544/2657/785 
f 967/2660/786 965/2663/788 2546/2662/948 2545/2661/947 
f 965/2664/788 966/2667/790 2547/2666/791 2546/2665/948 
f 966/2668/790 964/2671/792 2548/2670/793 2547/2669/791 
f 964/2672/792 963/2675/794 2549/2674/795 2548/2673/793 
f 963/2676/794 961/2679/796 2550/2678/797 2549/2677/795 
f 961/2680/796 962/2683/798 2551/2682/799 2550/2681/797 
f 962/2684/798 960/2687/800 2552/2686/801 2551/2685/799 
f 960/2688/800 959/2691/802 2553/2690/803 2552/2689/801 
f 959/2692/802 957/2695/804 2554/2694/805 2553/2693/803 
f 957/2696/804 956/2699/711 2505/2698/938 2554/2697/805 
f 2554/2700/805 2505/2703/938 2406/2702/912 2410/2701/913 
f 2553/2704/803 2554/2707/805 2410/2706/913 2412/2705/647 
f 2552/2708/801 2553/2711/803 2412/2710/647 2414/2709/648 
f 2551/2712/799 2552/2715/801 2414/2714/648 2416/2713/649 
f 2550/2716/797 2551/2719/799 2416/2718/649 2418/2717/915 
f 2549/2720/795 2550/2723/797 2418/2722/915 2420/2721/652 
f 2548/2724/793 2549/2727/795 2420/2726/652 2422/2725/653 
f 2547/2728/791 2548/2731/793 2422/2730/653 2424/2729/655 
f 2546/2732/948 2547/2734/791 2424/2728/655 2426/2733/656 
f 2545/2735/947 2546/2738/948 2426/2737/656 2428/2736/657 
f 2544/2739/785 2545/2742/947 2428/2741/657 2430/2740/918 
f 2543/2743/946 2544/2746/785 2430/2745/918 2432/2744/660 
f 2542/2648/945 2543/2749/946 2432/2748/660 2434/2747/919 
f 2541/2750/779 2542/2646/945 2434/2752/919 2436/2751/662 
f 2540/2641/777 2541/2755/779 2436/2754/662 2438/2753/664 
f 2539/2637/944 2540/2638/777 2438/2757/664 2440/2756/665 
f 2538/2633/773 2539/2634/944 2440/2759/665 2442/2758/922 
f 2537/2760/771 2538/2630/773 2442/2762/922 2444/2761/924 
f 2536/1784/943 2537/2626/771 2444/2627/924 2446/2763/670 
f 2535/2622/942 2536/2766/943 2446/2765/670 2448/2764/925 
f 2534/2767/765 2535/2619/942 2448/2769/925 2450/2768/672 
f 2533/2770/941 2534/1559/765 2450/2772/672 2452/2771/673 
f 2532/2773/761 2533/2614/941 2452/2775/673 2454/2774/926 
f 2531/2776/759 2532/2779/761 2454/2778/926 2456/2777/675 
f 2530/2780/757 2531/2782/759 2456/2777/675 2458/2781/676 
f 2529/2597/755 2530/2785/757 2458/2784/676 2460/2783/677 
f 2528/2786/753 2529/2789/755 2460/2788/677 2462/2787/678 
f 2527/2790/751 2528/2793/753 2462/2792/678 2464/2791/679 
f 2526/2794/749 2527/1724/751 2464/2796/679 2466/2795/927 
f 2525/2797/747 2526/2800/749 2466/2799/927 2468/2798/681 
f 2524/2801/745 2525/2804/747 2468/2803/681 2470/2802/682 
f 2523/2805/743 2524/2808/745 2470/2807/682 2472/2806/928 
f 2522/2809/741 2523/2812/743 2472/2811/928 2474/2810/685 
f 2521/2813/739 2522/2816/741 2474/2815/685 2476/2814/929 
f 2520/2817/737 2521/1699/739 2476/2819/929 2478/2818/688 
f 2519/2820/735 2520/2565/737 2478/2822/688 2480/2821/690 
f 2518/2823/940 2519/2826/735 2480/2825/690 2482/2824/931 
f 2517/2827/731 2518/2829/940 2482/2828/931 2484/1800/932 
f 2516/2830/729 2517/2833/731 2484/2832/932 2486/2831/694 
f 2515/2834/727 2516/2550/729 2486/2836/694 2488/2835/934 
f 2514/2545/725 2515/2546/727 2488/2838/934 2490/2837/697 
f 2513/2541/723 2514/2542/725 2490/2840/697 2492/2839/935 
f 2512/2537/939 2513/2538/723 2492/2842/935 2494/2841/700 
f 2511/2533/719 2512/2844/939 2494/2843/700 2496/2532/701 
f 2510/2845/717 2511/2531/719 2496/2847/701 2498/2846/702 
f 2509/2848/715 2510/2851/717 2498/2850/702 2500/2849/937 
f 2508/2852/713 2509/2855/715 2500/2854/937 2502/2853/704 
f 2405/2856/425 2408/2905/426 2503/2859/429 2411/2858/431 
f 2503/2859/429 2501/2904/462 2499/2903/577 2495/2901/575 
f 2499/2903/577 2497/2902/936 2495/2901/575 
f 2495/2901/575 2493/2900/574 2491/2899/573 2487/2897/933 
f 2491/2899/573 2489/2898/572 2487/2897/933 
f 2487/2897/933 2485/2896/570 2483/2895/569 2495/2901/575 
f 2483/2895/569 2481/2894/691 2479/2893/689 2495/2901/575 
f 2479/2893/689 2477/2892/930 2475/2891/565 2495/2901/575 
f 2475/2891/565 2473/2890/684 2471/2889/563 2495/2901/575 
f 2471/2889/563 2469/2888/562 2467/2887/561 2495/2901/575 
f 2467/2887/561 2465/2886/560 2463/2885/559 2495/2901/575 
f 2463/2885/559 2461/2884/558 2459/2883/557 2495/2901/575 
f 2459/2883/557 2457/2882/556 2455/2881/555 2495/2901/575 
f 2455/2881/555 2453/2880/434 2451/2879/435 2495/2901/575 
f 2451/2879/435 2449/2878/436 2447/2877/438 2495/2901/575 
f 2447/2877/438 2445/2876/439 2443/2875/923 2495/2901/575 
f 2443/2875/923 2441/2874/441 2439/2873/921 2495/2901/575 
f 2439/2873/921 2437/2872/920 2435/2871/445 2495/2901/575 
f 2435/2871/445 2433/2870/444 2431/2869/446 2495/2901/575 
f 2431/2869/446 2429/2868/447 2427/2866/917 2495/2901/575 
f 2427/2866/917 2425/2867/448 2423/2865/916 2495/2901/575 
f 2423/2865/916 2421/2864/450 2419/2862/451 2495/2901/575 
f 2419/2862/451 2417/2863/914 2415/2861/453 2495/2901/575 
f 2415/2861/453 2413/2860/454 2411/2858/431 2495/2901/575 
f 2503/2859/429 2495/2901/575 2411/2858/431 
f 2405/2856/425 2411/2858/431 2409/2857/455 
f 2555/2906/425 2556/2909/806 2557/2908/807 2558/2907/426 
f 2555/2910/425 2558/2959/426 2559/2913/429 2560/2912/431 
f 2559/2913/429 2561/2958/462 2562/2954/577 2563/2956/949 
f 2562/2954/577 2564/2957/576 2563/2956/949 
f 2563/2956/949 2565/2955/574 2566/2952/573 2567/2951/571 
f 2566/2952/573 2568/2953/572 2567/2951/571 
f 2559/2913/429 2563/2956/949 2567/2951/571 2569/2948/567 
f 2567/2951/571 2570/2950/570 2571/2946/569 2569/2948/567 
f 2571/2946/569 2572/2949/950 2569/2948/567 
f 2569/2948/567 2573/2947/566 2574/2944/565 2575/2943/563 
f 2574/2944/565 2576/2945/564 2575/2943/563 
f 2559/2913/429 2569/2948/567 2575/2943/563 2577/2940/559 
f 2575/2943/563 2578/2942/562 2579/2938/951 2577/2940/559 
f 2579/2938/951 2580/2941/560 2577/2940/559 
f 2577/2940/559 2581/2939/558 2582/2936/557 2583/2935/555 
f 2582/2936/557 2584/2937/556 2583/2935/555 
f 2559/2913/429 2577/2940/559 2583/2935/555 2585/2932/438 
f 2583/2935/555 2586/2934/434 2587/2930/435 2585/2932/438 
f 2587/2930/435 2588/2933/436 2585/2932/438 
f 2585/2932/438 2589/2931/439 2590/2928/440 2591/2927/442 
f 2590/2928/440 2592/2929/441 2591/2927/442 
f 2559/2913/429 2585/2932/438 2591/2927/442 2593/2924/952 
f 2591/2927/442 2594/2926/443 2595/2922/445 2593/2924/952 
f 2595/2922/445 2596/2925/444 2593/2924/952 
f 2593/2924/952 2597/2923/447 2598/2920/449 2599/2919/654 
f 2598/2920/449 2600/2921/448 2599/2919/654 
f 2559/2913/429 2593/2924/952 2599/2919/654 2601/2915/953 
f 2599/2919/654 2602/2918/450 2603/2916/451 2601/2915/953 
f 2603/2916/451 2604/2917/452 2601/2915/953 
f 2601/2915/953 2605/2914/454 2560/2912/431 2559/2913/429 
f 2555/2910/425 2560/2912/431 2606/2911/455 
f 2558/2960/426 2557/2963/807 2607/2962/812 2559/2961/429 
f 1005/2964/813 1054/2967/814 2607/2966/812 2557/2965/807 
f 1006/2968/815 1005/2971/813 2557/2970/807 2556/2969/806 
f 1054/2972/814 1008/2975/816 2608/2974/817 2607/2973/812 
f 2559/2976/429 2607/2979/812 2608/2978/817 2561/2977/462 
f 1008/2980/816 1053/2983/818 2609/2982/819 2608/2981/817 
f 1053/2984/818 1049/2987/820 2610/2986/821 2609/2985/819 
f 1049/2988/820 1052/2991/822 2611/2990/823 2610/2989/821 
f 1052/2992/822 1051/2995/824 2612/2994/825 2611/2993/823 
f 1051/2996/824 1050/2999/826 2613/2998/827 2612/2997/825 
f 1050/3000/826 1047/3003/828 2614/3002/829 2613/3001/827 
f 1047/3004/828 1048/3007/830 2615/3006/831 2614/3005/829 
f 1048/3008/830 1046/3011/832 2616/3010/833 2615/3009/831 
f 1046/3012/832 1045/3015/834 2617/3014/835 2616/3013/833 
f 1045/3016/834 1041/3019/836 2618/3018/837 2617/3017/835 
f 1041/3020/836 1044/3023/838 2619/3022/839 2618/3021/837 
f 1044/3024/838 1043/3027/840 2620/3026/841 2619/3025/839 
f 1043/3028/840 1042/3031/842 2621/3030/843 2620/3029/841 
f 1042/3032/842 1039/3035/844 2622/3034/845 2621/3033/843 
f 1039/3036/844 1040/3039/846 2623/3038/847 2622/3037/845 
f 1040/3040/846 1038/3043/954 2624/3042/849 2623/3041/847 
f 1038/3044/954 1037/3047/850 2625/3046/851 2624/3045/849 
f 1037/3048/850 1033/3051/852 2626/3050/853 2625/3049/851 
f 1033/3052/852 1036/3055/854 2627/3054/855 2626/3053/853 
f 1036/3056/854 1035/3059/856 2628/3058/857 2627/3057/855 
f 1035/3060/856 1034/3063/858 2629/3062/859 2628/3061/857 
f 1034/3064/858 1031/3067/860 2630/3066/861 2629/3065/859 
f 1031/3068/860 1032/3071/862 2631/3070/863 2630/3069/861 
f 1032/3072/862 1030/3068/864 2632/3074/865 2631/3073/863 
f 1030/3075/864 1029/3078/866 2633/3077/867 2632/3076/865 
f 1029/3079/866 1025/3082/868 2634/3081/955 2633/3080/867 
f 1025/3083/868 1028/3086/870 2635/3085/871 2634/3084/955 
f 1028/3087/870 1027/3090/872 2636/3089/873 2635/3088/871 
f 1027/3091/872 1026/3094/874 2637/3093/875 2636/3092/873 
f 1026/3095/874 1023/3098/956 2638/3097/877 2637/3096/875 
f 1023/3099/956 1024/3102/878 2639/3101/879 2638/3100/877 
f 1024/3103/878 1022/3106/880 2640/3105/881 2639/3104/879 
f 1022/3107/880 1021/3110/882 2641/3109/883 2640/3108/881 
f 1021/3111/882 1017/3114/884 2642/3113/885 2641/3112/883 
f 1017/3115/884 1020/3118/886 2643/3117/887 2642/3116/885 
f 1020/3119/886 1019/3122/888 2644/3121/889 2643/3120/887 
f 1019/3123/888 1018/3126/890 2645/3125/891 2644/3124/889 
f 1018/3127/890 1015/3130/892 2646/3129/893 2645/3128/891 
f 1015/3131/892 1016/3134/894 2647/3133/957 2646/3132/893 
f 1016/3135/894 1014/3138/896 2648/3137/897 2647/3136/957 
f 1014/3139/896 1013/3142/898 2649/3141/899 2648/3140/897 
f 1013/3143/898 1011/3146/900 2650/3145/901 2649/3144/899 
f 1011/3147/900 1012/3150/902 2651/3149/903 2650/3148/901 
f 1012/3151/902 1010/3154/904 2652/3153/905 2651/3152/903 
f 1010/3155/904 1009/3158/906 2653/3157/907 2652/3156/905 
f 1009/3159/906 1007/3162/908 2654/3161/909 2653/3160/907 
f 1007/3163/908 1006/3166/815 2556/3165/806 2654/3164/909 
f 2606/3167/455 2654/3170/909 2556/3169/806 2555/3168/425 
f 2560/3171/431 2653/3174/907 2654/3173/909 2606/3172/455 
f 2605/3175/454 2652/3178/905 2653/3177/907 2560/3176/431 
f 2601/3179/953 2651/3182/903 2652/3181/905 2605/3180/454 
f 2604/3183/452 2650/3186/901 2651/3185/903 2601/3184/953 
f 2603/3187/451 2649/3190/899 2650/3189/901 2604/3188/452 
f 2602/3191/450 2648/3194/897 2649/3193/899 2603/3192/451 
f 2599/3195/654 2647/3198/957 2648/3197/897 2602/3196/450 
f 2600/3199/448 2646/3202/893 2647/3201/957 2599/3200/654 
f 2598/3203/449 2645/3206/891 2646/3205/893 2600/3204/448 
f 2597/3207/447 2644/3210/889 2645/3209/891 2598/3208/449 
f 2593/3211/952 2643/3214/887 2644/3213/889 2597/3212/447 
f 2596/3215/444 2642/3218/885 2643/3217/887 2593/3216/952 
f 2595/3219/445 2641/3222/883 2642/3221/885 2596/3220/444 
f 2594/3223/443 2640/3226/881 2641/3225/883 2595/3224/445 
f 2591/3227/442 2639/3230/879 2640/3229/881 2594/3228/443 
f 2592/3231/441 2638/3234/877 2639/3233/879 2591/3232/442 
f 2590/3235/440 2637/3238/875 2638/3237/877 2592/3236/441 
f 2589/3239/439 2636/3242/873 2637/3241/875 2590/3240/440 
f 2585/3243/438 2635/3246/871 2636/3245/873 2589/3244/439 
f 2588/3247/436 2634/3250/955 2635/3249/871 2585/3248/438 
f 2587/3251/435 2633/3254/867 2634/3253/955 2588/3252/436 
f 2586/3255/434 2632/3258/865 2633/3257/867 2587/3256/435 
f 2583/3259/555 2631/3262/863 2632/3261/865 2586/3260/434 
f 2584/3263/556 2630/3264/861 2631/3262/863 2583/3259/555 
f 2582/3265/557 2629/3268/859 2630/3267/861 2584/3266/556 
f 2581/3269/558 2628/3272/857 2629/3271/859 2582/3270/557 
f 2577/3273/559 2627/3276/855 2628/3275/857 2581/3274/558 
f 2580/3277/560 2626/3280/853 2627/3279/855 2577/3278/559 
f 2579/3281/951 2625/3284/851 2626/3283/853 2580/3282/560 
f 2578/3285/562 2624/3288/849 2625/3287/851 2579/3286/951 
f 2575/3289/563 2623/3292/847 2624/3291/849 2578/3290/562 
f 2576/3293/564 2622/3296/845 2623/3295/847 2575/3294/563 
f 2574/3297/565 2621/3300/843 2622/3299/845 2576/3298/564 
f 2573/3301/566 2620/3304/841 2621/3303/843 2574/3302/565 
f 2569/3305/567 2619/3308/839 2620/3307/841 2573/3306/566 
f 2572/3309/950 2618/3312/837 2619/3311/839 2569/3310/567 
f 2571/3313/569 2617/3316/835 2618/3315/837 2572/3314/950 
f 2570/3317/570 2616/3320/833 2617/3319/835 2571/3318/569 
f 2567/3321/571 2615/3324/831 2616/3323/833 2570/3322/570 
f 2568/3325/572 2614/3328/829 2615/3327/831 2567/3326/571 
f 2566/3329/573 2613/3332/827 2614/3331/829 2568/3330/572 
f 2565/3333/574 2612/3336/825 2613/3335/827 2566/3334/573 
f 2563/3337/949 2611/3340/823 2612/3339/825 2565/3338/574 
f 2564/3341/576 2610/3344/821 2611/3343/823 2563/3342/949 
f 2562/3345/577 2609/3348/819 2610/3347/821 2564/3346/576 
f 2561/3349/462 2608/3352/817 2609/3351/819 2562/3350/577 
s off
f 2655/1243/1 2656/1243/1 2657/1243/1 2658/1243/1 
f 2655/1243/7 2658/1243/7 2659/1243/7 2660/1243/7 
f 2658/1243/5 2657/1243/5 2661/1243/5 2659/1243/5 
f 2661/1243/2 2657/1243/2 2656/1243/2 2662/1243/2 
f 2659/1243/3 2661/1243/3 2662/1243/3 2660/1243/3 
f 2660/1243/4 2662/1243/4 2656/1243/4 2655/1243/4 
f 2663/1243/1 2664/1243/1 2665/1243/1 2666/1243/1 
f 2663/1243/7 2666/1243/7 2667/1243/7 2668/1243/7 
f 2666/1243/5 2665/1243/5 2669/1243/5 2667/1243/5 
f 2669/1243/2 2665/1243/2 2664/1243/2 2670/1243/2 
f 2667/1243/3 2669/1243/3 2670/1243/3 2668/1243/3 
f 2668/1243/4 2670/1243/4 2664/1243/4 2663/1243/4 
f 2671/1243/1 2672/1243/1 2673/1243/1 2674/1243/1 
f 2671/1243/7 2674/1243/7 2675/1243/7 2676/1243/7 
f 2674/1243/5 2673/1243/5 2677/1243/5 2675/1243/5 
f 2677/1243/2 2673/1243/2 2672/1243/2 2678/1243/2 
f 2675/1243/3 2677/1243/3 2678/1243/3 2676/1243/3 
f 2676/1243/4 2678/1243/4 2672/1243/4 2671/1243/4 
f 2679/1243/1 2680/1243/1 2681/1243/1 2682/1243/1 
f 2679/1243/7 2682/1243/7 2683/1243/7 2684/1243/7 
f 2682/1243/5 2681/1243/5 2685/1243/5 2683/1243/5 
f 2685/1243/2 2681/1243/2 2680/1243/2 2686/1243/2 
f 2683/1243/3 2685/1243/3 2686/1243/3 2684/1243/3 
f 2684/1243/4 2686/1243/4 2680/1243/4 2679/1243/4 
f 2687/1243/1 2688/1243/1 2689/1243/1 2690/1243/1 
f 2687/1243/7 2690/1243/7 2691/1243/7 2692/1243/7 
f 2690/1243/5 2689/1243/5 2693/1243/5 2691/1243/5 
f 2693/1243/2 2689/1243/2 2688/1243/2 2694/1243/2 
f 2691/1243/3 2693/1243/3 2694/1243/3 2692/1243/3 
f 2692/1243/4 2694/1243/4 2688/1243/4 2687/1243/4 
f 2695/1243/1 2696/1243/1 2697/1243/1 2698/1243/1 
f 2695/1243/7 2698/1243/7 2699/1243/7 2700/1243/7 
f 2698/1243/5 2697/1243/5 2701/1243/5 2699/1243/5 
f 2701/1243/2 2697/1243/2 2696/1243/2 2702/1243/2 
f 2699/1243/3 2701/1243/3 2702/1243/3 2700/1243/3 
f 2700/1243/4 2702/1243/4 2696/1243/4 2695/1243/4 
f 2703/1243/1 2704/1243/1 2705/1243/1 2706/1243/1 
f 2703/1243/7 2706/1243/7 2707/1243/7 2708/1243/7 
f 2706/1243/5 2705/1243/5 2709/1243/5 2707/1243/5 
f 2709/1243/2 2705/1243/2 2704/1243/2 2710/1243/2 
f 2707/1243/3 2709/1243/3 2710/1243/3 2708/1243/3 
f 2708/1243/4 2710/1243/4 2704/1243/4 2703/1243/4 
f 2711/1243/1 2712/1243/1 2713/1243/1 2714/1243/1 
f 2711/1243/7 2714/1243/7 2715/1243/7 2716/1243/7 
f 2714/1243/5 2713/1243/5 2717/1243/5 2715/1243/5 
f 2717/1243/2 2713/1243/2 2712/1243/2 2718/1243/2 
f 2715/1243/3 2717/1243/3 2718/1243/3 2716/1243/3 
f 2716/1243/4 2718/1243/4 2712/1243/4 2711/1243/4 
f 2719/1243/1 2720/1243/1 2721/1243/1 2722/1243/1 
f 2719/1243/7 2722/1243/7 2723/1243/7 2724/1243/7 
f 2722/1243/5 2721/1243/5 2725/1243/5 2723/1243/5 
f 2725/1243/2 2721/1243/2 2720/1243/2 2726/1243/2 
f 2723/1243/3 2725/1243/3 2726/1243/3 2724/1243/3 
f 2724/1243/4 2726/1243/4 2720/1243/4 2719/1243/4 
f 2727/1243/1 2728/1243/1 2729/1243/1 2730/1243/1 
f 2727/1243/7 2730/1243/7 2731/1243/7 2732/1243/7 
f 2730/1243/5 2729/1243/5 2733/1243/5 2731/1243/5 
f 2733/1243/2 2729/1243/2 2728/1243/2 2734/1243/2 
f 2731/1243/3 2733/1243/3 2734/1243/3 2732/1243/3 
f 2732/1243/4 2734/1243/4 2728/1243/4 2727/1243/4 
f 2735/1243/1 2736/1243/1 2737/1243/1 2738/1243/1 
f 2735/1243/7 2738/1243/7 2739/1243/7 2740/1243/7 
f 2738/1243/5 2737/1243/5 2741/1243/5 2739/1243/5 
f 2741/1243/2 2737/1243/2 2736/1243/2 2742/1243/2 
f 2739/1243/3 2741/1243/3 2742/1243/3 2740/1243/3 
f 2740/1243/4 2742/1243/4 2736/1243/4 2735/1243/4 
f 2743/1243/1 2744/1243/1 2745/1243/1 2746/1243/1 
f 2743/1243/7 2746/1243/7 2747/1243/7 2748/1243/7 
f 2746/1243/5 2745/1243/5 2749/1243/5 2747/1243/5 
f 2749/1243/2 2745/1243/2 2744/1243/2 2750/1243/2 
f 2747/1243/3 2749/1243/3 2750/1243/3 2748/1243/3 
f 2748/1243/4 2750/1243/4 2744/1243/4 2743/1243/4 
f 2751/1243/7 2752/1243/7 2753/1243/7 2754/1243/7 
f 2755/1243/2 2756/1243/2 2757/1243/2 2758/1243/2 
f 2759/1243/4 2760/1243/4 2761/1243/4 2762/1243/4 
f 2763/1243/5 2764/1243/5 2765/1243/5 2766/1243/5 
f 2767/1243/1 2768/1243/1 2769/1243/1 2770/1243/1 
f 2771/1243/3 2772/1243/3 2753/1243/3 2752/1243/3 
f 2773/1243/1 2774/1243/1 2775/1243/1 2776/1243/1 
f 2777/1243/3 2778/1243/3 2779/1243/3 2780/1243/3 
f 2781/1243/3 2782/1243/3 2783/1243/3 2784/1243/3 
f 2785/1243/7 2783/1243/7 2786/1243/7 2787/1243/7 
f 2788/1243/7 2779/1243/7 2762/1243/7 2761/1243/7 
f 2778/1243/3 2759/1243/3 2762/1243/3 2779/1243/3 
f 2789/1243/5 2771/1243/5 2752/1243/5 2751/1243/5 
f 2774/1243/1 2790/1243/1 2791/1243/1 2775/1243/1 
f 2764/1243/5 2792/1243/5 2793/1243/5 2765/1243/5 
f 2794/1243/2 2795/1243/2 2796/1243/2 2797/1243/2 
f 2798/1243/2 2799/1243/2 2800/1243/2 2801/1243/2 
f 2802/1243/7 2784/1243/7 2783/1243/7 2785/1243/7 
f 2803/1243/2 2804/1243/2 2805/1243/2 2806/1243/2 
f 2795/1243/2 2807/1243/2 2808/1243/2 2796/1243/2 
f 2772/1243/3 2781/1243/3 2784/1243/3 2753/1243/3 
f 2754/1243/7 2753/1243/7 2784/1243/7 2802/1243/7 
f 2791/1243/7 2809/1243/7 2810/1243/7 2775/1243/7 
f 2811/1243/2 2803/1243/2 2806/1243/2 2812/1243/2 
f 2775/1243/7 2810/1243/7 2813/1243/7 2776/1243/7 
f 2799/1243/2 2811/1243/2 2812/1243/2 2800/1243/2 
f 2814/1243/4 2767/1243/4 2770/1243/4 2815/1243/4 
f 2769/1243/7 2816/1243/7 2815/1243/7 2770/1243/7 
f 2776/1243/7 2813/1243/7 2817/1243/7 2818/1243/7 
f 2819/1243/1 2773/1243/1 2776/1243/1 2818/1243/1 
f 2820/1243/2 2821/1243/2 2822/1243/2 2823/1243/2 
f 2792/1243/5 2824/1243/5 2825/1243/5 2793/1243/5 
f 2790/1243/1 2763/1243/1 2766/1243/1 2791/1243/1 
f 2766/1243/7 2765/1243/7 2809/1243/7 2791/1243/7 
f 2824/1243/5 2826/1243/5 2827/1243/5 2825/1243/5 
f 2809/1243/7 2828/1243/7 2829/1243/7 2810/1243/7 
f 2830/1243/958 2831/1243/958 2795/1243/958 2832/1243/958 
f 2810/1243/7 2829/1243/7 2833/1243/7 2813/1243/7 
f 2834/1243/2 2832/1243/2 2795/1243/2 2794/1243/2 
f 2835/1243/4 2814/1243/4 2815/1243/4 2836/1243/4 
f 2816/1243/7 2837/1243/7 2836/1243/7 2815/1243/7 
f 2838/1243/2 2839/1243/2 2840/1243/2 2807/1243/2 
f 2841/1243/2 2842/1243/2 2821/1243/2 2820/1243/2 
f 2765/1243/7 2793/1243/7 2828/1243/7 2809/1243/7 
f 2826/1243/5 2843/1243/5 2844/1243/5 2827/1243/5 
f 2828/1243/7 2845/1243/7 2846/1243/7 2829/1243/7 
f 2847/1243/2 2848/1243/2 2838/1243/2 2832/1243/2 
f 2829/1243/7 2846/1243/7 2849/1243/7 2833/1243/7 
f 2850/1243/2 2847/1243/2 2832/1243/2 2834/1243/2 
f 2851/1243/4 2835/1243/4 2836/1243/4 2852/1243/4 
f 2837/1243/7 2853/1243/7 2852/1243/7 2836/1243/7 
f 2848/1243/2 2854/1243/2 2839/1243/2 2838/1243/2 
f 2855/1243/2 2856/1243/2 2842/1243/2 2841/1243/2 
f 2793/1243/7 2825/1243/7 2845/1243/7 2828/1243/7 
f 2843/1243/5 2789/1243/5 2751/1243/5 2844/1243/5 
f 2845/1243/7 2857/1243/7 2858/1243/7 2846/1243/7 
f 2859/1243/959 2860/1243/959 2848/1243/959 2847/1243/959 
f 2846/1243/7 2858/1243/7 2861/1243/7 2849/1243/7 
f 2862/1243/2 2863/1243/2 2847/1243/2 2850/1243/2 
f 2864/1243/4 2851/1243/4 2852/1243/4 2865/1243/4 
f 2853/1243/7 2866/1243/7 2865/1243/7 2852/1243/7 
f 2837/1243/5 2816/1243/5 2821/1243/5 2853/1243/5 
f 2867/1243/5 2757/1243/5 2788/1243/5 2868/1243/5 
f 2856/1243/5 2868/1243/5 2788/1243/5 2842/1243/5 
f 2821/1243/5 2842/1243/5 2788/1243/5 2869/1243/5 
f 2821/1243/5 2869/1243/5 2866/1243/5 2853/1243/5 
f 2870/1243/2 2871/1243/2 2854/1243/2 2848/1243/2 
f 2872/1243/2 2868/1243/2 2856/1243/2 2855/1243/2 
f 2825/1243/7 2827/1243/7 2857/1243/7 2845/1243/7 
f 2857/1243/7 2873/1243/7 2874/1243/7 2858/1243/7 
f 2875/1243/2 2876/1243/2 2870/1243/2 2863/1243/2 
f 2858/1243/7 2874/1243/7 2877/1243/7 2861/1243/7 
f 2878/1243/2 2875/1243/2 2863/1243/2 2862/1243/2 
f 2879/1243/4 2864/1243/4 2865/1243/4 2880/1243/4 
f 2866/1243/7 2869/1243/7 2880/1243/7 2865/1243/7 
f 2813/1243/3 2794/1243/3 2881/1243/3 2817/1243/3 
f 2876/1243/2 2882/1243/2 2871/1243/2 2870/1243/2 
f 2883/1243/2 2867/1243/2 2868/1243/2 2872/1243/2 
f 2827/1243/7 2844/1243/7 2873/1243/7 2857/1243/7 
f 2881/1243/2 2794/1243/2 2797/1243/2 2884/1243/2 
f 2873/1243/7 2754/1243/7 2802/1243/7 2874/1243/7 
f 2885/1243/960 2830/1243/960 2832/1243/960 2838/1243/960 
f 2874/1243/7 2802/1243/7 2785/1243/7 2877/1243/7 
f 2800/1243/2 2812/1243/2 2875/1243/2 2878/1243/2 
f 2760/1243/4 2879/1243/4 2880/1243/4 2761/1243/4 
f 2869/1243/7 2788/1243/7 2761/1243/7 2880/1243/7 
f 2886/1243/1 2788/1243/1 2757/1243/1 2887/1243/1 
f 2806/1243/2 2805/1243/2 2882/1243/2 2876/1243/2 
f 2758/1243/2 2757/1243/2 2867/1243/2 2883/1243/2 
f 2844/1243/7 2751/1243/7 2754/1243/7 2873/1243/7 
f 2888/1243/1 2889/1243/1 2890/1243/1 2891/1243/1 
f 2892/1243/5 2893/1243/5 2831/1243/5 2830/1243/5 
f 2894/1243/1 2895/1243/1 2896/1243/1 2897/1243/1 
f 2897/1243/960 2896/1243/960 2863/1243/960 2870/1243/960 
f 2898/1243/959 2899/1243/959 2876/1243/959 2875/1243/959 
f 2896/1243/958 2859/1243/958 2847/1243/958 2863/1243/958 
f 2891/1243/960 2890/1243/960 2812/1243/960 2806/1243/960 
f 2890/1243/958 2898/1243/958 2875/1243/958 2812/1243/958 
f 2900/1243/961 2885/1243/961 2838/1243/961 2807/1243/961 
f 2860/1243/961 2897/1243/961 2870/1243/961 2848/1243/961 
f 2899/1243/961 2891/1243/961 2806/1243/961 2876/1243/961 
f 2831/1243/959 2900/1243/959 2807/1243/959 2795/1243/959 
f 2901/1243/4 2902/1243/4 2885/1243/4 2900/1243/4 
f 2903/1243/4 2894/1243/4 2897/1243/4 2860/1243/4 
f 2904/1243/4 2888/1243/4 2891/1243/4 2899/1243/4 
f 2895/1243/5 2905/1243/5 2859/1243/5 2896/1243/5 
f 2905/1243/3 2903/1243/3 2860/1243/3 2859/1243/3 
f 2889/1243/5 2906/1243/5 2898/1243/5 2890/1243/5 
f 2907/1243/2 2908/1243/2 2909/1243/2 2910/1243/2 
f 2906/1243/3 2904/1243/3 2899/1243/3 2898/1243/3 
f 2911/1243/2 2912/1243/2 2913/1243/2 2914/1243/2 
f 2902/1243/1 2892/1243/1 2830/1243/1 2885/1243/1 
f 2915/1243/2 2916/1243/2 2917/1243/2 2918/1243/2 
f 2901/1243/962 2893/1243/962 2910/1243/962 2909/1243/962 
f 2893/1243/963 2892/1243/963 2907/1243/963 2910/1243/963 
f 2909/1243/964 2908/1243/964 2902/1243/964 2901/1243/964 
f 2908/1243/965 2907/1243/965 2892/1243/965 2902/1243/965 
f 2903/1243/962 2905/1243/962 2914/1243/962 2913/1243/962 
f 2905/1243/963 2895/1243/963 2911/1243/963 2914/1243/963 
f 2913/1243/964 2912/1243/964 2894/1243/964 2903/1243/964 
f 2912/1243/965 2911/1243/965 2895/1243/965 2894/1243/965 
f 2904/1243/962 2906/1243/962 2918/1243/962 2917/1243/962 
f 2906/1243/963 2889/1243/963 2915/1243/963 2918/1243/963 
f 2917/1243/964 2916/1243/964 2888/1243/964 2904/1243/964 
f 2916/1243/965 2915/1243/965 2889/1243/965 2888/1243/965 
f 2893/1243/3 2901/1243/3 2900/1243/3 2831/1243/3 
f 2877/1243/4 2785/1243/4 2800/1243/4 2861/1243/4 
f 2849/1243/4 2861/1243/4 2800/1243/4 2833/1243/4 
f 2833/1243/4 2800/1243/4 2878/1243/4 2862/1243/4 
f 2833/1243/4 2862/1243/4 2850/1243/4 2834/1243/4 
f 2833/1243/4 2834/1243/4 2794/1243/4 2813/1243/4 
f 2801/1243/5 2787/1243/5 2919/1243/5 2920/1243/5 
f 2921/1243/4 2886/1243/4 2887/1243/4 2922/1243/4 
f 2887/1243/3 2886/1243/3 2923/1243/3 
f 2923/1243/3 2924/1243/3 2887/1243/3 
f 2886/1243/7 2921/1243/7 2925/1243/7 2923/1243/7 
f 2921/1243/1 2922/1243/1 2926/1243/1 2925/1243/1 
f 2922/1243/2 2887/1243/2 2924/1243/2 2926/1243/2 
f 2926/1243/2 2924/1243/2 2801/1243/2 2920/1243/2 
f 2925/1243/1 2926/1243/1 2920/1243/1 2919/1243/1 
f 2923/1243/7 2925/1243/7 2919/1243/7 2787/1243/7 
f 2924/1243/3 2923/1243/3 2787/1243/3 2801/1243/3 
f 2927/1243/5 2928/1243/5 2929/1243/5 2930/1243/5 
f 2931/1243/4 2932/1243/4 2933/1243/4 2934/1243/4 
f 2933/1243/3 2932/1243/3 2935/1243/3 2936/1243/3 
f 2932/1243/7 2931/1243/7 2937/1243/7 2935/1243/7 
f 2931/1243/1 2934/1243/1 2938/1243/1 2937/1243/1 
f 2934/1243/2 2933/1243/2 2936/1243/2 2938/1243/2 
f 2938/1243/2 2936/1243/2 2927/1243/2 2930/1243/2 
f 2937/1243/1 2938/1243/1 2930/1243/1 2929/1243/1 
f 2935/1243/7 2937/1243/7 2929/1243/7 2928/1243/7 
f 2936/1243/3 2935/1243/3 2928/1243/3 2927/1243/3 
f 2939/1243/5 2940/1243/5 2817/1243/5 2881/1243/5 
f 2941/1243/4 2942/1243/4 2943/1243/4 2944/1243/4 
f 2943/1243/3 2942/1243/3 2945/1243/3 2946/1243/3 
f 2942/1243/7 2941/1243/7 2947/1243/7 2945/1243/7 
f 2941/1243/1 2944/1243/1 2948/1243/1 2947/1243/1 
f 2944/1243/2 2943/1243/2 2946/1243/2 2948/1243/2 
f 2948/1243/2 2946/1243/2 2939/1243/2 2881/1243/2 
f 2947/1243/1 2948/1243/1 2881/1243/1 
f 2881/1243/1 2817/1243/1 2947/1243/1 
f 2945/1243/7 2947/1243/7 2817/1243/7 2940/1243/7 
f 2946/1243/3 2945/1243/3 2940/1243/3 2939/1243/3 
f 2949/1243/3 2950/1243/3 2921/1243/3 
f 2921/1243/3 2922/1243/3 2949/1243/3 
f 2932/1243/1 2951/1243/1 2952/1243/1 
f 2952/1243/1 2933/1243/1 2932/1243/1 
f 2952/1243/4 2951/1243/4 2953/1243/4 2954/1243/4 
f 2928/1243/7 2955/1243/7 2956/1243/7 2957/1243/7 
f 2955/1243/5 2958/1243/5 2959/1243/5 2956/1243/5 
f 2933/1243/2 2952/1243/2 2954/1243/2 2960/1243/2 
f 2960/1243/2 2954/1243/2 2949/1243/2 2922/1243/2 
f 2956/1243/5 2959/1243/5 2961/1243/5 2962/1243/5 
f 2957/1243/7 2956/1243/7 2962/1243/7 2919/1243/7 
f 2954/1243/4 2953/1243/4 2950/1243/4 2949/1243/4 
f 2963/1243/3 2964/1243/3 2931/1243/3 
f 2931/1243/3 2934/1243/3 2963/1243/3 
f 2942/1243/1 2965/1243/1 2966/1243/1 
f 2966/1243/1 2943/1243/1 2942/1243/1 
f 2966/1243/4 2965/1243/4 2967/1243/4 2968/1243/4 
f 2940/1243/7 2969/1243/7 2970/1243/7 2971/1243/7 
f 2969/1243/5 2972/1243/5 2973/1243/5 2970/1243/5 
f 2943/1243/2 2966/1243/2 2968/1243/2 2974/1243/2 
f 2974/1243/2 2968/1243/2 2963/1243/2 2934/1243/2 
f 2970/1243/5 2973/1243/5 2975/1243/5 2976/1243/5 
f 2971/1243/7 2970/1243/7 2976/1243/7 2929/1243/7 
f 2968/1243/4 2967/1243/4 2964/1243/4 2963/1243/4 
f 2790/1243/966 2808/1243/966 2977/1243/966 2763/1243/966 
f 2789/1243/967 2805/1243/967 2804/1243/967 2771/1243/967 
f 2778/1243/968 2756/1243/968 2755/1243/968 2759/1243/968 
f 2814/1243/969 2820/1243/969 2823/1243/969 2767/1243/969 
f 2884/1243/966 2797/1243/966 2773/1243/966 2819/1243/966 
f 2811/1243/968 2799/1243/968 2782/1243/968 2781/1243/968 
f 2978/1243/968 2756/1243/968 2778/1243/968 2777/1243/968 
f 2823/1243/966 2822/1243/966 2768/1243/966 2767/1243/966 
f 2797/1243/966 2796/1243/966 2774/1243/966 2773/1243/966 
f 2803/1243/968 2811/1243/968 2781/1243/968 2772/1243/968 
f 2796/1243/966 2808/1243/966 2790/1243/966 2774/1243/966 
f 2804/1243/968 2803/1243/968 2772/1243/968 2771/1243/968 
f 2977/1243/967 2840/1243/967 2764/1243/967 2763/1243/967 
f 2841/1243/970 2820/1243/970 2814/1243/970 2835/1243/970 
f 2840/1243/967 2839/1243/967 2792/1243/967 2764/1243/967 
f 2855/1243/969 2841/1243/969 2835/1243/969 2851/1243/969 
f 2839/1243/967 2854/1243/967 2824/1243/967 2792/1243/967 
f 2872/1243/970 2855/1243/970 2851/1243/970 2864/1243/970 
f 2854/1243/967 2871/1243/967 2826/1243/967 2824/1243/967 
f 2883/1243/969 2872/1243/969 2864/1243/969 2879/1243/969 
f 2871/1243/967 2882/1243/967 2843/1243/967 2826/1243/967 
f 2758/1243/970 2883/1243/970 2879/1243/970 2760/1243/970 
f 2882/1243/967 2805/1243/967 2789/1243/967 2843/1243/967 
f 2755/1243/970 2758/1243/970 2760/1243/970 2759/1243/970 
f 2807/1243/2 2840/1243/2 2977/1243/2 2808/1243/2 
f 2979/1243/7 2971/1243/7 2929/1243/7 2931/1243/7 
f 2973/1243/2 2980/1243/2 2930/1243/2 2975/1243/2 
f 2972/1243/2 2939/1243/2 2980/1243/2 2973/1243/2 
f 2942/1243/7 2940/1243/7 2971/1243/7 2979/1243/7 
f 2969/1243/1 2940/1243/1 2939/1243/1 
f 2939/1243/1 2972/1243/1 2969/1243/1 
f 2930/1243/3 2929/1243/3 2976/1243/3 
f 2976/1243/3 2975/1243/3 2930/1243/3 
f 2965/1243/7 2942/1243/7 2979/1243/7 2967/1243/7 
f 2967/1243/7 2979/1243/7 2931/1243/7 2964/1243/7 
f 2980/1243/2 2974/1243/2 2934/1243/2 2930/1243/2 
f 2939/1243/2 2943/1243/2 2974/1243/2 2980/1243/2 
f 2940/1243/1 2942/1243/1 2943/1243/1 
f 2943/1243/1 2939/1243/1 2940/1243/1 
f 2934/1243/3 2931/1243/3 2929/1243/3 
f 2929/1243/3 2930/1243/3 2934/1243/3 
f 2981/1243/7 2957/1243/7 2919/1243/7 2921/1243/7 
f 2959/1243/2 2982/1243/2 2920/1243/2 2961/1243/2 
f 2958/1243/2 2927/1243/2 2982/1243/2 2959/1243/2 
f 2932/1243/7 2928/1243/7 2957/1243/7 2981/1243/7 
f 2955/1243/1 2928/1243/1 2927/1243/1 
f 2927/1243/1 2958/1243/1 2955/1243/1 
f 2920/1243/3 2919/1243/3 2962/1243/3 
f 2962/1243/3 2961/1243/3 2920/1243/3 
f 2951/1243/7 2932/1243/7 2981/1243/7 2953/1243/7 
f 2953/1243/7 2981/1243/7 2921/1243/7 2950/1243/7 
f 2982/1243/2 2960/1243/2 2922/1243/2 2920/1243/2 
f 2927/1243/2 2933/1243/2 2960/1243/2 2982/1243/2 
f 2928/1243/1 2932/1243/1 2933/1243/1 
f 2933/1243/1 2927/1243/1 2928/1243/1 
f 2922/1243/3 2921/1243/3 2919/1243/3 
f 2919/1243/3 2920/1243/3 2922/1243/3 
f 2983/1243/966 2884/1243/966 2819/1243/966 2984/1243/966 
f 2944/1243/2 2881/1243/2 2884/1243/2 2983/1243/2 
f 2817/1243/3 2881/1243/3 2944/1243/3 
f 2944/1243/3 2941/1243/3 2817/1243/3 
f 2984/1243/1 2819/1243/1 2818/1243/1 2985/1243/1 
f 2818/1243/7 2817/1243/7 2941/1243/7 2985/1243/7 
f 2985/1243/7 2941/1243/7 2816/1243/7 2769/1243/7 
f 2768/1243/1 2984/1243/1 2985/1243/1 2769/1243/1 
f 2941/1243/3 2944/1243/3 2821/1243/3 
f 2821/1243/3 2816/1243/3 2941/1243/3 
f 2821/1243/2 2944/1243/2 2983/1243/2 2822/1243/2 
f 2822/1243/966 2983/1243/966 2984/1243/966 2768/1243/966 
f 2798/1243/971 2978/1243/971 2777/1243/971 2986/1243/971 
f 2787/1243/1 2886/1243/1 2887/1243/1 
f 2887/1243/1 2801/1243/1 2787/1243/1 
f 2756/1243/2 2978/1243/2 2887/1243/2 2757/1243/2 
f 2886/1243/7 2780/1243/7 2779/1243/7 2788/1243/7 
f 2986/1243/3 2777/1243/3 2780/1243/3 2786/1243/3 
f 2782/1243/3 2986/1243/3 2786/1243/3 2783/1243/3 
f 2785/1243/1 2787/1243/1 2801/1243/1 
f 2801/1243/1 2800/1243/1 2785/1243/1 
f 2799/1243/968 2798/1243/968 2986/1243/968 2782/1243/968 
f 2978/1243/2 2798/1243/2 2801/1243/2 2887/1243/2 
f 2787/1243/7 2786/1243/7 2780/1243/7 2886/1243/7 
f 2987/1243/972 2988/1243/972 2989/1243/972 2990/1243/972 
f 2989/1243/973 2991/1243/973 2992/1243/973 2990/1243/973 
f 2991/1243/974 2993/1243/974 2994/1243/974 2992/1243/974 
f 2991/1243/1 2995/1243/1 2996/1243/1 2993/1243/1 
f 2989/1243/4 2997/1243/4 2995/1243/4 2991/1243/4 
f 2998/1243/975 2996/1243/975 2995/1243/975 2999/1243/975 
f 2999/1243/976 2995/1243/976 2997/1243/976 3000/1243/976 
f 3001/1243/3 2997/1243/3 2989/1243/3 2988/1243/3 
f 2997/1243/977 3001/1243/977 3002/1243/977 3000/1243/977 
f 3001/1243/978 2996/1243/978 2998/1243/978 3002/1243/978 
f 2996/1243/5 3001/1243/5 2988/1243/5 2993/1243/5 
f 2994/1243/979 2993/1243/979 2988/1243/979 2987/1243/979 
f 3003/1243/972 3004/1243/972 3005/1243/972 3006/1243/972 
f 3005/1243/980 3007/1243/980 3008/1243/980 3006/1243/980 
f 3007/1243/974 3009/1243/974 3010/1243/974 3008/1243/974 
f 3007/1243/1 3011/1243/1 3012/1243/1 3009/1243/1 
f 3005/1243/4 3013/1243/4 3011/1243/4 3007/1243/4 
f 3014/1243/975 3012/1243/975 3011/1243/975 3015/1243/975 
f 3015/1243/981 3011/1243/981 3013/1243/981 3016/1243/981 
f 3017/1243/3 3013/1243/3 3005/1243/3 3004/1243/3 
f 3013/1243/977 3017/1243/977 3018/1243/977 3016/1243/977 
f 3017/1243/978 3012/1243/978 3014/1243/978 3018/1243/978 
f 3012/1243/5 3017/1243/5 3004/1243/5 3009/1243/5 
f 3010/1243/979 3009/1243/979 3004/1243/979 3003/1243/979 
f 3019/1243/982 3020/1243/982 3021/1243/982 3022/1243/982 
f 3021/1243/980 3023/1243/980 3024/1243/980 3022/1243/980 
f 3023/1243/974 3025/1243/974 3026/1243/974 3024/1243/974 
f 3023/1243/1 3027/1243/1 3028/1243/1 3025/1243/1 
f 3021/1243/4 3029/1243/4 3027/1243/4 3023/1243/4 
f 3030/1243/975 3028/1243/975 3027/1243/975 3031/1243/975 
f 3031/1243/981 3027/1243/981 3029/1243/981 3032/1243/981 
f 3033/1243/3 3029/1243/3 3021/1243/3 3020/1243/3 
f 3029/1243/977 3033/1243/977 3034/1243/977 3032/1243/977 
f 3033/1243/978 3028/1243/978 3030/1243/978 3034/1243/978 
f 3028/1243/5 3033/1243/5 3020/1243/5 3025/1243/5 
f 3026/1243/979 3025/1243/979 3020/1243/979 3019/1243/979 
f 3035/1243/982 3036/1243/982 3037/1243/982 3038/1243/982 
f 3037/1243/980 3039/1243/980 3040/1243/980 3038/1243/980 
f 3039/1243/974 3041/1243/974 3042/1243/974 3040/1243/974 
f 3039/1243/1 3043/1243/1 3044/1243/1 3041/1243/1 
f 3037/1243/4 3045/1243/4 3043/1243/4 3039/1243/4 
f 3046/1243/975 3044/1243/975 3043/1243/975 3047/1243/975 
f 3047/1243/981 3043/1243/981 3045/1243/981 3048/1243/981 
f 3049/1243/3 3045/1243/3 3037/1243/3 3036/1243/3 
f 3045/1243/977 3049/1243/977 3050/1243/977 3048/1243/977 
f 3049/1243/978 3044/1243/978 3046/1243/978 3050/1243/978 
f 3044/1243/5 3049/1243/5 3036/1243/5 3041/1243/5 
f 3042/1243/979 3041/1243/979 3036/1243/979 3035/1243/979 
f 3051/1243/972 3052/1243/972 3053/1243/972 3054/1243/972 
f 3053/1243/980 3055/1243/980 3056/1243/980 3054/1243/980 
f 3055/1243/974 3057/1243/974 3058/1243/974 3056/1243/974 
f 3055/1243/1 3059/1243/1 3060/1243/1 3057/1243/1 
f 3053/1243/4 3061/1243/4 3059/1243/4 3055/1243/4 
f 3062/1243/975 3060/1243/975 3059/1243/975 3063/1243/975 
f 3063/1243/981 3059/1243/981 3061/1243/981 3064/1243/981 
f 3065/1243/3 3061/1243/3 3053/1243/3 3052/1243/3 
f 3061/1243/977 3065/1243/977 3066/1243/977 3064/1243/977 
f 3065/1243/978 3060/1243/978 3062/1243/978 3066/1243/978 
f 3060/1243/5 3065/1243/5 3052/1243/5 3057/1243/5 
f 3058/1243/979 3057/1243/979 3052/1243/979 3051/1243/979 
f 3067/1243/972 3068/1243/972 3069/1243/972 3070/1243/972 
f 3069/1243/980 3071/1243/980 3072/1243/980 3070/1243/980 
f 3071/1243/974 3073/1243/974 3074/1243/974 3072/1243/974 
f 3071/1243/1 3075/1243/1 3076/1243/1 3073/1243/1 
f 3069/1243/4 3077/1243/4 3075/1243/4 3071/1243/4 
f 3078/1243/975 3076/1243/975 3075/1243/975 3079/1243/975 
f 3079/1243/981 3075/1243/981 3077/1243/981 3080/1243/981 
f 3081/1243/3 3077/1243/3 3069/1243/3 3068/1243/3 
f 3077/1243/977 3081/1243/977 3082/1243/977 3080/1243/977 
f 3081/1243/978 3076/1243/978 3078/1243/978 3082/1243/978 
f 3076/1243/5 3081/1243/5 3068/1243/5 3073/1243/5 
f 3074/1243/979 3073/1243/979 3068/1243/979 3067/1243/979 
# 2857 polygons - 338 triangles

#
# object Cube_002_Cube_033
#

v  22.7081 -1.0000 33.7663
v  22.7639 -1.0000 33.7663
v  22.7639 1.0000 33.7663
v  22.7081 1.0000 33.7663
v  23.8196 -1.0000 33.7663
v  23.8196 1.0000 33.7663
v  23.7639 1.0000 33.7663
v  23.7639 -1.0000 33.7663
v  23.7639 1.0631 33.7663
v  23.8196 1.0631 33.7663
v  22.7081 1.0631 33.7663
v  22.7639 1.0631 33.7663
v  22.7639 -1.0000 33.6775
v  22.7081 -1.0000 33.6775
v  22.7081 1.0000 33.6775
v  22.7639 1.0000 33.6775
v  23.8196 -1.0000 33.6775
v  23.7639 -1.0000 33.6775
v  23.7639 1.0000 33.6775
v  23.8196 1.0000 33.6775
v  23.7639 1.0631 33.6775
v  23.8196 1.0631 33.6775
v  22.7639 1.0631 33.6775
v  22.7081 1.0631 33.6775
v  23.7639 -0.9900 33.7663
v  22.7639 -0.9900 33.7663
v  22.7639 -0.9900 33.6775
v  23.7639 -0.9900 33.6775
# 28 vertices

vn 0.0000 0.0000 1.0000
vn 0.0000 0.0000 -1.0000
vn 1.0000 0.0000 0.0000
vn -1.0000 0.0000 0.0000
vn 0.0000 -1.0000 0.0000
vn 0.0000 1.0000 0.0000
# 6 vertex normals

vt 0.2221 -0.1013 0.0000
vt 0.2500 -0.1013 0.0000
vt 0.2500 0.8987 0.0000
vt 0.2221 0.8987 0.0000
vt 0.7779 -0.1013 0.0000
vt 0.7779 0.8987 0.0000
vt 0.7500 0.8987 0.0000
vt 0.7500 -0.1013 0.0000
vt 0.7500 0.9302 0.0000
vt 0.7779 0.9302 0.0000
vt 0.2221 0.9302 0.0000
vt 0.2500 0.9302 0.0000
vt 0.4778 0.9302 0.0000
vt 0.4778 0.8987 0.0000
vt 0.5222 0.8987 0.0000
vt 0.5222 0.9302 0.0000
vt 0.5222 -0.1013 0.0000
vt 0.4778 -0.1013 0.0000
vt 0.2500 0.5222 0.0000
vt 0.2500 0.4778 0.0000
vt 0.2221 0.4778 0.0000
vt 0.2221 0.5222 0.0000
vt 0.7500 0.4778 0.0000
vt 0.7500 0.5222 0.0000
vt 0.7779 0.5222 0.0000
vt 0.7779 0.4778 0.0000
vt 0.7500 -0.0963 0.0000
vt 0.2500 -0.0963 0.0000
vt 0.5222 -0.0963 0.0000
vt 0.4778 -0.0963 0.0000
# 30 texture coords

o Cube_002_Cube_033
g Cube_002_Cube_033
usemtl Material__89
s off
f 3083/3353/983 3084/3354/983 3085/3355/983 3086/3356/983 
f 3087/3357/983 3088/3358/983 3089/3359/983 3090/3360/983 
f 3091/3361/983 3089/3359/983 3088/3358/983 3092/3362/983 
f 3093/3363/983 3086/3356/983 3085/3355/983 3094/3364/983 
f 3089/3359/983 3091/3361/983 3094/3364/983 3085/3355/983 
f 3095/3354/984 3096/3353/984 3097/3356/984 3098/3355/984 
f 3099/3357/984 3100/3360/984 3101/3359/984 3102/3358/984 
f 3103/3361/984 3104/3362/984 3102/3358/984 3101/3359/984 
f 3105/3364/984 3098/3355/984 3097/3356/984 3106/3363/984 
f 3105/3364/984 3103/3361/984 3101/3359/984 3098/3355/984 
f 3092/3365/985 3088/3366/985 3102/3367/985 3104/3368/985 
f 3097/3367/986 3096/3369/986 3083/3370/986 3086/3366/986 
f 3106/3368/986 3097/3367/986 3086/3366/986 3093/3365/986 
f 3095/3371/987 3084/3372/987 3083/3373/987 3096/3374/987 
f 3105/3371/988 3094/3372/988 3091/3375/988 3103/3376/988 
f 3099/3377/987 3087/3378/987 3090/3375/987 3100/3376/987 
f 3085/3372/987 3098/3371/987 3101/3376/987 3089/3375/987 
f 3105/3371/988 3106/3374/988 3093/3373/988 3094/3372/988 
f 3089/3366/986 3101/3367/986 3100/3369/986 3090/3370/986 
f 3092/3378/988 3104/3377/988 3103/3376/988 3091/3375/988 
f 3102/3367/985 3088/3366/985 3087/3370/985 3099/3369/985 
f 3085/3366/985 3084/3370/985 3095/3369/985 3098/3367/985 
f 3090/3360/983 3107/3379/983 3108/3380/983 3084/3354/983 
f 3109/3371/988 3108/3372/988 3107/3375/988 3110/3376/988 
f 3110/3381/985 3107/3382/985 3090/3370/985 
f 3090/3370/985 3100/3369/985 3110/3381/985 
f 3109/3380/984 3110/3379/984 3100/3360/984 3095/3354/984 
f 3109/3381/986 3095/3369/986 3084/3370/986 
f 3084/3370/986 3108/3382/986 3109/3381/986 
# 25 polygons - 4 triangles

