# 3ds Max Wavefront OBJ Exporter v0.99 - (c)2007 guruware
# File Created: 26.03.2025 13:59:54

mtllib Pastel.mtl

#
# object Cake
#

v  3.7761 0.5500 2.7435
v  2.7435 0.5500 3.7761
v  1.4423 0.5500 4.4390
v  -4.4390 0.5500 1.4423
v  0.0000 0.5500 4.6675
v  -1.4423 0.5500 4.4390
v  -2.7435 0.5500 3.7761
v  -3.7761 0.5500 2.7435
v  -4.6675 0.5500 0.0000
v  -4.4390 0.5500 -1.4423
v  -3.7761 0.5500 -2.7435
v  2.7435 0.5500 -3.7761
v  -2.7435 0.5500 -3.7761
v  -1.4423 0.5500 -4.4390
v  -0.0000 0.5500 -4.6675
v  1.4423 0.5500 -4.4390
v  3.7761 0.5500 -2.7435
v  4.4390 0.5500 -1.4423
v  4.6675 0.5500 -0.0000
v  4.4390 0.5500 1.4423
v  2.7612 1.7644 -0.0000
v  2.7612 0.8531 -0.0000
v  2.6260 0.8531 -0.8533
v  2.6260 1.7644 -0.8533
v  2.2338 0.8531 -1.6230
v  2.2338 1.7644 -1.6230
v  1.6230 1.7644 -2.2338
v  1.6230 0.8531 -2.2338
v  0.8533 0.8531 -2.6260
v  0.8533 1.7644 -2.6260
v  0.0000 0.8531 -2.7612
v  0.0000 1.7644 -2.7612
v  -0.8533 0.8531 -2.6260
v  -0.8533 1.7644 -2.6260
v  -1.6230 0.8531 -2.2338
v  -1.6230 1.7644 -2.2338
v  -2.2338 0.8531 -1.6230
v  -2.2338 1.7644 -1.6230
v  -2.6260 0.8531 -0.8533
v  -2.6260 1.7644 -0.8533
v  -2.7612 0.8531 0.0000
v  -2.7612 1.7644 0.0000
v  -2.6260 0.8531 0.8533
v  -2.6260 1.7644 0.8533
v  -2.2338 0.8531 1.6230
v  -2.2338 1.7644 1.6230
v  -1.6230 1.7644 2.2338
v  -1.6230 0.8531 2.2338
v  -0.8533 1.7644 2.6260
v  -0.8533 0.8531 2.6260
v  0.0000 0.8531 2.7612
v  0.0000 1.7644 2.7612
v  0.8533 0.8531 2.6260
v  0.8533 1.7644 2.6260
v  1.6230 0.8531 2.2338
v  1.6230 1.7644 2.2338
v  2.2339 0.8531 1.6230
v  2.2339 1.7644 1.6230
v  2.6260 1.7644 0.8532
v  2.6260 0.8531 0.8532
v  2.3618 3.1496 -0.0000
v  2.2462 3.1496 -0.7298
v  1.9107 3.1496 -1.3882
v  2.2462 3.1496 0.7298
v  1.3882 3.1496 -1.9107
v  0.7298 3.1496 -2.2462
v  0.0000 3.1496 -2.3618
v  -0.7298 3.1496 -2.2462
v  -1.3882 3.1496 -1.9107
v  -1.9107 3.1496 -1.3882
v  -2.2462 3.1496 -0.7298
v  1.9107 3.1496 1.3882
v  -2.3618 3.1496 -0.0000
v  -2.2462 3.1496 0.7298
v  -1.3882 3.1496 1.9107
v  -1.9107 3.1496 1.3882
v  -0.7298 3.1496 2.2462
v  0.0000 3.1496 2.3618
v  1.3882 3.1496 1.9107
v  0.7298 3.1496 2.2462
v  2.7119 3.1155 -0.0000
v  2.5792 3.1155 -0.8380
v  2.1940 3.1155 -1.5940
v  1.5940 3.1155 -2.1940
v  0.8380 3.1155 -2.5792
v  0.0000 3.1155 -2.7119
v  -0.8380 3.1155 -2.5792
v  -1.5940 3.1155 -2.1940
v  -2.1940 3.1155 -1.5940
v  -2.5792 3.1155 -0.8380
v  -2.7119 3.1155 0.0000
v  -2.5792 3.1155 0.8380
v  -2.1940 3.1155 1.5940
v  -1.5940 3.1155 2.1940
v  -0.8380 3.1155 2.5792
v  0.0000 3.1155 2.7119
v  0.8380 3.1155 2.5792
v  1.5940 3.1155 2.1940
v  2.1940 3.1155 1.5940
v  2.5792 3.1155 0.8380
v  2.6143 2.9881 -0.8494
v  2.7489 2.9881 -0.0000
v  2.2239 2.9881 -1.6157
v  1.6157 2.9881 -2.2239
v  0.8494 2.9881 -2.6143
v  0.0000 2.9881 -2.7489
v  -0.8494 2.9881 -2.6143
v  -1.6157 2.9881 -2.2239
v  -2.2239 2.9881 -1.6157
v  -2.6143 2.9881 -0.8494
v  -2.7489 2.9881 0.0000
v  -2.6143 2.9881 0.8494
v  -2.2239 2.9881 1.6157
v  -1.6157 2.9881 2.2239
v  -0.8494 2.9881 2.6143
v  0.0000 2.9881 2.7489
v  0.8494 2.9881 2.6143
v  1.6157 2.9881 2.2239
v  2.2239 2.9881 1.6157
v  2.6143 2.9881 0.8494
v  2.7612 2.8386 -0.0000
v  2.6260 2.8386 -0.8533
v  2.2338 2.8386 -1.6230
v  1.6230 2.8386 -2.2338
v  0.8533 2.8386 -2.6260
v  0.0000 2.8386 -2.7612
v  -0.8533 2.8386 -2.6260
v  -1.6230 2.8386 -2.2338
v  -2.2338 2.8386 -1.6230
v  -2.6260 2.8386 -0.8533
v  -2.7612 2.8386 0.0000
v  -2.6260 2.8386 0.8533
v  -2.2338 2.8386 1.6230
v  -1.6230 2.8386 2.2338
v  -0.8533 2.8386 2.6260
v  0.0000 2.8386 2.7612
v  0.8533 2.8386 2.6260
v  1.6230 2.8386 2.2338
v  2.2339 2.8386 1.6230
v  2.6260 2.8386 0.8532
v  2.6260 1.9802 -0.8533
v  2.7612 1.9802 -0.0000
v  2.2338 1.9802 -1.6230
v  1.6230 1.9802 -2.2338
v  0.8533 1.9802 -2.6260
v  0.0000 1.9802 -2.7612
v  -0.8533 1.9802 -2.6260
v  -1.6230 1.9802 -2.2338
v  -2.2338 1.9802 -1.6230
v  -2.6260 1.9802 -0.8533
v  -2.7612 1.9802 0.0000
v  -2.6260 1.9802 0.8533
v  -2.2338 1.9802 1.6230
v  -1.6230 1.9802 2.2338
v  -0.8533 1.9802 2.6260
v  0.0000 1.9802 2.7612
v  0.8533 1.9802 2.6260
v  1.6230 1.9802 2.2338
v  2.2339 1.9802 1.6230
v  2.6260 1.9802 0.8532
v  4.6181 0.7743 -0.0000
v  4.3921 0.7743 -1.4271
v  4.3921 0.7743 1.4271
v  3.7362 0.7743 2.7145
v  2.7145 0.7743 3.7362
v  1.4271 0.7743 4.3921
v  0.0000 0.7743 4.6182
v  -1.4271 0.7743 4.3921
v  -2.7145 0.7743 3.7362
v  -3.7362 0.7743 2.7145
v  -4.3921 0.7743 1.4271
v  -4.6182 0.7743 0.0000
v  -4.3921 0.7743 -1.4271
v  -3.7362 0.7743 -2.7145
v  -2.7145 0.7743 -3.7362
v  -1.4271 0.7743 -4.3921
v  -0.0000 0.7743 -4.6182
v  1.4271 0.7743 -4.3921
v  2.7145 0.7743 -3.7362
v  3.7362 0.7743 -2.7145
v  4.4338 0.6737 -1.4406
v  4.6620 0.6737 -0.0000
v  4.4338 0.6737 1.4406
v  3.7716 0.6737 2.7402
v  2.7402 0.6737 3.7716
v  1.4406 0.6737 4.4338
v  0.0000 0.6737 4.6620
v  -1.4406 0.6737 4.4338
v  -2.7402 0.6737 3.7716
v  -3.7716 0.6737 2.7402
v  -4.4338 0.6737 1.4406
v  -4.6620 0.6737 0.0000
v  -4.4338 0.6737 -1.4406
v  -3.7716 0.6737 -2.7402
v  -2.7402 0.6737 -3.7716
v  -1.4406 0.6737 -4.4338
v  -0.0000 0.6737 -4.6620
v  1.4406 0.6737 -4.4338
v  2.7402 0.6737 -3.7716
v  3.7716 0.6737 -2.7402
v  4.6455 0.7484 -0.0000
v  4.4182 0.7484 -1.4356
v  4.4182 0.7484 1.4355
v  3.7583 0.7484 2.7306
v  2.7306 0.7484 3.7583
v  1.4356 0.7484 4.4182
v  0.0000 0.7484 4.6455
v  -1.4355 0.7484 4.4182
v  -2.7306 0.7484 3.7583
v  -3.7583 0.7484 2.7306
v  -4.4182 0.7484 1.4356
v  -4.6455 0.7484 0.0000
v  -4.4182 0.7484 -1.4355
v  -3.7583 0.7484 -2.7306
v  -2.7306 0.7484 -3.7583
v  -1.4356 0.7484 -4.4182
v  -0.0000 0.7484 -4.6455
v  1.4355 0.7484 -4.4182
v  2.7306 0.7484 -3.7583
v  3.7583 0.7484 -2.7306
# 220 vertices

vn 0.0000 -1.0000 -0.0000
vn 1.0000 0.0000 -0.0000
vn 0.0000 1.0000 -0.0000
vn 0.6700 0.7424 -0.0000
vn 0.6372 0.7423 -0.2070
vn 0.9511 0.0000 -0.3090
vn 0.5420 0.7424 -0.3938
vn 0.8090 0.0000 -0.5878
vn 0.5878 0.0000 -0.8090
vn 0.3938 0.7424 -0.5420
vn 0.2070 0.7423 -0.6372
vn 0.3090 0.0000 -0.9511
vn 0.0000 0.7424 -0.6700
vn 0.0000 0.0000 -1.0000
vn -0.2070 0.7424 -0.6372
vn -0.3090 0.0000 -0.9511
vn -0.3938 0.7423 -0.5421
vn -0.5878 0.0000 -0.8090
vn -0.5421 0.7423 -0.3938
vn -0.8090 0.0000 -0.5878
vn -0.6372 0.7423 -0.2070
vn -0.9511 0.0000 -0.3090
vn -0.6700 0.7424 -0.0000
vn -1.0000 0.0000 0.0000
vn -0.6372 0.7423 0.2071
vn -0.9511 0.0000 0.3090
vn -0.5420 0.7424 0.3938
vn -0.8090 0.0000 0.5878
vn -0.5878 0.0000 0.8090
vn -0.3938 0.7423 0.5421
vn -0.3090 0.0000 0.9511
vn -0.2070 0.7423 0.6372
vn 0.0000 0.7423 0.6700
vn 0.0000 0.0000 1.0000
vn 0.2070 0.7423 0.6372
vn 0.3090 0.0000 0.9511
vn 0.3938 0.7423 0.5421
vn 0.5878 0.0000 0.8090
vn 0.5421 0.7423 0.3938
vn 0.8090 0.0000 0.5878
vn 0.9511 0.0000 0.3090
vn 0.6372 0.7424 0.2070
vn 0.0059 1.0000 -0.0000
vn 0.0056 1.0000 -0.0018
vn 0.0048 1.0000 -0.0035
vn 0.0056 1.0000 0.0018
vn 0.0035 1.0000 -0.0048
vn 0.0018 1.0000 -0.0056
vn 0.0000 1.0000 -0.0059
vn -0.0018 1.0000 -0.0056
vn -0.0035 1.0000 -0.0048
vn -0.0048 1.0000 -0.0035
vn -0.0056 1.0000 -0.0018
vn 0.0048 1.0000 0.0035
vn -0.0059 1.0000 0.0000
vn -0.0056 1.0000 0.0018
vn -0.0035 1.0000 0.0048
vn -0.0048 1.0000 0.0035
vn -0.0018 1.0000 0.0056
vn 0.0000 1.0000 0.0059
vn 0.0035 1.0000 0.0048
vn 0.0018 1.0000 0.0056
vn 0.2023 0.9793 -0.0000
vn 0.1924 0.9793 -0.0625
vn 0.1637 0.9793 -0.1189
vn 0.1189 0.9793 -0.1637
vn 0.0625 0.9793 -0.1924
vn -0.0000 0.9793 -0.2023
vn -0.0625 0.9793 -0.1924
vn -0.1189 0.9793 -0.1637
vn -0.1637 0.9793 -0.1189
vn -0.1924 0.9793 -0.0625
vn -0.2023 0.9793 0.0000
vn -0.1924 0.9793 0.0625
vn -0.1637 0.9793 0.1189
vn -0.1189 0.9793 0.1637
vn -0.0625 0.9793 0.1924
vn 0.0000 0.9793 0.2023
vn 0.0625 0.9793 0.1924
vn 0.1189 0.9793 0.1637
vn 0.1637 0.9793 0.1189
vn 0.1924 0.9793 0.0625
vn 0.5883 0.7857 -0.1912
vn 0.6186 0.7857 -0.0000
vn 0.5005 0.7857 -0.3636
vn 0.3636 0.7857 -0.5005
vn 0.1912 0.7857 -0.5883
vn -0.0000 0.7857 -0.6186
vn -0.1912 0.7857 -0.5883
vn -0.3636 0.7857 -0.5005
vn -0.5005 0.7857 -0.3636
vn -0.5883 0.7857 -0.1912
vn -0.6186 0.7857 0.0000
vn -0.5883 0.7857 0.1912
vn -0.5005 0.7857 0.3636
vn -0.3636 0.7857 0.5005
vn -0.1912 0.7857 0.5883
vn 0.0000 0.7857 0.6186
vn 0.1912 0.7857 0.5883
vn 0.3636 0.7857 0.5005
vn 0.5005 0.7857 0.3636
vn 0.5883 0.7857 0.1912
vn 0.9518 0.3069 -0.0000
vn 0.9052 0.3068 -0.2941
vn 0.7700 0.3069 -0.5594
vn 0.5594 0.3069 -0.7700
vn 0.2941 0.3068 -0.9052
vn 0.0000 0.3069 -0.9518
vn -0.2941 0.3069 -0.9052
vn -0.5594 0.3069 -0.7700
vn -0.7700 0.3068 -0.5594
vn -0.9052 0.3068 -0.2941
vn -0.9518 0.3068 0.0000
vn -0.9052 0.3069 0.2941
vn -0.7700 0.3068 0.5594
vn -0.5594 0.3068 0.7700
vn -0.2941 0.3068 0.9052
vn 0.0000 0.3068 0.9518
vn 0.2941 0.3068 0.9052
vn 0.5594 0.3068 0.7700
vn 0.7700 0.3068 0.5594
vn 0.9052 0.3069 0.2941
vn -0.8090 -0.0000 -0.5878
vn -1.0000 -0.0000 0.0000
vn 0.3090 -0.0000 0.9511
vn 0.0589 0.9983 -0.0000
vn 0.0560 0.9983 -0.0182
vn 0.0560 0.9983 0.0182
vn 0.0477 0.9983 0.0346
vn 0.0346 0.9983 0.0477
vn 0.0182 0.9983 0.0560
vn 0.0000 0.9983 0.0589
vn -0.0182 0.9983 0.0560
vn -0.0346 0.9983 0.0477
vn -0.0477 0.9983 0.0346
vn -0.0560 0.9983 0.0182
vn -0.0589 0.9983 0.0000
vn -0.0560 0.9983 -0.0182
vn -0.0477 0.9983 -0.0346
vn -0.0346 0.9983 -0.0477
vn -0.0182 0.9983 -0.0560
vn 0.0000 0.9983 -0.0589
vn 0.0182 0.9983 -0.0560
vn 0.0346 0.9983 -0.0477
vn 0.0477 0.9983 -0.0346
vn 0.4934 0.8549 -0.1603
vn 0.7138 0.6609 -0.2319
vn 0.7505 0.6608 -0.0000
vn 0.5188 0.8549 -0.0000
vn 0.7138 0.6608 0.2319
vn 0.4934 0.8549 0.1603
vn 0.6072 0.6609 0.4411
vn 0.4197 0.8549 0.3049
vn 0.4411 0.6608 0.6072
vn 0.3049 0.8549 0.4197
vn 0.2319 0.6609 0.7138
vn 0.1603 0.8549 0.4934
vn 0.0000 0.6609 0.7505
vn 0.0000 -0.5243 0.8515
vn -0.2319 0.6608 0.7138
vn -0.2631 -0.5243 0.8098
vn -0.4411 0.6609 0.6072
vn -0.5005 -0.5243 0.6889
vn -0.6072 0.6608 0.4411
vn -0.6889 -0.5243 0.5005
vn -0.7138 0.6608 0.2319
vn -0.8098 -0.5243 0.2631
vn -0.7505 0.6609 0.0000
vn -0.8515 -0.5243 0.0000
vn -0.7138 0.6608 -0.2319
vn -0.8098 -0.5243 -0.2631
vn -0.6072 0.6609 -0.4411
vn -0.6889 -0.5243 -0.5005
vn -0.4411 0.6608 -0.6072
vn -0.5005 -0.5243 -0.6889
vn -0.2319 0.6608 -0.7138
vn -0.2631 -0.5243 -0.8098
vn 0.0000 0.6609 -0.7505
vn 0.0000 -0.5243 -0.8515
vn 0.2319 0.6608 -0.7138
vn 0.1603 0.8549 -0.4934
vn 0.4411 0.6608 -0.6072
vn 0.3049 0.8549 -0.4197
vn 0.6072 0.6608 -0.4411
vn 0.4197 0.8549 -0.3049
vn 0.2961 0.9551 -0.0000
vn 0.2816 0.9551 -0.0915
vn 0.2816 0.9551 0.0915
vn 0.2396 0.9551 0.1741
vn 0.1741 0.9551 0.2396
vn 0.0915 0.9551 0.2816
vn 0.0000 0.9551 0.2961
vn -0.0915 0.9551 0.2816
vn -0.1741 0.9551 0.2396
vn -0.2396 0.9551 0.1741
vn -0.2816 0.9551 0.0915
vn -0.2961 0.9551 0.0000
vn -0.2816 0.9551 -0.0915
vn -0.2396 0.9551 -0.1741
vn -0.1741 0.9551 -0.2396
vn -0.0915 0.9551 -0.2816
vn 0.0000 0.9551 -0.2961
vn 0.0915 0.9551 -0.2816
vn 0.1741 0.9551 -0.2396
vn 0.2396 0.9551 -0.1741
# 205 vertex normals

vt 0.0575 0.0242 0.0000
vt 0.2925 0.3027 0.0014
vt 0.2925 0.0862 0.0014
vt 0.3247 0.0862 0.0014
vt 0.3247 0.3027 0.0014
vt 0.3569 0.0862 0.0014
vt 0.3569 0.3027 0.0014
vt 0.3891 0.3027 0.0014
vt 0.3891 0.0862 0.0014
vt 0.4213 0.0862 0.0014
vt 0.4213 0.3027 0.0014
vt 0.4535 0.0862 0.0014
vt 0.4535 0.3027 0.0014
vt 0.4857 0.0862 0.0014
vt 0.4857 0.3027 0.0014
vt 0.5179 0.0862 0.0014
vt 0.5179 0.3027 0.0014
vt 0.5501 0.0862 0.0014
vt 0.5501 0.3027 0.0014
vt 0.5823 0.0862 0.0014
vt 0.5823 0.3027 0.0014
vt 0.6145 0.0862 0.0014
vt 0.6145 0.3027 0.0014
vt 0.6467 0.0862 0.0014
vt 0.6467 0.3027 0.0014
vt 0.6789 0.0862 0.0014
vt 0.6789 0.3027 0.0014
vt 0.7111 0.3027 0.0014
vt 0.7111 0.0862 0.0014
vt 0.7433 0.3027 0.0014
vt 0.7433 0.0862 0.0014
vt 0.7755 0.0862 0.0014
vt 0.7755 0.3027 0.0014
vt 0.8077 0.0862 0.0014
vt 0.8077 0.3027 0.0014
vt 0.8399 0.0862 0.0014
vt 0.8399 0.3027 0.0014
vt 0.8722 0.0862 0.0014
vt 0.8722 0.3027 0.0014
vt 0.9044 0.3027 0.0014
vt 0.9044 0.0862 0.0014
vt 0.9366 0.3027 0.0014
vt 0.9366 0.0862 0.0014
vt 0.3321 0.8229 0.0827
vt 0.3259 0.8625 0.0827
vt 0.3077 0.8981 0.0827
vt 0.3259 0.7834 0.0827
vt 0.2794 0.9264 0.0827
vt 0.2438 0.9446 0.0827
vt 0.2042 0.9508 0.0827
vt 0.1647 0.9446 0.0827
vt 0.1291 0.9264 0.0827
vt 0.1008 0.8981 0.0827
vt 0.0826 0.8625 0.0827
vt 0.3077 0.7477 0.0827
vt 0.0763 0.8229 0.0827
vt 0.0826 0.7834 0.0827
vt 0.1291 0.7194 0.0827
vt 0.1008 0.7477 0.0827
vt 0.1647 0.7013 0.0827
vt 0.2042 0.6950 0.0827
vt 0.2794 0.7194 0.0827
vt 0.2438 0.7013 0.0827
vt 0.3511 0.8229 -0.0827
vt 0.3439 0.8683 0.0827
vt 0.3231 0.9093 0.0827
vt 0.2906 0.9418 0.0827
vt 0.2496 0.9626 0.0827
vt 0.2042 0.9698 0.0827
vt 0.1588 0.9626 0.0827
vt 0.1179 0.9418 0.0827
vt 0.0854 0.9093 0.0827
vt 0.0645 0.8683 0.0827
vt 0.0574 0.8229 -0.0827
vt 0.0645 0.7775 0.0827
vt 0.0854 0.7366 0.0827
vt 0.1179 0.7041 0.0827
vt 0.1588 0.6832 0.0827
vt 0.2042 0.6760 0.0827
vt 0.2496 0.6832 0.0827
vt 0.2906 0.7041 0.0827
vt 0.3231 0.7366 0.0827
vt 0.3439 0.7775 0.0827
vt 0.3240 0.5935 0.0007
vt 0.3247 0.6238 -0.0014
vt 0.2918 0.6238 -0.0014
vt 0.2918 0.5935 0.0007
vt 0.3247 0.5935 0.0007
vt 0.3569 0.5935 0.0007
vt 0.3569 0.6238 -0.0014
vt 0.3891 0.5935 0.0007
vt 0.3891 0.6238 -0.0014
vt 0.4213 0.5935 0.0007
vt 0.4213 0.6238 -0.0014
vt 0.4535 0.5935 0.0007
vt 0.4535 0.6238 -0.0014
vt 0.4857 0.5935 0.0007
vt 0.4857 0.6238 -0.0014
vt 0.5179 0.5935 0.0007
vt 0.5179 0.6238 -0.0014
vt 0.5501 0.5935 0.0007
vt 0.5501 0.6238 -0.0014
vt 0.5823 0.5935 0.0007
vt 0.5823 0.6238 -0.0014
vt 0.6145 0.5935 0.0007
vt 0.6145 0.6238 -0.0014
vt 0.6467 0.5935 0.0007
vt 0.6467 0.6238 -0.0014
vt 0.6789 0.5935 0.0007
vt 0.6789 0.6238 -0.0014
vt 0.7111 0.5935 0.0007
vt 0.7111 0.6238 -0.0014
vt 0.7433 0.5935 0.0007
vt 0.7433 0.6238 -0.0014
vt 0.7755 0.5935 0.0007
vt 0.7755 0.6238 -0.0014
vt 0.8077 0.5935 0.0007
vt 0.8077 0.6238 -0.0014
vt 0.8399 0.5935 0.0007
vt 0.8399 0.6238 -0.0014
vt 0.8722 0.5935 0.0007
vt 0.8722 0.6238 -0.0014
vt 0.9044 0.5935 0.0007
vt 0.9044 0.6238 -0.0014
vt 0.9366 0.5935 0.0007
vt 0.9366 0.6238 -0.0014
vt 0.2918 0.5579 0.0014
vt 0.3247 0.5579 0.0014
vt 0.3569 0.5579 0.0014
vt 0.3891 0.5579 0.0014
vt 0.4213 0.5579 0.0014
vt 0.4535 0.5579 0.0014
vt 0.4857 0.5579 0.0014
vt 0.5179 0.5579 0.0014
vt 0.5501 0.5579 0.0014
vt 0.5823 0.5579 0.0014
vt 0.6145 0.5579 0.0014
vt 0.6467 0.5579 0.0014
vt 0.6789 0.5579 0.0014
vt 0.7111 0.5579 0.0014
vt 0.7433 0.5579 0.0014
vt 0.7755 0.5579 0.0014
vt 0.8077 0.5579 0.0014
vt 0.8399 0.5579 0.0014
vt 0.8722 0.5579 0.0014
vt 0.9044 0.5579 0.0014
vt 0.9366 0.5579 0.0014
vt 0.3247 0.3540 0.0014
vt 0.2925 0.5579 0.0014
vt 0.2925 0.3540 0.0014
vt 0.3569 0.3540 0.0014
vt 0.3891 0.3540 0.0014
vt 0.4213 0.3540 0.0014
vt 0.4535 0.3540 0.0014
vt 0.4857 0.3540 0.0014
vt 0.5179 0.3540 0.0014
vt 0.5501 0.3540 0.0014
vt 0.5823 0.3540 0.0014
vt 0.6145 0.3540 0.0014
vt 0.6467 0.3540 0.0014
vt 0.6789 0.3540 0.0014
vt 0.7111 0.3540 0.0014
vt 0.7433 0.3540 0.0014
vt 0.7755 0.3540 0.0014
vt 0.8077 0.3540 0.0014
vt 0.8399 0.3540 0.0014
vt 0.8722 0.3540 0.0014
vt 0.9044 0.3540 0.0014
vt 0.9366 0.3540 0.0014
vt 0.1494 0.0820 0.0000
vt 0.1723 0.0823 0.0000
vt 0.1694 0.0997 0.0000
vt 0.1477 0.0923 0.0000
vt 0.1477 0.0717 0.0000
vt 0.1696 0.0648 0.0000
vt 0.1428 0.0624 0.0000
vt 0.1615 0.0490 0.0000
vt 0.1489 0.0364 0.0000
vt 0.1353 0.0550 0.0000
vt 0.1258 0.0502 0.0000
vt 0.1331 0.0283 0.0000
vt 0.1152 0.0486 0.0000
vt 0.1155 0.0254 0.0000
vt 0.0979 0.0281 0.0000
vt 0.1047 0.0502 0.0000
vt 0.0819 0.0361 0.0000
vt 0.0952 0.0550 0.0000
vt 0.0877 0.0624 0.0000
vt 0.0692 0.0485 0.0000
vt 0.0828 0.0717 0.0000
vt 0.0611 0.0643 0.0000
vt 0.0811 0.0820 0.0000
vt 0.0582 0.0817 0.0000
vt 0.0828 0.0923 0.0000
vt 0.0609 0.0992 0.0000
vt 0.0877 0.1016 0.0000
vt 0.0690 0.1150 0.0000
vt 0.0815 0.1276 0.0000
vt 0.0952 0.1090 0.0000
vt 0.1047 0.1138 0.0000
vt 0.0974 0.1357 0.0000
vt 0.1152 0.1154 0.0000
vt 0.1150 0.1386 0.0000
vt 0.1258 0.1138 0.0000
vt 0.1326 0.1359 0.0000
vt 0.1353 0.1090 0.0000
vt 0.1485 0.1279 0.0000
vt 0.1428 0.1016 0.0000
vt 0.1612 0.1155 0.0000
vt 0.1703 0.1000 0.0000
vt 0.1700 0.0999 0.0000
vt 0.1730 0.0823 0.0000
vt 0.1733 0.0823 0.0000
vt 0.1702 0.0646 0.0000
vt 0.1705 0.0645 0.0000
vt 0.1620 0.0486 0.0000
vt 0.1623 0.0484 0.0000
vt 0.1493 0.0358 0.0000
vt 0.1495 0.0356 0.0000
vt 0.1333 0.0277 0.0000
vt 0.1334 0.0273 0.0000
vt 0.1155 0.0248 0.0000
vt 0.1155 0.0245 0.0000
vt 0.0977 0.0275 0.0000
vt 0.0976 0.0272 0.0000
vt 0.0815 0.0355 0.0000
vt 0.0814 0.0353 0.0000
vt 0.0687 0.0481 0.0000
vt 0.0685 0.0480 0.0000
vt 0.0604 0.0641 0.0000
vt 0.0601 0.0640 0.0000
vt 0.0575 0.0817 0.0000
vt 0.0572 0.0817 0.0000
vt 0.0603 0.0994 0.0000
vt 0.0600 0.0995 0.0000
vt 0.0684 0.1154 0.0000
vt 0.0682 0.1156 0.0000
vt 0.0811 0.1281 0.0000
vt 0.0810 0.1284 0.0000
vt 0.0972 0.1363 0.0000
vt 0.0971 0.1366 0.0000
vt 0.1150 0.1392 0.0000
vt 0.1150 0.1395 0.0000
vt 0.1328 0.1365 0.0000
vt 0.1329 0.1368 0.0000
vt 0.1489 0.1284 0.0000
vt 0.1491 0.1287 0.0000
vt 0.1618 0.1159 0.0000
vt 0.1620 0.1160 0.0000
vt 0.1726 0.0823 0.0000
vt 0.1697 0.0998 0.0000
vt 0.1699 0.0647 0.0000
vt 0.1618 0.0488 0.0000
vt 0.1491 0.0361 0.0000
vt 0.1332 0.0280 0.0000
vt 0.1155 0.0251 0.0000
vt 0.0978 0.0278 0.0000
vt 0.0817 0.0358 0.0000
vt 0.0690 0.0483 0.0000
vt 0.0607 0.0642 0.0000
vt 0.0578 0.0817 0.0000
vt 0.0606 0.0993 0.0000
vt 0.0687 0.1152 0.0000
vt 0.0813 0.1279 0.0000
vt 0.0973 0.1360 0.0000
vt 0.1150 0.1389 0.0000
vt 0.1327 0.1362 0.0000
vt 0.1487 0.1282 0.0000
vt 0.1615 0.1157 0.0000
# 269 texture coords

o Cake
g Cake
usemtl Material__25
s 1
f 1/1/1 2/1/1 3/1/1 4/1/1 
f 5/1/2 6/1/1 7/1/2 8/1/2 
f 5/1/2 8/1/2 4/1/1 3/1/1 
f 4/1/1 9/1/2 10/1/3 11/1/2 
f 1/1/1 4/1/1 11/1/2 12/1/1 
f 13/1/1 14/1/1 15/1/3 16/1/1 
f 11/1/2 13/1/1 16/1/1 12/1/1 
f 12/1/1 17/1/1 18/1/1 19/1/1 
f 1/1/1 12/1/1 19/1/1 20/1/1 
f 21/2/2 22/3/4 23/4/5 24/5/6 
f 24/5/6 23/4/5 25/6/7 26/7/8 
f 27/8/9 26/7/8 25/6/7 28/9/10 
f 29/10/11 30/11/12 27/8/9 28/9/10 
f 29/10/11 31/12/13 32/13/14 30/11/12 
f 32/13/14 31/12/13 33/14/15 34/15/16 
f 33/14/15 35/16/17 36/17/18 34/15/16 
f 35/16/17 37/18/19 38/19/20 36/17/18 
f 37/18/19 39/20/21 40/21/22 38/19/20 
f 39/20/21 41/22/23 42/23/24 40/21/22 
f 41/22/23 43/24/25 44/25/26 42/23/24 
f 43/24/25 45/26/27 46/27/28 44/25/26 
f 47/28/29 46/27/28 45/26/27 48/29/30 
f 49/30/31 47/28/29 48/29/30 50/31/32 
f 50/31/32 51/32/33 52/33/34 49/30/31 
f 51/32/33 53/34/35 54/35/36 52/33/34 
f 55/36/37 56/37/38 54/35/36 53/34/35 
f 55/36/37 57/38/39 58/39/40 56/37/38 
f 59/40/41 58/39/40 57/38/39 60/41/42 
f 21/42/2 59/40/41 60/41/42 22/43/4 
f 61/44/43 62/45/44 63/46/45 64/47/46 
f 63/46/45 65/48/47 66/49/48 64/47/46 
f 64/47/46 66/49/48 67/50/49 68/51/50 
f 69/52/51 70/53/52 71/54/53 68/51/50 
f 64/47/46 68/51/50 71/54/53 72/55/54 
f 71/54/53 73/56/55 74/57/56 75/58/57 
f 74/57/56 76/59/58 75/58/57 
f 75/58/57 77/60/59 78/61/60 79/62/61 
f 78/61/60 80/63/62 79/62/61 
f 71/54/53 75/58/57 79/62/61 72/55/54 
f 62/45/44 61/44/43 81/64/63 82/65/64 
f 63/46/45 62/45/44 82/65/64 83/66/65 
f 63/46/45 83/66/65 84/67/66 65/48/47 
f 85/68/67 66/49/48 65/48/47 84/67/66 
f 85/68/67 86/69/68 67/50/49 66/49/48 
f 67/50/49 86/69/68 87/70/69 68/51/50 
f 68/51/50 87/70/69 88/71/70 69/52/51 
f 88/71/70 89/72/71 70/53/52 69/52/51 
f 71/54/53 70/53/52 89/72/71 90/73/72 
f 73/56/55 71/54/53 90/73/72 91/74/73 
f 91/74/73 92/75/74 74/57/56 73/56/55 
f 76/59/58 74/57/56 92/75/74 93/76/75 
f 76/59/58 93/76/75 94/77/76 75/58/57 
f 75/58/57 94/77/76 95/78/77 77/60/59 
f 77/60/59 95/78/77 96/79/78 78/61/60 
f 97/80/79 80/63/62 78/61/60 96/79/78 
f 97/80/79 98/81/80 79/62/61 80/63/62 
f 72/55/54 79/62/61 98/81/80 99/82/81 
f 100/83/82 64/47/46 72/55/54 99/82/81 
f 64/47/46 100/83/82 81/64/63 61/44/43 
f 101/84/83 82/85/64 81/86/63 102/87/84 
f 101/88/83 103/89/85 83/90/65 82/85/64 
f 103/89/85 104/91/86 84/92/66 83/90/65 
f 84/92/66 104/91/86 105/93/87 85/94/67 
f 105/93/87 106/95/88 86/96/68 85/94/67 
f 86/96/68 106/95/88 107/97/89 87/98/69 
f 107/97/89 108/99/90 88/100/70 87/98/69 
f 108/99/90 109/101/91 89/102/71 88/100/70 
f 89/102/71 109/101/91 110/103/92 90/104/72 
f 111/105/93 91/106/73 90/104/72 110/103/92 
f 111/105/93 112/107/94 92/108/74 91/106/73 
f 92/108/74 112/107/94 113/109/95 93/110/75 
f 114/111/96 94/112/76 93/110/75 113/109/95 
f 114/111/96 115/113/97 95/114/77 94/112/76 
f 115/113/97 116/115/98 96/116/78 95/114/77 
f 96/116/78 116/115/98 117/117/99 97/118/79 
f 97/118/79 117/117/99 118/119/100 98/120/80 
f 119/121/101 99/122/81 98/120/80 118/119/100 
f 119/121/101 120/123/102 100/124/82 99/122/81 
f 102/125/84 81/126/63 100/124/82 120/123/102 
s 2
f 121/127/103 122/128/104 101/84/83 102/87/84 
f 101/88/83 122/128/104 123/129/105 103/89/85 
f 103/89/85 123/129/105 124/130/106 104/91/86 
f 125/131/107 105/93/87 104/91/86 124/130/106 
f 125/131/107 126/132/108 106/95/88 105/93/87 
f 106/95/88 126/132/108 127/133/109 107/97/89 
f 107/97/89 127/133/109 128/134/110 108/99/90 
f 128/134/110 129/135/111 109/101/91 108/99/90 
f 110/103/92 109/101/91 129/135/111 130/136/112 
f 111/105/93 110/103/92 130/136/112 131/137/113 
f 132/138/114 112/107/94 111/105/93 131/137/113 
f 133/139/115 113/109/95 112/107/94 132/138/114 
f 133/139/115 134/140/116 114/111/96 113/109/95 
f 114/111/96 134/140/116 135/141/117 115/113/97 
f 115/113/97 135/141/117 136/142/118 116/115/98 
f 137/143/119 117/117/99 116/115/98 136/142/118 
f 137/143/119 138/144/120 118/119/100 117/117/99 
f 138/144/120 139/145/121 119/121/101 118/119/100 
f 119/121/101 139/145/121 140/146/122 120/123/102 
f 121/147/103 102/125/84 120/123/102 140/146/122 
s 1
f 141/148/6 122/128/104 121/149/103 142/150/2 
f 142/150/2 21/2/2 24/5/6 141/148/6 
f 123/129/105 122/128/104 141/148/6 143/151/8 
f 143/151/8 141/148/6 24/5/6 26/7/8 
f 144/152/9 124/130/106 123/129/105 143/151/8 
f 143/151/8 26/7/8 27/8/9 144/152/9 
f 125/131/107 124/130/106 144/152/9 145/153/12 
f 144/152/9 27/8/9 30/11/12 145/153/12 
f 126/132/108 125/131/107 145/153/12 146/154/14 
f 32/13/14 146/154/14 145/153/12 30/11/12 
f 127/133/109 126/132/108 146/154/14 147/155/16 
f 34/15/16 147/155/16 146/154/14 32/13/14 
f 128/134/110 127/133/109 147/155/16 148/156/18 
f 36/17/18 148/156/18 147/155/16 34/15/16 
f 129/135/111 128/134/110 148/156/18 149/157/123 
f 148/156/18 36/17/18 38/19/20 149/157/123 
f 150/158/22 130/136/112 129/135/111 149/157/123 
f 40/21/22 150/158/22 149/157/123 38/19/20 
f 130/136/112 150/158/22 151/159/124 131/137/113 
f 40/21/22 42/23/24 151/159/124 150/158/22 
f 132/138/114 131/137/113 151/159/124 152/160/26 
f 44/25/26 152/160/26 151/159/124 42/23/24 
f 153/161/28 133/139/115 132/138/114 152/160/26 
f 44/25/26 46/27/28 153/161/28 152/160/26 
f 154/162/29 134/140/116 133/139/115 153/161/28 
f 47/28/29 154/162/29 153/161/28 46/27/28 
f 155/163/31 135/141/117 134/140/116 154/162/29 
f 154/162/29 47/28/29 49/30/31 155/163/31 
f 155/163/31 156/164/34 136/142/118 135/141/117 
f 52/33/34 156/164/34 155/163/31 49/30/31 
f 157/165/125 137/143/119 136/142/118 156/164/34 
f 156/164/34 52/33/34 54/35/36 157/165/125 
f 137/143/119 157/165/125 158/166/38 138/144/120 
f 54/35/36 56/37/38 158/166/38 157/165/125 
f 138/144/120 158/166/38 159/167/40 139/145/121 
f 58/39/40 159/167/40 158/166/38 56/37/38 
f 159/167/40 160/168/41 140/146/122 139/145/121 
f 59/40/41 160/168/41 159/167/40 58/39/40 
f 160/168/41 142/169/2 121/147/103 140/146/122 
f 21/42/2 142/169/2 160/168/41 59/40/41 
s 2
f 22/170/4 161/171/126 162/172/127 23/173/5 
f 22/170/4 60/174/42 163/175/128 161/171/126 
f 57/176/39 164/177/129 163/175/128 60/174/42 
f 165/178/130 164/177/129 57/176/39 55/179/37 
f 165/178/130 55/179/37 53/180/35 166/181/131 
f 166/181/131 53/180/35 51/182/33 167/183/132 
f 168/184/133 167/183/132 51/182/33 50/185/32 
f 169/186/134 168/184/133 50/185/32 48/187/30 
f 169/186/134 48/187/30 45/188/27 170/189/135 
f 45/188/27 43/190/25 171/191/136 170/189/135 
f 41/192/23 172/193/137 171/191/136 43/190/25 
f 41/192/23 39/194/21 173/195/138 172/193/137 
f 173/195/138 39/194/21 37/196/19 174/197/139 
f 175/198/140 174/197/139 37/196/19 35/199/17 
f 35/199/17 33/200/15 176/201/141 175/198/140 
f 176/201/141 33/200/15 31/202/13 177/203/142 
f 29/204/11 178/205/143 177/203/142 31/202/13 
f 178/205/143 29/204/11 28/206/10 179/207/144 
f 25/208/7 180/209/145 179/207/144 28/206/10 
f 23/173/5 162/172/127 180/209/145 25/208/7 
s 1
f 18/210/146 181/211/147 182/212/148 19/213/149 
f 182/212/148 183/214/150 20/215/151 19/213/149 
f 183/214/150 184/216/152 1/217/153 20/215/151 
f 184/216/152 185/218/154 2/219/155 1/217/153 
f 2/219/155 185/218/154 186/220/156 3/221/157 
f 186/220/156 187/222/158 5/223/159 3/221/157 
f 5/223/159 187/222/158 188/224/160 6/225/161 
f 6/225/161 188/224/160 189/226/162 7/227/163 
f 190/228/164 8/229/165 7/227/163 189/226/162 
f 8/229/165 190/228/164 191/230/166 4/231/167 
f 191/230/166 192/232/168 9/233/169 4/231/167 
f 9/233/169 192/232/168 193/234/170 10/235/171 
f 10/235/171 193/234/170 194/236/172 11/237/173 
f 194/236/172 195/238/174 13/239/175 11/237/173 
f 13/239/175 195/238/174 196/240/176 14/241/177 
f 14/241/177 196/240/176 197/242/178 15/243/179 
f 198/244/180 16/245/181 15/243/179 197/242/178 
f 16/245/181 198/244/180 199/246/182 12/247/183 
f 199/246/182 200/248/184 17/249/185 12/247/183 
f 17/249/185 200/248/184 181/211/147 18/210/146 
s 2
f 201/250/186 182/212/148 181/211/147 202/251/187 
f 162/172/127 161/171/126 201/250/186 202/251/187 
f 201/250/186 203/252/188 183/214/150 182/212/148 
f 163/175/128 203/252/188 201/250/186 161/171/126 
f 203/252/188 204/253/189 184/216/152 183/214/150 
f 163/175/128 164/177/129 204/253/189 203/252/188 
f 184/216/152 204/253/189 205/254/190 185/218/154 
f 165/178/130 205/254/190 204/253/189 164/177/129 
f 185/218/154 205/254/190 206/255/191 186/220/156 
f 205/254/190 165/178/130 166/181/131 206/255/191 
f 207/256/192 187/222/158 186/220/156 206/255/191 
f 206/255/191 166/181/131 167/183/132 207/256/192 
f 207/256/192 208/257/193 188/224/160 187/222/158 
f 167/183/132 168/184/133 208/257/193 207/256/192 
f 189/226/162 188/224/160 208/257/193 209/258/194 
f 168/184/133 169/186/134 209/258/194 208/257/193 
f 209/258/194 210/259/195 190/228/164 189/226/162 
f 170/189/135 210/259/195 209/258/194 169/186/134 
f 190/228/164 210/259/195 211/260/196 191/230/166 
f 171/191/136 211/260/196 210/259/195 170/189/135 
f 191/230/166 211/260/196 212/261/197 192/232/168 
f 212/261/197 211/260/196 171/191/136 172/193/137 
f 213/262/198 193/234/170 192/232/168 212/261/197 
f 212/261/197 172/193/137 173/195/138 213/262/198 
f 213/262/198 214/263/199 194/236/172 193/234/170 
f 213/262/198 173/195/138 174/197/139 214/263/199 
f 194/236/172 214/263/199 215/264/200 195/238/174 
f 214/263/199 174/197/139 175/198/140 215/264/200 
f 195/238/174 215/264/200 216/265/201 196/240/176 
f 215/264/200 175/198/140 176/201/141 216/265/201 
f 216/265/201 217/266/202 197/242/178 196/240/176 
f 216/265/201 176/201/141 177/203/142 217/266/202 
f 198/244/180 197/242/178 217/266/202 218/267/203 
f 217/266/202 177/203/142 178/205/143 218/267/203 
f 199/246/182 198/244/180 218/267/203 219/268/204 
f 218/267/203 178/205/143 179/207/144 219/268/204 
f 220/269/205 200/248/184 199/246/182 219/268/204 
f 179/207/144 180/209/145 220/269/205 219/268/204 
f 202/251/187 181/211/147 200/248/184 220/269/205 
f 220/269/205 180/209/145 162/172/127 202/251/187 
# 217 polygons - 2 triangles

#
# object Plane005
#

v  0.4053 3.9519 0.2396
v  0.3936 3.9537 0.2333
v  0.3899 3.9887 0.2659
v  0.4074 3.9850 0.2773
v  0.3815 3.9544 0.2280
v  0.3749 3.9545 0.2256
v  0.3643 3.9903 0.2545
v  0.3709 3.9903 0.2569
v  0.4076 4.0204 0.3125
v  0.3859 4.0261 0.2957
v  0.3827 4.0654 0.3232
v  0.4079 4.0578 0.3463
v  0.3614 4.0283 0.2833
v  0.3547 4.0283 0.2809
v  0.3461 4.0683 0.3045
v  0.3528 4.0683 0.3069
v  0.4018 4.1003 0.3699
v  0.3762 4.1074 0.3449
v  0.3707 4.1509 0.3637
v  0.3968 4.1445 0.3905
v  0.3452 4.1101 0.3277
v  0.3386 4.1101 0.3252
v  0.3321 4.1534 0.3430
v  0.3387 4.1534 0.3454
v  0.3582 4.2351 0.3860
v  0.3535 4.2782 0.3930
v  0.3782 4.2461 0.4086
v  0.3839 4.2120 0.4042
v  0.3239 4.3619 0.3863
v  0.3253 4.3086 0.3823
v  0.3187 4.3089 0.3800
v  0.3173 4.3623 0.3839
v  0.3753 3.9204 0.1909
v  0.3489 3.9519 0.2190
v  0.3620 3.9537 0.2218
v  0.3809 3.9208 0.1925
v  0.3231 3.9850 0.2466
v  0.3003 4.0204 0.2734
v  0.3279 4.0261 0.2745
v  0.3440 3.9888 0.2491
v  0.2784 4.0579 0.2991
v  0.2678 4.1003 0.3210
v  0.3037 4.1074 0.3185
v  0.3127 4.0654 0.2976
v  0.2957 4.1509 0.3363
v  0.2584 4.1446 0.3401
v  0.2586 4.1782 0.3502
v  0.2929 4.1927 0.3502
v  0.4032 3.9204 0.2010
v  0.3981 3.9208 0.1987
v  0.3929 3.9210 0.1966
v  0.3863 3.9210 0.1942
v  0.3640 4.1926 0.3762
v  0.3901 4.1781 0.3982
v  0.3283 4.2558 0.3742
v  0.3328 4.2039 0.3618
v  0.3261 4.2040 0.3594
v  0.3216 4.2560 0.3718
v  0.2632 4.2804 0.3713
v  0.2903 4.3220 0.3756
v  0.2902 4.2784 0.3699
v  0.2610 4.2462 0.3659
v  0.4230 3.9791 0.2909
v  0.4164 3.9492 0.2468
v  0.4269 4.0461 0.3749
v  0.4257 4.0115 0.3330
v  0.4149 4.1350 0.4229
v  0.4215 4.0886 0.4028
v  0.3933 4.2366 0.4276
v  0.4002 4.2107 0.4309
v  0.3731 4.2803 0.4113
v  0.3698 3.9198 0.1894
v  0.3357 3.9492 0.2174
v  0.3023 3.9791 0.2469
v  0.2731 4.0115 0.2775
v  0.2453 4.0461 0.3088
v  0.2311 4.0885 0.3339
v  0.2240 4.1351 0.3531
v  0.2220 4.1593 0.3609
v  0.2910 4.2352 0.3615
v  0.4083 3.9198 0.2035
v  0.4056 4.1852 0.4305
v  0.4110 4.1595 0.4293
v  0.2595 4.2121 0.3588
v  0.2253 4.1850 0.3653
v  0.2292 4.2106 0.3690
v  0.3497 4.3217 0.3972
v  0.2372 4.2366 0.3708
# 88 vertices

vn 0.4422 0.6643 -0.6027
vn 0.3601 0.6748 -0.6442
vn 0.4251 0.6130 -0.6660
vn 0.5498 0.5884 -0.5929
vn 0.2852 0.6791 -0.6763
vn 0.2185 0.6792 -0.7007
vn 0.2223 0.6224 -0.7505
vn 0.3141 0.6223 -0.7170
vn 0.6339 0.5158 -0.5763
vn 0.4791 0.5496 -0.6844
vn 0.5355 0.4795 -0.6952
vn 0.7197 0.4264 -0.5479
vn 0.3398 0.5620 -0.7541
vn 0.2265 0.5621 -0.7954
vn 0.2291 0.4987 -0.8359
vn 0.3639 0.4987 -0.7867
vn 0.7373 0.3754 -0.5617
vn 0.5504 0.4179 -0.7228
vn 0.5709 0.3524 -0.7415
vn 0.7594 0.3182 -0.5674
vn 0.3779 0.4329 -0.8184
vn 0.2386 0.4329 -0.8693
vn 0.2467 0.3625 -0.8988
vn 0.3906 0.3624 -0.8462
vn 0.5571 0.2275 -0.7986
vn 0.5491 0.1629 -0.8197
vn 0.7152 0.1937 -0.6716
vn 0.7309 0.2362 -0.6403
vn 0.3816 0.0790 -0.9209
vn 0.3855 0.1121 -0.9159
vn 0.2957 0.1107 -0.9488
vn 0.3030 0.0785 -0.9498
vn 0.1432 0.7187 -0.6804
vn 0.0495 0.6644 -0.7457
vn 0.1399 0.6749 -0.7245
vn 0.1834 0.7091 -0.6808
vn -0.0393 0.5885 -0.8076
vn -0.1143 0.5160 -0.8489
vn 0.0745 0.5498 -0.8319
vn 0.1040 0.6132 -0.7831
vn -0.1984 0.4266 -0.8824
vn -0.2037 0.3754 -0.9042
vn 0.0445 0.4181 -0.9073
vn 0.0383 0.4798 -0.8766
vn 0.0407 0.3525 -0.9349
vn -0.2158 0.3184 -0.9231
vn -0.1818 0.2763 -0.9437
vn 0.0671 0.2905 -0.9545
vn 0.3286 0.7186 -0.6129
vn 0.2989 0.7090 -0.6387
vn 0.2639 0.7063 -0.6569
vn 0.2225 0.7063 -0.6720
vn 0.5634 0.2904 -0.7735
vn 0.7457 0.2763 -0.6063
vn 0.3936 0.1979 -0.8977
vn 0.3950 0.2824 -0.8742
vn 0.2614 0.2820 -0.9231
vn 0.2777 0.1970 -0.9402
vn -0.0564 0.1681 -0.9841
vn 0.1224 0.1298 -0.9840
vn 0.1079 0.1627 -0.9808
vn -0.1167 0.1938 -0.9741
vn 0.5980 0.6007 -0.5306
vn 0.4746 0.6782 -0.5611
vn 0.7838 0.4203 -0.4572
vn 0.6926 0.5289 -0.4905
vn 0.8285 0.2919 -0.4778
vn 0.8127 0.3522 -0.4641
vn 0.7306 0.1378 -0.6688
vn 0.7781 0.1864 -0.5998
vn 0.6766 0.1683 -0.7168
vn 0.1108 0.7405 -0.6629
vn -0.0025 0.6784 -0.7347
vn -0.1166 0.6009 -0.7907
vn -0.2149 0.5292 -0.8208
vn -0.3063 0.4212 -0.8537
vn -0.3251 0.3514 -0.8780
vn -0.3264 0.2933 -0.8986
vn -0.3013 0.2522 -0.9196
vn 0.0882 0.2274 -0.9698
vn 0.3417 0.7403 -0.5790
vn 0.7987 0.2100 -0.5639
vn 0.8209 0.2498 -0.5135
vn -0.1487 0.2362 -0.9603
vn -0.2507 0.2090 -0.9453
vn -0.2112 0.1850 -0.9598
vn 0.5403 0.1301 -0.8313
vn -0.1132 0.1266 -0.9855
# 88 vertex normals

vt 0.2541 0.6182 -265.2652
vt 0.2585 0.6185 -260.9637
vt 0.2560 0.6301 -301.7183
vt 0.2492 0.6294 -312.1152
vt 0.2629 0.6187 -259.0744
vt 0.2652 0.6187 -259.0564
vt 0.2652 0.6304 -297.4709
vt 0.2629 0.6304 -297.4883
vt 0.2451 0.6412 -354.7527
vt 0.2538 0.6421 -336.8795
vt 0.2517 0.6544 -366.5376
vt 0.2412 0.6533 -393.9058
vt 0.2629 0.6424 -329.8454
vt 0.2652 0.6424 -329.8273
vt 0.2652 0.6548 -355.9473
vt 0.2629 0.6548 -355.9661
vt 0.2404 0.6663 -417.2544
vt 0.2513 0.6672 -387.2602
vt 0.2508 0.6801 -401.4785
vt 0.2396 0.6796 -434.0668
vt 0.2629 0.6675 -375.7054
vt 0.2652 0.6675 -375.6872
vt 0.2652 0.6803 -388.9361
vt 0.2629 0.6803 -388.9535
vt 0.2522 0.7042 -406.2158
vt 0.2529 0.7162 -400.2029
vt 0.2434 0.7081 -426.9849
vt 0.2421 0.6987 -432.5475
vt 0.2629 0.7387 -366.5596
vt 0.2629 0.7242 -384.7899
vt 0.2652 0.7243 -384.6935
vt 0.2652 0.7388 -366.3764
vt 0.2690 0.6073 -216.1683
vt 0.2741 0.6182 -265.2139
vt 0.2697 0.6185 -260.9061
vt 0.2671 0.6074 -215.2660
vt 0.2790 0.6294 -312.0418
vt 0.2831 0.6412 -354.6548
vt 0.2743 0.6421 -336.7736
vt 0.2722 0.6301 -301.6383
vt 0.2870 0.6533 -393.7829
vt 0.2878 0.6663 -417.1321
vt 0.2769 0.6672 -387.1277
vt 0.2765 0.6544 -366.4046
vt 0.2774 0.6801 -401.3480
vt 0.2886 0.6796 -433.9464
vt 0.2874 0.6891 -434.8038
vt 0.2767 0.6922 -406.5205
vt 0.2592 0.6073 -216.1945
vt 0.2610 0.6074 -215.2984
vt 0.2629 0.6074 -214.8171
vt 0.2652 0.6074 -214.7986
vt 0.2515 0.6921 -406.6457
vt 0.2408 0.6891 -434.9206
vt 0.2629 0.7096 -394.6357
vt 0.2629 0.6949 -396.0269
vt 0.2652 0.6950 -396.0137
vt 0.2652 0.7097 -394.5961
vt 0.2835 0.7176 -418.1363
vt 0.2746 0.7282 -388.4438
vt 0.2753 0.7163 -400.0419
vt 0.2848 0.7082 -426.8586
vt 0.2428 0.6284 -328.4580
vt 0.2499 0.6177 -271.9420
vt 0.2320 0.6517 -436.5369
vt 0.2371 0.6397 -382.8109
vt 0.2303 0.6788 -482.5947
vt 0.2305 0.6649 -466.8771
vt 0.2365 0.7065 -454.7032
vt 0.2340 0.6997 -468.5119
vt 0.2447 0.7175 -418.2755
vt 0.2709 0.6072 -217.5039
vt 0.2784 0.6177 -271.9421
vt 0.2855 0.6284 -328.4581
vt 0.2911 0.6397 -382.8110
vt 0.2963 0.6517 -436.5370
vt 0.2978 0.6649 -467.4799
vt 0.2979 0.6788 -482.1320
vt 0.2976 0.6857 -484.8774
vt 0.2760 0.7042 -406.0804
vt 0.2573 0.6072 -217.5039
vt 0.2323 0.6928 -476.8995
vt 0.2308 0.6858 -483.9748
vt 0.2861 0.6987 -432.4287
vt 0.2960 0.6928 -477.7618
vt 0.2944 0.6997 -469.3309
vt 0.2536 0.7281 -388.6457
vt 0.2917 0.7065 -454.7034
# 88 texture coords

o Plane005
g Plane005
usemtl Material__26
s 1
f 221/270/206 222/271/207 223/272/208 224/273/209 
f 225/274/210 226/275/211 227/276/212 228/277/213 
f 229/278/214 230/279/215 231/280/216 232/281/217 
f 233/282/218 234/283/219 235/284/220 236/285/221 
f 237/286/222 238/287/223 239/288/224 240/289/225 
f 241/290/226 242/291/227 243/292/228 244/293/229 
f 245/294/230 246/295/231 247/296/232 248/297/233 
f 249/298/234 250/299/235 251/300/236 252/301/237 
f 253/302/238 254/303/239 255/304/240 256/305/241 
f 257/306/242 258/307/243 259/308/244 260/309/245 
f 261/310/246 262/311/247 263/312/248 264/313/249 
f 265/314/250 266/315/251 267/316/252 268/317/253 
f 269/318/254 270/319/255 222/271/207 221/270/206 
f 271/320/256 272/321/257 226/275/211 225/274/210 
f 224/273/209 223/272/208 230/279/215 229/278/214 
f 228/277/213 227/276/212 234/283/219 233/282/218 
f 232/281/217 231/280/216 238/287/223 237/286/222 
f 236/285/221 235/284/220 242/291/227 241/290/226 
f 239/288/224 273/322/258 274/323/259 240/289/225 
f 275/324/260 276/325/261 277/326/262 278/327/263 
f 260/309/245 255/304/240 254/303/239 257/306/242 
f 264/313/249 259/308/244 258/307/243 261/310/246 
f 265/314/250 263/312/248 262/311/247 266/315/251 
f 279/328/264 280/329/265 281/330/266 282/331/267 
f 222/271/207 225/274/210 228/277/213 223/272/208 
f 224/273/209 283/332/268 284/333/269 221/270/206 
f 230/279/215 233/282/218 236/285/221 231/280/216 
f 232/281/217 285/334/270 286/335/271 229/278/214 
f 238/287/223 241/290/226 244/293/229 239/288/224 
f 240/289/225 287/336/272 288/337/273 237/286/222 
f 275/324/260 250/299/235 246/295/231 245/294/230 
f 289/338/274 290/339/275 247/296/232 291/340/276 
f 292/341/277 293/342/278 254/303/239 253/302/238 
f 226/275/211 272/321/257 256/305/241 255/304/240 
f 294/343/279 295/344/280 258/307/243 257/306/242 
f 234/283/219 227/276/212 260/309/245 259/308/244 
f 296/345/281 297/346/282 262/311/247 261/310/246 
f 242/291/227 235/284/220 264/313/249 263/312/248 
f 266/315/251 298/347/283 299/348/284 267/316/252 
f 300/349/285 278/327/263 277/326/262 268/317/253 
f 270/319/255 271/320/256 225/274/210 222/271/207 
f 221/270/206 284/333/269 301/350/286 269/318/254 
f 223/272/208 228/277/213 233/282/218 230/279/215 
f 229/278/214 286/335/271 283/332/268 224/273/209 
f 231/280/216 236/285/221 241/290/226 238/287/223 
f 237/286/222 288/337/273 285/334/270 232/281/217 
f 244/293/229 276/325/261 273/322/258 239/288/224 
f 302/351/287 303/352/288 274/323/259 248/297/233 
f 227/276/212 226/275/211 255/304/240 260/309/245 
f 293/342/278 294/343/279 257/306/242 254/303/239 
f 235/284/220 234/283/219 259/308/244 264/313/249 
f 295/344/280 296/345/281 261/310/246 258/307/243 
f 243/292/228 242/291/227 263/312/248 265/314/250 
f 297/346/282 298/347/283 266/315/251 262/311/247 
f 280/329/265 252/301/237 251/300/236 281/330/266 
f 304/353/289 305/354/290 306/355/291 282/331/267 
f 246/295/231 307/356/292 291/340/276 247/296/232 
f 250/299/235 275/324/260 278/327/263 251/300/236 
f 304/353/289 300/349/285 268/317/253 267/316/252 
f 273/322/258 245/294/230 248/297/233 274/323/259 
f 244/293/229 243/292/228 277/326/262 276/325/261 
f 300/349/285 304/353/289 282/331/267 281/330/266 
f 250/299/235 249/298/234 307/356/292 246/295/231 
f 290/339/275 302/351/287 248/297/233 247/296/232 
f 305/354/290 304/353/289 267/316/252 299/348/284 
f 243/292/228 265/314/250 268/317/253 277/326/262 
f 276/325/261 275/324/260 245/294/230 273/322/258 
f 303/352/288 287/336/272 240/289/225 274/323/259 
f 278/327/263 300/349/285 281/330/266 251/300/236 
f 308/357/293 279/328/264 282/331/267 306/355/291 
# 70 polygons

#
# object Plane006
#

v  0.4351 3.9009 0.2191
v  0.4304 3.9131 0.2218
v  0.4698 3.9142 0.2492
v  0.4765 3.8942 0.2467
v  0.4249 3.9246 0.2255
v  0.4218 3.9304 0.2279
v  0.4582 3.9385 0.2569
v  0.4614 3.9327 0.2545
v  0.5185 3.8913 0.2735
v  0.5102 3.9181 0.2746
v  0.5520 3.9237 0.2978
v  0.5618 3.8902 0.2993
v  0.4993 3.9426 0.2808
v  0.4961 3.9484 0.2832
v  0.5353 3.9602 0.3069
v  0.5385 3.9544 0.3045
v  0.6041 3.9014 0.3213
v  0.5931 3.9361 0.3186
v  0.6351 3.9501 0.3366
v  0.6474 3.9144 0.3403
v  0.5787 3.9679 0.3253
v  0.5755 3.9737 0.3277
v  0.6165 3.9889 0.3455
v  0.6197 3.9831 0.3431
v  0.7111 3.9865 0.3617
v  0.7493 4.0066 0.3701
v  0.7351 3.9657 0.3662
v  0.7059 3.9479 0.3591
v  0.8096 4.0705 0.3841
v  0.7622 4.0461 0.3801
v  0.7592 4.0520 0.3825
v  0.8067 4.0765 0.3865
v  0.3813 3.9333 0.2010
v  0.4079 3.9503 0.2395
v  0.4152 3.9408 0.2332
v  0.3842 3.9288 0.1986
v  0.4359 3.9681 0.2772
v  0.4668 3.9854 0.3124
v  0.4823 3.9690 0.2956
v  0.4477 3.9545 0.2658
v  0.4994 4.0037 0.3462
v  0.5395 4.0189 0.3699
v  0.5581 3.9997 0.3449
v  0.5183 3.9851 0.3231
v  0.5989 4.0159 0.3637
v  0.5806 4.0358 0.3906
v  0.6133 4.0461 0.3982
v  0.6387 4.0301 0.3762
v  0.3948 3.9088 0.1908
v  0.3925 3.9137 0.1924
v  0.3902 3.9185 0.1941
v  0.3870 3.9243 0.1965
v  0.6730 3.9677 0.3505
v  0.6767 3.9308 0.3505
v  0.7145 4.0233 0.3719
v  0.6669 4.0022 0.3595
v  0.6638 4.0081 0.3619
v  0.7115 4.0292 0.3743
v  0.7111 4.0804 0.4115
v  0.7589 4.0799 0.3974
v  0.7189 4.0622 0.3931
v  0.6786 4.0685 0.4087
v  0.4813 3.8732 0.2470
v  0.4390 3.8881 0.2175
v  0.5674 3.8556 0.3090
v  0.5237 3.8633 0.2776
v  0.6557 3.8795 0.3535
v  0.6113 3.8640 0.3339
v  0.7382 3.9402 0.3711
v  0.7191 3.9213 0.3691
v  0.7640 3.9840 0.3716
v  0.3783 3.9375 0.2034
v  0.4001 3.9588 0.2467
v  0.4231 3.9790 0.2909
v  0.4501 3.9970 0.3330
v  0.4798 4.0148 0.3749
v  0.5195 4.0306 0.4033
v  0.5637 4.0470 0.4227
v  0.5865 4.0556 0.4299
v  0.6788 4.0456 0.3860
v  0.3969 3.9038 0.1895
v  0.6986 3.9056 0.3653
v  0.6777 3.8903 0.3609
v  0.6460 4.0570 0.4043
v  0.6117 4.0633 0.4311
v  0.6367 4.0709 0.4316
v  0.7873 4.0277 0.3758
v  0.6629 4.0771 0.4278
# 88 vertices

vn 0.5594 0.3623 -0.7456
vn 0.5254 0.4458 -0.7247
vn 0.4886 0.3847 -0.7832
vn 0.5356 0.2479 -0.8073
vn 0.4916 0.5163 -0.7013
vn 0.4595 0.5748 -0.6771
vn 0.3957 0.5730 -0.7178
vn 0.4399 0.4924 -0.7510
vn 0.5082 0.1472 -0.8486
vn 0.4473 0.3283 -0.8320
vn 0.4033 0.2627 -0.8765
vn 0.4704 0.0304 -0.8819
vn 0.3851 0.4670 -0.7960
vn 0.3306 0.5664 -0.7549
vn 0.2635 0.5569 -0.7877
vn 0.3284 0.4386 -0.8365
vn 0.4279 0.0018 -0.9038
vn 0.3464 0.2385 -0.9073
vn 0.2908 0.2037 -0.9349
vn 0.3842 -0.0374 -0.9225
vn 0.2662 0.4154 -0.8698
vn 0.1990 0.5376 -0.8194
vn 0.1311 0.5148 -0.8472
vn 0.2005 0.3886 -0.8993
vn 0.1586 0.1849 -0.9699
vn 0.0925 0.1710 -0.9809
vn 0.2266 -0.0090 -0.9739
vn 0.2793 -0.0167 -0.9601
vn -0.0743 0.3001 -0.9510
vn -0.0423 0.3106 -0.9496
vn -0.0868 0.3888 -0.9172
vn -0.1127 0.3689 -0.9226
vn 0.4725 0.6330 -0.6132
vn 0.3701 0.7066 -0.6031
vn 0.4193 0.6390 -0.6449
vn 0.4789 0.6016 -0.6393
vn 0.2517 0.7644 -0.5936
vn 0.1476 0.8032 -0.5771
vn 0.2523 0.6831 -0.6853
vn 0.3338 0.6663 -0.6668
vn 0.0278 0.8354 -0.5489
vn -0.0257 0.8266 -0.5622
vn 0.1025 0.6822 -0.7239
vn 0.1637 0.6988 -0.6963
vn 0.0351 0.6687 -0.7427
vn -0.0859 0.8179 -0.5689
vn -0.1166 0.7864 -0.6066
vn -0.0156 0.6321 -0.7747
vn 0.5618 0.4704 -0.6805
vn 0.5345 0.5004 -0.6812
vn 0.5135 0.5327 -0.6727
vn 0.4935 0.5691 -0.6577
vn 0.2238 0.1969 -0.9545
vn 0.3304 -0.0265 -0.9435
vn 0.0415 0.3363 -0.9409
vn 0.1234 0.3628 -0.9237
vn 0.0585 0.4799 -0.8754
vn -0.0152 0.4376 -0.8990
vn -0.1776 0.6728 -0.7182
vn -0.1450 0.5342 -0.8329
vn -0.1206 0.5579 -0.8211
vn -0.1743 0.7200 -0.6717
vn 0.5835 0.1865 -0.7904
vn 0.5963 0.3238 -0.7345
vn 0.5168 -0.0666 -0.8535
vn 0.5680 0.0657 -0.8204
vn 0.4145 -0.1469 -0.8981
vn 0.4657 -0.1150 -0.8775
vn 0.1842 -0.0479 -0.9817
vn 0.2657 -0.0952 -0.9593
vn 0.1761 0.0301 -0.9839
vn 0.4850 0.6554 -0.5789
vn 0.3666 0.7420 -0.5613
vn 0.2392 0.8129 -0.5310
vn 0.1307 0.8613 -0.4910
vn -0.0079 0.8891 -0.4576
vn -0.0835 0.8818 -0.4641
vn -0.1413 0.8663 -0.4792
vn -0.1745 0.8415 -0.5113
vn -0.0677 0.5962 -0.8000
vn 0.5961 0.4530 -0.6629
vn 0.3050 -0.1179 -0.9450
vn 0.3637 -0.1420 -0.9206
vn -0.1446 0.7542 -0.6406
vn -0.2016 0.8011 -0.5636
vn -0.2125 0.7712 -0.6001
vn 0.0569 0.1677 -0.9842
vn -0.2353 0.6917 -0.6828
# 88 vertex normals

vt 0.2541 0.6182 -265.2652
vt 0.2585 0.6185 -260.9637
vt 0.2560 0.6301 -301.7183
vt 0.2492 0.6294 -312.1152
vt 0.2629 0.6187 -259.0744
vt 0.2652 0.6187 -259.0564
vt 0.2652 0.6304 -297.4709
vt 0.2629 0.6304 -297.4883
vt 0.2451 0.6412 -354.7527
vt 0.2538 0.6421 -336.8795
vt 0.2517 0.6544 -366.5376
vt 0.2412 0.6533 -393.9058
vt 0.2629 0.6424 -329.8454
vt 0.2652 0.6424 -329.8273
vt 0.2652 0.6548 -355.9473
vt 0.2629 0.6548 -355.9661
vt 0.2404 0.6663 -417.2544
vt 0.2513 0.6672 -387.2602
vt 0.2508 0.6801 -401.4785
vt 0.2396 0.6796 -434.0668
vt 0.2629 0.6675 -375.7054
vt 0.2652 0.6675 -375.6872
vt 0.2652 0.6803 -388.9361
vt 0.2629 0.6803 -388.9535
vt 0.2522 0.7042 -406.2158
vt 0.2529 0.7162 -400.2029
vt 0.2434 0.7081 -426.9849
vt 0.2421 0.6987 -432.5475
vt 0.2629 0.7387 -366.5596
vt 0.2629 0.7242 -384.7899
vt 0.2652 0.7243 -384.6935
vt 0.2652 0.7388 -366.3764
vt 0.2690 0.6073 -216.1683
vt 0.2741 0.6182 -265.2139
vt 0.2697 0.6185 -260.9061
vt 0.2671 0.6074 -215.2660
vt 0.2790 0.6294 -312.0418
vt 0.2831 0.6412 -354.6548
vt 0.2743 0.6421 -336.7736
vt 0.2722 0.6301 -301.6383
vt 0.2870 0.6533 -393.7829
vt 0.2878 0.6663 -417.1321
vt 0.2769 0.6672 -387.1277
vt 0.2765 0.6544 -366.4046
vt 0.2774 0.6801 -401.3480
vt 0.2886 0.6796 -433.9464
vt 0.2874 0.6891 -434.8038
vt 0.2767 0.6922 -406.5205
vt 0.2592 0.6073 -216.1945
vt 0.2610 0.6074 -215.2984
vt 0.2629 0.6074 -214.8171
vt 0.2652 0.6074 -214.7986
vt 0.2515 0.6921 -406.6457
vt 0.2408 0.6891 -434.9206
vt 0.2629 0.7096 -394.6357
vt 0.2629 0.6949 -396.0269
vt 0.2652 0.6950 -396.0137
vt 0.2652 0.7097 -394.5961
vt 0.2835 0.7176 -418.1363
vt 0.2746 0.7282 -388.4438
vt 0.2753 0.7163 -400.0419
vt 0.2848 0.7082 -426.8586
vt 0.2428 0.6284 -328.4580
vt 0.2499 0.6177 -271.9420
vt 0.2320 0.6517 -436.5369
vt 0.2371 0.6397 -382.8109
vt 0.2303 0.6788 -482.5947
vt 0.2305 0.6649 -466.8771
vt 0.2365 0.7065 -454.7032
vt 0.2340 0.6997 -468.5119
vt 0.2447 0.7175 -418.2755
vt 0.2709 0.6072 -217.5039
vt 0.2784 0.6177 -271.9421
vt 0.2855 0.6284 -328.4581
vt 0.2911 0.6397 -382.8110
vt 0.2963 0.6517 -436.5370
vt 0.2978 0.6649 -467.4799
vt 0.2979 0.6788 -482.1320
vt 0.2976 0.6857 -484.8774
vt 0.2760 0.7042 -406.0804
vt 0.2573 0.6072 -217.5039
vt 0.2323 0.6928 -476.8995
vt 0.2308 0.6858 -483.9748
vt 0.2861 0.6987 -432.4287
vt 0.2960 0.6928 -477.7618
vt 0.2944 0.6997 -469.3309
vt 0.2536 0.7281 -388.6457
vt 0.2917 0.7065 -454.7034
# 88 texture coords

o Plane006
g Plane006
usemtl Material__26
s 1
f 309/358/294 310/359/295 311/360/296 312/361/297 
f 313/362/298 314/363/299 315/364/300 316/365/301 
f 317/366/302 318/367/303 319/368/304 320/369/305 
f 321/370/306 322/371/307 323/372/308 324/373/309 
f 325/374/310 326/375/311 327/376/312 328/377/313 
f 329/378/314 330/379/315 331/380/316 332/381/317 
f 333/382/318 334/383/319 335/384/320 336/385/321 
f 337/386/322 338/387/323 339/388/324 340/389/325 
f 341/390/326 342/391/327 343/392/328 344/393/329 
f 345/394/330 346/395/331 347/396/332 348/397/333 
f 349/398/334 350/399/335 351/400/336 352/401/337 
f 353/402/338 354/403/339 355/404/340 356/405/341 
f 357/406/342 358/407/343 310/359/295 309/358/294 
f 359/408/344 360/409/345 314/363/299 313/362/298 
f 312/361/297 311/360/296 318/367/303 317/366/302 
f 316/365/301 315/364/300 322/371/307 321/370/306 
f 320/369/305 319/368/304 326/375/311 325/374/310 
f 324/373/309 323/372/308 330/379/315 329/378/314 
f 327/376/312 361/410/346 362/411/347 328/377/313 
f 363/412/348 364/413/349 365/414/350 366/415/351 
f 348/397/333 343/392/328 342/391/327 345/394/330 
f 352/401/337 347/396/332 346/395/331 349/398/334 
f 353/402/338 351/400/336 350/399/335 354/403/339 
f 367/416/352 368/417/353 369/418/354 370/419/355 
f 310/359/295 313/362/298 316/365/301 311/360/296 
f 312/361/297 371/420/356 372/421/357 309/358/294 
f 318/367/303 321/370/306 324/373/309 319/368/304 
f 320/369/305 373/422/358 374/423/359 317/366/302 
f 326/375/311 329/378/314 332/381/317 327/376/312 
f 328/377/313 375/424/360 376/425/361 325/374/310 
f 363/412/348 338/387/323 334/383/319 333/382/318 
f 377/426/362 378/427/363 335/384/320 379/428/364 
f 380/429/365 381/430/366 342/391/327 341/390/326 
f 314/363/299 360/409/345 344/393/329 343/392/328 
f 382/431/367 383/432/368 346/395/331 345/394/330 
f 322/371/307 315/364/300 348/397/333 347/396/332 
f 384/433/369 385/434/370 350/399/335 349/398/334 
f 330/379/315 323/372/308 352/401/337 351/400/336 
f 354/403/339 386/435/371 387/436/372 355/404/340 
f 388/437/373 366/415/351 365/414/350 356/405/341 
f 358/407/343 359/408/344 313/362/298 310/359/295 
f 309/358/294 372/421/357 389/438/374 357/406/342 
f 311/360/296 316/365/301 321/370/306 318/367/303 
f 317/366/302 374/423/359 371/420/356 312/361/297 
f 319/368/304 324/373/309 329/378/314 326/375/311 
f 325/374/310 376/425/361 373/422/358 320/369/305 
f 332/381/317 364/413/349 361/410/346 327/376/312 
f 390/439/375 391/440/376 362/411/347 336/385/321 
f 315/364/300 314/363/299 343/392/328 348/397/333 
f 381/430/366 382/431/367 345/394/330 342/391/327 
f 323/372/308 322/371/307 347/396/332 352/401/337 
f 383/432/368 384/433/369 349/398/334 346/395/331 
f 331/380/316 330/379/315 351/400/336 353/402/338 
f 385/434/370 386/435/371 354/403/339 350/399/335 
f 368/417/353 340/389/325 339/388/324 369/418/354 
f 392/441/377 393/442/378 394/443/379 370/419/355 
f 334/383/319 395/444/380 379/428/364 335/384/320 
f 338/387/323 363/412/348 366/415/351 339/388/324 
f 392/441/377 388/437/373 356/405/341 355/404/340 
f 361/410/346 333/382/318 336/385/321 362/411/347 
f 332/381/317 331/380/316 365/414/350 364/413/349 
f 388/437/373 392/441/377 370/419/355 369/418/354 
f 338/387/323 337/386/322 395/444/380 334/383/319 
f 378/427/363 390/439/375 336/385/321 335/384/320 
f 393/442/378 392/441/377 355/404/340 387/436/372 
f 331/380/316 353/402/338 356/405/341 365/414/350 
f 364/413/349 363/412/348 333/382/318 361/410/346 
f 391/440/376 375/424/360 328/377/313 362/411/347 
f 366/415/351 388/437/373 369/418/354 339/388/324 
f 396/445/381 367/416/352 370/419/355 394/443/379 
# 70 polygons

#
# object Plane007
#

v  0.3951 3.8678 0.1842
v  0.4049 3.8754 0.1893
v  0.4288 3.8340 0.1850
v  0.4130 3.8213 0.1788
v  0.4141 3.8825 0.1957
v  0.4187 3.8861 0.1995
v  0.4482 3.8492 0.1984
v  0.4436 3.8456 0.1945
v  0.4343 3.7766 0.1724
v  0.4551 3.7944 0.1785
v  0.4826 3.7560 0.1695
v  0.4573 3.7324 0.1643
v  0.4744 3.8101 0.1904
v  0.4791 3.8136 0.1942
v  0.5112 3.7797 0.1872
v  0.5065 3.7761 0.1833
v  0.4895 3.6970 0.1540
v  0.5150 3.7226 0.1591
v  0.5484 3.6911 0.1459
v  0.5228 3.6635 0.1409
v  0.5397 3.7439 0.1734
v  0.5443 3.7475 0.1773
v  0.5783 3.7172 0.1646
v  0.5737 3.7136 0.1607
v  0.6162 3.6435 0.1164
v  0.6505 3.6227 0.0983
v  0.6081 3.6148 0.1044
v  0.5796 3.6297 0.1177
v  0.7331 3.6052 0.0703
v  0.6930 3.6275 0.0977
v  0.6978 3.6310 0.1014
v  0.7380 3.6086 0.0740
v  0.3980 3.9297 0.2048
v  0.4347 3.8984 0.2173
v  0.4271 3.8925 0.2079
v  0.3945 3.9270 0.2012
v  0.4722 3.8669 0.2283
v  0.5097 3.8347 0.2355
v  0.4958 3.8258 0.2126
v  0.4611 3.8589 0.2120
v  0.5482 3.8026 0.2404
v  0.5836 3.7697 0.2328
v  0.5660 3.7620 0.2017
v  0.5318 3.7940 0.2106
v  0.6011 3.7318 0.1900
v  0.6201 3.7386 0.2223
v  0.6436 3.7173 0.2072
v  0.6321 3.7049 0.1740
v  0.3784 3.9146 0.1884
v  0.3823 3.9176 0.1911
v  0.3862 3.9206 0.1939
v  0.3908 3.9241 0.1978
v  0.5821 3.6663 0.1322
v  0.5512 3.6460 0.1299
v  0.6528 3.6531 0.1220
v  0.6129 3.6819 0.1431
v  0.6177 3.6855 0.1469
v  0.6576 3.6566 0.1258
v  0.7139 3.6607 0.1545
v  0.7267 3.6362 0.1131
v  0.6951 3.6570 0.1355
v  0.6905 3.6783 0.1733
v  0.3965 3.8077 0.1760
v  0.3848 3.8600 0.1804
v  0.4320 3.7065 0.1681
v  0.4129 3.7573 0.1722
v  0.4994 3.6337 0.1456
v  0.4634 3.6671 0.1591
v  0.5886 3.5977 0.1061
v  0.5643 3.6025 0.1169
v  0.6366 3.6011 0.0900
v  0.4013 3.9324 0.2087
v  0.4414 3.9036 0.2279
v  0.4813 3.8731 0.2470
v  0.5201 3.8399 0.2620
v  0.5596 3.8050 0.2750
v  0.5968 3.7700 0.2713
v  0.6336 3.7373 0.2578
v  0.6518 3.7220 0.2487
v  0.6635 3.6799 0.1558
v  0.3743 3.9116 0.1860
v  0.5418 3.6108 0.1272
v  0.5192 3.6199 0.1372
v  0.6670 3.6972 0.1908
v  0.6682 3.7081 0.2335
v  0.6842 3.6948 0.2178
v  0.6848 3.6041 0.0783
v  0.6982 3.6823 0.1980
# 88 vertices

vn 0.2938 0.2185 -0.9305
vn 0.3610 0.2698 -0.8927
vn 0.2757 0.2980 -0.9139
vn 0.1658 0.2141 -0.9626
vn 0.4175 0.3133 -0.8530
vn 0.4643 0.3494 -0.8138
vn 0.4266 0.4143 -0.8040
vn 0.3620 0.3645 -0.8580
vn 0.0546 0.2072 -0.9768
vn 0.1959 0.3260 -0.9248
vn 0.1085 0.3490 -0.9308
vn -0.0719 0.1951 -0.9781
vn 0.3056 0.4143 -0.8573
vn 0.3852 0.4758 -0.7907
vn 0.3420 0.5347 -0.7727
vn 0.2473 0.4616 -0.8519
vn -0.1195 0.2222 -0.9677
vn 0.0567 0.3929 -0.9178
vn -0.0029 0.4290 -0.9033
vn -0.1757 0.2432 -0.9539
vn 0.1936 0.5109 -0.8375
vn 0.2915 0.5865 -0.7557
vn 0.2378 0.6368 -0.7334
vn 0.1368 0.5587 -0.8180
vn -0.0790 0.5285 -0.8452
vn -0.1190 0.5724 -0.8113
vn -0.2251 0.3917 -0.8922
vn -0.2081 0.3447 -0.9154
vn -0.0583 0.7297 -0.6812
vn -0.0368 0.7125 -0.7007
vn 0.0252 0.7619 -0.6472
vn -0.0034 0.7727 -0.6348
vn 0.5399 0.3328 -0.7731
vn 0.5696 0.4313 -0.6996
vn 0.5157 0.3892 -0.7633
vn 0.5067 0.3280 -0.7973
vn 0.5795 0.5333 -0.6162
vn 0.5801 0.6127 -0.5368
vn 0.4801 0.5454 -0.6871
vn 0.5013 0.4721 -0.7251
vn 0.5728 0.6927 -0.4382
vn 0.5411 0.7320 -0.4141
vn 0.4121 0.6673 -0.6204
vn 0.4577 0.6186 -0.6386
vn 0.3695 0.7166 -0.5916
vn 0.5092 0.7720 -0.3805
vn 0.4586 0.7986 -0.3898
vn 0.3088 0.7510 -0.5836
vn 0.4097 0.2324 -0.8822
vn 0.4256 0.2655 -0.8651
vn 0.4488 0.2904 -0.8451
vn 0.4779 0.3129 -0.8208
vn -0.0397 0.4818 -0.8754
vn -0.1926 0.2964 -0.9354
vn 0.0193 0.6637 -0.7478
vn 0.0782 0.6118 -0.7871
vn 0.1717 0.6846 -0.7084
vn 0.1001 0.7271 -0.6792
vn 0.3021 0.8476 -0.4362
vn 0.1571 0.8235 -0.5451
vn 0.1907 0.8119 -0.5518
vn 0.3590 0.8420 -0.4027
vn 0.1348 0.1429 -0.9805
vn 0.2773 0.1689 -0.9458
vn -0.1310 0.1013 -0.9862
vn 0.0140 0.1120 -0.9936
vn -0.2530 0.1564 -0.9547
vn -0.1997 0.1258 -0.9717
vn -0.2772 0.4058 -0.8709
vn -0.2817 0.3157 -0.9061
vn -0.2126 0.4501 -0.8673
vn 0.5748 0.3159 -0.7549
vn 0.6123 0.4272 -0.6653
vn 0.6367 0.5299 -0.5602
vn 0.6514 0.6036 -0.4598
vn 0.6349 0.6912 -0.3453
vn 0.5985 0.7421 -0.3018
vn 0.5588 0.7819 -0.2762
vn 0.5149 0.8104 -0.2795
vn 0.2502 0.7830 -0.5695
vn 0.4125 0.1910 -0.8907
vn -0.2826 0.2703 -0.9204
vn -0.2744 0.2056 -0.9394
vn 0.4095 0.8210 -0.3978
vn 0.4533 0.8386 -0.3022
vn 0.4118 0.8520 -0.3232
vn -0.1361 0.5966 -0.7909
vn 0.3082 0.8756 -0.3720
# 88 vertex normals

vt 0.2541 0.6182 -265.2652
vt 0.2585 0.6185 -260.9637
vt 0.2560 0.6301 -301.7183
vt 0.2492 0.6294 -312.1152
vt 0.2629 0.6187 -259.0744
vt 0.2652 0.6187 -259.0564
vt 0.2652 0.6304 -297.4709
vt 0.2629 0.6304 -297.4883
vt 0.2451 0.6412 -354.7527
vt 0.2538 0.6421 -336.8795
vt 0.2517 0.6544 -366.5376
vt 0.2412 0.6533 -393.9058
vt 0.2629 0.6424 -329.8454
vt 0.2652 0.6424 -329.8273
vt 0.2652 0.6548 -355.9473
vt 0.2629 0.6548 -355.9661
vt 0.2404 0.6663 -417.2544
vt 0.2513 0.6672 -387.2602
vt 0.2508 0.6801 -401.4785
vt 0.2396 0.6796 -434.0668
vt 0.2629 0.6675 -375.7054
vt 0.2652 0.6675 -375.6872
vt 0.2652 0.6803 -388.9361
vt 0.2629 0.6803 -388.9535
vt 0.2522 0.7042 -406.2158
vt 0.2529 0.7162 -400.2029
vt 0.2434 0.7081 -426.9849
vt 0.2421 0.6987 -432.5475
vt 0.2629 0.7387 -366.5596
vt 0.2629 0.7242 -384.7899
vt 0.2652 0.7243 -384.6935
vt 0.2652 0.7388 -366.3764
vt 0.2690 0.6073 -216.1683
vt 0.2741 0.6182 -265.2139
vt 0.2697 0.6185 -260.9061
vt 0.2671 0.6074 -215.2660
vt 0.2790 0.6294 -312.0418
vt 0.2831 0.6412 -354.6548
vt 0.2743 0.6421 -336.7736
vt 0.2722 0.6301 -301.6383
vt 0.2870 0.6533 -393.7829
vt 0.2878 0.6663 -417.1321
vt 0.2769 0.6672 -387.1277
vt 0.2765 0.6544 -366.4046
vt 0.2774 0.6801 -401.3480
vt 0.2886 0.6796 -433.9464
vt 0.2874 0.6891 -434.8038
vt 0.2767 0.6922 -406.5205
vt 0.2592 0.6073 -216.1945
vt 0.2610 0.6074 -215.2984
vt 0.2629 0.6074 -214.8171
vt 0.2652 0.6074 -214.7986
vt 0.2515 0.6921 -406.6457
vt 0.2408 0.6891 -434.9206
vt 0.2629 0.7096 -394.6357
vt 0.2629 0.6949 -396.0269
vt 0.2652 0.6950 -396.0137
vt 0.2652 0.7097 -394.5961
vt 0.2835 0.7176 -418.1363
vt 0.2746 0.7282 -388.4438
vt 0.2753 0.7163 -400.0419
vt 0.2848 0.7082 -426.8586
vt 0.2428 0.6284 -328.4580
vt 0.2499 0.6177 -271.9420
vt 0.2320 0.6517 -436.5369
vt 0.2371 0.6397 -382.8109
vt 0.2303 0.6788 -482.5947
vt 0.2305 0.6649 -466.8771
vt 0.2365 0.7065 -454.7032
vt 0.2340 0.6997 -468.5119
vt 0.2447 0.7175 -418.2755
vt 0.2709 0.6072 -217.5039
vt 0.2784 0.6177 -271.9421
vt 0.2855 0.6284 -328.4581
vt 0.2911 0.6397 -382.8110
vt 0.2963 0.6517 -436.5370
vt 0.2978 0.6649 -467.4799
vt 0.2979 0.6788 -482.1320
vt 0.2976 0.6857 -484.8774
vt 0.2760 0.7042 -406.0804
vt 0.2573 0.6072 -217.5039
vt 0.2323 0.6928 -476.8995
vt 0.2308 0.6858 -483.9748
vt 0.2861 0.6987 -432.4287
vt 0.2960 0.6928 -477.7618
vt 0.2944 0.6997 -469.3309
vt 0.2536 0.7281 -388.6457
vt 0.2917 0.7065 -454.7034
# 88 texture coords

o Plane007
g Plane007
usemtl Material__26
s 1
f 397/446/382 398/447/383 399/448/384 400/449/385 
f 401/450/386 402/451/387 403/452/388 404/453/389 
f 405/454/390 406/455/391 407/456/392 408/457/393 
f 409/458/394 410/459/395 411/460/396 412/461/397 
f 413/462/398 414/463/399 415/464/400 416/465/401 
f 417/466/402 418/467/403 419/468/404 420/469/405 
f 421/470/406 422/471/407 423/472/408 424/473/409 
f 425/474/410 426/475/411 427/476/412 428/477/413 
f 429/478/414 430/479/415 431/480/416 432/481/417 
f 433/482/418 434/483/419 435/484/420 436/485/421 
f 437/486/422 438/487/423 439/488/424 440/489/425 
f 441/490/426 442/491/427 443/492/428 444/493/429 
f 445/494/430 446/495/431 398/447/383 397/446/382 
f 447/496/432 448/497/433 402/451/387 401/450/386 
f 400/449/385 399/448/384 406/455/391 405/454/390 
f 404/453/389 403/452/388 410/459/395 409/458/394 
f 408/457/393 407/456/392 414/463/399 413/462/398 
f 412/461/397 411/460/396 418/467/403 417/466/402 
f 415/464/400 449/498/434 450/499/435 416/465/401 
f 451/500/436 452/501/437 453/502/438 454/503/439 
f 436/485/421 431/480/416 430/479/415 433/482/418 
f 440/489/425 435/484/420 434/483/419 437/486/422 
f 441/490/426 439/488/424 438/487/423 442/491/427 
f 455/504/440 456/505/441 457/506/442 458/507/443 
f 398/447/383 401/450/386 404/453/389 399/448/384 
f 400/449/385 459/508/444 460/509/445 397/446/382 
f 406/455/391 409/458/394 412/461/397 407/456/392 
f 408/457/393 461/510/446 462/511/447 405/454/390 
f 414/463/399 417/466/402 420/469/405 415/464/400 
f 416/465/401 463/512/448 464/513/449 413/462/398 
f 451/500/436 426/475/411 422/471/407 421/470/406 
f 465/514/450 466/515/451 423/472/408 467/516/452 
f 468/517/453 469/518/454 430/479/415 429/478/414 
f 402/451/387 448/497/433 432/481/417 431/480/416 
f 470/519/455 471/520/456 434/483/419 433/482/418 
f 410/459/395 403/452/388 436/485/421 435/484/420 
f 472/521/457 473/522/458 438/487/423 437/486/422 
f 418/467/403 411/460/396 440/489/425 439/488/424 
f 442/491/427 474/523/459 475/524/460 443/492/428 
f 476/525/461 454/503/439 453/502/438 444/493/429 
f 446/495/431 447/496/432 401/450/386 398/447/383 
f 397/446/382 460/509/445 477/526/462 445/494/430 
f 399/448/384 404/453/389 409/458/394 406/455/391 
f 405/454/390 462/511/447 459/508/444 400/449/385 
f 407/456/392 412/461/397 417/466/402 414/463/399 
f 413/462/398 464/513/449 461/510/446 408/457/393 
f 420/469/405 452/501/437 449/498/434 415/464/400 
f 478/527/463 479/528/464 450/499/435 424/473/409 
f 403/452/388 402/451/387 431/480/416 436/485/421 
f 469/518/454 470/519/455 433/482/418 430/479/415 
f 411/460/396 410/459/395 435/484/420 440/489/425 
f 471/520/456 472/521/457 437/486/422 434/483/419 
f 419/468/404 418/467/403 439/488/424 441/490/426 
f 473/522/458 474/523/459 442/491/427 438/487/423 
f 456/505/441 428/477/413 427/476/412 457/506/442 
f 480/529/465 481/530/466 482/531/467 458/507/443 
f 422/471/407 483/532/468 467/516/452 423/472/408 
f 426/475/411 451/500/436 454/503/439 427/476/412 
f 480/529/465 476/525/461 444/493/429 443/492/428 
f 449/498/434 421/470/406 424/473/409 450/499/435 
f 420/469/405 419/468/404 453/502/438 452/501/437 
f 476/525/461 480/529/465 458/507/443 457/506/442 
f 426/475/411 425/474/410 483/532/468 422/471/407 
f 466/515/451 478/527/463 424/473/409 423/472/408 
f 481/530/466 480/529/465 443/492/428 475/524/460 
f 419/468/404 441/490/426 444/493/429 453/502/438 
f 452/501/437 451/500/436 421/470/406 449/498/434 
f 479/528/464 463/512/448 416/465/401 450/499/435 
f 454/503/439 476/525/461 457/506/442 427/476/412 
f 484/533/469 455/504/440 458/507/443 482/531/467 
# 70 polygons

#
# object Plane008
#

v  0.3405 3.8984 0.1831
v  0.3523 3.8926 0.1808
v  0.3236 3.8590 0.1620
v  0.3047 3.8670 0.1674
v  0.3639 3.8863 0.1797
v  0.3700 3.8827 0.1797
v  0.3482 3.8458 0.1599
v  0.3421 3.8493 0.1599
v  0.2714 3.8347 0.1489
v  0.2966 3.8259 0.1402
v  0.2704 3.7941 0.1156
v  0.2387 3.8026 0.1279
v  0.3211 3.8138 0.1369
v  0.3272 3.8102 0.1369
v  0.3071 3.7763 0.1109
v  0.3011 3.7799 0.1109
v  0.2165 3.7697 0.0993
v  0.2499 3.7620 0.0868
v  0.2305 3.7319 0.0552
v  0.1953 3.7386 0.0678
v  0.2820 3.7477 0.0820
v  0.2881 3.7441 0.0820
v  0.2703 3.7138 0.0504
v  0.2642 3.7174 0.0504
v  0.2047 3.6800 -0.0110
v  0.1936 3.6571 -0.0468
v  0.1729 3.6783 -0.0150
v  0.1796 3.6972 0.0135
v  0.2001 3.6089 -0.1213
v  0.2133 3.6313 -0.0746
v  0.2193 3.6276 -0.0748
v  0.2061 3.6052 -0.1217
v  0.4022 3.9147 0.1971
v  0.3922 3.8679 0.1831
v  0.3813 3.8755 0.1807
v  0.3974 3.9178 0.1966
v  0.3819 3.8214 0.1674
v  0.3697 3.7766 0.1489
v  0.3498 3.7945 0.1402
v  0.3657 3.8341 0.1620
v  0.3573 3.7325 0.1279
v  0.3392 3.6971 0.0993
v  0.3163 3.7228 0.0868
v  0.3345 3.7562 0.1156
v  0.2993 3.6913 0.0552
v  0.3222 3.6636 0.0678
v  0.3075 3.6461 0.0411
v  0.2822 3.6664 0.0230
v  0.3767 3.9298 0.1971
v  0.3816 3.9271 0.1966
v  0.3865 3.9243 0.1963
v  0.3925 3.9208 0.1963
v  0.2170 3.7050 0.0231
v  0.1870 3.7173 0.0411
v  0.2284 3.6569 -0.0301
v  0.2454 3.6857 0.0116
v  0.2515 3.6821 0.0115
v  0.2345 3.6532 -0.0303
v  0.2677 3.6012 -0.0444
v  0.2382 3.6042 -0.0845
v  0.2516 3.6228 -0.0470
v  0.2802 3.6148 -0.0150
v  0.2859 3.8731 0.1759
v  0.3287 3.9036 0.1868
v  0.2079 3.8050 0.1470
v  0.2465 3.8399 0.1624
v  0.1620 3.7372 0.0864
v  0.1821 3.7700 0.1199
v  0.1512 3.6823 -0.0011
v  0.1497 3.6948 0.0227
v  0.1670 3.6607 -0.0443
v  0.4070 3.9116 0.1979
v  0.4025 3.8600 0.1869
v  0.3964 3.8077 0.1759
v  0.3863 3.7573 0.1625
v  0.3743 3.7065 0.1471
v  0.3562 3.6668 0.1203
v  0.3370 3.6339 0.0864
v  0.3275 3.6194 0.0677
v  0.2663 3.6436 -0.0111
v  0.3717 3.9324 0.1979
v  0.1519 3.7082 0.0451
v  0.1547 3.7221 0.0672
v  0.2935 3.6298 0.0135
v  0.3167 3.6103 0.0455
v  0.3061 3.6020 0.0231
v  0.1838 3.6364 -0.0842
v  0.2942 3.5977 -0.0010
# 88 vertices

vn 0.0126 0.4317 -0.9019
vn 0.0940 0.3900 -0.9160
vn 0.0807 0.4728 -0.8775
vn -0.0485 0.5336 -0.8443
vn 0.1653 0.3506 -0.9218
vn 0.2264 0.3146 -0.9218
vn 0.2723 0.3656 -0.8900
vn 0.1881 0.4153 -0.8900
vn -0.1000 0.6129 -0.7838
vn 0.0724 0.5460 -0.8346
vn 0.0583 0.6192 -0.7831
vn -0.1578 0.6929 -0.7036
vn 0.2112 0.4769 -0.8532
vn 0.3150 0.4155 -0.8533
vn 0.3562 0.4628 -0.8117
vn 0.2327 0.5358 -0.8117
vn -0.1485 0.7319 -0.6650
vn 0.0817 0.6678 -0.7398
vn 0.0958 0.7170 -0.6904
vn -0.1466 0.7721 -0.6183
vn 0.2605 0.5875 -0.7661
vn 0.3883 0.5121 -0.7662
vn 0.4194 0.5599 -0.7146
vn 0.2874 0.6377 -0.7146
vn 0.1728 0.7834 -0.5970
vn 0.2069 0.8123 -0.5452
vn -0.0156 0.8420 -0.5392
vn -0.0576 0.8210 -0.5680
vn 0.4074 0.7742 -0.4844
vn 0.3943 0.7624 -0.5131
vn 0.4770 0.7144 -0.5119
vn 0.4797 0.7319 -0.4840
vn 0.2523 0.2329 -0.9392
vn 0.3724 0.2190 -0.9019
vn 0.2959 0.2708 -0.9161
vn 0.2284 0.2665 -0.9364
vn 0.4912 0.2146 -0.8442
vn 0.5855 0.2077 -0.7836
vn 0.4431 0.3270 -0.8347
vn 0.3750 0.2989 -0.8775
vn 0.6834 0.1957 -0.7034
vn 0.7135 0.2223 -0.6645
vn 0.5454 0.3939 -0.7399
vn 0.5140 0.3500 -0.7831
vn 0.5818 0.4300 -0.6904
vn 0.7471 0.2441 -0.6182
vn 0.7489 0.2961 -0.5928
vn 0.5920 0.4829 -0.6453
vn 0.0825 0.3333 -0.9392
vn 0.1227 0.3290 -0.9363
vn 0.1593 0.3142 -0.9359
vn 0.1972 0.2917 -0.9359
vn 0.1371 0.7515 -0.6453
vn -0.1005 0.7987 -0.5933
vn 0.3577 0.7276 -0.5853
vn 0.3218 0.6853 -0.6533
vn 0.4445 0.6132 -0.6530
vn 0.4643 0.6654 -0.5846
vn 0.7197 0.4510 -0.5279
vn 0.6113 0.5980 -0.5183
vn 0.6115 0.5737 -0.5450
vn 0.7461 0.3912 -0.5387
vn -0.1279 0.5302 -0.8382
vn -0.0417 0.4275 -0.9030
vn -0.2644 0.6919 -0.6718
vn -0.2037 0.6038 -0.7707
vn -0.2514 0.7827 -0.5694
vn -0.2639 0.7417 -0.6167
vn -0.0159 0.8719 -0.4895
vn -0.1075 0.8513 -0.5136
vn 0.0478 0.8478 -0.5282
vn 0.2560 0.1910 -0.9476
vn 0.3951 0.1690 -0.9030
vn 0.5266 0.1429 -0.8380
vn 0.6276 0.1121 -0.7704
vn 0.7337 0.1009 -0.6720
vn 0.7783 0.1254 -0.6152
vn 0.8065 0.1568 -0.5701
vn 0.8141 0.2019 -0.5444
vn 0.6027 0.5297 -0.5968
vn 0.0446 0.3163 -0.9476
vn -0.1520 0.8380 -0.5240
vn -0.2116 0.8121 -0.5438
vn 0.7479 0.3444 -0.5675
vn 0.8090 0.2696 -0.5223
vn 0.7990 0.3158 -0.5117
vn 0.2281 0.8240 -0.5186
vn 0.7663 0.4242 -0.4826
# 88 vertex normals

vt 0.2541 0.6182 -265.2652
vt 0.2585 0.6185 -260.9637
vt 0.2560 0.6301 -301.7183
vt 0.2492 0.6294 -312.1152
vt 0.2629 0.6187 -259.0744
vt 0.2652 0.6187 -259.0564
vt 0.2652 0.6304 -297.4709
vt 0.2629 0.6304 -297.4883
vt 0.2451 0.6412 -354.7527
vt 0.2538 0.6421 -336.8795
vt 0.2517 0.6544 -366.5376
vt 0.2412 0.6533 -393.9058
vt 0.2629 0.6424 -329.8454
vt 0.2652 0.6424 -329.8273
vt 0.2652 0.6548 -355.9473
vt 0.2629 0.6548 -355.9661
vt 0.2404 0.6663 -417.2544
vt 0.2513 0.6672 -387.2602
vt 0.2508 0.6801 -401.4785
vt 0.2396 0.6796 -434.0668
vt 0.2629 0.6675 -375.7054
vt 0.2652 0.6675 -375.6872
vt 0.2652 0.6803 -388.9361
vt 0.2629 0.6803 -388.9535
vt 0.2522 0.7042 -406.2158
vt 0.2529 0.7162 -400.2029
vt 0.2434 0.7081 -426.9849
vt 0.2421 0.6987 -432.5475
vt 0.2629 0.7387 -366.5596
vt 0.2629 0.7242 -384.7899
vt 0.2652 0.7243 -384.6935
vt 0.2652 0.7388 -366.3764
vt 0.2690 0.6073 -216.1683
vt 0.2741 0.6182 -265.2139
vt 0.2697 0.6185 -260.9061
vt 0.2671 0.6074 -215.2660
vt 0.2790 0.6294 -312.0418
vt 0.2831 0.6412 -354.6548
vt 0.2743 0.6421 -336.7736
vt 0.2722 0.6301 -301.6383
vt 0.2870 0.6533 -393.7829
vt 0.2878 0.6663 -417.1321
vt 0.2769 0.6672 -387.1277
vt 0.2765 0.6544 -366.4046
vt 0.2774 0.6801 -401.3480
vt 0.2886 0.6796 -433.9464
vt 0.2874 0.6891 -434.8038
vt 0.2767 0.6922 -406.5205
vt 0.2592 0.6073 -216.1945
vt 0.2610 0.6074 -215.2984
vt 0.2629 0.6074 -214.8171
vt 0.2652 0.6074 -214.7986
vt 0.2515 0.6921 -406.6457
vt 0.2408 0.6891 -434.9206
vt 0.2629 0.7096 -394.6357
vt 0.2629 0.6949 -396.0269
vt 0.2652 0.6950 -396.0137
vt 0.2652 0.7097 -394.5961
vt 0.2835 0.7176 -418.1363
vt 0.2746 0.7282 -388.4438
vt 0.2753 0.7163 -400.0419
vt 0.2848 0.7082 -426.8586
vt 0.2428 0.6284 -328.4580
vt 0.2499 0.6177 -271.9420
vt 0.2320 0.6517 -436.5369
vt 0.2371 0.6397 -382.8109
vt 0.2303 0.6788 -482.5947
vt 0.2305 0.6649 -466.8771
vt 0.2365 0.7065 -454.7032
vt 0.2340 0.6997 -468.5119
vt 0.2447 0.7175 -418.2755
vt 0.2709 0.6072 -217.5039
vt 0.2784 0.6177 -271.9421
vt 0.2855 0.6284 -328.4581
vt 0.2911 0.6397 -382.8110
vt 0.2963 0.6517 -436.5370
vt 0.2978 0.6649 -467.4799
vt 0.2979 0.6788 -482.1320
vt 0.2976 0.6857 -484.8774
vt 0.2760 0.7042 -406.0804
vt 0.2573 0.6072 -217.5039
vt 0.2323 0.6928 -476.8995
vt 0.2308 0.6858 -483.9748
vt 0.2861 0.6987 -432.4287
vt 0.2960 0.6928 -477.7618
vt 0.2944 0.6997 -469.3309
vt 0.2536 0.7281 -388.6457
vt 0.2917 0.7065 -454.7034
# 88 texture coords

o Plane008
g Plane008
usemtl Material__26
s 1
f 485/534/470 486/535/471 487/536/472 488/537/473 
f 489/538/474 490/539/475 491/540/476 492/541/477 
f 493/542/478 494/543/479 495/544/480 496/545/481 
f 497/546/482 498/547/483 499/548/484 500/549/485 
f 501/550/486 502/551/487 503/552/488 504/553/489 
f 505/554/490 506/555/491 507/556/492 508/557/493 
f 509/558/494 510/559/495 511/560/496 512/561/497 
f 513/562/498 514/563/499 515/564/500 516/565/501 
f 517/566/502 518/567/503 519/568/504 520/569/505 
f 521/570/506 522/571/507 523/572/508 524/573/509 
f 525/574/510 526/575/511 527/576/512 528/577/513 
f 529/578/514 530/579/515 531/580/516 532/581/517 
f 533/582/518 534/583/519 486/535/471 485/534/470 
f 535/584/520 536/585/521 490/539/475 489/538/474 
f 488/537/473 487/536/472 494/543/479 493/542/478 
f 492/541/477 491/540/476 498/547/483 497/546/482 
f 496/545/481 495/544/480 502/551/487 501/550/486 
f 500/549/485 499/548/484 506/555/491 505/554/490 
f 503/552/488 537/586/522 538/587/523 504/553/489 
f 539/588/524 540/589/525 541/590/526 542/591/527 
f 524/573/509 519/568/504 518/567/503 521/570/506 
f 528/577/513 523/572/508 522/571/507 525/574/510 
f 529/578/514 527/576/512 526/575/511 530/579/515 
f 543/592/528 544/593/529 545/594/530 546/595/531 
f 486/535/471 489/538/474 492/541/477 487/536/472 
f 488/537/473 547/596/532 548/597/533 485/534/470 
f 494/543/479 497/546/482 500/549/485 495/544/480 
f 496/545/481 549/598/534 550/599/535 493/542/478 
f 502/551/487 505/554/490 508/557/493 503/552/488 
f 504/553/489 551/600/536 552/601/537 501/550/486 
f 539/588/524 514/563/499 510/559/495 509/558/494 
f 553/602/538 554/603/539 511/560/496 555/604/540 
f 556/605/541 557/606/542 518/567/503 517/566/502 
f 490/539/475 536/585/521 520/569/505 519/568/504 
f 558/607/543 559/608/544 522/571/507 521/570/506 
f 498/547/483 491/540/476 524/573/509 523/572/508 
f 560/609/545 561/610/546 526/575/511 525/574/510 
f 506/555/491 499/548/484 528/577/513 527/576/512 
f 530/579/515 562/611/547 563/612/548 531/580/516 
f 564/613/549 542/591/527 541/590/526 532/581/517 
f 534/583/519 535/584/520 489/538/474 486/535/471 
f 485/534/470 548/597/533 565/614/550 533/582/518 
f 487/536/472 492/541/477 497/546/482 494/543/479 
f 493/542/478 550/599/535 547/596/532 488/537/473 
f 495/544/480 500/549/485 505/554/490 502/551/487 
f 501/550/486 552/601/537 549/598/534 496/545/481 
f 508/557/493 540/589/525 537/586/522 503/552/488 
f 566/615/551 567/616/552 538/587/523 512/561/497 
f 491/540/476 490/539/475 519/568/504 524/573/509 
f 557/606/542 558/607/543 521/570/506 518/567/503 
f 499/548/484 498/547/483 523/572/508 528/577/513 
f 559/608/544 560/609/545 525/574/510 522/571/507 
f 507/556/492 506/555/491 527/576/512 529/578/514 
f 561/610/546 562/611/547 530/579/515 526/575/511 
f 544/593/529 516/565/501 515/564/500 545/594/530 
f 568/617/553 569/618/554 570/619/555 546/595/531 
f 510/559/495 571/620/556 555/604/540 511/560/496 
f 514/563/499 539/588/524 542/591/527 515/564/500 
f 568/617/553 564/613/549 532/581/517 531/580/516 
f 537/586/522 509/558/494 512/561/497 538/587/523 
f 508/557/493 507/556/492 541/590/526 540/589/525 
f 564/613/549 568/617/553 546/595/531 545/594/530 
f 514/563/499 513/562/498 571/620/556 510/559/495 
f 554/603/539 566/615/551 512/561/497 511/560/496 
f 569/618/554 568/617/553 531/580/516 563/612/548 
f 507/556/492 529/578/514 532/581/517 541/590/526 
f 540/589/525 539/588/524 509/558/494 537/586/522 
f 567/616/552 551/600/536 504/553/489 538/587/523 
f 542/591/527 564/613/549 545/594/530 515/564/500 
f 572/621/557 543/592/528 546/595/531 570/619/555 
# 70 polygons

#
# object Plane009
#

v  0.3469 3.9504 0.2174
v  0.3454 3.9410 0.2080
v  0.2995 3.9546 0.2120
v  0.3012 3.9681 0.2283
v  0.3438 3.9307 0.1997
v  0.3429 3.9249 0.1958
v  0.2963 3.9330 0.1946
v  0.2972 3.9388 0.1985
v  0.2549 3.9854 0.2354
v  0.2538 3.9691 0.2127
v  0.2086 3.9853 0.2106
v  0.2082 4.0037 0.2403
v  0.2512 3.9487 0.1943
v  0.2503 3.9429 0.1904
v  0.2051 3.9547 0.1833
v  0.2060 3.9605 0.1872
v  0.1623 4.0189 0.2327
v  0.1640 3.9998 0.2016
v  0.1207 4.0160 0.1898
v  0.1174 4.0359 0.2221
v  0.1619 3.9740 0.1773
v  0.1610 3.9682 0.1734
v  0.1181 3.9834 0.1606
v  0.1190 3.9892 0.1645
v  0.0453 4.0457 0.1557
v  0.0100 4.0623 0.1353
v  0.0308 4.0685 0.1730
v  0.0586 4.0570 0.1906
v  -0.0528 4.0766 0.0739
v  -0.0139 4.0522 0.1014
v  -0.0150 4.0465 0.0973
v  -0.0540 4.0710 0.0698
v  0.3882 3.9089 0.1885
v  0.3392 3.9010 0.1842
v  0.3411 3.9133 0.1894
v  0.3890 3.9140 0.1912
v  0.2898 3.8943 0.1787
v  0.2403 3.8914 0.1723
v  0.2460 3.9183 0.1785
v  0.2933 3.9144 0.1850
v  0.1906 3.8903 0.1641
v  0.1441 3.9015 0.1538
v  0.1542 3.9363 0.1589
v  0.1991 3.9239 0.1694
v  0.1105 3.9503 0.1457
v  0.0986 3.9145 0.1406
v  0.0696 3.9309 0.1296
v  0.0725 3.9679 0.1320
v  0.3920 3.9333 0.2049
v  0.3913 3.9291 0.2014
v  0.3906 3.9246 0.1980
v  0.3897 3.9189 0.1941
v  0.0822 4.0302 0.1739
v  0.0875 4.0461 0.2069
v  0.0279 4.0294 0.1257
v  0.0723 4.0083 0.1468
v  0.0713 4.0025 0.1429
v  0.0268 4.0236 0.1217
v  -0.0109 3.9842 0.0895
v  -0.0315 4.0280 0.0778
v  0.0013 4.0069 0.0979
v  0.0148 3.9658 0.1040
v  0.3022 3.9790 0.2469
v  0.3482 3.9588 0.2278
v  0.2047 4.0148 0.2748
v  0.2544 3.9970 0.2618
v  0.1097 4.0471 0.2578
v  0.1562 4.0305 0.2706
v  0.0305 4.0771 0.1976
v  0.0484 4.0707 0.2168
v  0.0041 4.0805 0.1543
v  0.3875 3.9038 0.1861
v  0.3372 3.8881 0.1804
v  0.2858 3.8732 0.1759
v  0.2337 3.8633 0.1721
v  0.1800 3.8556 0.1680
v  0.1302 3.8636 0.1590
v  0.0839 3.8798 0.1453
v  0.0619 3.8897 0.1370
v  0.0361 3.9868 0.1160
v  0.3927 3.9375 0.2087
v  0.0678 4.0631 0.2325
v  0.0878 4.0555 0.2477
v  0.0417 3.9480 0.1173
v  0.0430 3.9051 0.1270
v  0.0249 3.9207 0.1166
v  -0.0233 4.0799 0.1129
v  0.0093 3.9402 0.1058
# 88 vertices

vn 0.1043 0.7072 -0.6993
vn 0.0935 0.6403 -0.7624
vn 0.1730 0.6675 -0.7242
vn 0.1888 0.7649 -0.6159
vn 0.0836 0.5767 -0.8127
vn 0.0745 0.5183 -0.8519
vn 0.1461 0.4942 -0.8570
vn 0.1585 0.5747 -0.8029
vn 0.2579 0.8036 -0.5363
vn 0.2474 0.6842 -0.6860
vn 0.3222 0.6999 -0.6374
vn 0.3315 0.8358 -0.4377
vn 0.2323 0.5682 -0.7895
vn 0.2169 0.4689 -0.8562
vn 0.2865 0.4406 -0.8508
vn 0.3047 0.5587 -0.7714
vn 0.3811 0.8266 -0.4141
vn 0.3868 0.6833 -0.6193
vn 0.4505 0.6697 -0.5904
vn 0.4313 0.8185 -0.3795
vn 0.3744 0.5393 -0.7543
vn 0.3556 0.4172 -0.8364
vn 0.4248 0.3903 -0.8168
vn 0.4443 0.5164 -0.7321
vn 0.5659 0.5974 -0.5682
vn 0.6199 0.5593 -0.5504
vn 0.5655 0.7197 -0.4029
vn 0.5227 0.7539 -0.3980
vn 0.6793 0.3720 -0.6326
vn 0.6553 0.3913 -0.6461
vn 0.6442 0.3119 -0.6984
vn 0.6691 0.3028 -0.6787
vn 0.0071 0.4714 -0.8819
vn 0.0509 0.3631 -0.9304
vn 0.0636 0.4473 -0.8921
vn 0.0286 0.5020 -0.8644
vn 0.1088 0.2487 -0.9625
vn 0.1563 0.1479 -0.9766
vn 0.1924 0.3297 -0.9243
vn 0.1294 0.3861 -0.9133
vn 0.2068 0.0312 -0.9779
vn 0.2532 0.0019 -0.9674
vn 0.3182 0.2399 -0.9172
vn 0.2548 0.2642 -0.9302
vn 0.3786 0.2050 -0.9026
vn 0.2991 -0.0362 -0.9535
vn 0.3532 -0.0267 -0.9352
vn 0.4426 0.1983 -0.8745
vn 0.0324 0.6338 -0.7728
vn 0.0444 0.6031 -0.7964
vn 0.0450 0.5712 -0.8196
vn 0.0394 0.5349 -0.8440
vn 0.5098 0.6332 -0.5824
vn 0.4794 0.7862 -0.3899
vn 0.5890 0.4398 -0.6780
vn 0.5176 0.4817 -0.7071
vn 0.4999 0.3644 -0.7856
vn 0.5741 0.3378 -0.7459
vn 0.4981 0.0310 -0.8665
vn 0.5899 0.1692 -0.7896
vn 0.5604 0.1724 -0.8101
vn 0.4522 -0.0094 -0.8919
vn 0.1583 0.8131 -0.5602
vn 0.0802 0.7423 -0.6653
vn 0.3010 0.8891 -0.3449
vn 0.2157 0.8615 -0.4597
vn 0.4170 0.8664 -0.2746
vn 0.3619 0.8816 -0.3029
vn 0.6069 0.7062 -0.3645
vn 0.5475 0.7714 -0.3243
vn 0.5974 0.6736 -0.4352
vn -0.0308 0.4535 -0.8907
vn 0.0152 0.3243 -0.9458
vn 0.0610 0.1869 -0.9805
vn 0.0922 0.0661 -0.9935
vn 0.1520 -0.0659 -0.9862
vn 0.2075 -0.1160 -0.9713
vn 0.2594 -0.1452 -0.9548
vn 0.3097 -0.1431 -0.9400
vn 0.5025 0.1863 -0.8442
vn 0.0009 0.6558 -0.7550
vn 0.5163 0.8008 -0.3037
vn 0.4654 0.8394 -0.2806
vn 0.4029 -0.0170 -0.9151
vn 0.3739 -0.1195 -0.9197
vn 0.4140 -0.0965 -0.9052
vn 0.6461 0.5357 -0.5436
vn 0.5059 -0.0387 -0.8617
# 88 vertex normals

vt 0.2541 0.6182 -265.2652
vt 0.2585 0.6185 -260.9637
vt 0.2560 0.6301 -301.7183
vt 0.2492 0.6294 -312.1152
vt 0.2629 0.6187 -259.0744
vt 0.2652 0.6187 -259.0564
vt 0.2652 0.6304 -297.4709
vt 0.2629 0.6304 -297.4883
vt 0.2451 0.6412 -354.7527
vt 0.2538 0.6421 -336.8795
vt 0.2517 0.6544 -366.5376
vt 0.2412 0.6533 -393.9058
vt 0.2629 0.6424 -329.8454
vt 0.2652 0.6424 -329.8273
vt 0.2652 0.6548 -355.9473
vt 0.2629 0.6548 -355.9661
vt 0.2404 0.6663 -417.2544
vt 0.2513 0.6672 -387.2602
vt 0.2508 0.6801 -401.4785
vt 0.2396 0.6796 -434.0668
vt 0.2629 0.6675 -375.7054
vt 0.2652 0.6675 -375.6872
vt 0.2652 0.6803 -388.9361
vt 0.2629 0.6803 -388.9535
vt 0.2522 0.7042 -406.2158
vt 0.2529 0.7162 -400.2029
vt 0.2434 0.7081 -426.9849
vt 0.2421 0.6987 -432.5475
vt 0.2629 0.7387 -366.5596
vt 0.2629 0.7242 -384.7899
vt 0.2652 0.7243 -384.6935
vt 0.2652 0.7388 -366.3764
vt 0.2690 0.6073 -216.1683
vt 0.2741 0.6182 -265.2139
vt 0.2697 0.6185 -260.9061
vt 0.2671 0.6074 -215.2660
vt 0.2790 0.6294 -312.0418
vt 0.2831 0.6412 -354.6548
vt 0.2743 0.6421 -336.7736
vt 0.2722 0.6301 -301.6383
vt 0.2870 0.6533 -393.7829
vt 0.2878 0.6663 -417.1321
vt 0.2769 0.6672 -387.1277
vt 0.2765 0.6544 -366.4046
vt 0.2774 0.6801 -401.3480
vt 0.2886 0.6796 -433.9464
vt 0.2874 0.6891 -434.8038
vt 0.2767 0.6922 -406.5205
vt 0.2592 0.6073 -216.1945
vt 0.2610 0.6074 -215.2984
vt 0.2629 0.6074 -214.8171
vt 0.2652 0.6074 -214.7986
vt 0.2515 0.6921 -406.6457
vt 0.2408 0.6891 -434.9206
vt 0.2629 0.7096 -394.6357
vt 0.2629 0.6949 -396.0269
vt 0.2652 0.6950 -396.0137
vt 0.2652 0.7097 -394.5961
vt 0.2835 0.7176 -418.1363
vt 0.2746 0.7282 -388.4438
vt 0.2753 0.7163 -400.0419
vt 0.2848 0.7082 -426.8586
vt 0.2428 0.6284 -328.4580
vt 0.2499 0.6177 -271.9420
vt 0.2320 0.6517 -436.5369
vt 0.2371 0.6397 -382.8109
vt 0.2303 0.6788 -482.5947
vt 0.2305 0.6649 -466.8771
vt 0.2365 0.7065 -454.7032
vt 0.2340 0.6997 -468.5119
vt 0.2447 0.7175 -418.2755
vt 0.2709 0.6072 -217.5039
vt 0.2784 0.6177 -271.9421
vt 0.2855 0.6284 -328.4581
vt 0.2911 0.6397 -382.8110
vt 0.2963 0.6517 -436.5370
vt 0.2978 0.6649 -467.4799
vt 0.2979 0.6788 -482.1320
vt 0.2976 0.6857 -484.8774
vt 0.2760 0.7042 -406.0804
vt 0.2573 0.6072 -217.5039
vt 0.2323 0.6928 -476.8995
vt 0.2308 0.6858 -483.9748
vt 0.2861 0.6987 -432.4287
vt 0.2960 0.6928 -477.7618
vt 0.2944 0.6997 -469.3309
vt 0.2536 0.7281 -388.6457
vt 0.2917 0.7065 -454.7034
# 88 texture coords

o Plane009
g Plane009
usemtl Material__26
s 1
f 573/622/558 574/623/559 575/624/560 576/625/561 
f 577/626/562 578/627/563 579/628/564 580/629/565 
f 581/630/566 582/631/567 583/632/568 584/633/569 
f 585/634/570 586/635/571 587/636/572 588/637/573 
f 589/638/574 590/639/575 591/640/576 592/641/577 
f 593/642/578 594/643/579 595/644/580 596/645/581 
f 597/646/582 598/647/583 599/648/584 600/649/585 
f 601/650/586 602/651/587 603/652/588 604/653/589 
f 605/654/590 606/655/591 607/656/592 608/657/593 
f 609/658/594 610/659/595 611/660/596 612/661/597 
f 613/662/598 614/663/599 615/664/600 616/665/601 
f 617/666/602 618/667/603 619/668/604 620/669/605 
f 621/670/606 622/671/607 574/623/559 573/622/558 
f 623/672/608 624/673/609 578/627/563 577/626/562 
f 576/625/561 575/624/560 582/631/567 581/630/566 
f 580/629/565 579/628/564 586/635/571 585/634/570 
f 584/633/569 583/632/568 590/639/575 589/638/574 
f 588/637/573 587/636/572 594/643/579 593/642/578 
f 591/640/576 625/674/610 626/675/611 592/641/577 
f 627/676/612 628/677/613 629/678/614 630/679/615 
f 612/661/597 607/656/592 606/655/591 609/658/594 
f 616/665/601 611/660/596 610/659/595 613/662/598 
f 617/666/602 615/664/600 614/663/599 618/667/603 
f 631/680/616 632/681/617 633/682/618 634/683/619 
f 574/623/559 577/626/562 580/629/565 575/624/560 
f 576/625/561 635/684/620 636/685/621 573/622/558 
f 582/631/567 585/634/570 588/637/573 583/632/568 
f 584/633/569 637/686/622 638/687/623 581/630/566 
f 590/639/575 593/642/578 596/645/581 591/640/576 
f 592/641/577 639/688/624 640/689/625 589/638/574 
f 627/676/612 602/651/587 598/647/583 597/646/582 
f 641/690/626 642/691/627 599/648/584 643/692/628 
f 644/693/629 645/694/630 606/655/591 605/654/590 
f 578/627/563 624/673/609 608/657/593 607/656/592 
f 646/695/631 647/696/632 610/659/595 609/658/594 
f 586/635/571 579/628/564 612/661/597 611/660/596 
f 648/697/633 649/698/634 614/663/599 613/662/598 
f 594/643/579 587/636/572 616/665/601 615/664/600 
f 618/667/603 650/699/635 651/700/636 619/668/604 
f 652/701/637 630/679/615 629/678/614 620/669/605 
f 622/671/607 623/672/608 577/626/562 574/623/559 
f 573/622/558 636/685/621 653/702/638 621/670/606 
f 575/624/560 580/629/565 585/634/570 582/631/567 
f 581/630/566 638/687/623 635/684/620 576/625/561 
f 583/632/568 588/637/573 593/642/578 590/639/575 
f 589/638/574 640/689/625 637/686/622 584/633/569 
f 596/645/581 628/677/613 625/674/610 591/640/576 
f 654/703/639 655/704/640 626/675/611 600/649/585 
f 579/628/564 578/627/563 607/656/592 612/661/597 
f 645/694/630 646/695/631 609/658/594 606/655/591 
f 587/636/572 586/635/571 611/660/596 616/665/601 
f 647/696/632 648/697/633 613/662/598 610/659/595 
f 595/644/580 594/643/579 615/664/600 617/666/602 
f 649/698/634 650/699/635 618/667/603 614/663/599 
f 632/681/617 604/653/589 603/652/588 633/682/618 
f 656/705/641 657/706/642 658/707/643 634/683/619 
f 598/647/583 659/708/644 643/692/628 599/648/584 
f 602/651/587 627/676/612 630/679/615 603/652/588 
f 656/705/641 652/701/637 620/669/605 619/668/604 
f 625/674/610 597/646/582 600/649/585 626/675/611 
f 596/645/581 595/644/580 629/678/614 628/677/613 
f 652/701/637 656/705/641 634/683/619 633/682/618 
f 602/651/587 601/650/586 659/708/644 598/647/583 
f 642/691/627 654/703/639 600/649/585 599/648/584 
f 657/706/642 656/705/641 619/668/604 651/700/636 
f 595/644/580 617/666/602 620/669/605 629/678/614 
f 628/677/613 627/676/612 597/646/582 625/674/610 
f 655/704/640 639/688/624 592/641/577 626/675/611 
f 630/679/615 652/701/637 633/682/618 603/652/588 
f 660/709/645 631/680/616 634/683/619 658/707/643 
# 70 polygons

#
# object Plane010
#

v  0.4428 3.9519 -0.7369
v  0.4390 3.9537 -0.7496
v  0.4133 3.9887 -0.7293
v  0.4176 3.9850 -0.7089
v  0.4341 3.9544 -0.7620
v  0.4312 3.9545 -0.7684
v  0.4033 3.9903 -0.7554
v  0.4062 3.9903 -0.7490
v  0.3929 4.0204 -0.6838
v  0.3894 4.0261 -0.7110
v  0.3677 4.0654 -0.6939
v  0.3692 4.0578 -0.6597
v  0.3808 4.0283 -0.7371
v  0.3779 4.0283 -0.7435
v  0.3551 4.0683 -0.7329
v  0.3581 4.0683 -0.7265
v  0.3482 4.1003 -0.6473
v  0.3477 4.1074 -0.6831
v  0.3306 4.1509 -0.6736
v  0.3301 4.1445 -0.6362
v  0.3380 4.1101 -0.7172
v  0.3351 4.1101 -0.7236
v  0.3179 4.1534 -0.7156
v  0.3209 4.1534 -0.7092
v  0.3060 4.2351 -0.6667
v  0.2977 4.2782 -0.6651
v  0.3042 4.2461 -0.6366
v  0.3113 4.2120 -0.6357
v  0.2815 4.3619 -0.6908
v  0.2853 4.3086 -0.6926
v  0.2823 4.3089 -0.6989
v  0.2785 4.3623 -0.6972
v  0.4561 3.9204 -0.7926
v  0.4175 3.9519 -0.7913
v  0.4248 3.9537 -0.7801
v  0.4588 3.9208 -0.7876
v  0.3798 3.9850 -0.7901
v  0.3447 4.0204 -0.7873
v  0.3633 4.0261 -0.7670
v  0.3927 3.9888 -0.7736
v  0.3110 4.0579 -0.7846
v  0.2880 4.1003 -0.7766
v  0.3152 4.1074 -0.7530
v  0.3363 4.0654 -0.7614
v  0.2969 4.1509 -0.7460
v  0.2679 4.1446 -0.7698
v  0.2608 4.1782 -0.7624
v  0.2851 4.1927 -0.7382
v  0.4686 3.9204 -0.7657
v  0.4666 3.9208 -0.7709
v  0.4644 3.9210 -0.7761
v  0.4615 3.9210 -0.7824
v  0.3170 4.1926 -0.6696
v  0.3199 4.1781 -0.6356
v  0.2932 4.2558 -0.6963
v  0.3051 4.2039 -0.7018
v  0.3021 4.2040 -0.7082
v  0.2902 4.2560 -0.7026
v  0.2492 4.2804 -0.7443
v  0.2653 4.3220 -0.7221
v  0.2692 4.2784 -0.7262
v  0.2515 4.2462 -0.7497
v  0.4191 3.9791 -0.6882
v  0.4456 3.9492 -0.7241
v  0.3624 4.0461 -0.6260
v  0.3912 4.0115 -0.6564
v  0.3200 4.1350 -0.6006
v  0.3388 4.0886 -0.6101
v  0.3014 4.2366 -0.6125
v  0.3040 4.2107 -0.6053
v  0.2986 4.2803 -0.6383
v  0.4531 3.9198 -0.7975
v  0.4093 3.9492 -0.8018
v  0.3648 3.9791 -0.8046
v  0.3225 4.0115 -0.8036
v  0.2808 4.0461 -0.8012
v  0.2530 4.0885 -0.7934
v  0.2343 4.1351 -0.7849
v  0.2274 4.1593 -0.7808
v  0.2758 4.2352 -0.7316
v  0.4704 3.9198 -0.7604
v  0.3081 4.1852 -0.6018
v  0.3127 4.1595 -0.5988
v  0.2554 4.2121 -0.7557
v  0.2267 4.1850 -0.7753
v  0.2267 4.2106 -0.7700
v  0.2920 4.3217 -0.6648
v  0.2312 4.2366 -0.7631
# 88 vertices

vn 0.7388 0.6643 -0.1135
vn 0.7101 0.6748 -0.2009
vn 0.7715 0.6130 -0.1703
vn 0.8080 0.5884 -0.0305
vn 0.6799 0.6791 -0.2766
vn 0.6500 0.6792 -0.3409
vn 0.6879 0.6224 -0.3735
vn 0.7291 0.6223 -0.2848
vn 0.8557 0.5158 0.0407
vn 0.8227 0.5496 -0.1452
vn 0.8702 0.4795 -0.1130
vn 0.8963 0.4264 0.1215
vn 0.7735 0.5620 -0.2929
vn 0.7226 0.5621 -0.4023
vn 0.7531 0.4987 -0.4291
vn 0.8136 0.4987 -0.2990
vn 0.9185 0.3754 0.1242
vn 0.9003 0.4179 -0.1219
vn 0.9280 0.3524 -0.1206
vn 0.9382 0.3182 0.1358
vn 0.8459 0.4329 -0.3114
vn 0.7834 0.4329 -0.4459
vn 0.8099 0.3625 -0.4611
vn 0.8746 0.3624 -0.3222
vn 0.9587 0.2275 -0.1708
vn 0.9679 0.1629 -0.1913
vn 0.9806 0.1937 0.0308
vn 0.9696 0.2362 0.0641
vn 0.9210 0.0790 -0.3814
vn 0.9202 0.1121 -0.3750
vn 0.8800 0.1107 -0.4618
vn 0.8858 0.0785 -0.4573
vn 0.5824 0.7187 -0.3799
vn 0.5623 0.6644 -0.4923
vn 0.6112 0.6749 -0.4134
vn 0.6111 0.7091 -0.3517
vn 0.5433 0.5885 -0.5988
vn 0.5195 0.5160 -0.6811
vn 0.6410 0.5498 -0.5356
vn 0.6272 0.6132 -0.4802
vn 0.4837 0.4266 -0.7642
vn 0.4954 0.3754 -0.7834
vn 0.6730 0.4181 -0.6101
vn 0.6469 0.4798 -0.5927
vn 0.6899 0.3525 -0.6323
vn 0.5001 0.3184 -0.8053
vn 0.5388 0.2763 -0.7958
vn 0.7224 0.2905 -0.6275
vn 0.6658 0.7186 -0.2010
vn 0.6630 0.7090 -0.2403
vn 0.6511 0.7063 -0.2779
vn 0.6325 0.7063 -0.3179
vn 0.9453 0.2904 -0.1486
vn 0.9560 0.2763 0.0985
vn 0.9131 0.1979 -0.3565
vn 0.8975 0.2824 -0.3388
vn 0.8376 0.2820 -0.4679
vn 0.8612 0.1970 -0.4685
vn 0.6560 0.1681 -0.7358
vn 0.7823 0.1298 -0.6092
vn 0.7698 0.1627 -0.6172
vn 0.6063 0.1938 -0.7713
vn 0.7981 0.6007 0.0476
vn 0.7323 0.6782 -0.0612
vn 0.8775 0.4203 0.2309
vn 0.8366 0.5289 0.1429
vn 0.9237 0.2919 0.2480
vn 0.9029 0.3522 0.2465
vn 0.9895 0.1378 0.0437
vn 0.9743 0.1864 0.1261
vn 0.9853 0.1683 -0.0284
vn 0.5471 0.7405 -0.3904
vn 0.5177 0.6784 -0.5212
vn 0.4767 0.6009 -0.6416
vn 0.4284 0.5292 -0.7324
vn 0.3871 0.4212 -0.8202
vn 0.3909 0.3514 -0.8507
vn 0.4046 0.2933 -0.8662
vn 0.4372 0.2522 -0.8633
vn 0.7481 0.2274 -0.6234
vn 0.6510 0.7403 -0.1678
vn 0.9635 0.2100 0.1660
vn 0.9436 0.2498 0.2174
vn 0.5739 0.2362 -0.7841
vn 0.4911 0.2090 -0.8456
vn 0.5293 0.1850 -0.8280
vn 0.9699 0.1301 -0.2058
vn 0.6168 0.1266 -0.7768
# 88 vertex normals

vt 0.2541 0.6182 -265.2652
vt 0.2585 0.6185 -260.9637
vt 0.2560 0.6301 -301.7183
vt 0.2492 0.6294 -312.1152
vt 0.2629 0.6187 -259.0744
vt 0.2652 0.6187 -259.0564
vt 0.2652 0.6304 -297.4709
vt 0.2629 0.6304 -297.4883
vt 0.2451 0.6412 -354.7527
vt 0.2538 0.6421 -336.8795
vt 0.2517 0.6544 -366.5376
vt 0.2412 0.6533 -393.9058
vt 0.2629 0.6424 -329.8454
vt 0.2652 0.6424 -329.8273
vt 0.2652 0.6548 -355.9473
vt 0.2629 0.6548 -355.9661
vt 0.2404 0.6663 -417.2544
vt 0.2513 0.6672 -387.2602
vt 0.2508 0.6801 -401.4785
vt 0.2396 0.6796 -434.0668
vt 0.2629 0.6675 -375.7054
vt 0.2652 0.6675 -375.6872
vt 0.2652 0.6803 -388.9361
vt 0.2629 0.6803 -388.9535
vt 0.2522 0.7042 -406.2158
vt 0.2529 0.7162 -400.2029
vt 0.2434 0.7081 -426.9849
vt 0.2421 0.6987 -432.5475
vt 0.2629 0.7387 -366.5596
vt 0.2629 0.7242 -384.7899
vt 0.2652 0.7243 -384.6935
vt 0.2652 0.7388 -366.3764
vt 0.2690 0.6073 -216.1683
vt 0.2741 0.6182 -265.2139
vt 0.2697 0.6185 -260.9061
vt 0.2671 0.6074 -215.2660
vt 0.2790 0.6294 -312.0418
vt 0.2831 0.6412 -354.6548
vt 0.2743 0.6421 -336.7736
vt 0.2722 0.6301 -301.6383
vt 0.2870 0.6533 -393.7829
vt 0.2878 0.6663 -417.1321
vt 0.2769 0.6672 -387.1277
vt 0.2765 0.6544 -366.4046
vt 0.2774 0.6801 -401.3480
vt 0.2886 0.6796 -433.9464
vt 0.2874 0.6891 -434.8038
vt 0.2767 0.6922 -406.5205
vt 0.2592 0.6073 -216.1945
vt 0.2610 0.6074 -215.2984
vt 0.2629 0.6074 -214.8171
vt 0.2652 0.6074 -214.7986
vt 0.2515 0.6921 -406.6457
vt 0.2408 0.6891 -434.9206
vt 0.2629 0.7096 -394.6357
vt 0.2629 0.6949 -396.0269
vt 0.2652 0.6950 -396.0137
vt 0.2652 0.7097 -394.5961
vt 0.2835 0.7176 -418.1363
vt 0.2746 0.7282 -388.4438
vt 0.2753 0.7163 -400.0419
vt 0.2848 0.7082 -426.8586
vt 0.2428 0.6284 -328.4580
vt 0.2499 0.6177 -271.9420
vt 0.2320 0.6517 -436.5369
vt 0.2371 0.6397 -382.8109
vt 0.2303 0.6788 -482.5947
vt 0.2305 0.6649 -466.8771
vt 0.2365 0.7065 -454.7032
vt 0.2340 0.6997 -468.5119
vt 0.2447 0.7175 -418.2755
vt 0.2709 0.6072 -217.5039
vt 0.2784 0.6177 -271.9421
vt 0.2855 0.6284 -328.4581
vt 0.2911 0.6397 -382.8110
vt 0.2963 0.6517 -436.5370
vt 0.2978 0.6649 -467.4799
vt 0.2979 0.6788 -482.1320
vt 0.2976 0.6857 -484.8774
vt 0.2760 0.7042 -406.0804
vt 0.2573 0.6072 -217.5039
vt 0.2323 0.6928 -476.8995
vt 0.2308 0.6858 -483.9748
vt 0.2861 0.6987 -432.4287
vt 0.2960 0.6928 -477.7618
vt 0.2944 0.6997 -469.3309
vt 0.2536 0.7281 -388.6457
vt 0.2917 0.7065 -454.7034
# 88 texture coords

o Plane010
g Plane010
usemtl Material__26
s 1
f 661/710/646 662/711/647 663/712/648 664/713/649 
f 665/714/650 666/715/651 667/716/652 668/717/653 
f 669/718/654 670/719/655 671/720/656 672/721/657 
f 673/722/658 674/723/659 675/724/660 676/725/661 
f 677/726/662 678/727/663 679/728/664 680/729/665 
f 681/730/666 682/731/667 683/732/668 684/733/669 
f 685/734/670 686/735/671 687/736/672 688/737/673 
f 689/738/674 690/739/675 691/740/676 692/741/677 
f 693/742/678 694/743/679 695/744/680 696/745/681 
f 697/746/682 698/747/683 699/748/684 700/749/685 
f 701/750/686 702/751/687 703/752/688 704/753/689 
f 705/754/690 706/755/691 707/756/692 708/757/693 
f 709/758/694 710/759/695 662/711/647 661/710/646 
f 711/760/696 712/761/697 666/715/651 665/714/650 
f 664/713/649 663/712/648 670/719/655 669/718/654 
f 668/717/653 667/716/652 674/723/659 673/722/658 
f 672/721/657 671/720/656 678/727/663 677/726/662 
f 676/725/661 675/724/660 682/731/667 681/730/666 
f 679/728/664 713/762/698 714/763/699 680/729/665 
f 715/764/700 716/765/701 717/766/702 718/767/703 
f 700/749/685 695/744/680 694/743/679 697/746/682 
f 704/753/689 699/748/684 698/747/683 701/750/686 
f 705/754/690 703/752/688 702/751/687 706/755/691 
f 719/768/704 720/769/705 721/770/706 722/771/707 
f 662/711/647 665/714/650 668/717/653 663/712/648 
f 664/713/649 723/772/708 724/773/709 661/710/646 
f 670/719/655 673/722/658 676/725/661 671/720/656 
f 672/721/657 725/774/710 726/775/711 669/718/654 
f 678/727/663 681/730/666 684/733/669 679/728/664 
f 680/729/665 727/776/712 728/777/713 677/726/662 
f 715/764/700 690/739/675 686/735/671 685/734/670 
f 729/778/714 730/779/715 687/736/672 731/780/716 
f 732/781/717 733/782/718 694/743/679 693/742/678 
f 666/715/651 712/761/697 696/745/681 695/744/680 
f 734/783/719 735/784/720 698/747/683 697/746/682 
f 674/723/659 667/716/652 700/749/685 699/748/684 
f 736/785/721 737/786/722 702/751/687 701/750/686 
f 682/731/667 675/724/660 704/753/689 703/752/688 
f 706/755/691 738/787/723 739/788/724 707/756/692 
f 740/789/725 718/767/703 717/766/702 708/757/693 
f 710/759/695 711/760/696 665/714/650 662/711/647 
f 661/710/646 724/773/709 741/790/726 709/758/694 
f 663/712/648 668/717/653 673/722/658 670/719/655 
f 669/718/654 726/775/711 723/772/708 664/713/649 
f 671/720/656 676/725/661 681/730/666 678/727/663 
f 677/726/662 728/777/713 725/774/710 672/721/657 
f 684/733/669 716/765/701 713/762/698 679/728/664 
f 742/791/727 743/792/728 714/763/699 688/737/673 
f 667/716/652 666/715/651 695/744/680 700/749/685 
f 733/782/718 734/783/719 697/746/682 694/743/679 
f 675/724/660 674/723/659 699/748/684 704/753/689 
f 735/784/720 736/785/721 701/750/686 698/747/683 
f 683/732/668 682/731/667 703/752/688 705/754/690 
f 737/786/722 738/787/723 706/755/691 702/751/687 
f 720/769/705 692/741/677 691/740/676 721/770/706 
f 744/793/729 745/794/730 746/795/731 722/771/707 
f 686/735/671 747/796/732 731/780/716 687/736/672 
f 690/739/675 715/764/700 718/767/703 691/740/676 
f 744/793/729 740/789/725 708/757/693 707/756/692 
f 713/762/698 685/734/670 688/737/673 714/763/699 
f 684/733/669 683/732/668 717/766/702 716/765/701 
f 740/789/725 744/793/729 722/771/707 721/770/706 
f 690/739/675 689/738/674 747/796/732 686/735/671 
f 730/779/715 742/791/727 688/737/673 687/736/672 
f 745/794/730 744/793/729 707/756/692 739/788/724 
f 683/732/668 705/754/690 708/757/693 717/766/702 
f 716/765/701 715/764/700 685/734/670 713/762/698 
f 743/792/728 727/776/712 680/729/665 714/763/699 
f 718/767/703 740/789/725 721/770/706 691/740/676 
f 748/797/733 719/768/704 722/771/707 746/795/731 
# 70 polygons

#
# object Plane011
#

v  0.4784 3.9009 -0.7304
v  0.4732 3.9131 -0.7318
v  0.4816 3.9142 -0.6846
v  0.4881 3.8942 -0.6816
v  0.4666 3.9246 -0.7330
v  0.4627 3.9304 -0.7336
v  0.4680 3.9385 -0.6873
v  0.4719 3.9327 -0.6868
v  0.4988 3.8913 -0.6329
v  0.4922 3.9181 -0.6380
v  0.5054 3.9237 -0.5921
v  0.5113 3.8902 -0.5841
v  0.4801 3.9426 -0.6413
v  0.4761 3.9484 -0.6419
v  0.4871 3.9602 -0.5975
v  0.4911 3.9544 -0.5969
v  0.5256 3.9014 -0.5386
v  0.5197 3.9361 -0.5483
v  0.5367 3.9501 -0.5059
v  0.5428 3.9144 -0.4945
v  0.5048 3.9679 -0.5538
v  0.5009 3.9737 -0.5543
v  0.5173 3.9889 -0.5127
v  0.5213 3.9831 -0.5122
v  0.5727 3.9865 -0.4344
v  0.5937 4.0066 -0.4014
v  0.5865 3.9657 -0.4143
v  0.5709 3.9479 -0.4398
v  0.6265 4.0705 -0.3489
v  0.5958 4.0461 -0.3853
v  0.5920 4.0520 -0.3856
v  0.6228 4.0765 -0.3492
v  0.4532 3.9333 -0.7812
v  0.4447 3.9503 -0.7351
v  0.4543 3.9408 -0.7345
v  0.4569 3.9288 -0.7808
v  0.4378 3.9681 -0.6887
v  0.4348 3.9854 -0.6420
v  0.4576 3.9690 -0.6429
v  0.4542 3.9545 -0.6885
v  0.4340 4.0037 -0.5950
v  0.4456 4.0189 -0.5499
v  0.4764 3.9997 -0.5544
v  0.4636 3.9851 -0.5980
v  0.4919 4.0159 -0.5123
v  0.4600 4.0358 -0.5062
v  0.4777 4.0461 -0.4777
v  0.5112 4.0301 -0.4753
v  0.4698 3.9088 -0.7789
v  0.4672 3.9137 -0.7794
v  0.4643 3.9185 -0.7798
v  0.4603 3.9243 -0.7804
v  0.5537 3.9677 -0.4693
v  0.5563 3.9308 -0.4666
v  0.5679 4.0233 -0.4248
v  0.5430 4.0022 -0.4672
v  0.5391 4.0081 -0.4677
v  0.5641 4.0292 -0.4252
v  0.5375 4.0804 -0.3992
v  0.5813 4.0799 -0.3753
v  0.5560 4.0622 -0.4066
v  0.5165 4.0685 -0.4241
v  0.4913 3.8732 -0.6780
v  0.4823 3.8881 -0.7288
v  0.5084 3.8556 -0.5733
v  0.4996 3.8633 -0.6263
v  0.5393 3.8795 -0.4793
v  0.5218 3.8640 -0.5246
v  0.5852 3.9402 -0.4086
v  0.5731 3.9213 -0.4235
v  0.6031 3.9840 -0.3900
v  0.4493 3.9375 -0.7816
v  0.4341 3.9588 -0.7355
v  0.4191 3.9790 -0.6881
v  0.4084 3.9970 -0.6392
v  0.3998 4.0148 -0.5886
v  0.4078 4.0306 -0.5405
v  0.4253 4.0470 -0.4955
v  0.4364 4.0556 -0.4742
v  0.5326 4.0456 -0.4400
v  0.4723 3.9038 -0.7784
v  0.5613 3.9056 -0.4407
v  0.5496 3.8903 -0.4585
v  0.4966 4.0570 -0.4503
v  0.4533 4.0633 -0.4556
v  0.4707 4.0709 -0.4376
v  0.6166 4.0277 -0.3705
v  0.4919 4.0771 -0.4217
# 88 vertices

vn 0.9227 0.3623 -0.1317
vn 0.8840 0.4458 -0.1409
vn 0.8992 0.3847 -0.2083
vn 0.9495 0.2479 -0.1921
vn 0.8435 0.5163 -0.1483
vn 0.8037 0.5748 -0.1539
vn 0.7873 0.5730 -0.2278
vn 0.8421 0.4924 -0.2200
vn 0.9594 0.1472 -0.2407
vn 0.9046 0.3283 -0.2720
vn 0.9050 0.2627 -0.3346
vn 0.9562 0.0304 -0.2910
vn 0.8352 0.4670 -0.2905
vn 0.7676 0.5664 -0.3001
vn 0.7433 0.5569 -0.3707
vn 0.8237 0.4386 -0.3593
vn 0.9417 0.0018 -0.3365
vn 0.8865 0.2385 -0.3966
vn 0.8666 0.2037 -0.4554
vn 0.9240 -0.0374 -0.3806
vn 0.8033 0.4154 -0.4268
vn 0.7201 0.5376 -0.4387
vn 0.6918 0.5148 -0.5064
vn 0.7777 0.3886 -0.4941
vn 0.7979 0.1849 -0.5737
vn 0.7590 0.1710 -0.6282
vn 0.8489 -0.0090 -0.5284
vn 0.8764 -0.0167 -0.4814
vn 0.6200 0.3001 -0.7250
vn 0.6416 0.3106 -0.7013
vn 0.5872 0.3888 -0.7100
vn 0.5727 0.3689 -0.7321
vn 0.7677 0.6330 -0.0995
vn 0.6882 0.7066 -0.1648
vn 0.7525 0.6390 -0.1595
vn 0.7907 0.6016 -0.1134
vn 0.5977 0.7644 -0.2418
vn 0.5125 0.8032 -0.3037
vn 0.6630 0.6831 -0.3062
vn 0.7075 0.6663 -0.2354
vn 0.4078 0.8354 -0.3684
vn 0.3794 0.8266 -0.4158
vn 0.5844 0.6822 -0.4394
vn 0.6082 0.6988 -0.3766
vn 0.5500 0.6687 -0.5003
vn 0.3415 0.8179 -0.4630
vn 0.3465 0.7864 -0.5114
vn 0.5368 0.6321 -0.5588
vn 0.8784 0.4704 -0.0840
vn 0.8596 0.5004 -0.1037
vn 0.8388 0.5327 -0.1126
vn 0.8140 0.5691 -0.1161
vn 0.8332 0.1969 -0.5167
vn 0.9008 -0.0265 -0.4335
vn 0.6947 0.3363 -0.6359
vn 0.7404 0.3628 -0.5659
vn 0.6604 0.4799 -0.5776
vn 0.6250 0.4376 -0.6465
vn 0.3822 0.6728 -0.6334
vn 0.4864 0.5342 -0.6915
vn 0.4953 0.5579 -0.6658
vn 0.3518 0.7200 -0.5982
vn 0.9715 0.1865 -0.1463
vn 0.9411 0.3238 -0.0977
vn 0.9689 -0.0666 -0.2381
vn 0.9817 0.0657 -0.1785
vn 0.9281 -0.1469 -0.3420
vn 0.9497 -0.1150 -0.2912
vn 0.8244 -0.0479 -0.5640
vn 0.8662 -0.0952 -0.4905
vn 0.8202 0.0301 -0.5712
vn 0.7523 0.6554 -0.0664
vn 0.6561 0.7420 -0.1377
vn 0.5446 0.8129 -0.2063
vn 0.4396 0.8613 -0.2548
vn 0.3180 0.8891 -0.3291
vn 0.2692 0.8818 -0.3872
vn 0.2389 0.8663 -0.4387
vn 0.2382 0.8415 -0.4850
vn 0.5178 0.5962 -0.6136
vn 0.8902 0.4530 -0.0472
vn 0.8839 -0.1179 -0.4526
vn 0.9081 -0.1420 -0.3938
vn 0.3507 0.7542 -0.5552
vn 0.2560 0.8011 -0.5411
vn 0.2740 0.7712 -0.5746
vn 0.7361 0.1677 -0.6557
vn 0.3164 0.6917 -0.6492
# 88 vertex normals

vt 0.2541 0.6182 -265.2652
vt 0.2585 0.6185 -260.9637
vt 0.2560 0.6301 -301.7183
vt 0.2492 0.6294 -312.1152
vt 0.2629 0.6187 -259.0744
vt 0.2652 0.6187 -259.0564
vt 0.2652 0.6304 -297.4709
vt 0.2629 0.6304 -297.4883
vt 0.2451 0.6412 -354.7527
vt 0.2538 0.6421 -336.8795
vt 0.2517 0.6544 -366.5376
vt 0.2412 0.6533 -393.9058
vt 0.2629 0.6424 -329.8454
vt 0.2652 0.6424 -329.8273
vt 0.2652 0.6548 -355.9473
vt 0.2629 0.6548 -355.9661
vt 0.2404 0.6663 -417.2544
vt 0.2513 0.6672 -387.2602
vt 0.2508 0.6801 -401.4785
vt 0.2396 0.6796 -434.0668
vt 0.2629 0.6675 -375.7054
vt 0.2652 0.6675 -375.6872
vt 0.2652 0.6803 -388.9361
vt 0.2629 0.6803 -388.9535
vt 0.2522 0.7042 -406.2158
vt 0.2529 0.7162 -400.2029
vt 0.2434 0.7081 -426.9849
vt 0.2421 0.6987 -432.5475
vt 0.2629 0.7387 -366.5596
vt 0.2629 0.7242 -384.7899
vt 0.2652 0.7243 -384.6935
vt 0.2652 0.7388 -366.3764
vt 0.2690 0.6073 -216.1683
vt 0.2741 0.6182 -265.2139
vt 0.2697 0.6185 -260.9061
vt 0.2671 0.6074 -215.2660
vt 0.2790 0.6294 -312.0418
vt 0.2831 0.6412 -354.6548
vt 0.2743 0.6421 -336.7736
vt 0.2722 0.6301 -301.6383
vt 0.2870 0.6533 -393.7829
vt 0.2878 0.6663 -417.1321
vt 0.2769 0.6672 -387.1277
vt 0.2765 0.6544 -366.4046
vt 0.2774 0.6801 -401.3480
vt 0.2886 0.6796 -433.9464
vt 0.2874 0.6891 -434.8038
vt 0.2767 0.6922 -406.5205
vt 0.2592 0.6073 -216.1945
vt 0.2610 0.6074 -215.2984
vt 0.2629 0.6074 -214.8171
vt 0.2652 0.6074 -214.7986
vt 0.2515 0.6921 -406.6457
vt 0.2408 0.6891 -434.9206
vt 0.2629 0.7096 -394.6357
vt 0.2629 0.6949 -396.0269
vt 0.2652 0.6950 -396.0137
vt 0.2652 0.7097 -394.5961
vt 0.2835 0.7176 -418.1363
vt 0.2746 0.7282 -388.4438
vt 0.2753 0.7163 -400.0419
vt 0.2848 0.7082 -426.8586
vt 0.2428 0.6284 -328.4580
vt 0.2499 0.6177 -271.9420
vt 0.2320 0.6517 -436.5369
vt 0.2371 0.6397 -382.8109
vt 0.2303 0.6788 -482.5947
vt 0.2305 0.6649 -466.8771
vt 0.2365 0.7065 -454.7032
vt 0.2340 0.6997 -468.5119
vt 0.2447 0.7175 -418.2755
vt 0.2709 0.6072 -217.5039
vt 0.2784 0.6177 -271.9421
vt 0.2855 0.6284 -328.4581
vt 0.2911 0.6397 -382.8110
vt 0.2963 0.6517 -436.5370
vt 0.2978 0.6649 -467.4799
vt 0.2979 0.6788 -482.1320
vt 0.2976 0.6857 -484.8774
vt 0.2760 0.7042 -406.0804
vt 0.2573 0.6072 -217.5039
vt 0.2323 0.6928 -476.8995
vt 0.2308 0.6858 -483.9748
vt 0.2861 0.6987 -432.4287
vt 0.2960 0.6928 -477.7618
vt 0.2944 0.6997 -469.3309
vt 0.2536 0.7281 -388.6457
vt 0.2917 0.7065 -454.7034
# 88 texture coords

o Plane011
g Plane011
usemtl Material__26
s 1
f 749/798/734 750/799/735 751/800/736 752/801/737 
f 753/802/738 754/803/739 755/804/740 756/805/741 
f 757/806/742 758/807/743 759/808/744 760/809/745 
f 761/810/746 762/811/747 763/812/748 764/813/749 
f 765/814/750 766/815/751 767/816/752 768/817/753 
f 769/818/754 770/819/755 771/820/756 772/821/757 
f 773/822/758 774/823/759 775/824/760 776/825/761 
f 777/826/762 778/827/763 779/828/764 780/829/765 
f 781/830/766 782/831/767 783/832/768 784/833/769 
f 785/834/770 786/835/771 787/836/772 788/837/773 
f 789/838/774 790/839/775 791/840/776 792/841/777 
f 793/842/778 794/843/779 795/844/780 796/845/781 
f 797/846/782 798/847/783 750/799/735 749/798/734 
f 799/848/784 800/849/785 754/803/739 753/802/738 
f 752/801/737 751/800/736 758/807/743 757/806/742 
f 756/805/741 755/804/740 762/811/747 761/810/746 
f 760/809/745 759/808/744 766/815/751 765/814/750 
f 764/813/749 763/812/748 770/819/755 769/818/754 
f 767/816/752 801/850/786 802/851/787 768/817/753 
f 803/852/788 804/853/789 805/854/790 806/855/791 
f 788/837/773 783/832/768 782/831/767 785/834/770 
f 792/841/777 787/836/772 786/835/771 789/838/774 
f 793/842/778 791/840/776 790/839/775 794/843/779 
f 807/856/792 808/857/793 809/858/794 810/859/795 
f 750/799/735 753/802/738 756/805/741 751/800/736 
f 752/801/737 811/860/796 812/861/797 749/798/734 
f 758/807/743 761/810/746 764/813/749 759/808/744 
f 760/809/745 813/862/798 814/863/799 757/806/742 
f 766/815/751 769/818/754 772/821/757 767/816/752 
f 768/817/753 815/864/800 816/865/801 765/814/750 
f 803/852/788 778/827/763 774/823/759 773/822/758 
f 817/866/802 818/867/803 775/824/760 819/868/804 
f 820/869/805 821/870/806 782/831/767 781/830/766 
f 754/803/739 800/849/785 784/833/769 783/832/768 
f 822/871/807 823/872/808 786/835/771 785/834/770 
f 762/811/747 755/804/740 788/837/773 787/836/772 
f 824/873/809 825/874/810 790/839/775 789/838/774 
f 770/819/755 763/812/748 792/841/777 791/840/776 
f 794/843/779 826/875/811 827/876/812 795/844/780 
f 828/877/813 806/855/791 805/854/790 796/845/781 
f 798/847/783 799/848/784 753/802/738 750/799/735 
f 749/798/734 812/861/797 829/878/814 797/846/782 
f 751/800/736 756/805/741 761/810/746 758/807/743 
f 757/806/742 814/863/799 811/860/796 752/801/737 
f 759/808/744 764/813/749 769/818/754 766/815/751 
f 765/814/750 816/865/801 813/862/798 760/809/745 
f 772/821/757 804/853/789 801/850/786 767/816/752 
f 830/879/815 831/880/816 802/851/787 776/825/761 
f 755/804/740 754/803/739 783/832/768 788/837/773 
f 821/870/806 822/871/807 785/834/770 782/831/767 
f 763/812/748 762/811/747 787/836/772 792/841/777 
f 823/872/808 824/873/809 789/838/774 786/835/771 
f 771/820/756 770/819/755 791/840/776 793/842/778 
f 825/874/810 826/875/811 794/843/779 790/839/775 
f 808/857/793 780/829/765 779/828/764 809/858/794 
f 832/881/817 833/882/818 834/883/819 810/859/795 
f 774/823/759 835/884/820 819/868/804 775/824/760 
f 778/827/763 803/852/788 806/855/791 779/828/764 
f 832/881/817 828/877/813 796/845/781 795/844/780 
f 801/850/786 773/822/758 776/825/761 802/851/787 
f 772/821/757 771/820/756 805/854/790 804/853/789 
f 828/877/813 832/881/817 810/859/795 809/858/794 
f 778/827/763 777/826/762 835/884/820 774/823/759 
f 818/867/803 830/879/815 776/825/761 775/824/760 
f 833/882/818 832/881/817 795/844/780 827/876/812 
f 771/820/756 793/842/778 796/845/781 805/854/790 
f 804/853/789 803/852/788 773/822/758 801/850/786 
f 831/880/816 815/864/800 768/817/753 802/851/787 
f 806/855/791 828/877/813 809/858/794 779/828/764 
f 836/885/821 807/856/792 810/859/795 834/883/819 
# 70 polygons

#
# object Plane012
#

v  0.4747 3.8678 -0.7834
v  0.4781 3.8754 -0.7728
v  0.4981 3.8340 -0.7589
v  0.4913 3.8213 -0.7745
v  0.4801 3.8825 -0.7618
v  0.4806 3.8861 -0.7558
v  0.5023 3.8492 -0.7357
v  0.5018 3.8456 -0.7418
v  0.5108 3.7766 -0.7639
v  0.5212 3.7944 -0.7449
v  0.5470 3.7560 -0.7319
v  0.5328 3.7324 -0.7534
v  0.5265 3.8101 -0.7229
v  0.5271 3.8136 -0.7168
v  0.5547 3.7797 -0.6991
v  0.5542 3.7761 -0.7052
v  0.5629 3.6970 -0.7379
v  0.5773 3.7226 -0.7163
v  0.6102 3.6911 -0.7020
v  0.5957 3.6635 -0.7237
v  0.5846 3.7439 -0.6887
v  0.5851 3.7475 -0.6827
v  0.6181 3.7172 -0.6676
v  0.6176 3.7136 -0.6737
v  0.6791 3.6435 -0.6750
v  0.7160 3.6227 -0.6635
v  0.6818 3.6148 -0.6891
v  0.6523 3.6297 -0.6999
v  0.7943 3.6052 -0.6248
v  0.7465 3.6275 -0.6339
v  0.7473 3.6310 -0.6278
v  0.7952 3.6086 -0.6188
v  0.4622 3.9297 -0.7667
v  0.4793 3.8984 -0.7319
v  0.4806 3.8925 -0.7440
v  0.4623 3.9270 -0.7718
v  0.4981 3.8669 -0.6976
v  0.5195 3.8347 -0.6661
v  0.5259 3.8258 -0.6920
v  0.5018 3.8589 -0.7170
v  0.5433 3.8026 -0.6353
v  0.5737 3.7697 -0.6156
v  0.5832 3.7620 -0.6501
v  0.5527 3.7940 -0.6680
v  0.6163 3.7318 -0.6336
v  0.6069 3.7386 -0.5973
v  0.6342 3.7173 -0.5914
v  0.6496 3.7049 -0.6229
v  0.4599 3.9146 -0.7922
v  0.4609 3.9176 -0.7875
v  0.4616 3.9206 -0.7828
v  0.4621 3.9241 -0.7768
v  0.6437 3.6663 -0.6878
v  0.6236 3.6460 -0.7114
v  0.7010 3.6531 -0.6451
v  0.6579 3.6819 -0.6584
v  0.6585 3.6855 -0.6523
v  0.7017 3.6566 -0.6390
v  0.7211 3.6607 -0.5789
v  0.7595 3.6362 -0.5992
v  0.7213 3.6570 -0.6057
v  0.6914 3.6783 -0.5822
v  0.4816 3.8077 -0.7882
v  0.4701 3.8600 -0.7933
v  0.5122 3.7065 -0.7686
v  0.4959 3.7573 -0.7792
v  0.5758 3.6337 -0.7368
v  0.5408 3.6671 -0.7528
v  0.6667 3.5977 -0.7017
v  0.6420 3.6025 -0.7113
v  0.7122 3.6011 -0.6792
v  0.4618 3.9324 -0.7616
v  0.4766 3.9036 -0.7197
v  0.4913 3.8731 -0.6780
v  0.5082 3.8399 -0.6400
v  0.5269 3.8050 -0.6028
v  0.5558 3.7700 -0.5791
v  0.5913 3.7373 -0.5627
v  0.6107 3.7220 -0.5562
v  0.6846 3.6799 -0.6136
v  0.4587 3.9116 -0.7967
v  0.6188 3.6108 -0.7199
v  0.5958 3.6199 -0.7288
v  0.6624 3.6972 -0.5864
v  0.6330 3.7081 -0.5554
v  0.6555 3.6948 -0.5552
v  0.7545 3.6041 -0.6534
v  0.6793 3.6823 -0.5593
# 88 vertices

vn 0.8658 0.2185 -0.4502
vn 0.8865 0.2698 -0.3760
vn 0.8412 0.2980 -0.4513
vn 0.7979 0.2141 -0.5634
vn 0.8984 0.3133 -0.3079
vn 0.9038 0.3494 -0.2471
vn 0.8701 0.4143 -0.2669
vn 0.8627 0.3645 -0.3507
vn 0.7293 0.2072 -0.6521
vn 0.7925 0.3260 -0.5154
vn 0.7349 0.3490 -0.5815
vn 0.6408 0.1951 -0.7425
vn 0.8223 0.4143 -0.3901
vn 0.8315 0.4758 -0.2867
vn 0.7883 0.5347 -0.3046
vn 0.7773 0.4616 -0.4275
vn 0.5998 0.2222 -0.7687
vn 0.6891 0.3929 -0.6089
vn 0.6367 0.4290 -0.6407
vn 0.5503 0.2432 -0.7988
vn 0.7291 0.5109 -0.4553
vn 0.7404 0.5865 -0.3282
vn 0.6868 0.6368 -0.3504
vn 0.6751 0.5587 -0.4817
vn 0.5418 0.5285 -0.6535
vn 0.4895 0.5724 -0.6578
vn 0.4717 0.3917 -0.7900
vn 0.5001 0.3447 -0.7944
vn 0.4405 0.7297 -0.5229
vn 0.4694 0.7125 -0.5215
vn 0.4755 0.7619 -0.4398
vn 0.4464 0.7727 -0.4513
vn 0.9285 0.3328 -0.1649
vn 0.8975 0.4313 -0.0919
vn 0.9044 0.3892 -0.1751
vn 0.9220 0.3280 -0.2055
vn 0.8455 0.5333 -0.0260
vn 0.7897 0.6127 0.0306
vn 0.8253 0.5454 -0.1463
vn 0.8672 0.4721 -0.1583
vn 0.7149 0.6927 0.0951
vn 0.6754 0.7320 0.0898
vn 0.7301 0.6673 -0.1473
vn 0.7752 0.6186 -0.1279
vn 0.6796 0.7166 -0.1570
vn 0.6291 0.7720 0.0910
vn 0.5999 0.7986 0.0487
vn 0.6310 0.7510 -0.1943
vn 0.9134 0.2324 -0.3341
vn 0.9126 0.2655 -0.3108
vn 0.9149 0.2904 -0.2802
vn 0.9183 0.3129 -0.2425
vn 0.5909 0.4818 -0.6470
vn 0.5253 0.2964 -0.7976
vn 0.5424 0.6637 -0.5151
vn 0.6118 0.6118 -0.5013
vn 0.6223 0.6846 -0.3795
vn 0.5511 0.7271 -0.4095
vn 0.5220 0.8476 -0.0948
vn 0.4965 0.8235 -0.2743
vn 0.5250 0.8119 -0.2553
vn 0.5386 0.8420 -0.0309
vn 0.7887 0.1429 -0.5980
vn 0.8648 0.1689 -0.4728
vn 0.6047 0.1013 -0.7900
vn 0.7125 0.1120 -0.6927
vn 0.4962 0.1564 -0.8540
vn 0.5459 0.1258 -0.8284
vn 0.4198 0.4058 -0.8118
vn 0.4416 0.3157 -0.8399
vn 0.4630 0.4501 -0.7636
vn 0.9402 0.3159 -0.1274
vn 0.9034 0.4272 -0.0374
vn 0.8464 0.5299 0.0541
vn 0.7857 0.6036 0.1354
vn 0.6931 0.6912 0.2048
vn 0.6366 0.7421 0.2098
vn 0.5904 0.7819 0.1999
vn 0.5617 0.8104 0.1664
vn 0.5796 0.7830 -0.2257
vn 0.9215 0.1910 -0.3381
vn 0.4510 0.2703 -0.8506
vn 0.4702 0.2056 -0.8583
vn 0.5708 0.8210 0.0083
vn 0.5342 0.8386 0.1069
vn 0.5197 0.8520 0.0627
vn 0.4630 0.5966 -0.6555
vn 0.4809 0.8756 -0.0451
# 88 vertex normals

vt 0.2541 0.6182 -265.2652
vt 0.2585 0.6185 -260.9637
vt 0.2560 0.6301 -301.7183
vt 0.2492 0.6294 -312.1152
vt 0.2629 0.6187 -259.0744
vt 0.2652 0.6187 -259.0564
vt 0.2652 0.6304 -297.4709
vt 0.2629 0.6304 -297.4883
vt 0.2451 0.6412 -354.7527
vt 0.2538 0.6421 -336.8795
vt 0.2517 0.6544 -366.5376
vt 0.2412 0.6533 -393.9058
vt 0.2629 0.6424 -329.8454
vt 0.2652 0.6424 -329.8273
vt 0.2652 0.6548 -355.9473
vt 0.2629 0.6548 -355.9661
vt 0.2404 0.6663 -417.2544
vt 0.2513 0.6672 -387.2602
vt 0.2508 0.6801 -401.4785
vt 0.2396 0.6796 -434.0668
vt 0.2629 0.6675 -375.7054
vt 0.2652 0.6675 -375.6872
vt 0.2652 0.6803 -388.9361
vt 0.2629 0.6803 -388.9535
vt 0.2522 0.7042 -406.2158
vt 0.2529 0.7162 -400.2029
vt 0.2434 0.7081 -426.9849
vt 0.2421 0.6987 -432.5475
vt 0.2629 0.7387 -366.5596
vt 0.2629 0.7242 -384.7899
vt 0.2652 0.7243 -384.6935
vt 0.2652 0.7388 -366.3764
vt 0.2690 0.6073 -216.1683
vt 0.2741 0.6182 -265.2139
vt 0.2697 0.6185 -260.9061
vt 0.2671 0.6074 -215.2660
vt 0.2790 0.6294 -312.0418
vt 0.2831 0.6412 -354.6548
vt 0.2743 0.6421 -336.7736
vt 0.2722 0.6301 -301.6383
vt 0.2870 0.6533 -393.7829
vt 0.2878 0.6663 -417.1321
vt 0.2769 0.6672 -387.1277
vt 0.2765 0.6544 -366.4046
vt 0.2774 0.6801 -401.3480
vt 0.2886 0.6796 -433.9464
vt 0.2874 0.6891 -434.8038
vt 0.2767 0.6922 -406.5205
vt 0.2592 0.6073 -216.1945
vt 0.2610 0.6074 -215.2984
vt 0.2629 0.6074 -214.8171
vt 0.2652 0.6074 -214.7986
vt 0.2515 0.6921 -406.6457
vt 0.2408 0.6891 -434.9206
vt 0.2629 0.7096 -394.6357
vt 0.2629 0.6949 -396.0269
vt 0.2652 0.6950 -396.0137
vt 0.2652 0.7097 -394.5961
vt 0.2835 0.7176 -418.1363
vt 0.2746 0.7282 -388.4438
vt 0.2753 0.7163 -400.0419
vt 0.2848 0.7082 -426.8586
vt 0.2428 0.6284 -328.4580
vt 0.2499 0.6177 -271.9420
vt 0.2320 0.6517 -436.5369
vt 0.2371 0.6397 -382.8109
vt 0.2303 0.6788 -482.5947
vt 0.2305 0.6649 -466.8771
vt 0.2365 0.7065 -454.7032
vt 0.2340 0.6997 -468.5119
vt 0.2447 0.7175 -418.2755
vt 0.2709 0.6072 -217.5039
vt 0.2784 0.6177 -271.9421
vt 0.2855 0.6284 -328.4581
vt 0.2911 0.6397 -382.8110
vt 0.2963 0.6517 -436.5370
vt 0.2978 0.6649 -467.4799
vt 0.2979 0.6788 -482.1320
vt 0.2976 0.6857 -484.8774
vt 0.2760 0.7042 -406.0804
vt 0.2573 0.6072 -217.5039
vt 0.2323 0.6928 -476.8995
vt 0.2308 0.6858 -483.9748
vt 0.2861 0.6987 -432.4287
vt 0.2960 0.6928 -477.7618
vt 0.2944 0.6997 -469.3309
vt 0.2536 0.7281 -388.6457
vt 0.2917 0.7065 -454.7034
# 88 texture coords

o Plane012
g Plane012
usemtl Material__26
s 1
f 837/886/822 838/887/823 839/888/824 840/889/825 
f 841/890/826 842/891/827 843/892/828 844/893/829 
f 845/894/830 846/895/831 847/896/832 848/897/833 
f 849/898/834 850/899/835 851/900/836 852/901/837 
f 853/902/838 854/903/839 855/904/840 856/905/841 
f 857/906/842 858/907/843 859/908/844 860/909/845 
f 861/910/846 862/911/847 863/912/848 864/913/849 
f 865/914/850 866/915/851 867/916/852 868/917/853 
f 869/918/854 870/919/855 871/920/856 872/921/857 
f 873/922/858 874/923/859 875/924/860 876/925/861 
f 877/926/862 878/927/863 879/928/864 880/929/865 
f 881/930/866 882/931/867 883/932/868 884/933/869 
f 885/934/870 886/935/871 838/887/823 837/886/822 
f 887/936/872 888/937/873 842/891/827 841/890/826 
f 840/889/825 839/888/824 846/895/831 845/894/830 
f 844/893/829 843/892/828 850/899/835 849/898/834 
f 848/897/833 847/896/832 854/903/839 853/902/838 
f 852/901/837 851/900/836 858/907/843 857/906/842 
f 855/904/840 889/938/874 890/939/875 856/905/841 
f 891/940/876 892/941/877 893/942/878 894/943/879 
f 876/925/861 871/920/856 870/919/855 873/922/858 
f 880/929/865 875/924/860 874/923/859 877/926/862 
f 881/930/866 879/928/864 878/927/863 882/931/867 
f 895/944/880 896/945/881 897/946/882 898/947/883 
f 838/887/823 841/890/826 844/893/829 839/888/824 
f 840/889/825 899/948/884 900/949/885 837/886/822 
f 846/895/831 849/898/834 852/901/837 847/896/832 
f 848/897/833 901/950/886 902/951/887 845/894/830 
f 854/903/839 857/906/842 860/909/845 855/904/840 
f 856/905/841 903/952/888 904/953/889 853/902/838 
f 891/940/876 866/915/851 862/911/847 861/910/846 
f 905/954/890 906/955/891 863/912/848 907/956/892 
f 908/957/893 909/958/894 870/919/855 869/918/854 
f 842/891/827 888/937/873 872/921/857 871/920/856 
f 910/959/895 911/960/896 874/923/859 873/922/858 
f 850/899/835 843/892/828 876/925/861 875/924/860 
f 912/961/897 913/962/898 878/927/863 877/926/862 
f 858/907/843 851/900/836 880/929/865 879/928/864 
f 882/931/867 914/963/899 915/964/900 883/932/868 
f 916/965/901 894/943/879 893/942/878 884/933/869 
f 886/935/871 887/936/872 841/890/826 838/887/823 
f 837/886/822 900/949/885 917/966/902 885/934/870 
f 839/888/824 844/893/829 849/898/834 846/895/831 
f 845/894/830 902/951/887 899/948/884 840/889/825 
f 847/896/832 852/901/837 857/906/842 854/903/839 
f 853/902/838 904/953/889 901/950/886 848/897/833 
f 860/909/845 892/941/877 889/938/874 855/904/840 
f 918/967/903 919/968/904 890/939/875 864/913/849 
f 843/892/828 842/891/827 871/920/856 876/925/861 
f 909/958/894 910/959/895 873/922/858 870/919/855 
f 851/900/836 850/899/835 875/924/860 880/929/865 
f 911/960/896 912/961/897 877/926/862 874/923/859 
f 859/908/844 858/907/843 879/928/864 881/930/866 
f 913/962/898 914/963/899 882/931/867 878/927/863 
f 896/945/881 868/917/853 867/916/852 897/946/882 
f 920/969/905 921/970/906 922/971/907 898/947/883 
f 862/911/847 923/972/908 907/956/892 863/912/848 
f 866/915/851 891/940/876 894/943/879 867/916/852 
f 920/969/905 916/965/901 884/933/869 883/932/868 
f 889/938/874 861/910/846 864/913/849 890/939/875 
f 860/909/845 859/908/844 893/942/878 892/941/877 
f 916/965/901 920/969/905 898/947/883 897/946/882 
f 866/915/851 865/914/850 923/972/908 862/911/847 
f 906/955/891 918/967/903 864/913/849 863/912/848 
f 921/970/906 920/969/905 883/932/868 915/964/900 
f 859/908/844 881/930/866 884/933/869 893/942/878 
f 892/941/877 891/940/876 861/910/846 889/938/874 
f 919/968/904 903/952/888 856/905/841 890/939/875 
f 894/943/879 916/965/901 897/946/882 867/916/852 
f 924/973/909 895/944/880 898/947/883 922/971/907 
# 70 polygons

#
# object Plane013
#

v  0.4369 3.8984 -0.8227
v  0.4469 3.8926 -0.8160
v  0.4399 3.8590 -0.8495
v  0.4227 3.8670 -0.8591
v  0.4559 3.8863 -0.8085
v  0.4602 3.8827 -0.8043
v  0.4588 3.8458 -0.8337
v  0.4545 3.8493 -0.8380
v  0.4123 3.8347 -0.8958
v  0.4362 3.8259 -0.8841
v  0.4351 3.7941 -0.9201
v  0.4040 3.8026 -0.9338
v  0.4559 3.8138 -0.8691
v  0.4602 3.8102 -0.8648
v  0.4644 3.7763 -0.8974
v  0.4601 3.7799 -0.9017
v  0.4085 3.7697 -0.9697
v  0.4409 3.7620 -0.9549
v  0.4496 3.7319 -0.9909
v  0.4158 3.7386 -1.0069
v  0.4671 3.7477 -0.9355
v  0.4714 3.7441 -0.9313
v  0.4811 3.7138 -0.9662
v  0.4768 3.7174 -0.9705
v  0.4781 3.6800 -1.0560
v  0.4956 3.6571 -1.0892
v  0.4585 3.6783 -1.0813
v  0.4430 3.6972 -1.0564
v  0.5529 3.6089 -1.1373
v  0.5292 3.6313 -1.0949
v  0.5336 3.6276 -1.0908
v  0.5574 3.6052 -1.1333
v  0.4706 3.9147 -0.7691
v  0.4734 3.8679 -0.7861
v  0.4674 3.8755 -0.7955
v  0.4676 3.9178 -0.7730
v  0.4773 3.8214 -0.8045
v  0.4818 3.7766 -0.8263
v  0.4738 3.7945 -0.8465
v  0.4696 3.8341 -0.8198
v  0.4879 3.7325 -0.8499
v  0.4953 3.6971 -0.8829
v  0.4879 3.7228 -0.9079
v  0.4804 3.7562 -0.8747
v  0.4982 3.6913 -0.9423
v  0.5055 3.6636 -0.9172
v  0.5140 3.6461 -0.9464
v  0.5089 3.6664 -0.9771
v  0.4526 3.9298 -0.7872
v  0.4564 3.9271 -0.7841
v  0.4601 3.9243 -0.7809
v  0.4643 3.9208 -0.7766
v  0.4628 3.7050 -1.0232
v  0.4288 3.7173 -1.0316
v  0.5085 3.6569 -1.0527
v  0.4910 3.6857 -1.0112
v  0.4953 3.6821 -1.0070
v  0.5128 3.6532 -1.0486
v  0.5463 3.6012 -1.0351
v  0.5537 3.6042 -1.0843
v  0.5367 3.6228 -1.0483
v  0.5344 3.6148 -1.0054
v  0.4034 3.8731 -0.8665
v  0.4259 3.9036 -0.8284
v  0.3687 3.8050 -0.9420
v  0.3851 3.8399 -0.9038
v  0.3790 3.7372 -1.0173
v  0.3696 3.7700 -0.9794
v  0.4333 3.6823 -1.0868
v  0.4154 3.6948 -1.0710
v  0.4751 3.6607 -1.1062
v  0.4734 3.9116 -0.7652
v  0.4781 3.8600 -0.7762
v  0.4816 3.8077 -0.7882
v  0.4839 3.7573 -0.8049
v  0.4863 3.7065 -0.8243
v  0.4925 3.6668 -0.8560
v  0.5029 3.6339 -0.8936
v  0.5094 3.6194 -0.9135
v  0.5218 3.6436 -1.0125
v  0.4485 3.9324 -0.7901
v  0.4012 3.7082 -1.0537
v  0.3875 3.7221 -1.0361
v  0.5237 3.6298 -0.9759
v  0.5174 3.6103 -0.9368
v  0.5257 3.6020 -0.9601
v  0.5151 3.6364 -1.1226
v  0.5344 3.5977 -0.9856
# 88 vertices

vn 0.6467 0.4317 -0.6289
vn 0.7142 0.3900 -0.5812
vn 0.6775 0.4728 -0.5634
vn 0.5627 0.5336 -0.6314
vn 0.7687 0.3506 -0.5349
vn 0.8119 0.3146 -0.4917
vn 0.8219 0.3656 -0.4368
vn 0.7623 0.4153 -0.4963
vn 0.4835 0.6129 -0.6250
vn 0.6413 0.5460 -0.5390
vn 0.5950 0.6192 -0.5124
vn 0.3859 0.6929 -0.6091
vn 0.7527 0.4769 -0.4540
vn 0.8261 0.4155 -0.3806
vn 0.8259 0.4628 -0.3221
vn 0.7385 0.5358 -0.4094
vn 0.3652 0.7319 -0.5752
vn 0.5809 0.6678 -0.4654
vn 0.5559 0.7170 -0.4204
vn 0.3336 0.7721 -0.5409
vn 0.7259 0.5875 -0.3575
vn 0.8163 0.5121 -0.2672
vn 0.8019 0.5599 -0.2088
vn 0.7086 0.6377 -0.3021
vn 0.5443 0.7834 -0.3000
vn 0.5319 0.8123 -0.2392
vn 0.3702 0.8420 -0.3924
vn 0.3609 0.8210 -0.4424
vn 0.6306 0.7742 -0.0544
vn 0.6416 0.7624 -0.0841
vn 0.6993 0.7144 -0.0247
vn 0.6815 0.7319 -0.0030
vn 0.8425 0.2329 -0.4857
vn 0.9010 0.2190 -0.3744
vn 0.8570 0.2708 -0.4385
vn 0.8236 0.2665 -0.5006
vn 0.9443 0.2146 -0.2496
vn 0.9681 0.2077 -0.1401
vn 0.9036 0.3270 -0.2769
vn 0.8856 0.2989 -0.3554
vn 0.9806 0.1957 -0.0141
vn 0.9744 0.2223 0.0347
vn 0.9088 0.3939 -0.1375
vn 0.9172 0.3500 -0.1903
vn 0.8996 0.4300 -0.0768
vn 0.9655 0.2441 0.0911
vn 0.9488 0.2961 0.1104
vn 0.8749 0.4829 -0.0377
vn 0.7224 0.3333 -0.6058
vn 0.7488 0.3290 -0.5753
vn 0.7744 0.3142 -0.5492
vn 0.8013 0.2917 -0.5224
vn 0.5533 0.7515 -0.3594
vn 0.3485 0.7987 -0.4906
vn 0.6668 0.7276 -0.1610
vn 0.6895 0.6853 -0.2344
vn 0.7760 0.6132 -0.1474
vn 0.7417 0.6654 -0.0851
vn 0.8822 0.4510 0.1356
vn 0.7988 0.5980 0.0658
vn 0.8177 0.5737 0.0470
vn 0.9085 0.3912 0.1466
vn 0.5022 0.5302 -0.6832
vn 0.6091 0.4275 -0.6680
vn 0.2881 0.6919 -0.6620
vn 0.4009 0.6038 -0.6890
vn 0.2248 0.7827 -0.5804
vn 0.2495 0.7417 -0.6226
vn 0.3348 0.8719 -0.3574
vn 0.2872 0.8513 -0.4392
vn 0.4073 0.8478 -0.3397
vn 0.8511 0.1910 -0.4890
vn 0.9179 0.1690 -0.3591
vn 0.9649 0.1429 -0.2202
vn 0.9886 0.1121 -0.1010
vn 0.9939 0.1009 0.0437
vn 0.9854 0.1254 0.1153
vn 0.9734 0.1568 0.1671
vn 0.9606 0.2019 0.1907
vn 0.8482 0.5297 0.0042
vn 0.7016 0.3163 -0.6385
vn 0.2631 0.8380 -0.4780
vn 0.2350 0.8121 -0.5341
vn 0.9301 0.3444 0.1276
vn 0.9414 0.2696 0.2027
vn 0.9268 0.3158 0.2031
vn 0.5280 0.8240 -0.2055
vn 0.8831 0.4242 0.2006
# 88 vertex normals

vt 0.2541 0.6182 -265.2652
vt 0.2585 0.6185 -260.9637
vt 0.2560 0.6301 -301.7183
vt 0.2492 0.6294 -312.1152
vt 0.2629 0.6187 -259.0744
vt 0.2652 0.6187 -259.0564
vt 0.2652 0.6304 -297.4709
vt 0.2629 0.6304 -297.4883
vt 0.2451 0.6412 -354.7527
vt 0.2538 0.6421 -336.8795
vt 0.2517 0.6544 -366.5376
vt 0.2412 0.6533 -393.9058
vt 0.2629 0.6424 -329.8454
vt 0.2652 0.6424 -329.8273
vt 0.2652 0.6548 -355.9473
vt 0.2629 0.6548 -355.9661
vt 0.2404 0.6663 -417.2544
vt 0.2513 0.6672 -387.2602
vt 0.2508 0.6801 -401.4785
vt 0.2396 0.6796 -434.0668
vt 0.2629 0.6675 -375.7054
vt 0.2652 0.6675 -375.6872
vt 0.2652 0.6803 -388.9361
vt 0.2629 0.6803 -388.9535
vt 0.2522 0.7042 -406.2158
vt 0.2529 0.7162 -400.2029
vt 0.2434 0.7081 -426.9849
vt 0.2421 0.6987 -432.5475
vt 0.2629 0.7387 -366.5596
vt 0.2629 0.7242 -384.7899
vt 0.2652 0.7243 -384.6935
vt 0.2652 0.7388 -366.3764
vt 0.2690 0.6073 -216.1683
vt 0.2741 0.6182 -265.2139
vt 0.2697 0.6185 -260.9061
vt 0.2671 0.6074 -215.2660
vt 0.2790 0.6294 -312.0418
vt 0.2831 0.6412 -354.6548
vt 0.2743 0.6421 -336.7736
vt 0.2722 0.6301 -301.6383
vt 0.2870 0.6533 -393.7829
vt 0.2878 0.6663 -417.1321
vt 0.2769 0.6672 -387.1277
vt 0.2765 0.6544 -366.4046
vt 0.2774 0.6801 -401.3480
vt 0.2886 0.6796 -433.9464
vt 0.2874 0.6891 -434.8038
vt 0.2767 0.6922 -406.5205
vt 0.2592 0.6073 -216.1945
vt 0.2610 0.6074 -215.2984
vt 0.2629 0.6074 -214.8171
vt 0.2652 0.6074 -214.7986
vt 0.2515 0.6921 -406.6457
vt 0.2408 0.6891 -434.9206
vt 0.2629 0.7096 -394.6357
vt 0.2629 0.6949 -396.0269
vt 0.2652 0.6950 -396.0137
vt 0.2652 0.7097 -394.5961
vt 0.2835 0.7176 -418.1363
vt 0.2746 0.7282 -388.4438
vt 0.2753 0.7163 -400.0419
vt 0.2848 0.7082 -426.8586
vt 0.2428 0.6284 -328.4580
vt 0.2499 0.6177 -271.9420
vt 0.2320 0.6517 -436.5369
vt 0.2371 0.6397 -382.8109
vt 0.2303 0.6788 -482.5947
vt 0.2305 0.6649 -466.8771
vt 0.2365 0.7065 -454.7032
vt 0.2340 0.6997 -468.5119
vt 0.2447 0.7175 -418.2755
vt 0.2709 0.6072 -217.5039
vt 0.2784 0.6177 -271.9421
vt 0.2855 0.6284 -328.4581
vt 0.2911 0.6397 -382.8110
vt 0.2963 0.6517 -436.5370
vt 0.2978 0.6649 -467.4799
vt 0.2979 0.6788 -482.1320
vt 0.2976 0.6857 -484.8774
vt 0.2760 0.7042 -406.0804
vt 0.2573 0.6072 -217.5039
vt 0.2323 0.6928 -476.8995
vt 0.2308 0.6858 -483.9748
vt 0.2861 0.6987 -432.4287
vt 0.2960 0.6928 -477.7618
vt 0.2944 0.6997 -469.3309
vt 0.2536 0.7281 -388.6457
vt 0.2917 0.7065 -454.7034
# 88 texture coords

o Plane013
g Plane013
usemtl Material__26
s 1
f 925/974/910 926/975/911 927/976/912 928/977/913 
f 929/978/914 930/979/915 931/980/916 932/981/917 
f 933/982/918 934/983/919 935/984/920 936/985/921 
f 937/986/922 938/987/923 939/988/924 940/989/925 
f 941/990/926 942/991/927 943/992/928 944/993/929 
f 945/994/930 946/995/931 947/996/932 948/997/933 
f 949/998/934 950/999/935 951/1000/936 952/1001/937 
f 953/1002/938 954/1003/939 955/1004/940 956/1005/941 
f 957/1006/942 958/1007/943 959/1008/944 960/1009/945 
f 961/1010/946 962/1011/947 963/1012/948 964/1013/949 
f 965/1014/950 966/1015/951 967/1016/952 968/1017/953 
f 969/1018/954 970/1019/955 971/1020/956 972/1021/957 
f 973/1022/958 974/1023/959 926/975/911 925/974/910 
f 975/1024/960 976/1025/961 930/979/915 929/978/914 
f 928/977/913 927/976/912 934/983/919 933/982/918 
f 932/981/917 931/980/916 938/987/923 937/986/922 
f 936/985/921 935/984/920 942/991/927 941/990/926 
f 940/989/925 939/988/924 946/995/931 945/994/930 
f 943/992/928 977/1026/962 978/1027/963 944/993/929 
f 979/1028/964 980/1029/965 981/1030/966 982/1031/967 
f 964/1013/949 959/1008/944 958/1007/943 961/1010/946 
f 968/1017/953 963/1012/948 962/1011/947 965/1014/950 
f 969/1018/954 967/1016/952 966/1015/951 970/1019/955 
f 983/1032/968 984/1033/969 985/1034/970 986/1035/971 
f 926/975/911 929/978/914 932/981/917 927/976/912 
f 928/977/913 987/1036/972 988/1037/973 925/974/910 
f 934/983/919 937/986/922 940/989/925 935/984/920 
f 936/985/921 989/1038/974 990/1039/975 933/982/918 
f 942/991/927 945/994/930 948/997/933 943/992/928 
f 944/993/929 991/1040/976 992/1041/977 941/990/926 
f 979/1028/964 954/1003/939 950/999/935 949/998/934 
f 993/1042/978 994/1043/979 951/1000/936 995/1044/980 
f 996/1045/981 997/1046/982 958/1007/943 957/1006/942 
f 930/979/915 976/1025/961 960/1009/945 959/1008/944 
f 998/1047/983 999/1048/984 962/1011/947 961/1010/946 
f 938/987/923 931/980/916 964/1013/949 963/1012/948 
f 1000/1049/985 1001/1050/986 966/1015/951 965/1014/950 
f 946/995/931 939/988/924 968/1017/953 967/1016/952 
f 970/1019/955 1002/1051/987 1003/1052/988 971/1020/956 
f 1004/1053/989 982/1031/967 981/1030/966 972/1021/957 
f 974/1023/959 975/1024/960 929/978/914 926/975/911 
f 925/974/910 988/1037/973 1005/1054/990 973/1022/958 
f 927/976/912 932/981/917 937/986/922 934/983/919 
f 933/982/918 990/1039/975 987/1036/972 928/977/913 
f 935/984/920 940/989/925 945/994/930 942/991/927 
f 941/990/926 992/1041/977 989/1038/974 936/985/921 
f 948/997/933 980/1029/965 977/1026/962 943/992/928 
f 1006/1055/991 1007/1056/992 978/1027/963 952/1001/937 
f 931/980/916 930/979/915 959/1008/944 964/1013/949 
f 997/1046/982 998/1047/983 961/1010/946 958/1007/943 
f 939/988/924 938/987/923 963/1012/948 968/1017/953 
f 999/1048/984 1000/1049/985 965/1014/950 962/1011/947 
f 947/996/932 946/995/931 967/1016/952 969/1018/954 
f 1001/1050/986 1002/1051/987 970/1019/955 966/1015/951 
f 984/1033/969 956/1005/941 955/1004/940 985/1034/970 
f 1008/1057/993 1009/1058/994 1010/1059/995 986/1035/971 
f 950/999/935 1011/1060/996 995/1044/980 951/1000/936 
f 954/1003/939 979/1028/964 982/1031/967 955/1004/940 
f 1008/1057/993 1004/1053/989 972/1021/957 971/1020/956 
f 977/1026/962 949/998/934 952/1001/937 978/1027/963 
f 948/997/933 947/996/932 981/1030/966 980/1029/965 
f 1004/1053/989 1008/1057/993 986/1035/971 985/1034/970 
f 954/1003/939 953/1002/938 1011/1060/996 950/999/935 
f 994/1043/979 1006/1055/991 952/1001/937 951/1000/936 
f 1009/1058/994 1008/1057/993 971/1020/956 1003/1052/988 
f 947/996/932 969/1018/954 972/1021/957 981/1030/966 
f 980/1029/965 979/1028/964 949/998/934 977/1026/962 
f 1007/1056/992 991/1040/976 944/993/929 978/1027/963 
f 982/1031/967 1004/1053/989 985/1034/970 955/1004/940 
f 1012/1061/997 983/1032/968 986/1035/971 1010/1059/995 
# 70 polygons

#
# object Plane014
#

v  0.4172 3.9504 -0.7940
v  0.4228 3.9410 -0.8017
v  0.3875 3.9546 -0.8312
v  0.3772 3.9681 -0.8186
v  0.4275 3.9307 -0.8087
v  0.4296 3.9249 -0.8120
v  0.3976 3.9330 -0.8458
v  0.3955 3.9388 -0.8424
v  0.3394 3.9854 -0.8462
v  0.3547 3.9691 -0.8631
v  0.3242 3.9853 -0.8966
v  0.3029 4.0037 -0.8758
v  0.3659 3.9487 -0.8779
v  0.3680 3.9429 -0.8813
v  0.3410 3.9547 -0.9183
v  0.3389 3.9605 -0.9149
v  0.2758 4.0189 -0.9137
v  0.2990 3.9998 -0.9344
v  0.2767 4.0160 -0.9734
v  0.2516 4.0359 -0.9529
v  0.3147 3.9740 -0.9531
v  0.3168 3.9682 -0.9565
v  0.2955 3.9834 -0.9959
v  0.2934 3.9892 -0.9925
v  0.2476 4.0457 -1.0509
v  0.2371 4.0623 -1.0902
v  0.2251 4.0685 -1.0489
v  0.2323 4.0570 -1.0168
v  0.2360 4.0766 -1.1780
v  0.2441 4.0522 -1.1311
v  0.2462 4.0465 -1.1348
v  0.2381 4.0710 -1.1817
v  0.4669 3.9089 -0.7851
v  0.4352 3.9010 -0.8229
v  0.4329 3.9133 -0.8179
v  0.4655 3.9140 -0.7827
v  0.4041 3.8943 -0.8617
v  0.3737 3.8914 -0.9012
v  0.3733 3.9183 -0.8928
v  0.4022 3.9144 -0.8548
v  0.3443 3.8903 -0.9421
v  0.3187 3.9015 -0.9823
v  0.3223 3.9363 -0.9715
v  0.3467 3.9239 -0.9324
v  0.3008 3.9503 -1.0118
v  0.2960 3.9145 -1.0238
v  0.2833 3.9309 -1.0521
v  0.2836 3.9679 -1.0484
v  0.4579 3.9333 -0.7709
v  0.4599 3.9291 -0.7739
v  0.4618 3.9246 -0.7768
v  0.4639 3.9189 -0.7801
v  0.2608 4.0302 -1.0119
v  0.2412 4.0461 -0.9848
v  0.2565 4.0294 -1.0844
v  0.2729 4.0083 -1.0380
v  0.2750 4.0025 -1.0415
v  0.2585 4.0236 -1.0879
v  0.2546 3.9842 -1.1373
v  0.2483 4.0280 -1.1602
v  0.2573 4.0069 -1.1228
v  0.2626 3.9658 -1.1089
v  0.3648 3.9790 -0.8047
v  0.4107 3.9588 -0.7857
v  0.2761 4.0148 -0.8539
v  0.3204 3.9970 -0.8279
v  0.2209 4.0471 -0.9331
v  0.2448 4.0305 -0.8912
v  0.2075 4.0771 -1.0317
v  0.2065 4.0707 -1.0055
v  0.2195 4.0805 -1.0809
v  0.4681 3.9038 -0.7874
v  0.4365 3.8881 -0.8269
v  0.4034 3.8732 -0.8665
v  0.3692 3.8633 -0.9061
v  0.3342 3.8556 -0.9469
v  0.3053 3.8636 -0.9885
v  0.2822 3.8798 -1.0309
v  0.2725 3.8897 -1.0523
v  0.2691 3.9868 -1.0854
v  0.4558 3.9375 -0.7677
v  0.2091 4.0631 -0.9806
v  0.2125 4.0555 -0.9557
v  0.2721 3.9480 -1.0805
v  0.2663 3.9051 -1.0728
v  0.2608 3.9207 -1.0929
v  0.2293 4.0799 -1.1296
v  0.2574 3.9402 -1.1116
# 88 vertices

vn 0.5682 0.7072 -0.4208
vn 0.6052 0.6403 -0.4730
vn 0.6345 0.6675 -0.3898
vn 0.5690 0.7649 -0.3020
vn 0.6337 0.5767 -0.5156
vn 0.6551 0.5183 -0.5497
vn 0.7093 0.4942 -0.5027
vn 0.6798 0.5747 -0.4556
vn 0.5616 0.8036 -0.1968
vn 0.6600 0.6842 -0.3102
vn 0.6786 0.6999 -0.2229
vn 0.5439 0.8358 -0.0751
vn 0.7225 0.5682 -0.3940
vn 0.7588 0.4689 -0.4520
vn 0.8041 0.4406 -0.3990
vn 0.7609 0.5587 -0.3300
vn 0.5623 0.8266 -0.0234
vn 0.7114 0.6833 -0.1644
vn 0.7360 0.6697 -0.0990
vn 0.5733 0.8185 0.0367
vn 0.7981 0.5393 -0.2686
vn 0.8428 0.4172 -0.3400
vn 0.8780 0.3903 -0.2772
vn 0.8318 0.5164 -0.2035
vn 0.8019 0.5974 -0.0016
vn 0.8275 0.5593 0.0491
vn 0.6847 0.7197 0.1149
vn 0.6510 0.7539 0.0882
vn 0.9277 0.3720 0.0331
vn 0.9202 0.3913 0.0065
vn 0.9493 0.3119 -0.0383
vn 0.9530 0.3028 -0.0068
vn 0.6287 0.4714 -0.6186
vn 0.6939 0.3631 -0.6219
vn 0.6758 0.4473 -0.5858
vn 0.6315 0.5020 -0.5910
vn 0.7575 0.2487 -0.6037
vn 0.8011 0.1479 -0.5800
vn 0.7896 0.3297 -0.5175
vn 0.7373 0.3861 -0.5543
vn 0.8377 0.0312 -0.5453
vn 0.8631 0.0019 -0.5050
vn 0.8735 0.2399 -0.4235
vn 0.8379 0.2642 -0.4776
vn 0.9059 0.2050 -0.3705
vn 0.8857 -0.0362 -0.4628
vn 0.9110 -0.0267 -0.4116
vn 0.9314 0.1983 -0.3054
vn 0.5694 0.6338 -0.5235
vn 0.5945 0.6031 -0.5318
vn 0.6114 0.5712 -0.5477
vn 0.6246 0.5349 -0.5690
vn 0.7723 0.6332 -0.0513
vn 0.6147 0.7862 0.0633
vn 0.8959 0.4398 -0.0629
vn 0.8660 0.4817 -0.1340
vn 0.9090 0.3644 -0.2020
vn 0.9334 0.3378 -0.1215
vn 0.9650 0.0310 -0.2605
vn 0.9754 0.1692 -0.1412
vn 0.9691 0.1724 -0.1766
vn 0.9504 -0.0094 -0.3109
vn 0.5080 0.8131 -0.2842
vn 0.5272 0.7423 -0.4137
vn 0.4567 0.8891 -0.0311
vn 0.4776 0.8615 -0.1725
vn 0.4891 0.8664 0.1006
vn 0.4701 0.8816 0.0417
vn 0.6869 0.7062 0.1714
vn 0.6165 0.7714 0.1578
vn 0.7301 0.6736 0.1147
vn 0.6081 0.4535 -0.6516
vn 0.6795 0.3243 -0.6581
vn 0.7364 0.1869 -0.6502
vn 0.7677 0.0661 -0.6374
vn 0.8048 -0.0659 -0.5898
vn 0.8336 -0.1160 -0.5401
vn 0.8585 -0.1452 -0.4918
vn 0.8837 -0.1431 -0.4457
vn 0.9523 0.1863 -0.2416
vn 0.5345 0.6558 -0.5332
vn 0.5798 0.8008 0.1503
vn 0.5275 0.8394 0.1307
vn 0.9320 -0.0170 -0.3621
vn 0.9148 -0.1195 -0.3859
vn 0.9328 -0.0965 -0.3473
vn 0.8413 0.5357 0.0725
vn 0.9671 -0.0387 -0.2516
# 88 vertex normals

vt 0.2541 0.6182 -265.2652
vt 0.2585 0.6185 -260.9637
vt 0.2560 0.6301 -301.7183
vt 0.2492 0.6294 -312.1152
vt 0.2629 0.6187 -259.0744
vt 0.2652 0.6187 -259.0564
vt 0.2652 0.6304 -297.4709
vt 0.2629 0.6304 -297.4883
vt 0.2451 0.6412 -354.7527
vt 0.2538 0.6421 -336.8795
vt 0.2517 0.6544 -366.5376
vt 0.2412 0.6533 -393.9058
vt 0.2629 0.6424 -329.8454
vt 0.2652 0.6424 -329.8273
vt 0.2652 0.6548 -355.9473
vt 0.2629 0.6548 -355.9661
vt 0.2404 0.6663 -417.2544
vt 0.2513 0.6672 -387.2602
vt 0.2508 0.6801 -401.4785
vt 0.2396 0.6796 -434.0668
vt 0.2629 0.6675 -375.7054
vt 0.2652 0.6675 -375.6872
vt 0.2652 0.6803 -388.9361
vt 0.2629 0.6803 -388.9535
vt 0.2522 0.7042 -406.2158
vt 0.2529 0.7162 -400.2029
vt 0.2434 0.7081 -426.9849
vt 0.2421 0.6987 -432.5475
vt 0.2629 0.7387 -366.5596
vt 0.2629 0.7242 -384.7899
vt 0.2652 0.7243 -384.6935
vt 0.2652 0.7388 -366.3764
vt 0.2690 0.6073 -216.1683
vt 0.2741 0.6182 -265.2139
vt 0.2697 0.6185 -260.9061
vt 0.2671 0.6074 -215.2660
vt 0.2790 0.6294 -312.0418
vt 0.2831 0.6412 -354.6548
vt 0.2743 0.6421 -336.7736
vt 0.2722 0.6301 -301.6383
vt 0.2870 0.6533 -393.7829
vt 0.2878 0.6663 -417.1321
vt 0.2769 0.6672 -387.1277
vt 0.2765 0.6544 -366.4046
vt 0.2774 0.6801 -401.3480
vt 0.2886 0.6796 -433.9464
vt 0.2874 0.6891 -434.8038
vt 0.2767 0.6922 -406.5205
vt 0.2592 0.6073 -216.1945
vt 0.2610 0.6074 -215.2984
vt 0.2629 0.6074 -214.8171
vt 0.2652 0.6074 -214.7986
vt 0.2515 0.6921 -406.6457
vt 0.2408 0.6891 -434.9206
vt 0.2629 0.7096 -394.6357
vt 0.2629 0.6949 -396.0269
vt 0.2652 0.6950 -396.0137
vt 0.2652 0.7097 -394.5961
vt 0.2835 0.7176 -418.1363
vt 0.2746 0.7282 -388.4438
vt 0.2753 0.7163 -400.0419
vt 0.2848 0.7082 -426.8586
vt 0.2428 0.6284 -328.4580
vt 0.2499 0.6177 -271.9420
vt 0.2320 0.6517 -436.5369
vt 0.2371 0.6397 -382.8109
vt 0.2303 0.6788 -482.5947
vt 0.2305 0.6649 -466.8771
vt 0.2365 0.7065 -454.7032
vt 0.2340 0.6997 -468.5119
vt 0.2447 0.7175 -418.2755
vt 0.2709 0.6072 -217.5039
vt 0.2784 0.6177 -271.9421
vt 0.2855 0.6284 -328.4581
vt 0.2911 0.6397 -382.8110
vt 0.2963 0.6517 -436.5370
vt 0.2978 0.6649 -467.4799
vt 0.2979 0.6788 -482.1320
vt 0.2976 0.6857 -484.8774
vt 0.2760 0.7042 -406.0804
vt 0.2573 0.6072 -217.5039
vt 0.2323 0.6928 -476.8995
vt 0.2308 0.6858 -483.9748
vt 0.2861 0.6987 -432.4287
vt 0.2960 0.6928 -477.7618
vt 0.2944 0.6997 -469.3309
vt 0.2536 0.7281 -388.6457
vt 0.2917 0.7065 -454.7034
# 88 texture coords

o Plane014
g Plane014
usemtl Material__26
s 1
f 1013/1062/998 1014/1063/999 1015/1064/1000 1016/1065/1001 
f 1017/1066/1002 1018/1067/1003 1019/1068/1004 1020/1069/1005 
f 1021/1070/1006 1022/1071/1007 1023/1072/1008 1024/1073/1009 
f 1025/1074/1010 1026/1075/1011 1027/1076/1012 1028/1077/1013 
f 1029/1078/1014 1030/1079/1015 1031/1080/1016 1032/1081/1017 
f 1033/1082/1018 1034/1083/1019 1035/1084/1020 1036/1085/1021 
f 1037/1086/1022 1038/1087/1023 1039/1088/1024 1040/1089/1025 
f 1041/1090/1026 1042/1091/1027 1043/1092/1028 1044/1093/1029 
f 1045/1094/1030 1046/1095/1031 1047/1096/1032 1048/1097/1033 
f 1049/1098/1034 1050/1099/1035 1051/1100/1036 1052/1101/1037 
f 1053/1102/1038 1054/1103/1039 1055/1104/1040 1056/1105/1041 
f 1057/1106/1042 1058/1107/1043 1059/1108/1044 1060/1109/1045 
f 1061/1110/1046 1062/1111/1047 1014/1063/999 1013/1062/998 
f 1063/1112/1048 1064/1113/1049 1018/1067/1003 1017/1066/1002 
f 1016/1065/1001 1015/1064/1000 1022/1071/1007 1021/1070/1006 
f 1020/1069/1005 1019/1068/1004 1026/1075/1011 1025/1074/1010 
f 1024/1073/1009 1023/1072/1008 1030/1079/1015 1029/1078/1014 
f 1028/1077/1013 1027/1076/1012 1034/1083/1019 1033/1082/1018 
f 1031/1080/1016 1065/1114/1050 1066/1115/1051 1032/1081/1017 
f 1067/1116/1052 1068/1117/1053 1069/1118/1054 1070/1119/1055 
f 1052/1101/1037 1047/1096/1032 1046/1095/1031 1049/1098/1034 
f 1056/1105/1041 1051/1100/1036 1050/1099/1035 1053/1102/1038 
f 1057/1106/1042 1055/1104/1040 1054/1103/1039 1058/1107/1043 
f 1071/1120/1056 1072/1121/1057 1073/1122/1058 1074/1123/1059 
f 1014/1063/999 1017/1066/1002 1020/1069/1005 1015/1064/1000 
f 1016/1065/1001 1075/1124/1060 1076/1125/1061 1013/1062/998 
f 1022/1071/1007 1025/1074/1010 1028/1077/1013 1023/1072/1008 
f 1024/1073/1009 1077/1126/1062 1078/1127/1063 1021/1070/1006 
f 1030/1079/1015 1033/1082/1018 1036/1085/1021 1031/1080/1016 
f 1032/1081/1017 1079/1128/1064 1080/1129/1065 1029/1078/1014 
f 1067/1116/1052 1042/1091/1027 1038/1087/1023 1037/1086/1022 
f 1081/1130/1066 1082/1131/1067 1039/1088/1024 1083/1132/1068 
f 1084/1133/1069 1085/1134/1070 1046/1095/1031 1045/1094/1030 
f 1018/1067/1003 1064/1113/1049 1048/1097/1033 1047/1096/1032 
f 1086/1135/1071 1087/1136/1072 1050/1099/1035 1049/1098/1034 
f 1026/1075/1011 1019/1068/1004 1052/1101/1037 1051/1100/1036 
f 1088/1137/1073 1089/1138/1074 1054/1103/1039 1053/1102/1038 
f 1034/1083/1019 1027/1076/1012 1056/1105/1041 1055/1104/1040 
f 1058/1107/1043 1090/1139/1075 1091/1140/1076 1059/1108/1044 
f 1092/1141/1077 1070/1119/1055 1069/1118/1054 1060/1109/1045 
f 1062/1111/1047 1063/1112/1048 1017/1066/1002 1014/1063/999 
f 1013/1062/998 1076/1125/1061 1093/1142/1078 1061/1110/1046 
f 1015/1064/1000 1020/1069/1005 1025/1074/1010 1022/1071/1007 
f 1021/1070/1006 1078/1127/1063 1075/1124/1060 1016/1065/1001 
f 1023/1072/1008 1028/1077/1013 1033/1082/1018 1030/1079/1015 
f 1029/1078/1014 1080/1129/1065 1077/1126/1062 1024/1073/1009 
f 1036/1085/1021 1068/1117/1053 1065/1114/1050 1031/1080/1016 
f 1094/1143/1079 1095/1144/1080 1066/1115/1051 1040/1089/1025 
f 1019/1068/1004 1018/1067/1003 1047/1096/1032 1052/1101/1037 
f 1085/1134/1070 1086/1135/1071 1049/1098/1034 1046/1095/1031 
f 1027/1076/1012 1026/1075/1011 1051/1100/1036 1056/1105/1041 
f 1087/1136/1072 1088/1137/1073 1053/1102/1038 1050/1099/1035 
f 1035/1084/1020 1034/1083/1019 1055/1104/1040 1057/1106/1042 
f 1089/1138/1074 1090/1139/1075 1058/1107/1043 1054/1103/1039 
f 1072/1121/1057 1044/1093/1029 1043/1092/1028 1073/1122/1058 
f 1096/1145/1081 1097/1146/1082 1098/1147/1083 1074/1123/1059 
f 1038/1087/1023 1099/1148/1084 1083/1132/1068 1039/1088/1024 
f 1042/1091/1027 1067/1116/1052 1070/1119/1055 1043/1092/1028 
f 1096/1145/1081 1092/1141/1077 1060/1109/1045 1059/1108/1044 
f 1065/1114/1050 1037/1086/1022 1040/1089/1025 1066/1115/1051 
f 1036/1085/1021 1035/1084/1020 1069/1118/1054 1068/1117/1053 
f 1092/1141/1077 1096/1145/1081 1074/1123/1059 1073/1122/1058 
f 1042/1091/1027 1041/1090/1026 1099/1148/1084 1038/1087/1023 
f 1082/1131/1067 1094/1143/1079 1040/1089/1025 1039/1088/1024 
f 1097/1146/1082 1096/1145/1081 1059/1108/1044 1091/1140/1076 
f 1035/1084/1020 1057/1106/1042 1060/1109/1045 1069/1118/1054 
f 1068/1117/1053 1067/1116/1052 1037/1086/1022 1065/1114/1050 
f 1095/1144/1080 1079/1128/1064 1032/1081/1017 1066/1115/1051 
f 1070/1119/1055 1092/1141/1077 1073/1122/1058 1043/1092/1028 
f 1100/1149/1085 1071/1120/1056 1074/1123/1059 1098/1147/1083 
# 70 polygons

#
# object Plane020
#

v  -1.1210 3.9519 0.0942
v  -1.1230 3.9537 0.1073
v  -1.0911 3.9887 0.0998
v  -1.0863 3.9850 0.0795
v  -1.1239 3.9544 0.1205
v  -1.1239 3.9545 0.1275
v  -1.0931 3.9903 0.1277
v  -1.0931 3.9903 0.1206
v  -1.0532 4.0204 0.0673
v  -1.0616 4.0261 0.0935
v  -1.0347 4.0654 0.0872
v  -1.0215 4.0578 0.0557
v  -1.0650 4.0283 0.1207
v  -1.0651 4.0283 0.1278
v  -1.0399 4.0683 0.1279
v  -1.0399 4.0683 0.1208
v  -0.9972 4.1003 0.0534
v  -1.0120 4.1074 0.0860
v  -0.9925 4.1509 0.0847
v  -0.9761 4.1445 0.0511
v  -1.0178 4.1101 0.1209
v  -1.0178 4.1101 0.1280
v  -0.9989 4.1534 0.1281
v  -0.9989 4.1534 0.1210
v  -0.9674 4.2351 0.0889
v  -0.9591 4.2782 0.0910
v  -0.9529 4.2461 0.0625
v  -0.9589 4.2120 0.0586
v  -0.9554 4.3619 0.1212
v  -0.9596 4.3086 0.1212
v  -0.9596 4.3089 0.1282
v  -0.9554 4.3623 0.1282
v  -1.1567 3.9204 0.1389
v  -1.1213 3.9519 0.1542
v  -1.1231 3.9537 0.1409
v  -1.1571 3.9208 0.1331
v  -1.0866 3.9850 0.1691
v  -1.0537 4.0204 0.1815
v  -1.0619 4.0261 0.1552
v  -1.0913 3.9888 0.1487
v  -1.0221 4.0579 0.1934
v  -0.9979 4.1003 0.1960
v  -1.0124 4.1074 0.1631
v  -1.0351 4.0654 0.1617
v  -0.9929 4.1509 0.1645
v  -0.9767 4.1446 0.1984
v  -0.9673 4.1782 0.1947
v  -0.9788 4.1927 0.1625
v  -1.1566 3.9204 0.1092
v  -1.1570 3.9208 0.1148
v  -1.1572 3.9210 0.1204
v  -1.1573 3.9210 0.1274
v  -0.9785 4.1926 0.0868
v  -0.9667 4.1781 0.0548
v  -0.9683 4.2558 0.1211
v  -0.9815 4.2039 0.1211
v  -0.9815 4.2040 0.1281
v  -0.9683 4.2560 0.1282
v  -0.9490 4.2804 0.1833
v  -0.9541 4.3220 0.1564
v  -0.9594 4.2784 0.1584
v  -0.9534 4.2462 0.1872
v  -1.0787 3.9791 0.0601
v  -1.1180 3.9492 0.0813
v  -1.0010 4.0461 0.0280
v  -1.0400 4.0115 0.0433
v  -0.9518 4.1350 0.0232
v  -0.9729 4.0886 0.0237
v  -0.9400 4.2366 0.0418
v  -0.9393 4.2107 0.0342
v  -0.9485 4.2803 0.0664
v  -1.1562 3.9198 0.1446
v  -1.1184 3.9492 0.1671
v  -1.0792 3.9791 0.1886
v  -1.0406 4.0115 0.2057
v  -1.0018 4.0461 0.2213
v  -0.9734 4.0885 0.2262
v  -0.9528 4.1351 0.2264
v  -0.9448 4.1593 0.2256
v  -0.9677 4.2352 0.1605
v  -1.1560 3.9198 0.1036
v  -0.9415 4.1852 0.0293
v  -0.9445 4.1595 0.0246
v  -0.9595 4.2121 0.1910
v  -0.9418 4.1850 0.2210
v  -0.9396 4.2106 0.2161
v  -0.9538 4.3217 0.0931
v  -0.9407 4.2366 0.2080
# 88 vertices

vn -0.7167 0.6643 -0.2122
vn -0.7280 0.6748 -0.1209
vn -0.7705 0.6130 -0.1747
vn -0.7440 0.5884 -0.3168
vn -0.7329 0.6791 -0.0395
vn -0.7333 0.6792 0.0314
vn -0.7815 0.6224 0.0447
vn -0.7810 0.6223 -0.0530
vn -0.7568 0.5158 -0.4015
vn -0.8061 0.5496 -0.2193
vn -0.8354 0.4795 -0.2687
vn -0.7591 0.4264 -0.4919
vn -0.8246 0.5620 -0.0646
vn -0.8252 0.5621 0.0560
vn -0.8641 0.4987 0.0672
vn -0.8634 0.4987 -0.0763
vn -0.7780 0.3754 -0.5038
vn -0.8664 0.4179 -0.2734
vn -0.8909 0.3524 -0.2864
vn -0.7909 0.3182 -0.5227
vn -0.8980 0.4329 -0.0788
vn -0.8987 0.4329 0.0696
vn -0.9292 0.3625 0.0720
vn -0.9285 0.3624 -0.0812
vn -0.9400 0.2275 -0.2541
vn -0.9572 0.1629 -0.2394
vn -0.8739 0.1937 -0.4458
vn -0.8498 0.2362 -0.4712
vn -0.9957 0.0790 -0.0475
vn -0.9923 0.1121 -0.0529
vn -0.9929 0.1107 0.0428
vn -0.9963 0.0785 0.0362
vn -0.6888 0.7187 0.0954
vn -0.7185 0.6644 0.2057
vn -0.7291 0.6749 0.1135
vn -0.7027 0.7091 0.0577
vn -0.7466 0.5885 0.3102
vn -0.7602 0.5160 0.3948
vn -0.8081 0.5498 0.2114
vn -0.7721 0.6132 0.1671
vn -0.7633 0.4266 0.4852
vn -0.7820 0.3754 0.4976
vn -0.8688 0.4181 0.2651
vn -0.8378 0.4798 0.2605
vn -0.8935 0.3525 0.2780
vn -0.7956 0.3184 0.5154
vn -0.8266 0.2763 0.4903
vn -0.9209 0.2905 0.2598
vn -0.6880 0.7186 -0.1019
vn -0.7022 0.7090 -0.0651
vn -0.7075 0.7063 -0.0261
vn -0.7077 0.7063 0.0180
vn -0.9185 0.2904 -0.2685
vn -0.8229 0.2763 -0.4966
vn -0.9780 0.1979 -0.0667
vn -0.9563 0.2824 -0.0759
vn -0.9571 0.2820 0.0663
vn -0.9788 0.1970 0.0568
vn -0.9070 0.1681 0.3861
vn -0.9673 0.1298 0.2177
vn -0.9594 0.1627 0.2303
vn -0.8772 0.1938 0.4394
vn -0.7017 0.6007 -0.3832
vn -0.6886 0.6782 -0.2567
vn -0.6954 0.4203 -0.5829
vn -0.6959 0.5289 -0.4858
vn -0.7300 0.2919 -0.6180
vn -0.7117 0.3522 -0.6078
vn -0.8765 0.1378 -0.4612
vn -0.8277 0.1864 -0.5293
vn -0.9035 0.1683 -0.3942
vn -0.6613 0.7405 0.1200
vn -0.6905 0.6784 0.2509
vn -0.7046 0.6009 0.3773
vn -0.6997 0.5292 0.4800
vn -0.6997 0.4212 0.5770
vn -0.7162 0.3514 0.6030
vn -0.7352 0.2933 0.6112
vn -0.7634 0.2522 0.5947
vn -0.9424 0.2274 0.2451
vn -0.6605 0.7403 -0.1257
vn -0.8009 0.2100 -0.5608
vn -0.7610 0.2498 -0.5988
vn -0.8533 0.2362 0.4648
vn -0.8047 0.2090 0.5557
vn -0.8317 0.1850 0.5235
vn -0.9651 0.1301 -0.2272
vn -0.8891 0.1266 0.4399
# 88 vertex normals

vt 0.2541 0.6182 -265.2652
vt 0.2585 0.6185 -260.9637
vt 0.2560 0.6301 -301.7183
vt 0.2492 0.6294 -312.1152
vt 0.2629 0.6187 -259.0744
vt 0.2652 0.6187 -259.0564
vt 0.2652 0.6304 -297.4709
vt 0.2629 0.6304 -297.4883
vt 0.2451 0.6412 -354.7527
vt 0.2538 0.6421 -336.8795
vt 0.2517 0.6544 -366.5376
vt 0.2412 0.6533 -393.9058
vt 0.2629 0.6424 -329.8454
vt 0.2652 0.6424 -329.8273
vt 0.2652 0.6548 -355.9473
vt 0.2629 0.6548 -355.9661
vt 0.2404 0.6663 -417.2544
vt 0.2513 0.6672 -387.2602
vt 0.2508 0.6801 -401.4785
vt 0.2396 0.6796 -434.0668
vt 0.2629 0.6675 -375.7054
vt 0.2652 0.6675 -375.6872
vt 0.2652 0.6803 -388.9361
vt 0.2629 0.6803 -388.9535
vt 0.2522 0.7042 -406.2158
vt 0.2529 0.7162 -400.2029
vt 0.2434 0.7081 -426.9849
vt 0.2421 0.6987 -432.5475
vt 0.2629 0.7387 -366.5596
vt 0.2629 0.7242 -384.7899
vt 0.2652 0.7243 -384.6935
vt 0.2652 0.7388 -366.3764
vt 0.2690 0.6073 -216.1683
vt 0.2741 0.6182 -265.2139
vt 0.2697 0.6185 -260.9061
vt 0.2671 0.6074 -215.2660
vt 0.2790 0.6294 -312.0418
vt 0.2831 0.6412 -354.6548
vt 0.2743 0.6421 -336.7736
vt 0.2722 0.6301 -301.6383
vt 0.2870 0.6533 -393.7829
vt 0.2878 0.6663 -417.1321
vt 0.2769 0.6672 -387.1277
vt 0.2765 0.6544 -366.4046
vt 0.2774 0.6801 -401.3480
vt 0.2886 0.6796 -433.9464
vt 0.2874 0.6891 -434.8038
vt 0.2767 0.6922 -406.5205
vt 0.2592 0.6073 -216.1945
vt 0.2610 0.6074 -215.2984
vt 0.2629 0.6074 -214.8171
vt 0.2652 0.6074 -214.7986
vt 0.2515 0.6921 -406.6457
vt 0.2408 0.6891 -434.9206
vt 0.2629 0.7096 -394.6357
vt 0.2629 0.6949 -396.0269
vt 0.2652 0.6950 -396.0137
vt 0.2652 0.7097 -394.5961
vt 0.2835 0.7176 -418.1363
vt 0.2746 0.7282 -388.4438
vt 0.2753 0.7163 -400.0419
vt 0.2848 0.7082 -426.8586
vt 0.2428 0.6284 -328.4580
vt 0.2499 0.6177 -271.9420
vt 0.2320 0.6517 -436.5369
vt 0.2371 0.6397 -382.8109
vt 0.2303 0.6788 -482.5947
vt 0.2305 0.6649 -466.8771
vt 0.2365 0.7065 -454.7032
vt 0.2340 0.6997 -468.5119
vt 0.2447 0.7175 -418.2755
vt 0.2709 0.6072 -217.5039
vt 0.2784 0.6177 -271.9421
vt 0.2855 0.6284 -328.4581
vt 0.2911 0.6397 -382.8110
vt 0.2963 0.6517 -436.5370
vt 0.2978 0.6649 -467.4799
vt 0.2979 0.6788 -482.1320
vt 0.2976 0.6857 -484.8774
vt 0.2760 0.7042 -406.0804
vt 0.2573 0.6072 -217.5039
vt 0.2323 0.6928 -476.8995
vt 0.2308 0.6858 -483.9748
vt 0.2861 0.6987 -432.4287
vt 0.2960 0.6928 -477.7618
vt 0.2944 0.6997 -469.3309
vt 0.2536 0.7281 -388.6457
vt 0.2917 0.7065 -454.7034
# 88 texture coords

o Plane020
g Plane020
usemtl Material__26
s 1
f 1101/1150/1086 1102/1151/1087 1103/1152/1088 1104/1153/1089 
f 1105/1154/1090 1106/1155/1091 1107/1156/1092 1108/1157/1093 
f 1109/1158/1094 1110/1159/1095 1111/1160/1096 1112/1161/1097 
f 1113/1162/1098 1114/1163/1099 1115/1164/1100 1116/1165/1101 
f 1117/1166/1102 1118/1167/1103 1119/1168/1104 1120/1169/1105 
f 1121/1170/1106 1122/1171/1107 1123/1172/1108 1124/1173/1109 
f 1125/1174/1110 1126/1175/1111 1127/1176/1112 1128/1177/1113 
f 1129/1178/1114 1130/1179/1115 1131/1180/1116 1132/1181/1117 
f 1133/1182/1118 1134/1183/1119 1135/1184/1120 1136/1185/1121 
f 1137/1186/1122 1138/1187/1123 1139/1188/1124 1140/1189/1125 
f 1141/1190/1126 1142/1191/1127 1143/1192/1128 1144/1193/1129 
f 1145/1194/1130 1146/1195/1131 1147/1196/1132 1148/1197/1133 
f 1149/1198/1134 1150/1199/1135 1102/1151/1087 1101/1150/1086 
f 1151/1200/1136 1152/1201/1137 1106/1155/1091 1105/1154/1090 
f 1104/1153/1089 1103/1152/1088 1110/1159/1095 1109/1158/1094 
f 1108/1157/1093 1107/1156/1092 1114/1163/1099 1113/1162/1098 
f 1112/1161/1097 1111/1160/1096 1118/1167/1103 1117/1166/1102 
f 1116/1165/1101 1115/1164/1100 1122/1171/1107 1121/1170/1106 
f 1119/1168/1104 1153/1202/1138 1154/1203/1139 1120/1169/1105 
f 1155/1204/1140 1156/1205/1141 1157/1206/1142 1158/1207/1143 
f 1140/1189/1125 1135/1184/1120 1134/1183/1119 1137/1186/1122 
f 1144/1193/1129 1139/1188/1124 1138/1187/1123 1141/1190/1126 
f 1145/1194/1130 1143/1192/1128 1142/1191/1127 1146/1195/1131 
f 1159/1208/1144 1160/1209/1145 1161/1210/1146 1162/1211/1147 
f 1102/1151/1087 1105/1154/1090 1108/1157/1093 1103/1152/1088 
f 1104/1153/1089 1163/1212/1148 1164/1213/1149 1101/1150/1086 
f 1110/1159/1095 1113/1162/1098 1116/1165/1101 1111/1160/1096 
f 1112/1161/1097 1165/1214/1150 1166/1215/1151 1109/1158/1094 
f 1118/1167/1103 1121/1170/1106 1124/1173/1109 1119/1168/1104 
f 1120/1169/1105 1167/1216/1152 1168/1217/1153 1117/1166/1102 
f 1155/1204/1140 1130/1179/1115 1126/1175/1111 1125/1174/1110 
f 1169/1218/1154 1170/1219/1155 1127/1176/1112 1171/1220/1156 
f 1172/1221/1157 1173/1222/1158 1134/1183/1119 1133/1182/1118 
f 1106/1155/1091 1152/1201/1137 1136/1185/1121 1135/1184/1120 
f 1174/1223/1159 1175/1224/1160 1138/1187/1123 1137/1186/1122 
f 1114/1163/1099 1107/1156/1092 1140/1189/1125 1139/1188/1124 
f 1176/1225/1161 1177/1226/1162 1142/1191/1127 1141/1190/1126 
f 1122/1171/1107 1115/1164/1100 1144/1193/1129 1143/1192/1128 
f 1146/1195/1131 1178/1227/1163 1179/1228/1164 1147/1196/1132 
f 1180/1229/1165 1158/1207/1143 1157/1206/1142 1148/1197/1133 
f 1150/1199/1135 1151/1200/1136 1105/1154/1090 1102/1151/1087 
f 1101/1150/1086 1164/1213/1149 1181/1230/1166 1149/1198/1134 
f 1103/1152/1088 1108/1157/1093 1113/1162/1098 1110/1159/1095 
f 1109/1158/1094 1166/1215/1151 1163/1212/1148 1104/1153/1089 
f 1111/1160/1096 1116/1165/1101 1121/1170/1106 1118/1167/1103 
f 1117/1166/1102 1168/1217/1153 1165/1214/1150 1112/1161/1097 
f 1124/1173/1109 1156/1205/1141 1153/1202/1138 1119/1168/1104 
f 1182/1231/1167 1183/1232/1168 1154/1203/1139 1128/1177/1113 
f 1107/1156/1092 1106/1155/1091 1135/1184/1120 1140/1189/1125 
f 1173/1222/1158 1174/1223/1159 1137/1186/1122 1134/1183/1119 
f 1115/1164/1100 1114/1163/1099 1139/1188/1124 1144/1193/1129 
f 1175/1224/1160 1176/1225/1161 1141/1190/1126 1138/1187/1123 
f 1123/1172/1108 1122/1171/1107 1143/1192/1128 1145/1194/1130 
f 1177/1226/1162 1178/1227/1163 1146/1195/1131 1142/1191/1127 
f 1160/1209/1145 1132/1181/1117 1131/1180/1116 1161/1210/1146 
f 1184/1233/1169 1185/1234/1170 1186/1235/1171 1162/1211/1147 
f 1126/1175/1111 1187/1236/1172 1171/1220/1156 1127/1176/1112 
f 1130/1179/1115 1155/1204/1140 1158/1207/1143 1131/1180/1116 
f 1184/1233/1169 1180/1229/1165 1148/1197/1133 1147/1196/1132 
f 1153/1202/1138 1125/1174/1110 1128/1177/1113 1154/1203/1139 
f 1124/1173/1109 1123/1172/1108 1157/1206/1142 1156/1205/1141 
f 1180/1229/1165 1184/1233/1169 1162/1211/1147 1161/1210/1146 
f 1130/1179/1115 1129/1178/1114 1187/1236/1172 1126/1175/1111 
f 1170/1219/1155 1182/1231/1167 1128/1177/1113 1127/1176/1112 
f 1185/1234/1170 1184/1233/1169 1147/1196/1132 1179/1228/1164 
f 1123/1172/1108 1145/1194/1130 1148/1197/1133 1157/1206/1142 
f 1156/1205/1141 1155/1204/1140 1125/1174/1110 1153/1202/1138 
f 1183/1232/1168 1167/1216/1152 1120/1169/1105 1154/1203/1139 
f 1158/1207/1143 1180/1229/1165 1161/1210/1146 1131/1180/1116 
f 1188/1237/1173 1159/1208/1144 1162/1211/1147 1186/1235/1171 
# 70 polygons

#
# object Plane021
#

v  -1.1504 3.9009 0.0731
v  -1.1463 3.9131 0.0766
v  -1.1338 3.9142 0.0302
v  -1.1384 3.8942 0.0248
v  -1.1409 3.9246 0.0805
v  -1.1376 3.9304 0.0826
v  -1.1227 3.9385 0.0386
v  -1.1260 3.9327 0.0364
v  -1.1274 3.8913 -0.0238
v  -1.1236 3.9181 -0.0164
v  -1.1159 3.9237 -0.0636
v  -1.1178 3.8902 -0.0733
v  -1.1140 3.9426 -0.0082
v  -1.1107 3.9484 -0.0061
v  -1.1017 3.9602 -0.0509
v  -1.1050 3.9544 -0.0531
v  -1.1114 3.9014 -0.1205
v  -1.1102 3.9361 -0.1093
v  -1.1075 3.9501 -0.1549
v  -1.1081 3.9144 -0.1677
v  -1.0991 3.9679 -0.0980
v  -1.0957 3.9737 -0.0958
v  -1.0928 3.9889 -0.1404
v  -1.0962 3.9831 -0.1426
v  -1.1096 3.9865 -0.2349
v  -1.1145 4.0066 -0.2737
v  -1.1135 3.9657 -0.2590
v  -1.1102 3.9479 -0.2292
v  -1.1218 4.0705 -0.3352
v  -1.1095 4.0461 -0.2892
v  -1.1063 4.0520 -0.2873
v  -1.1186 4.0765 -0.3333
v  -1.1493 3.9333 0.1298
v  -1.1220 3.9503 0.0917
v  -1.1303 3.9408 0.0870
v  -1.1524 3.9288 0.1278
v  -1.0960 3.9681 0.0527
v  -1.0733 3.9854 0.0117
v  -1.0943 3.9690 0.0028
v  -1.1107 3.9545 0.0454
v  -1.0525 4.0037 -0.0305
v  -1.0438 4.0189 -0.0762
v  -1.0736 3.9997 -0.0853
v  -1.0806 3.9851 -0.0404
v  -1.0697 4.0159 -0.1300
v  -1.0383 4.0358 -0.1219
v  -1.0421 4.0461 -0.1553
v  -1.0714 4.0301 -0.1717
v  -1.1633 3.9088 0.1206
v  -1.1611 3.9137 0.1221
v  -1.1587 3.9185 0.1238
v  -1.1554 3.9243 0.1260
v  -1.1072 3.9677 -0.1952
v  -1.1084 3.9308 -0.1988
v  -1.1011 4.0233 -0.2415
v  -1.0967 4.0022 -0.1926
v  -1.0933 4.0081 -0.1905
v  -1.0978 4.0292 -0.2395
v  -1.0628 4.0804 -0.2518
v  -1.0922 4.0799 -0.2920
v  -1.0827 4.0622 -0.2529
v  -1.0544 4.0685 -0.2203
v  -1.1397 3.8732 0.0201
v  -1.1532 3.8881 0.0699
v  -1.1106 3.8556 -0.0819
v  -1.1253 3.8633 -0.0301
v  -1.0985 3.8795 -0.1800
v  -1.1020 3.8640 -0.1316
v  -1.1099 3.9402 -0.2636
v  -1.1053 3.9213 -0.2449
v  -1.1182 3.9840 -0.2880
v  -1.1459 3.9375 0.1318
v  -1.1125 3.9588 0.0966
v  -1.0788 3.9790 0.0601
v  -1.0482 3.9970 0.0204
v  -1.0189 4.0148 -0.0218
v  -1.0056 4.0306 -0.0687
v  -1.0023 4.0470 -0.1168
v  -1.0032 4.0556 -0.1408
v  -1.0757 4.0456 -0.2127
v  -1.1653 3.9038 0.1191
v  -1.1019 3.9056 -0.2244
v  -1.0990 3.8903 -0.2032
v  -1.0475 4.0570 -0.1881
v  -1.0106 4.0633 -0.1649
v  -1.0186 4.0709 -0.1885
v  -1.1221 4.0277 -0.3114
v  -1.0311 4.0771 -0.2119
# 88 vertices

vn -0.8909 0.3623 -0.2741
vn -0.8597 0.4458 -0.2492
vn -0.9023 0.3847 -0.1948
vn -0.9409 0.2479 -0.2309
vn -0.8262 0.5163 -0.2253
vn -0.7926 0.5748 -0.2033
vn -0.8093 0.5730 -0.1295
vn -0.8556 0.4924 -0.1599
vn -0.9705 0.1472 -0.1911
vn -0.9342 0.3283 -0.1394
vn -0.9613 0.2627 -0.0830
vn -0.9891 0.0304 -0.1443
vn -0.8794 0.4670 -0.0931
vn -0.8223 0.5664 -0.0556
vn -0.8304 0.5569 0.0186
vn -0.8983 0.4386 -0.0260
vn -0.9953 0.0018 -0.0969
vn -0.9710 0.2385 -0.0190
vn -0.9781 0.2037 0.0427
vn -0.9981 -0.0374 -0.0495
vn -0.9086 0.4154 0.0438
vn -0.8384 0.5376 0.0900
vn -0.8416 0.5148 0.1633
vn -0.9141 0.3886 0.1156
vn -0.9663 0.1849 0.1789
vn -0.9544 0.1710 0.2448
vn -0.9932 -0.0090 0.1163
vn -0.9979 -0.0167 0.0620
vn -0.8698 0.3001 0.3916
vn -0.8793 0.3106 0.3611
vn -0.8337 0.3888 0.3921
vn -0.8301 0.3689 0.4182
vn -0.7369 0.6330 -0.2371
vn -0.6928 0.7066 -0.1442
vn -0.7487 0.6390 -0.1764
vn -0.7636 0.6016 -0.2343
vn -0.6437 0.7644 -0.0360
vn -0.5930 0.8032 0.0564
vn -0.7303 0.6831 -0.0056
vn -0.7404 0.6663 -0.0885
vn -0.5260 0.8354 0.1595
vn -0.5204 0.8266 0.2144
vn -0.7159 0.6822 0.1484
vn -0.7107 0.6988 0.0815
vn -0.7108 0.6687 0.2182
vn -0.5063 0.8179 0.2734
vn -0.5314 0.7864 0.3150
vn -0.7238 0.6321 0.2768
vn -0.8304 0.4704 -0.2984
vn -0.8218 0.5004 -0.2725
vn -0.8068 0.5327 -0.2556
vn -0.7859 0.5691 -0.2419
vn -0.9740 0.1969 0.1124
vn -0.9996 -0.0265 0.0083
vn -0.8994 0.3363 0.2792
vn -0.9109 0.3628 0.1964
vn -0.8436 0.4799 0.2411
vn -0.8409 0.4376 0.3185
vn -0.6157 0.6728 0.4101
vn -0.7347 0.5342 0.4183
vn -0.7319 0.5579 0.3913
vn -0.5732 0.7200 0.3913
vn -0.9412 0.1865 -0.2816
vn -0.8930 0.3238 -0.3126
vn -0.9780 -0.0666 -0.1975
vn -0.9642 0.0657 -0.2569
vn -0.9854 -0.1469 -0.0861
vn -0.9833 -0.1150 -0.1413
vn -0.9861 -0.0479 0.1588
vn -0.9927 -0.0952 0.0746
vn -0.9855 0.0301 0.1672
vn -0.7089 0.6554 -0.2606
vn -0.6522 0.7420 -0.1551
vn -0.5806 0.8129 -0.0454
vn -0.5062 0.8613 0.0432
vn -0.4279 0.8891 0.1622
vn -0.4085 0.8818 0.2356
vn -0.4031 0.8663 0.2951
vn -0.4221 0.8415 0.3372
vn -0.7299 0.5962 0.3344
vn -0.8255 0.4530 -0.3367
vn -0.9925 -0.1179 0.0327
vn -0.9894 -0.1420 -0.0307
vn -0.5539 0.7542 0.3528
vn -0.4622 0.8011 0.3804
vn -0.4928 0.7712 0.4030
vn -0.9454 0.1677 0.2795
vn -0.5629 0.6917 0.4525
# 88 vertex normals

vt 0.2541 0.6182 -265.2652
vt 0.2585 0.6185 -260.9637
vt 0.2560 0.6301 -301.7183
vt 0.2492 0.6294 -312.1152
vt 0.2629 0.6187 -259.0744
vt 0.2652 0.6187 -259.0564
vt 0.2652 0.6304 -297.4709
vt 0.2629 0.6304 -297.4883
vt 0.2451 0.6412 -354.7527
vt 0.2538 0.6421 -336.8795
vt 0.2517 0.6544 -366.5376
vt 0.2412 0.6533 -393.9058
vt 0.2629 0.6424 -329.8454
vt 0.2652 0.6424 -329.8273
vt 0.2652 0.6548 -355.9473
vt 0.2629 0.6548 -355.9661
vt 0.2404 0.6663 -417.2544
vt 0.2513 0.6672 -387.2602
vt 0.2508 0.6801 -401.4785
vt 0.2396 0.6796 -434.0668
vt 0.2629 0.6675 -375.7054
vt 0.2652 0.6675 -375.6872
vt 0.2652 0.6803 -388.9361
vt 0.2629 0.6803 -388.9535
vt 0.2522 0.7042 -406.2158
vt 0.2529 0.7162 -400.2029
vt 0.2434 0.7081 -426.9849
vt 0.2421 0.6987 -432.5475
vt 0.2629 0.7387 -366.5596
vt 0.2629 0.7242 -384.7899
vt 0.2652 0.7243 -384.6935
vt 0.2652 0.7388 -366.3764
vt 0.2690 0.6073 -216.1683
vt 0.2741 0.6182 -265.2139
vt 0.2697 0.6185 -260.9061
vt 0.2671 0.6074 -215.2660
vt 0.2790 0.6294 -312.0418
vt 0.2831 0.6412 -354.6548
vt 0.2743 0.6421 -336.7736
vt 0.2722 0.6301 -301.6383
vt 0.2870 0.6533 -393.7829
vt 0.2878 0.6663 -417.1321
vt 0.2769 0.6672 -387.1277
vt 0.2765 0.6544 -366.4046
vt 0.2774 0.6801 -401.3480
vt 0.2886 0.6796 -433.9464
vt 0.2874 0.6891 -434.8038
vt 0.2767 0.6922 -406.5205
vt 0.2592 0.6073 -216.1945
vt 0.2610 0.6074 -215.2984
vt 0.2629 0.6074 -214.8171
vt 0.2652 0.6074 -214.7986
vt 0.2515 0.6921 -406.6457
vt 0.2408 0.6891 -434.9206
vt 0.2629 0.7096 -394.6357
vt 0.2629 0.6949 -396.0269
vt 0.2652 0.6950 -396.0137
vt 0.2652 0.7097 -394.5961
vt 0.2835 0.7176 -418.1363
vt 0.2746 0.7282 -388.4438
vt 0.2753 0.7163 -400.0419
vt 0.2848 0.7082 -426.8586
vt 0.2428 0.6284 -328.4580
vt 0.2499 0.6177 -271.9420
vt 0.2320 0.6517 -436.5369
vt 0.2371 0.6397 -382.8109
vt 0.2303 0.6788 -482.5947
vt 0.2305 0.6649 -466.8771
vt 0.2365 0.7065 -454.7032
vt 0.2340 0.6997 -468.5119
vt 0.2447 0.7175 -418.2755
vt 0.2709 0.6072 -217.5039
vt 0.2784 0.6177 -271.9421
vt 0.2855 0.6284 -328.4581
vt 0.2911 0.6397 -382.8110
vt 0.2963 0.6517 -436.5370
vt 0.2978 0.6649 -467.4799
vt 0.2979 0.6788 -482.1320
vt 0.2976 0.6857 -484.8774
vt 0.2760 0.7042 -406.0804
vt 0.2573 0.6072 -217.5039
vt 0.2323 0.6928 -476.8995
vt 0.2308 0.6858 -483.9748
vt 0.2861 0.6987 -432.4287
vt 0.2960 0.6928 -477.7618
vt 0.2944 0.6997 -469.3309
vt 0.2536 0.7281 -388.6457
vt 0.2917 0.7065 -454.7034
# 88 texture coords

o Plane021
g Plane021
usemtl Material__26
s 1
f 1189/1238/1174 1190/1239/1175 1191/1240/1176 1192/1241/1177 
f 1193/1242/1178 1194/1243/1179 1195/1244/1180 1196/1245/1181 
f 1197/1246/1182 1198/1247/1183 1199/1248/1184 1200/1249/1185 
f 1201/1250/1186 1202/1251/1187 1203/1252/1188 1204/1253/1189 
f 1205/1254/1190 1206/1255/1191 1207/1256/1192 1208/1257/1193 
f 1209/1258/1194 1210/1259/1195 1211/1260/1196 1212/1261/1197 
f 1213/1262/1198 1214/1263/1199 1215/1264/1200 1216/1265/1201 
f 1217/1266/1202 1218/1267/1203 1219/1268/1204 1220/1269/1205 
f 1221/1270/1206 1222/1271/1207 1223/1272/1208 1224/1273/1209 
f 1225/1274/1210 1226/1275/1211 1227/1276/1212 1228/1277/1213 
f 1229/1278/1214 1230/1279/1215 1231/1280/1216 1232/1281/1217 
f 1233/1282/1218 1234/1283/1219 1235/1284/1220 1236/1285/1221 
f 1237/1286/1222 1238/1287/1223 1190/1239/1175 1189/1238/1174 
f 1239/1288/1224 1240/1289/1225 1194/1243/1179 1193/1242/1178 
f 1192/1241/1177 1191/1240/1176 1198/1247/1183 1197/1246/1182 
f 1196/1245/1181 1195/1244/1180 1202/1251/1187 1201/1250/1186 
f 1200/1249/1185 1199/1248/1184 1206/1255/1191 1205/1254/1190 
f 1204/1253/1189 1203/1252/1188 1210/1259/1195 1209/1258/1194 
f 1207/1256/1192 1241/1290/1226 1242/1291/1227 1208/1257/1193 
f 1243/1292/1228 1244/1293/1229 1245/1294/1230 1246/1295/1231 
f 1228/1277/1213 1223/1272/1208 1222/1271/1207 1225/1274/1210 
f 1232/1281/1217 1227/1276/1212 1226/1275/1211 1229/1278/1214 
f 1233/1282/1218 1231/1280/1216 1230/1279/1215 1234/1283/1219 
f 1247/1296/1232 1248/1297/1233 1249/1298/1234 1250/1299/1235 
f 1190/1239/1175 1193/1242/1178 1196/1245/1181 1191/1240/1176 
f 1192/1241/1177 1251/1300/1236 1252/1301/1237 1189/1238/1174 
f 1198/1247/1183 1201/1250/1186 1204/1253/1189 1199/1248/1184 
f 1200/1249/1185 1253/1302/1238 1254/1303/1239 1197/1246/1182 
f 1206/1255/1191 1209/1258/1194 1212/1261/1197 1207/1256/1192 
f 1208/1257/1193 1255/1304/1240 1256/1305/1241 1205/1254/1190 
f 1243/1292/1228 1218/1267/1203 1214/1263/1199 1213/1262/1198 
f 1257/1306/1242 1258/1307/1243 1215/1264/1200 1259/1308/1244 
f 1260/1309/1245 1261/1310/1246 1222/1271/1207 1221/1270/1206 
f 1194/1243/1179 1240/1289/1225 1224/1273/1209 1223/1272/1208 
f 1262/1311/1247 1263/1312/1248 1226/1275/1211 1225/1274/1210 
f 1202/1251/1187 1195/1244/1180 1228/1277/1213 1227/1276/1212 
f 1264/1313/1249 1265/1314/1250 1230/1279/1215 1229/1278/1214 
f 1210/1259/1195 1203/1252/1188 1232/1281/1217 1231/1280/1216 
f 1234/1283/1219 1266/1315/1251 1267/1316/1252 1235/1284/1220 
f 1268/1317/1253 1246/1295/1231 1245/1294/1230 1236/1285/1221 
f 1238/1287/1223 1239/1288/1224 1193/1242/1178 1190/1239/1175 
f 1189/1238/1174 1252/1301/1237 1269/1318/1254 1237/1286/1222 
f 1191/1240/1176 1196/1245/1181 1201/1250/1186 1198/1247/1183 
f 1197/1246/1182 1254/1303/1239 1251/1300/1236 1192/1241/1177 
f 1199/1248/1184 1204/1253/1189 1209/1258/1194 1206/1255/1191 
f 1205/1254/1190 1256/1305/1241 1253/1302/1238 1200/1249/1185 
f 1212/1261/1197 1244/1293/1229 1241/1290/1226 1207/1256/1192 
f 1270/1319/1255 1271/1320/1256 1242/1291/1227 1216/1265/1201 
f 1195/1244/1180 1194/1243/1179 1223/1272/1208 1228/1277/1213 
f 1261/1310/1246 1262/1311/1247 1225/1274/1210 1222/1271/1207 
f 1203/1252/1188 1202/1251/1187 1227/1276/1212 1232/1281/1217 
f 1263/1312/1248 1264/1313/1249 1229/1278/1214 1226/1275/1211 
f 1211/1260/1196 1210/1259/1195 1231/1280/1216 1233/1282/1218 
f 1265/1314/1250 1266/1315/1251 1234/1283/1219 1230/1279/1215 
f 1248/1297/1233 1220/1269/1205 1219/1268/1204 1249/1298/1234 
f 1272/1321/1257 1273/1322/1258 1274/1323/1259 1250/1299/1235 
f 1214/1263/1199 1275/1324/1260 1259/1308/1244 1215/1264/1200 
f 1218/1267/1203 1243/1292/1228 1246/1295/1231 1219/1268/1204 
f 1272/1321/1257 1268/1317/1253 1236/1285/1221 1235/1284/1220 
f 1241/1290/1226 1213/1262/1198 1216/1265/1201 1242/1291/1227 
f 1212/1261/1197 1211/1260/1196 1245/1294/1230 1244/1293/1229 
f 1268/1317/1253 1272/1321/1257 1250/1299/1235 1249/1298/1234 
f 1218/1267/1203 1217/1266/1202 1275/1324/1260 1214/1263/1199 
f 1258/1307/1243 1270/1319/1255 1216/1265/1201 1215/1264/1200 
f 1273/1322/1258 1272/1321/1257 1235/1284/1220 1267/1316/1252 
f 1211/1260/1196 1233/1282/1218 1236/1285/1221 1245/1294/1230 
f 1244/1293/1229 1243/1292/1228 1213/1262/1198 1241/1290/1226 
f 1271/1320/1256 1255/1304/1240 1208/1257/1193 1242/1291/1227 
f 1246/1295/1231 1268/1317/1253 1249/1298/1234 1219/1268/1204 
f 1276/1325/1261 1247/1296/1232 1250/1299/1235 1274/1323/1259 
# 70 polygons

#
# object Plane022
#

v  -1.1697 3.8678 0.1225
v  -1.1682 3.8754 0.1116
v  -1.1804 3.8340 0.0905
v  -1.1809 3.8213 0.1074
v  -1.1653 3.8825 0.1007
v  -1.1632 3.8861 0.0951
v  -1.1743 3.8492 0.0677
v  -1.1764 3.8456 0.0734
v  -1.1940 3.7766 0.0896
v  -1.1953 3.7944 0.0680
v  -1.2132 3.7560 0.0452
v  -1.2095 3.7324 0.0707
v  -1.1907 3.8101 0.0458
v  -1.1887 3.8136 0.0401
v  -1.2061 3.7797 0.0123
v  -1.2082 3.7761 0.0179
v  -1.2300 3.6970 0.0438
v  -1.2339 3.7226 0.0181
v  -1.2576 3.6911 -0.0088
v  -1.2537 3.6635 0.0170
v  -1.2287 3.7439 -0.0099
v  -1.2266 3.7475 -0.0156
v  -1.2501 3.7172 -0.0433
v  -1.2522 3.7136 -0.0376
v  -1.3083 3.6435 -0.0626
v  -1.3369 3.6227 -0.0887
v  -1.3169 3.6148 -0.0510
v  -1.2947 3.6297 -0.0287
v  -1.3912 3.6052 -0.1571
v  -1.3519 3.6275 -0.1285
v  -1.3500 3.6310 -0.1343
v  -1.3894 3.6086 -0.1629
v  -1.1512 3.9297 0.1128
v  -1.1519 3.8984 0.0741
v  -1.1582 3.8925 0.0844
v  -1.1535 3.9270 0.1174
v  -1.1543 3.8669 0.0350
v  -1.1602 3.8347 -0.0026
v  -1.1770 3.8258 0.0181
v  -1.1659 3.8589 0.0510
v  -1.1686 3.8026 -0.0406
v  -1.1877 3.7697 -0.0714
v  -1.2110 3.7620 -0.0442
v  -1.1911 3.7940 -0.0150
v  -1.2339 3.7318 -0.0733
v  -1.2100 3.7386 -0.1021
v  -1.2321 3.7173 -0.1191
v  -1.2595 3.7049 -0.0971
v  -1.1600 3.9146 0.1368
v  -1.1589 3.9176 0.1322
v  -1.1575 3.9206 0.1276
v  -1.1555 3.9241 0.1220
v  -1.2819 3.6663 -0.0359
v  -1.2736 3.6460 -0.0060
v  -1.3154 3.6531 -0.0989
v  -1.2821 3.6819 -0.0686
v  -1.2801 3.6855 -0.0743
v  -1.3134 3.6566 -0.1047
v  -1.3054 3.6607 -0.1674
v  -1.3488 3.6362 -0.1655
v  -1.3170 3.6570 -0.1433
v  -1.2799 3.6783 -0.1518
v  -1.1779 3.8077 0.1240
v  -1.1697 3.8600 0.1335
v  -1.1973 3.7065 0.0932
v  -1.1870 3.7573 0.1098
v  -1.2413 3.6337 0.0374
v  -1.2164 3.6671 0.0668
v  -1.3086 3.5977 -0.0331
v  -1.2903 3.6025 -0.0139
v  -1.3401 3.6011 -0.0729
v  -1.1487 3.9324 0.1084
v  -1.1442 3.9036 0.0641
v  -1.1397 3.8731 0.0202
v  -1.1388 3.8399 -0.0214
v  -1.1399 3.8050 -0.0630
v  -1.1560 3.7700 -0.0968
v  -1.1811 3.7373 -0.1268
v  -1.1959 3.7220 -0.1409
v  -1.2872 3.6799 -0.1205
v  -1.1609 3.9116 0.1415
v  -1.2730 3.6108 0.0038
v  -1.2559 3.6199 0.0216
v  -1.2555 3.6972 -0.1356
v  -1.2157 3.7081 -0.1511
v  -1.2359 3.6948 -0.1609
v  -1.3674 3.6041 -0.1143
v  -1.2592 3.6823 -0.1674
# 88 vertices

vn -0.9751 0.2185 0.0383
vn -0.9622 0.2698 -0.0376
vn -0.9533 0.2980 0.0498
vn -0.9620 0.2141 0.1697
vn -0.9439 0.3133 -0.1043
vn -0.9229 0.3494 -0.1616
vn -0.9009 0.4143 -0.1294
vn -0.9299 0.3645 -0.0504
vn -0.9377 0.2072 0.2791
vn -0.9366 0.3260 0.1285
vn -0.9126 0.3490 0.2129
vn -0.8961 0.1951 0.3986
vn -0.9101 0.4143 0.0024
vn -0.8744 0.4758 -0.0950
vn -0.8429 0.5347 -0.0604
vn -0.8854 0.4616 0.0555
vn -0.8702 0.2222 0.4398
vn -0.8829 0.3929 0.2572
vn -0.8490 0.4290 0.3083
vn -0.8382 0.2432 0.4881
vn -0.8537 0.5109 0.1012
vn -0.8097 0.5865 -0.0186
vn -0.7706 0.6368 0.0243
vn -0.8160 0.5587 0.1481
vn -0.7687 0.5285 0.3603
vn -0.7232 0.5724 0.3865
vn -0.7634 0.3917 0.5136
vn -0.7910 0.3447 0.5055
vn -0.6213 0.7297 0.2854
vn -0.6469 0.7125 0.2717
vn -0.6176 0.7619 0.1952
vn -0.5962 0.7727 0.2180
vn -0.9102 0.3328 -0.2465
vn -0.8511 0.4313 -0.2993
vn -0.8927 0.3892 -0.2270
vn -0.9217 0.3280 -0.2071
vn -0.7760 0.5333 -0.3368
vn -0.7014 0.6127 -0.3642
vn -0.8090 0.5454 -0.2194
vn -0.8520 0.4721 -0.2264
vn -0.6062 0.6927 -0.3907
vn -0.5727 0.7320 -0.3691
vn -0.7233 0.6673 -0.1779
vn -0.7558 0.6186 -0.2147
vn -0.6817 0.7166 -0.1476
vn -0.5304 0.7720 -0.3504
vn -0.5219 0.7986 -0.2997
vn -0.6537 0.7510 -0.0931
vn -0.9687 0.2324 -0.0870
vn -0.9581 0.2655 -0.1078
vn -0.9471 0.2904 -0.1364
vn -0.9341 0.3129 -0.1720
vn -0.8103 0.4818 0.3335
vn -0.8151 0.2964 0.4977
vn -0.7102 0.6637 0.2348
vn -0.7672 0.6118 0.1928
vn -0.7247 0.6846 0.0781
vn -0.6730 0.7271 0.1356
vn -0.5127 0.8476 -0.1367
vn -0.5661 0.8235 0.0365
vn -0.5837 0.8119 0.0073
vn -0.5004 0.8420 -0.2015
vn -0.9683 0.1429 0.2049
vn -0.9839 0.1689 0.0591
vn -0.8837 0.1013 0.4570
vn -0.9398 0.1120 0.3230
vn -0.8128 0.1564 0.5611
vn -0.8469 0.1258 0.5167
vn -0.7258 0.4058 0.5555
vn -0.7574 0.3157 0.5716
vn -0.7443 0.4501 0.4935
vn -0.9048 0.3159 -0.2855
vn -0.8332 0.4272 -0.3511
vn -0.7426 0.5299 -0.4096
vn -0.6531 0.6036 -0.4574
vn -0.5397 0.6912 -0.4806
vn -0.4865 0.7421 -0.4611
vn -0.4490 0.7819 -0.4325
vn -0.4372 0.8104 -0.3899
vn -0.6205 0.7830 -0.0428
vn -0.9777 0.1910 -0.0868
vn -0.7705 0.2703 0.5773
vn -0.7911 0.2056 0.5761
vn -0.5129 0.8210 -0.2508
vn -0.4378 0.8386 -0.3243
vn -0.4434 0.8520 -0.2782
vn -0.6982 0.5966 0.3957
vn -0.4543 0.8756 -0.1642
# 88 vertex normals

vt 0.2541 0.6182 -265.2652
vt 0.2585 0.6185 -260.9637
vt 0.2560 0.6301 -301.7183
vt 0.2492 0.6294 -312.1152
vt 0.2629 0.6187 -259.0744
vt 0.2652 0.6187 -259.0564
vt 0.2652 0.6304 -297.4709
vt 0.2629 0.6304 -297.4883
vt 0.2451 0.6412 -354.7527
vt 0.2538 0.6421 -336.8795
vt 0.2517 0.6544 -366.5376
vt 0.2412 0.6533 -393.9058
vt 0.2629 0.6424 -329.8454
vt 0.2652 0.6424 -329.8273
vt 0.2652 0.6548 -355.9473
vt 0.2629 0.6548 -355.9661
vt 0.2404 0.6663 -417.2544
vt 0.2513 0.6672 -387.2602
vt 0.2508 0.6801 -401.4785
vt 0.2396 0.6796 -434.0668
vt 0.2629 0.6675 -375.7054
vt 0.2652 0.6675 -375.6872
vt 0.2652 0.6803 -388.9361
vt 0.2629 0.6803 -388.9535
vt 0.2522 0.7042 -406.2158
vt 0.2529 0.7162 -400.2029
vt 0.2434 0.7081 -426.9849
vt 0.2421 0.6987 -432.5475
vt 0.2629 0.7387 -366.5596
vt 0.2629 0.7242 -384.7899
vt 0.2652 0.7243 -384.6935
vt 0.2652 0.7388 -366.3764
vt 0.2690 0.6073 -216.1683
vt 0.2741 0.6182 -265.2139
vt 0.2697 0.6185 -260.9061
vt 0.2671 0.6074 -215.2660
vt 0.2790 0.6294 -312.0418
vt 0.2831 0.6412 -354.6548
vt 0.2743 0.6421 -336.7736
vt 0.2722 0.6301 -301.6383
vt 0.2870 0.6533 -393.7829
vt 0.2878 0.6663 -417.1321
vt 0.2769 0.6672 -387.1277
vt 0.2765 0.6544 -366.4046
vt 0.2774 0.6801 -401.3480
vt 0.2886 0.6796 -433.9464
vt 0.2874 0.6891 -434.8038
vt 0.2767 0.6922 -406.5205
vt 0.2592 0.6073 -216.1945
vt 0.2610 0.6074 -215.2984
vt 0.2629 0.6074 -214.8171
vt 0.2652 0.6074 -214.7986
vt 0.2515 0.6921 -406.6457
vt 0.2408 0.6891 -434.9206
vt 0.2629 0.7096 -394.6357
vt 0.2629 0.6949 -396.0269
vt 0.2652 0.6950 -396.0137
vt 0.2652 0.7097 -394.5961
vt 0.2835 0.7176 -418.1363
vt 0.2746 0.7282 -388.4438
vt 0.2753 0.7163 -400.0419
vt 0.2848 0.7082 -426.8586
vt 0.2428 0.6284 -328.4580
vt 0.2499 0.6177 -271.9420
vt 0.2320 0.6517 -436.5369
vt 0.2371 0.6397 -382.8109
vt 0.2303 0.6788 -482.5947
vt 0.2305 0.6649 -466.8771
vt 0.2365 0.7065 -454.7032
vt 0.2340 0.6997 -468.5119
vt 0.2447 0.7175 -418.2755
vt 0.2709 0.6072 -217.5039
vt 0.2784 0.6177 -271.9421
vt 0.2855 0.6284 -328.4581
vt 0.2911 0.6397 -382.8110
vt 0.2963 0.6517 -436.5370
vt 0.2978 0.6649 -467.4799
vt 0.2979 0.6788 -482.1320
vt 0.2976 0.6857 -484.8774
vt 0.2760 0.7042 -406.0804
vt 0.2573 0.6072 -217.5039
vt 0.2323 0.6928 -476.8995
vt 0.2308 0.6858 -483.9748
vt 0.2861 0.6987 -432.4287
vt 0.2960 0.6928 -477.7618
vt 0.2944 0.6997 -469.3309
vt 0.2536 0.7281 -388.6457
vt 0.2917 0.7065 -454.7034
# 88 texture coords

o Plane022
g Plane022
usemtl Material__26
s 1
f 1277/1326/1262 1278/1327/1263 1279/1328/1264 1280/1329/1265 
f 1281/1330/1266 1282/1331/1267 1283/1332/1268 1284/1333/1269 
f 1285/1334/1270 1286/1335/1271 1287/1336/1272 1288/1337/1273 
f 1289/1338/1274 1290/1339/1275 1291/1340/1276 1292/1341/1277 
f 1293/1342/1278 1294/1343/1279 1295/1344/1280 1296/1345/1281 
f 1297/1346/1282 1298/1347/1283 1299/1348/1284 1300/1349/1285 
f 1301/1350/1286 1302/1351/1287 1303/1352/1288 1304/1353/1289 
f 1305/1354/1290 1306/1355/1291 1307/1356/1292 1308/1357/1293 
f 1309/1358/1294 1310/1359/1295 1311/1360/1296 1312/1361/1297 
f 1313/1362/1298 1314/1363/1299 1315/1364/1300 1316/1365/1301 
f 1317/1366/1302 1318/1367/1303 1319/1368/1304 1320/1369/1305 
f 1321/1370/1306 1322/1371/1307 1323/1372/1308 1324/1373/1309 
f 1325/1374/1310 1326/1375/1311 1278/1327/1263 1277/1326/1262 
f 1327/1376/1312 1328/1377/1313 1282/1331/1267 1281/1330/1266 
f 1280/1329/1265 1279/1328/1264 1286/1335/1271 1285/1334/1270 
f 1284/1333/1269 1283/1332/1268 1290/1339/1275 1289/1338/1274 
f 1288/1337/1273 1287/1336/1272 1294/1343/1279 1293/1342/1278 
f 1292/1341/1277 1291/1340/1276 1298/1347/1283 1297/1346/1282 
f 1295/1344/1280 1329/1378/1314 1330/1379/1315 1296/1345/1281 
f 1331/1380/1316 1332/1381/1317 1333/1382/1318 1334/1383/1319 
f 1316/1365/1301 1311/1360/1296 1310/1359/1295 1313/1362/1298 
f 1320/1369/1305 1315/1364/1300 1314/1363/1299 1317/1366/1302 
f 1321/1370/1306 1319/1368/1304 1318/1367/1303 1322/1371/1307 
f 1335/1384/1320 1336/1385/1321 1337/1386/1322 1338/1387/1323 
f 1278/1327/1263 1281/1330/1266 1284/1333/1269 1279/1328/1264 
f 1280/1329/1265 1339/1388/1324 1340/1389/1325 1277/1326/1262 
f 1286/1335/1271 1289/1338/1274 1292/1341/1277 1287/1336/1272 
f 1288/1337/1273 1341/1390/1326 1342/1391/1327 1285/1334/1270 
f 1294/1343/1279 1297/1346/1282 1300/1349/1285 1295/1344/1280 
f 1296/1345/1281 1343/1392/1328 1344/1393/1329 1293/1342/1278 
f 1331/1380/1316 1306/1355/1291 1302/1351/1287 1301/1350/1286 
f 1345/1394/1330 1346/1395/1331 1303/1352/1288 1347/1396/1332 
f 1348/1397/1333 1349/1398/1334 1310/1359/1295 1309/1358/1294 
f 1282/1331/1267 1328/1377/1313 1312/1361/1297 1311/1360/1296 
f 1350/1399/1335 1351/1400/1336 1314/1363/1299 1313/1362/1298 
f 1290/1339/1275 1283/1332/1268 1316/1365/1301 1315/1364/1300 
f 1352/1401/1337 1353/1402/1338 1318/1367/1303 1317/1366/1302 
f 1298/1347/1283 1291/1340/1276 1320/1369/1305 1319/1368/1304 
f 1322/1371/1307 1354/1403/1339 1355/1404/1340 1323/1372/1308 
f 1356/1405/1341 1334/1383/1319 1333/1382/1318 1324/1373/1309 
f 1326/1375/1311 1327/1376/1312 1281/1330/1266 1278/1327/1263 
f 1277/1326/1262 1340/1389/1325 1357/1406/1342 1325/1374/1310 
f 1279/1328/1264 1284/1333/1269 1289/1338/1274 1286/1335/1271 
f 1285/1334/1270 1342/1391/1327 1339/1388/1324 1280/1329/1265 
f 1287/1336/1272 1292/1341/1277 1297/1346/1282 1294/1343/1279 
f 1293/1342/1278 1344/1393/1329 1341/1390/1326 1288/1337/1273 
f 1300/1349/1285 1332/1381/1317 1329/1378/1314 1295/1344/1280 
f 1358/1407/1343 1359/1408/1344 1330/1379/1315 1304/1353/1289 
f 1283/1332/1268 1282/1331/1267 1311/1360/1296 1316/1365/1301 
f 1349/1398/1334 1350/1399/1335 1313/1362/1298 1310/1359/1295 
f 1291/1340/1276 1290/1339/1275 1315/1364/1300 1320/1369/1305 
f 1351/1400/1336 1352/1401/1337 1317/1366/1302 1314/1363/1299 
f 1299/1348/1284 1298/1347/1283 1319/1368/1304 1321/1370/1306 
f 1353/1402/1338 1354/1403/1339 1322/1371/1307 1318/1367/1303 
f 1336/1385/1321 1308/1357/1293 1307/1356/1292 1337/1386/1322 
f 1360/1409/1345 1361/1410/1346 1362/1411/1347 1338/1387/1323 
f 1302/1351/1287 1363/1412/1348 1347/1396/1332 1303/1352/1288 
f 1306/1355/1291 1331/1380/1316 1334/1383/1319 1307/1356/1292 
f 1360/1409/1345 1356/1405/1341 1324/1373/1309 1323/1372/1308 
f 1329/1378/1314 1301/1350/1286 1304/1353/1289 1330/1379/1315 
f 1300/1349/1285 1299/1348/1284 1333/1382/1318 1332/1381/1317 
f 1356/1405/1341 1360/1409/1345 1338/1387/1323 1337/1386/1322 
f 1306/1355/1291 1305/1354/1290 1363/1412/1348 1302/1351/1287 
f 1346/1395/1331 1358/1407/1343 1304/1353/1289 1303/1352/1288 
f 1361/1410/1346 1360/1409/1345 1323/1372/1308 1355/1404/1340 
f 1299/1348/1284 1321/1370/1306 1324/1373/1309 1333/1382/1318 
f 1332/1381/1317 1331/1380/1316 1301/1350/1286 1329/1378/1314 
f 1359/1408/1344 1343/1392/1328 1296/1345/1281 1330/1379/1315 
f 1334/1383/1319 1356/1405/1341 1337/1386/1322 1307/1356/1292 
f 1364/1413/1349 1335/1384/1320 1338/1387/1323 1362/1411/1347 
# 70 polygons

#
# object Plane023
#

v  -1.1522 3.8984 0.1742
v  -1.1584 3.8926 0.1639
v  -1.1663 3.8590 0.1973
v  -1.1549 3.8670 0.2132
v  -1.1634 3.8863 0.1533
v  -1.1654 3.8827 0.1477
v  -1.1767 3.8458 0.1749
v  -1.1747 3.8493 0.1806
v  -1.1611 3.8347 0.2509
v  -1.1777 3.8259 0.2301
v  -1.1920 3.7941 0.2631
v  -1.1698 3.8026 0.2887
v  -1.1892 3.8138 0.2081
v  -1.1913 3.8102 0.2024
v  -1.2089 3.7763 0.2301
v  -1.2069 3.7799 0.2358
v  -1.1892 3.7697 0.3193
v  -1.2122 3.7620 0.2921
v  -1.2354 3.7319 0.3210
v  -1.2117 3.7386 0.3499
v  -1.2276 3.7477 0.2635
v  -1.2297 3.7441 0.2578
v  -1.2533 3.7138 0.2852
v  -1.2513 3.7174 0.2910
v  -1.2889 3.6800 0.3677
v  -1.3189 3.6571 0.3903
v  -1.2819 3.6783 0.3990
v  -1.2574 3.6972 0.3831
v  -1.3912 3.6089 0.4094
v  -1.3517 3.6313 0.3811
v  -1.3539 3.6276 0.3756
v  -1.3936 3.6052 0.4039
v  -1.1599 3.9147 0.1114
v  -1.1697 3.8679 0.1256
v  -1.1683 3.8755 0.1367
v  -1.1588 3.9178 0.1162
v  -1.1810 3.8214 0.1406
v  -1.1943 3.7766 0.1584
v  -1.1957 3.7945 0.1800
v  -1.1806 3.8341 0.1577
v  -1.2099 3.7325 0.1771
v  -1.2307 3.6971 0.2038
v  -1.2347 3.7228 0.2296
v  -1.2138 3.7562 0.2027
v  -1.2586 3.6913 0.2563
v  -1.2546 3.6636 0.2305
v  -1.2747 3.6461 0.2533
v  -1.2831 3.6664 0.2833
v  -1.1513 3.9298 0.1355
v  -1.1534 3.9271 0.1310
v  -1.1553 3.9243 0.1265
v  -1.1574 3.9208 0.1209
v  -1.2610 3.7050 0.3446
v  -1.2339 3.7173 0.3667
v  -1.3150 3.6569 0.3519
v  -1.2814 3.6857 0.3217
v  -1.2836 3.6821 0.3161
v  -1.3172 3.6532 0.3463
v  -1.3417 3.6012 0.3198
v  -1.3694 3.6042 0.3611
v  -1.3386 3.6228 0.3358
v  -1.3183 3.6148 0.2980
v  -1.1406 3.8731 0.2281
v  -1.1447 3.9036 0.1841
v  -1.1414 3.8050 0.3113
v  -1.1399 3.8399 0.2697
v  -1.1828 3.7372 0.3749
v  -1.1581 3.7700 0.3447
v  -1.2615 3.6823 0.4147
v  -1.2386 3.6948 0.4080
v  -1.3076 3.6607 0.4145
v  -1.1608 3.9116 0.1067
v  -1.1697 3.8600 0.1146
v  -1.1779 3.8077 0.1240
v  -1.1872 3.7573 0.1381
v  -1.1976 3.7065 0.1547
v  -1.2167 3.6668 0.1807
v  -1.2421 3.6339 0.2103
v  -1.2565 3.6194 0.2255
v  -1.3099 3.6436 0.3098
v  -1.1489 3.9324 0.1398
v  -1.2183 3.7082 0.3984
v  -1.1984 3.7221 0.3883
v  -1.2960 3.6298 0.2758
v  -1.2737 3.6103 0.2432
v  -1.2912 3.6020 0.2607
v  -1.3508 3.6364 0.4122
v  -1.3098 3.5977 0.2801
# 88 vertices

vn -0.8530 0.4317 0.2933
vn -0.8938 0.3900 0.2214
vn -0.8530 0.4728 0.2210
vn -0.7781 0.5336 0.3313
vn -0.9234 0.3506 0.1563
vn -0.9441 0.3146 0.0988
vn -0.9297 0.3656 0.0449
vn -0.9012 0.4153 0.1241
vn -0.7037 0.6129 0.3593
vn -0.8099 0.5460 0.2143
vn -0.7566 0.6192 0.2100
vn -0.6087 0.6929 0.3865
vn -0.8744 0.4769 0.0900
vn -0.9095 0.4155 -0.0077
vn -0.8844 0.4628 -0.0606
vn -0.8425 0.5358 0.0557
vn -0.5756 0.7319 0.3647
vn -0.7238 0.6678 0.1734
vn -0.6821 0.7170 0.1434
vn -0.5323 0.7721 0.3472
vn -0.8091 0.5875 0.0141
vn -0.8523 0.5121 -0.1061
vn -0.8144 0.5599 -0.1529
vn -0.7697 0.6377 -0.0287
vn -0.6202 0.7834 0.0394
vn -0.5831 0.8123 -0.0103
vn -0.5021 0.8420 0.1972
vn -0.5150 0.8210 0.2464
vn -0.5937 0.7742 -0.2195
vn -0.6163 0.7624 -0.1974
vn -0.6431 0.7144 -0.2757
vn -0.6178 0.7319 -0.2877
vn -0.9692 0.2329 0.0803
vn -0.9747 0.2190 -0.0452
vn -0.9621 0.2708 0.0315
vn -0.9584 0.2665 0.1019
vn -0.9606 0.2146 -0.1766
vn -0.9355 0.2077 -0.2858
vn -0.9354 0.3270 -0.1346
vn -0.9526 0.2989 -0.0560
vn -0.8931 0.1957 -0.4051
vn -0.8667 0.2223 -0.4466
vn -0.8808 0.3939 -0.2629
vn -0.9108 0.3500 -0.2187
vn -0.8465 0.4300 -0.3139
vn -0.8346 0.2441 -0.4939
vn -0.8112 0.2961 -0.5042
vn -0.8075 0.4829 -0.3387
vn -0.9117 0.3333 0.2401
vn -0.9226 0.3290 0.2014
vn -0.9346 0.3142 0.1668
vn -0.9475 0.2917 0.1311
vn -0.6537 0.7515 0.0893
vn -0.5244 0.7987 0.2953
vn -0.6718 0.7276 -0.1385
vn -0.7236 0.6853 -0.0818
vn -0.7648 0.6132 -0.1973
vn -0.7072 0.6654 -0.2391
vn -0.7402 0.4510 -0.4986
vn -0.6946 0.5980 -0.3999
vn -0.7197 0.5737 -0.3910
vn -0.7594 0.3912 -0.5198
vn -0.7455 0.5302 0.4040
vn -0.8357 0.4275 0.3448
vn -0.5428 0.6919 0.4761
vn -0.6563 0.6038 0.4524
vn -0.4507 0.7827 0.4293
vn -0.4910 0.7417 0.4569
vn -0.4552 0.8719 0.1806
vn -0.4470 0.8513 0.2749
vn -0.5132 0.8478 0.1337
vn -0.9783 0.1910 0.0797
vn -0.9834 0.1690 -0.0663
vn -0.9668 0.1429 -0.2120
vn -0.9373 0.1121 -0.3299
vn -0.8806 0.1009 -0.4631
vn -0.8423 0.1254 -0.5243
vn -0.8094 0.1568 -0.5660
vn -0.7878 0.2019 -0.5819
vn -0.7655 0.5297 -0.3652
vn -0.9068 0.3163 0.2786
vn -0.4417 0.8380 0.3203
vn -0.4402 0.8121 0.3831
vn -0.7870 0.3444 -0.5118
vn -0.7652 0.2696 -0.5846
vn -0.7519 0.3158 -0.5788
vn -0.5652 0.8240 -0.0391
vn -0.7134 0.4242 -0.5578
# 88 vertex normals

vt 0.2541 0.6182 -265.2652
vt 0.2585 0.6185 -260.9637
vt 0.2560 0.6301 -301.7183
vt 0.2492 0.6294 -312.1152
vt 0.2629 0.6187 -259.0744
vt 0.2652 0.6187 -259.0564
vt 0.2652 0.6304 -297.4709
vt 0.2629 0.6304 -297.4883
vt 0.2451 0.6412 -354.7527
vt 0.2538 0.6421 -336.8795
vt 0.2517 0.6544 -366.5376
vt 0.2412 0.6533 -393.9058
vt 0.2629 0.6424 -329.8454
vt 0.2652 0.6424 -329.8273
vt 0.2652 0.6548 -355.9473
vt 0.2629 0.6548 -355.9661
vt 0.2404 0.6663 -417.2544
vt 0.2513 0.6672 -387.2602
vt 0.2508 0.6801 -401.4785
vt 0.2396 0.6796 -434.0668
vt 0.2629 0.6675 -375.7054
vt 0.2652 0.6675 -375.6872
vt 0.2652 0.6803 -388.9361
vt 0.2629 0.6803 -388.9535
vt 0.2522 0.7042 -406.2158
vt 0.2529 0.7162 -400.2029
vt 0.2434 0.7081 -426.9849
vt 0.2421 0.6987 -432.5475
vt 0.2629 0.7387 -366.5596
vt 0.2629 0.7242 -384.7899
vt 0.2652 0.7243 -384.6935
vt 0.2652 0.7388 -366.3764
vt 0.2690 0.6073 -216.1683
vt 0.2741 0.6182 -265.2139
vt 0.2697 0.6185 -260.9061
vt 0.2671 0.6074 -215.2660
vt 0.2790 0.6294 -312.0418
vt 0.2831 0.6412 -354.6548
vt 0.2743 0.6421 -336.7736
vt 0.2722 0.6301 -301.6383
vt 0.2870 0.6533 -393.7829
vt 0.2878 0.6663 -417.1321
vt 0.2769 0.6672 -387.1277
vt 0.2765 0.6544 -366.4046
vt 0.2774 0.6801 -401.3480
vt 0.2886 0.6796 -433.9464
vt 0.2874 0.6891 -434.8038
vt 0.2767 0.6922 -406.5205
vt 0.2592 0.6073 -216.1945
vt 0.2610 0.6074 -215.2984
vt 0.2629 0.6074 -214.8171
vt 0.2652 0.6074 -214.7986
vt 0.2515 0.6921 -406.6457
vt 0.2408 0.6891 -434.9206
vt 0.2629 0.7096 -394.6357
vt 0.2629 0.6949 -396.0269
vt 0.2652 0.6950 -396.0137
vt 0.2652 0.7097 -394.5961
vt 0.2835 0.7176 -418.1363
vt 0.2746 0.7282 -388.4438
vt 0.2753 0.7163 -400.0419
vt 0.2848 0.7082 -426.8586
vt 0.2428 0.6284 -328.4580
vt 0.2499 0.6177 -271.9420
vt 0.2320 0.6517 -436.5369
vt 0.2371 0.6397 -382.8109
vt 0.2303 0.6788 -482.5947
vt 0.2305 0.6649 -466.8771
vt 0.2365 0.7065 -454.7032
vt 0.2340 0.6997 -468.5119
vt 0.2447 0.7175 -418.2755
vt 0.2709 0.6072 -217.5039
vt 0.2784 0.6177 -271.9421
vt 0.2855 0.6284 -328.4581
vt 0.2911 0.6397 -382.8110
vt 0.2963 0.6517 -436.5370
vt 0.2978 0.6649 -467.4799
vt 0.2979 0.6788 -482.1320
vt 0.2976 0.6857 -484.8774
vt 0.2760 0.7042 -406.0804
vt 0.2573 0.6072 -217.5039
vt 0.2323 0.6928 -476.8995
vt 0.2308 0.6858 -483.9748
vt 0.2861 0.6987 -432.4287
vt 0.2960 0.6928 -477.7618
vt 0.2944 0.6997 -469.3309
vt 0.2536 0.7281 -388.6457
vt 0.2917 0.7065 -454.7034
# 88 texture coords

o Plane023
g Plane023
usemtl Material__26
s 1
f 1365/1414/1350 1366/1415/1351 1367/1416/1352 1368/1417/1353 
f 1369/1418/1354 1370/1419/1355 1371/1420/1356 1372/1421/1357 
f 1373/1422/1358 1374/1423/1359 1375/1424/1360 1376/1425/1361 
f 1377/1426/1362 1378/1427/1363 1379/1428/1364 1380/1429/1365 
f 1381/1430/1366 1382/1431/1367 1383/1432/1368 1384/1433/1369 
f 1385/1434/1370 1386/1435/1371 1387/1436/1372 1388/1437/1373 
f 1389/1438/1374 1390/1439/1375 1391/1440/1376 1392/1441/1377 
f 1393/1442/1378 1394/1443/1379 1395/1444/1380 1396/1445/1381 
f 1397/1446/1382 1398/1447/1383 1399/1448/1384 1400/1449/1385 
f 1401/1450/1386 1402/1451/1387 1403/1452/1388 1404/1453/1389 
f 1405/1454/1390 1406/1455/1391 1407/1456/1392 1408/1457/1393 
f 1409/1458/1394 1410/1459/1395 1411/1460/1396 1412/1461/1397 
f 1413/1462/1398 1414/1463/1399 1366/1415/1351 1365/1414/1350 
f 1415/1464/1400 1416/1465/1401 1370/1419/1355 1369/1418/1354 
f 1368/1417/1353 1367/1416/1352 1374/1423/1359 1373/1422/1358 
f 1372/1421/1357 1371/1420/1356 1378/1427/1363 1377/1426/1362 
f 1376/1425/1361 1375/1424/1360 1382/1431/1367 1381/1430/1366 
f 1380/1429/1365 1379/1428/1364 1386/1435/1371 1385/1434/1370 
f 1383/1432/1368 1417/1466/1402 1418/1467/1403 1384/1433/1369 
f 1419/1468/1404 1420/1469/1405 1421/1470/1406 1422/1471/1407 
f 1404/1453/1389 1399/1448/1384 1398/1447/1383 1401/1450/1386 
f 1408/1457/1393 1403/1452/1388 1402/1451/1387 1405/1454/1390 
f 1409/1458/1394 1407/1456/1392 1406/1455/1391 1410/1459/1395 
f 1423/1472/1408 1424/1473/1409 1425/1474/1410 1426/1475/1411 
f 1366/1415/1351 1369/1418/1354 1372/1421/1357 1367/1416/1352 
f 1368/1417/1353 1427/1476/1412 1428/1477/1413 1365/1414/1350 
f 1374/1423/1359 1377/1426/1362 1380/1429/1365 1375/1424/1360 
f 1376/1425/1361 1429/1478/1414 1430/1479/1415 1373/1422/1358 
f 1382/1431/1367 1385/1434/1370 1388/1437/1373 1383/1432/1368 
f 1384/1433/1369 1431/1480/1416 1432/1481/1417 1381/1430/1366 
f 1419/1468/1404 1394/1443/1379 1390/1439/1375 1389/1438/1374 
f 1433/1482/1418 1434/1483/1419 1391/1440/1376 1435/1484/1420 
f 1436/1485/1421 1437/1486/1422 1398/1447/1383 1397/1446/1382 
f 1370/1419/1355 1416/1465/1401 1400/1449/1385 1399/1448/1384 
f 1438/1487/1423 1439/1488/1424 1402/1451/1387 1401/1450/1386 
f 1378/1427/1363 1371/1420/1356 1404/1453/1389 1403/1452/1388 
f 1440/1489/1425 1441/1490/1426 1406/1455/1391 1405/1454/1390 
f 1386/1435/1371 1379/1428/1364 1408/1457/1393 1407/1456/1392 
f 1410/1459/1395 1442/1491/1427 1443/1492/1428 1411/1460/1396 
f 1444/1493/1429 1422/1471/1407 1421/1470/1406 1412/1461/1397 
f 1414/1463/1399 1415/1464/1400 1369/1418/1354 1366/1415/1351 
f 1365/1414/1350 1428/1477/1413 1445/1494/1430 1413/1462/1398 
f 1367/1416/1352 1372/1421/1357 1377/1426/1362 1374/1423/1359 
f 1373/1422/1358 1430/1479/1415 1427/1476/1412 1368/1417/1353 
f 1375/1424/1360 1380/1429/1365 1385/1434/1370 1382/1431/1367 
f 1381/1430/1366 1432/1481/1417 1429/1478/1414 1376/1425/1361 
f 1388/1437/1373 1420/1469/1405 1417/1466/1402 1383/1432/1368 
f 1446/1495/1431 1447/1496/1432 1418/1467/1403 1392/1441/1377 
f 1371/1420/1356 1370/1419/1355 1399/1448/1384 1404/1453/1389 
f 1437/1486/1422 1438/1487/1423 1401/1450/1386 1398/1447/1383 
f 1379/1428/1364 1378/1427/1363 1403/1452/1388 1408/1457/1393 
f 1439/1488/1424 1440/1489/1425 1405/1454/1390 1402/1451/1387 
f 1387/1436/1372 1386/1435/1371 1407/1456/1392 1409/1458/1394 
f 1441/1490/1426 1442/1491/1427 1410/1459/1395 1406/1455/1391 
f 1424/1473/1409 1396/1445/1381 1395/1444/1380 1425/1474/1410 
f 1448/1497/1433 1449/1498/1434 1450/1499/1435 1426/1475/1411 
f 1390/1439/1375 1451/1500/1436 1435/1484/1420 1391/1440/1376 
f 1394/1443/1379 1419/1468/1404 1422/1471/1407 1395/1444/1380 
f 1448/1497/1433 1444/1493/1429 1412/1461/1397 1411/1460/1396 
f 1417/1466/1402 1389/1438/1374 1392/1441/1377 1418/1467/1403 
f 1388/1437/1373 1387/1436/1372 1421/1470/1406 1420/1469/1405 
f 1444/1493/1429 1448/1497/1433 1426/1475/1411 1425/1474/1410 
f 1394/1443/1379 1393/1442/1378 1451/1500/1436 1390/1439/1375 
f 1434/1483/1419 1446/1495/1431 1392/1441/1377 1391/1440/1376 
f 1449/1498/1434 1448/1497/1433 1411/1460/1396 1443/1492/1428 
f 1387/1436/1372 1409/1458/1394 1412/1461/1397 1421/1470/1406 
f 1420/1469/1405 1419/1468/1404 1389/1438/1374 1417/1466/1402 
f 1447/1496/1432 1431/1480/1416 1384/1433/1369 1418/1467/1403 
f 1422/1471/1407 1444/1493/1429 1425/1474/1410 1395/1444/1380 
f 1452/1501/1437 1423/1472/1408 1426/1475/1411 1450/1499/1435 
# 70 polygons

#
# object Plane024
#

v  -1.1221 3.9504 0.1567
v  -1.1305 3.9410 0.1613
v  -1.1112 3.9546 0.2030
v  -1.0964 3.9681 0.1959
v  -1.1377 3.9307 0.1656
v  -1.1411 3.9249 0.1677
v  -1.1265 3.9330 0.2119
v  -1.1232 3.9388 0.2098
v  -1.0740 3.9854 0.2371
v  -1.0951 3.9691 0.2458
v  -1.0818 3.9853 0.2891
v  -1.0536 4.0037 0.2794
v  -1.1115 3.9487 0.2545
v  -1.1149 3.9429 0.2566
v  -1.1062 3.9547 0.3016
v  -1.1029 3.9605 0.2994
v  -1.0453 4.0189 0.3252
v  -1.0751 3.9998 0.3340
v  -1.0715 4.0160 0.3788
v  -1.0401 4.0359 0.3710
v  -1.0973 3.9740 0.3443
v  -1.1006 3.9682 0.3465
v  -1.0981 3.9834 0.3912
v  -1.0948 3.9892 0.3890
v  -1.0782 4.0457 0.4614
v  -1.0854 4.0623 0.5014
v  -1.0570 4.0685 0.4691
v  -1.0498 4.0570 0.4370
v  -1.1219 4.0766 0.5813
v  -1.1093 4.0522 0.5354
v  -1.1127 4.0465 0.5378
v  -1.1254 4.0710 0.5838
v  -1.1633 3.9089 0.1275
v  -1.1508 3.9010 0.1751
v  -1.1466 3.9133 0.1716
v  -1.1610 3.9140 0.1259
v  -1.1392 3.8943 0.2235
v  -1.1285 3.8914 0.2722
v  -1.1246 3.9183 0.2648
v  -1.1345 3.9144 0.2180
v  -1.1194 3.8903 0.3218
v  -1.1133 3.9015 0.3690
v  -1.1120 3.9363 0.3577
v  -1.1173 3.9239 0.3120
v  -1.1097 3.9503 0.4033
v  -1.1104 3.9145 0.4162
v  -1.1110 3.9309 0.4473
v  -1.1097 3.9679 0.4437
v  -1.1491 3.9333 0.1184
v  -1.1523 3.9291 0.1203
v  -1.1552 3.9246 0.1221
v  -1.1585 3.9189 0.1242
v  -1.0735 4.0302 0.4204
v  -1.0442 4.0461 0.4043
v  -1.1005 4.0294 0.4879
v  -1.0956 4.0083 0.4389
v  -1.0990 4.0025 0.4412
v  -1.1039 4.0236 0.4902
v  -1.1214 3.9842 0.5366
v  -1.1255 4.0280 0.5600
v  -1.1176 4.0069 0.5222
v  -1.1165 3.9658 0.5075
v  -1.0793 3.9790 0.1887
v  -1.1127 3.9588 0.1519
v  -1.0200 4.0148 0.2710
v  -1.0491 3.9970 0.2286
v  -1.0039 4.0471 0.3661
v  -1.0076 4.0305 0.3181
v  -1.0337 4.0771 0.4611
v  -1.0217 4.0707 0.4378
v  -1.0656 4.0805 0.5005
v  -1.1654 3.9038 0.1290
v  -1.1537 3.8881 0.1783
v  -1.1405 3.8732 0.2281
v  -1.1265 3.8633 0.2785
v  -1.1122 3.8556 0.3304
v  -1.1038 3.8636 0.3803
v  -1.1010 3.8798 0.4285
v  -1.1013 3.8897 0.4520
v  -1.1124 3.9868 0.4834
v  -1.1458 3.9375 0.1165
v  -1.0135 4.0631 0.4142
v  -1.0059 4.0555 0.3902
v  -1.1130 3.9480 0.4777
v  -1.1044 3.9051 0.4732
v  -1.1080 3.9207 0.4937
v  -1.0952 4.0799 0.5404
v  -1.1129 3.9402 0.5121
# 88 vertices

vn -0.6933 0.7072 0.1385
vn -0.7491 0.6403 0.1700
vn -0.7401 0.6675 0.0822
vn -0.6434 0.7649 0.0307
vn -0.7930 0.5767 0.1963
vn -0.8269 0.5183 0.2181
vn -0.8559 0.4942 0.1525
vn -0.8092 0.5747 0.1225
vn -0.5920 0.8036 -0.0613
vn -0.7293 0.6842 -0.0007
vn -0.7089 0.6999 -0.0876
vn -0.5240 0.8358 -0.1638
vn -0.8215 0.5682 0.0485
vn -0.8791 0.4689 0.0856
vn -0.8975 0.4406 0.0183
vn -0.8290 0.5587 -0.0258
vn -0.5186 0.8266 -0.2185
vn -0.7136 0.6833 -0.1545
vn -0.7080 0.6697 -0.2241
vn -0.5030 0.8185 -0.2775
vn -0.8365 0.5393 -0.0971
vn -0.9073 0.4172 -0.0516
vn -0.9124 0.3903 -0.1234
vn -0.8392 0.5164 -0.1704
vn -0.7262 0.5974 -0.3403
vn -0.7277 0.5593 -0.3971
vn -0.5705 0.7197 -0.3958
vn -0.5513 0.7539 -0.3572
vn -0.8251 0.3720 -0.4252
vn -0.8297 0.3913 -0.3980
vn -0.8751 0.3119 -0.3699
vn -0.8650 0.3028 -0.4000
vn -0.8323 0.4714 0.2917
vn -0.8927 0.3631 0.2669
vn -0.8610 0.4473 0.2420
vn -0.8231 0.5020 0.2655
vn -0.9425 0.2487 0.2233
vn -0.9719 0.1479 0.1833
vn -0.9348 0.3297 0.1316
vn -0.9033 0.3861 0.1872
vn -0.9902 0.0312 0.1363
vn -0.9960 0.0019 0.0890
vn -0.9707 0.2399 0.0109
vn -0.9615 0.2642 0.0750
vn -0.9774 0.2050 -0.0508
vn -0.9985 -0.0362 0.0412
vn -0.9995 -0.0267 -0.0159
vn -0.9727 0.1983 -0.1206
vn -0.7382 0.6338 0.2310
vn -0.7644 0.6031 0.2277
vn -0.7865 0.5712 0.2350
vn -0.8075 0.5349 0.2485
vn -0.7205 0.6332 -0.2827
vn -0.5291 0.7862 -0.3192
vn -0.8373 0.4398 -0.3249
vn -0.8405 0.4817 -0.2479
vn -0.9085 0.3644 -0.2046
vn -0.8961 0.3378 -0.2878
vn -0.9840 0.0310 -0.1756
vn -0.9426 0.1692 -0.2879
vn -0.9519 0.1724 -0.2532
vn -0.9923 -0.0094 -0.1237
vn -0.5807 0.8131 0.0406
vn -0.6532 0.7423 0.1496
vn -0.4264 0.8891 -0.1665
vn -0.5056 0.8615 -0.0474
vn -0.3995 0.8664 -0.2995
vn -0.4075 0.8816 -0.2380
vn -0.5484 0.7062 -0.4478
vn -0.4904 0.7714 -0.4055
vn -0.6116 0.6736 -0.4149
vn -0.8278 0.4535 0.3303
vn -0.8952 0.3243 0.3057
vn -0.9433 0.1869 0.2743
vn -0.9661 0.0661 0.2494
vn -0.9795 -0.0659 0.1906
vn -0.9842 -0.1160 0.1334
vn -0.9862 -0.1452 0.0790
vn -0.9894 -0.1431 0.0266
vn -0.9645 0.1863 -0.1873
vn -0.7107 0.6558 0.2546
vn -0.4605 0.8008 -0.3831
vn -0.4216 0.8394 -0.3430
vn -0.9974 -0.0170 -0.0696
vn -0.9920 -0.1195 -0.0407
vn -0.9918 -0.0965 -0.0833
vn -0.7302 0.5357 -0.4241
vn -0.9821 -0.0387 -0.1845
# 88 vertex normals

vt 0.2541 0.6182 -265.2652
vt 0.2585 0.6185 -260.9637
vt 0.2560 0.6301 -301.7183
vt 0.2492 0.6294 -312.1152
vt 0.2629 0.6187 -259.0744
vt 0.2652 0.6187 -259.0564
vt 0.2652 0.6304 -297.4709
vt 0.2629 0.6304 -297.4883
vt 0.2451 0.6412 -354.7527
vt 0.2538 0.6421 -336.8795
vt 0.2517 0.6544 -366.5376
vt 0.2412 0.6533 -393.9058
vt 0.2629 0.6424 -329.8454
vt 0.2652 0.6424 -329.8273
vt 0.2652 0.6548 -355.9473
vt 0.2629 0.6548 -355.9661
vt 0.2404 0.6663 -417.2544
vt 0.2513 0.6672 -387.2602
vt 0.2508 0.6801 -401.4785
vt 0.2396 0.6796 -434.0668
vt 0.2629 0.6675 -375.7054
vt 0.2652 0.6675 -375.6872
vt 0.2652 0.6803 -388.9361
vt 0.2629 0.6803 -388.9535
vt 0.2522 0.7042 -406.2158
vt 0.2529 0.7162 -400.2029
vt 0.2434 0.7081 -426.9849
vt 0.2421 0.6987 -432.5475
vt 0.2629 0.7387 -366.5596
vt 0.2629 0.7242 -384.7899
vt 0.2652 0.7243 -384.6935
vt 0.2652 0.7388 -366.3764
vt 0.2690 0.6073 -216.1683
vt 0.2741 0.6182 -265.2139
vt 0.2697 0.6185 -260.9061
vt 0.2671 0.6074 -215.2660
vt 0.2790 0.6294 -312.0418
vt 0.2831 0.6412 -354.6548
vt 0.2743 0.6421 -336.7736
vt 0.2722 0.6301 -301.6383
vt 0.2870 0.6533 -393.7829
vt 0.2878 0.6663 -417.1321
vt 0.2769 0.6672 -387.1277
vt 0.2765 0.6544 -366.4046
vt 0.2774 0.6801 -401.3480
vt 0.2886 0.6796 -433.9464
vt 0.2874 0.6891 -434.8038
vt 0.2767 0.6922 -406.5205
vt 0.2592 0.6073 -216.1945
vt 0.2610 0.6074 -215.2984
vt 0.2629 0.6074 -214.8171
vt 0.2652 0.6074 -214.7986
vt 0.2515 0.6921 -406.6457
vt 0.2408 0.6891 -434.9206
vt 0.2629 0.7096 -394.6357
vt 0.2629 0.6949 -396.0269
vt 0.2652 0.6950 -396.0137
vt 0.2652 0.7097 -394.5961
vt 0.2835 0.7176 -418.1363
vt 0.2746 0.7282 -388.4438
vt 0.2753 0.7163 -400.0419
vt 0.2848 0.7082 -426.8586
vt 0.2428 0.6284 -328.4580
vt 0.2499 0.6177 -271.9420
vt 0.2320 0.6517 -436.5369
vt 0.2371 0.6397 -382.8109
vt 0.2303 0.6788 -482.5947
vt 0.2305 0.6649 -466.8771
vt 0.2365 0.7065 -454.7032
vt 0.2340 0.6997 -468.5119
vt 0.2447 0.7175 -418.2755
vt 0.2709 0.6072 -217.5039
vt 0.2784 0.6177 -271.9421
vt 0.2855 0.6284 -328.4581
vt 0.2911 0.6397 -382.8110
vt 0.2963 0.6517 -436.5370
vt 0.2978 0.6649 -467.4799
vt 0.2979 0.6788 -482.1320
vt 0.2976 0.6857 -484.8774
vt 0.2760 0.7042 -406.0804
vt 0.2573 0.6072 -217.5039
vt 0.2323 0.6928 -476.8995
vt 0.2308 0.6858 -483.9748
vt 0.2861 0.6987 -432.4287
vt 0.2960 0.6928 -477.7618
vt 0.2944 0.6997 -469.3309
vt 0.2536 0.7281 -388.6457
vt 0.2917 0.7065 -454.7034
# 88 texture coords

o Plane024
g Plane024
usemtl Material__26
s 1
f 1453/1502/1438 1454/1503/1439 1455/1504/1440 1456/1505/1441 
f 1457/1506/1442 1458/1507/1443 1459/1508/1444 1460/1509/1445 
f 1461/1510/1446 1462/1511/1447 1463/1512/1448 1464/1513/1449 
f 1465/1514/1450 1466/1515/1451 1467/1516/1452 1468/1517/1453 
f 1469/1518/1454 1470/1519/1455 1471/1520/1456 1472/1521/1457 
f 1473/1522/1458 1474/1523/1459 1475/1524/1460 1476/1525/1461 
f 1477/1526/1462 1478/1527/1463 1479/1528/1464 1480/1529/1465 
f 1481/1530/1466 1482/1531/1467 1483/1532/1468 1484/1533/1469 
f 1485/1534/1470 1486/1535/1471 1487/1536/1472 1488/1537/1473 
f 1489/1538/1474 1490/1539/1475 1491/1540/1476 1492/1541/1477 
f 1493/1542/1478 1494/1543/1479 1495/1544/1480 1496/1545/1481 
f 1497/1546/1482 1498/1547/1483 1499/1548/1484 1500/1549/1485 
f 1501/1550/1486 1502/1551/1487 1454/1503/1439 1453/1502/1438 
f 1503/1552/1488 1504/1553/1489 1458/1507/1443 1457/1506/1442 
f 1456/1505/1441 1455/1504/1440 1462/1511/1447 1461/1510/1446 
f 1460/1509/1445 1459/1508/1444 1466/1515/1451 1465/1514/1450 
f 1464/1513/1449 1463/1512/1448 1470/1519/1455 1469/1518/1454 
f 1468/1517/1453 1467/1516/1452 1474/1523/1459 1473/1522/1458 
f 1471/1520/1456 1505/1554/1490 1506/1555/1491 1472/1521/1457 
f 1507/1556/1492 1508/1557/1493 1509/1558/1494 1510/1559/1495 
f 1492/1541/1477 1487/1536/1472 1486/1535/1471 1489/1538/1474 
f 1496/1545/1481 1491/1540/1476 1490/1539/1475 1493/1542/1478 
f 1497/1546/1482 1495/1544/1480 1494/1543/1479 1498/1547/1483 
f 1511/1560/1496 1512/1561/1497 1513/1562/1498 1514/1563/1499 
f 1454/1503/1439 1457/1506/1442 1460/1509/1445 1455/1504/1440 
f 1456/1505/1441 1515/1564/1500 1516/1565/1501 1453/1502/1438 
f 1462/1511/1447 1465/1514/1450 1468/1517/1453 1463/1512/1448 
f 1464/1513/1449 1517/1566/1502 1518/1567/1503 1461/1510/1446 
f 1470/1519/1455 1473/1522/1458 1476/1525/1461 1471/1520/1456 
f 1472/1521/1457 1519/1568/1504 1520/1569/1505 1469/1518/1454 
f 1507/1556/1492 1482/1531/1467 1478/1527/1463 1477/1526/1462 
f 1521/1570/1506 1522/1571/1507 1479/1528/1464 1523/1572/1508 
f 1524/1573/1509 1525/1574/1510 1486/1535/1471 1485/1534/1470 
f 1458/1507/1443 1504/1553/1489 1488/1537/1473 1487/1536/1472 
f 1526/1575/1511 1527/1576/1512 1490/1539/1475 1489/1538/1474 
f 1466/1515/1451 1459/1508/1444 1492/1541/1477 1491/1540/1476 
f 1528/1577/1513 1529/1578/1514 1494/1543/1479 1493/1542/1478 
f 1474/1523/1459 1467/1516/1452 1496/1545/1481 1495/1544/1480 
f 1498/1547/1483 1530/1579/1515 1531/1580/1516 1499/1548/1484 
f 1532/1581/1517 1510/1559/1495 1509/1558/1494 1500/1549/1485 
f 1502/1551/1487 1503/1552/1488 1457/1506/1442 1454/1503/1439 
f 1453/1502/1438 1516/1565/1501 1533/1582/1518 1501/1550/1486 
f 1455/1504/1440 1460/1509/1445 1465/1514/1450 1462/1511/1447 
f 1461/1510/1446 1518/1567/1503 1515/1564/1500 1456/1505/1441 
f 1463/1512/1448 1468/1517/1453 1473/1522/1458 1470/1519/1455 
f 1469/1518/1454 1520/1569/1505 1517/1566/1502 1464/1513/1449 
f 1476/1525/1461 1508/1557/1493 1505/1554/1490 1471/1520/1456 
f 1534/1583/1519 1535/1584/1520 1506/1555/1491 1480/1529/1465 
f 1459/1508/1444 1458/1507/1443 1487/1536/1472 1492/1541/1477 
f 1525/1574/1510 1526/1575/1511 1489/1538/1474 1486/1535/1471 
f 1467/1516/1452 1466/1515/1451 1491/1540/1476 1496/1545/1481 
f 1527/1576/1512 1528/1577/1513 1493/1542/1478 1490/1539/1475 
f 1475/1524/1460 1474/1523/1459 1495/1544/1480 1497/1546/1482 
f 1529/1578/1514 1530/1579/1515 1498/1547/1483 1494/1543/1479 
f 1512/1561/1497 1484/1533/1469 1483/1532/1468 1513/1562/1498 
f 1536/1585/1521 1537/1586/1522 1538/1587/1523 1514/1563/1499 
f 1478/1527/1463 1539/1588/1524 1523/1572/1508 1479/1528/1464 
f 1482/1531/1467 1507/1556/1492 1510/1559/1495 1483/1532/1468 
f 1536/1585/1521 1532/1581/1517 1500/1549/1485 1499/1548/1484 
f 1505/1554/1490 1477/1526/1462 1480/1529/1465 1506/1555/1491 
f 1476/1525/1461 1475/1524/1460 1509/1558/1494 1508/1557/1493 
f 1532/1581/1517 1536/1585/1521 1514/1563/1499 1513/1562/1498 
f 1482/1531/1467 1481/1530/1466 1539/1588/1524 1478/1527/1463 
f 1522/1571/1507 1534/1583/1519 1480/1529/1465 1479/1528/1464 
f 1537/1586/1522 1536/1585/1521 1499/1548/1484 1531/1580/1516 
f 1475/1524/1460 1497/1546/1482 1500/1549/1485 1509/1558/1494 
f 1508/1557/1493 1507/1556/1492 1477/1526/1462 1505/1554/1490 
f 1535/1584/1520 1519/1568/1504 1472/1521/1457 1506/1555/1491 
f 1510/1559/1495 1532/1581/1517 1513/1562/1498 1483/1532/1468 
f 1540/1589/1525 1511/1560/1496 1514/1563/1499 1538/1587/1523 
# 70 polygons

#
# object Sphere005
#

v  0.3761 3.8921 0.2045
v  0.3852 3.8908 0.2070
v  0.3979 3.7751 0.1724
v  0.3536 3.7814 0.1601
v  0.3674 3.8959 0.2036
v  0.3112 3.7997 0.1560
v  0.2746 3.8283 0.1602
v  0.3599 3.9017 0.2045
v  0.3544 3.9090 0.2070
v  0.2475 3.8643 0.1725
v  0.2325 3.9042 0.1915
v  0.3514 3.9172 0.2109
v  0.2312 3.9443 0.2157
v  0.3512 3.9253 0.2158
v  0.2438 3.9810 0.2428
v  0.3538 3.9327 0.2213
v  0.3590 3.9385 0.2268
v  0.2690 4.0103 0.2700
v  0.3044 4.0290 0.2943
v  0.3662 3.9423 0.2317
v  0.3465 4.0350 0.3133
v  0.3748 3.9435 0.2356
v  0.3839 3.9423 0.2381
v  0.3912 4.0279 0.3253
v  0.3926 3.9385 0.2390
v  0.4340 4.0089 0.3292
v  0.4001 3.9327 0.2381
v  0.4707 3.9801 0.3249
v  0.4977 3.9441 0.3126
v  0.4056 3.9253 0.2356
v  0.5125 3.9042 0.2934
v  0.4086 3.9172 0.2317
v  0.5135 3.8643 0.2693
v  0.4088 3.9090 0.2268
v  0.5007 3.8283 0.2425
v  0.4062 3.9017 0.2213
v  0.4753 3.7997 0.2157
v  0.4010 3.8959 0.2159
v  0.4399 3.7814 0.1915
v  0.3938 3.8921 0.2109
v  0.3276 3.6539 0.1133
v  0.4113 3.6419 0.1363
v  0.2476 3.6887 0.1058
v  0.1784 3.7431 0.1140
v  0.1265 3.8116 0.1371
v  0.0973 3.8876 0.1730
v  0.0940 3.9643 0.2190
v  0.1175 4.0356 0.2715
v  0.1651 4.0931 0.3242
v  0.2323 4.1294 0.3708
v  0.3126 4.1401 0.4065
v  0.3979 4.1249 0.4283
v  0.4805 4.0871 0.4352
v  0.5501 4.0319 0.4267
v  0.6009 3.9635 0.4030
v  0.6291 3.8876 0.3666
v  0.6313 3.8116 0.3208
v  0.6066 3.7431 0.2698
v  0.5583 3.6887 0.2189
v  0.4909 3.6539 0.1728
v  0.4039 3.5066 0.1573
v  0.2893 3.5224 0.1261
v  0.1797 3.5696 0.1167
v  0.0850 3.6444 0.1282
v  0.0136 3.7393 0.1591
v  -0.0275 3.8441 0.2077
v  -0.0329 3.9496 0.2714
v  -0.0013 4.0487 0.3452
v  0.0639 4.1299 0.4188
v  0.1564 4.1814 0.4827
v  0.2673 4.1954 0.5308
v  0.3855 4.1721 0.5604
v  0.4975 4.1181 0.5694
v  0.5895 4.0420 0.5561
v  0.6582 3.9483 0.5221
v  0.6985 3.8441 0.4719
v  0.7046 3.7393 0.4106
v  0.6723 3.6444 0.3420
v  0.6058 3.5696 0.2718
v  0.5133 3.5224 0.2077
v  0.3791 3.3948 0.2254
v  0.2441 3.4106 0.1896
v  0.1159 3.4605 0.1793
v  0.0066 3.5473 0.1929
v  -0.0761 3.6605 0.2266
v  -0.1248 3.7848 0.2816
v  -0.1331 3.9073 0.3574
v  -0.0973 4.0222 0.4468
v  -0.0209 4.1184 0.5338
v  0.0888 4.1815 0.6067
v  0.2199 4.1981 0.6611
v  0.3589 4.1689 0.6973
v  0.4861 4.1037 0.7092
v  0.5906 4.0147 0.6926
v  0.6711 3.9062 0.6495
v  0.7207 3.7848 0.5894
v  0.7301 3.6605 0.5200
v  0.6943 3.5473 0.4432
v  0.6161 3.4605 0.3614
v  0.5076 3.4106 0.2855
v  0.1951 3.3231 0.3008
v  0.3384 3.3088 0.3363
v  0.0601 3.3705 0.2934
v  -0.0529 3.4580 0.3061
v  -0.1370 3.5798 0.3376
v  -0.1874 3.7122 0.3927
v  -0.1979 3.8384 0.4743
v  -0.1626 3.9534 0.5706
v  -0.0814 4.0501 0.6595
v  0.0357 4.1178 0.7310
v  0.1741 4.1399 0.7871
v  0.3186 4.1110 0.8298
v  0.4487 4.0421 0.8475
v  0.5569 3.9489 0.8296
v  0.6426 3.8357 0.7786
v  0.6968 3.7090 0.7126
v  0.7070 3.5775 0.6433
v  0.6688 3.4574 0.5684
v  0.5859 3.3706 0.4849
v  0.4730 3.3232 0.4019
v  0.2870 3.2473 0.4767
v  0.1494 3.2593 0.4441
v  0.0195 3.3027 0.4399
v  -0.0880 3.3868 0.4524
v  -0.1656 3.5051 0.4804
v  -0.2119 3.6320 0.5315
v  -0.2219 3.7499 0.6103
v  -0.1886 3.8490 0.6997
v  -0.1104 3.9331 0.7798
v  0.0026 3.9964 0.8435
v  0.1340 4.0221 0.8971
v  0.2694 4.0008 0.9434
v  0.3927 3.9410 0.9678
v  0.4984 3.8502 0.9505
v  0.5816 3.7416 0.8977
v  0.6325 3.6210 0.8321
v  0.6402 3.4960 0.7681
v  0.6009 3.3822 0.7003
v  0.5212 3.3020 0.6220
v  0.4147 3.2594 0.5407
v  0.2240 3.2035 0.6475
v  0.1070 3.2157 0.6198
v  -0.0042 3.2563 0.6162
v  -0.0969 3.3308 0.6283
v  -0.1637 3.4329 0.6547
v  -0.2022 3.5406 0.6995
v  -0.2090 3.6379 0.7642
v  -0.1794 3.7194 0.8370
v  -0.1121 3.7860 0.9024
v  -0.0157 3.8352 0.9557
v  0.0954 3.8586 1.0032
v  0.2087 3.8468 1.0446
v  0.3173 3.7987 1.0665
v  0.4118 3.7227 1.0542
v  0.4845 3.6281 1.0106
v  0.5260 3.5242 0.9544
v  0.5286 3.4190 0.8982
v  0.4915 3.3227 0.8374
v  0.4236 3.2533 0.7701
v  0.3323 3.2154 0.7017
v  0.1631 3.2082 0.8159
v  0.0792 3.2191 0.7947
v  -0.0011 3.2528 0.7903
v  -0.0692 3.3091 0.8001
v  -0.1187 3.3802 0.8216
v  -0.1462 3.4559 0.8556
v  -0.1491 3.5262 0.9003
v  -0.1257 3.5870 0.9503
v  -0.0773 3.6359 0.9980
v  -0.0092 3.6700 1.0395
v  0.0703 3.6849 1.0751
v  0.1530 3.6762 1.1024
v  0.2322 3.6427 1.1148
v  0.3015 3.5889 1.1070
v  0.3538 3.5205 1.0798
v  0.3820 3.4456 1.0415
v  0.3824 3.3706 0.9981
v  0.3562 3.3027 0.9511
v  0.3077 3.2498 0.9009
v  0.2415 3.2184 0.8533
v  0.1048 3.2571 0.9812
v  0.0614 3.2633 0.9694
v  0.0199 3.2813 0.9658
v  -0.0157 3.3094 0.9701
v  -0.0419 3.3448 0.9820
v  -0.0563 3.3836 1.0003
v  -0.0572 3.4214 1.0234
v  -0.0446 3.4552 1.0491
v  -0.0196 3.4820 1.0747
v  0.0153 3.4996 1.0979
v  0.0566 3.5063 1.1168
v  0.1002 3.5010 1.1296
v  0.1419 3.4836 1.1345
v  0.1779 3.4557 1.1304
v  0.2044 3.4202 1.1179
v  0.2187 3.3813 1.0990
v  0.2192 3.3427 1.0757
v  0.2060 3.3080 1.0499
v  0.1808 3.2806 1.0239
v  0.1459 3.2631 1.0001
v  0.0649 3.3523 1.0946
v  0.4882 3.9816 0.0804
v  0.4813 3.9871 0.0769
v  0.4753 3.9944 0.0756
v  0.5073 3.9796 0.1003
v  0.4707 4.0027 0.0768
v  0.4680 4.0111 0.0802
v  0.5095 4.0067 0.1235
v  0.4675 4.0189 0.0856
v  0.4692 4.0254 0.0924
v  0.4849 4.0310 0.1144
v  0.4729 4.0298 0.1000
v  0.4783 4.0317 0.1076
v  0.4920 4.0278 0.1199
v  0.4989 4.0222 0.1234
v  0.5049 4.0150 0.1246
v  0.5122 3.9982 0.1200
v  0.5128 3.9904 0.1146
v  0.5111 3.9840 0.1078
v  0.4953 3.9783 0.0858
v  0.5019 3.9776 0.0927
v  0.3881 3.9064 0.1825
v  0.3952 3.9030 0.1883
v  0.3813 3.9121 0.1787
v  0.3753 3.9195 0.1773
v  0.3707 3.9278 0.1783
v  0.3680 3.9363 0.1817
v  0.3675 3.9441 0.1872
v  0.3691 3.9505 0.1941
v  0.3728 3.9547 0.2019
v  0.3782 3.9566 0.2097
v  0.3848 3.9557 0.2169
v  0.3920 3.9522 0.2226
v  0.3990 3.9466 0.2265
v  0.4051 3.9392 0.2280
v  0.4098 3.9309 0.2270
v  0.4125 3.9224 0.2236
v  0.4130 3.9146 0.2182
v  0.4112 3.9082 0.2112
v  0.4074 3.9039 0.2033
v  0.4019 3.9021 0.1954
v  0.4648 3.9600 0.1084
v  0.4581 3.9635 0.1028
v  0.4515 3.9692 0.0991
v  0.4457 3.9765 0.0978
v  0.4413 3.9849 0.0989
v  0.4386 3.9933 0.1023
v  0.4381 4.0011 0.1077
v  0.4396 4.0075 0.1146
v  0.4431 4.0118 0.1223
v  0.4482 4.0136 0.1300
v  0.4544 4.0127 0.1370
v  0.4611 4.0093 0.1427
v  0.4677 4.0036 0.1463
v  0.4735 3.9963 0.1477
v  0.4779 3.9879 0.1466
v  0.4805 3.9794 0.1432
v  0.4811 3.9716 0.1378
v  0.4796 3.9653 0.1309
v  0.4761 3.9610 0.1232
v  0.4710 3.9592 0.1155
v  0.4184 3.9359 0.1392
v  0.4252 3.9325 0.1448
v  0.4118 3.9416 0.1356
v  0.4060 3.9489 0.1342
v  0.4015 3.9572 0.1353
v  0.3989 3.9657 0.1387
v  0.3983 3.9735 0.1441
v  0.3999 3.9799 0.1510
v  0.4034 3.9842 0.1587
v  0.4085 3.9860 0.1664
v  0.4148 3.9852 0.1734
v  0.4216 3.9817 0.1791
v  0.4282 3.9761 0.1827
v  0.4341 3.9687 0.1841
v  0.4386 3.9604 0.1830
v  0.4412 3.9519 0.1796
v  0.4418 3.9441 0.1742
v  0.4402 3.9377 0.1673
v  0.4367 3.9334 0.1596
v  0.4315 3.9316 0.1519
# 281 vertices

vn 0.0986 -0.2681 -0.9583
vn 0.3169 -0.3206 -0.8926
vn 0.3273 0.2892 -0.8996
vn 0.2585 0.2984 -0.9188
vn -0.1013 -0.1594 -0.9820
vn 0.1922 0.3256 -0.9258
vn 0.1355 0.3687 -0.9196
vn -0.2659 -0.0089 -0.9640
vn -0.3840 0.1679 -0.9079
vn 0.0946 0.4239 -0.9008
vn 0.0729 0.4853 -0.8713
vn -0.4489 0.3560 -0.8196
vn 0.0719 0.5464 -0.8344
vn -0.4571 0.5413 -0.7057
vn 0.0923 0.6005 -0.7943
vn -0.4069 0.7101 -0.5746
vn -0.2992 0.8486 -0.4363
vn 0.1328 0.6425 -0.7547
vn 0.1888 0.6695 -0.7185
vn -0.1395 0.9427 -0.3029
vn 0.2537 0.6793 -0.6886
vn 0.0605 0.9802 -0.1883
vn 0.2827 0.9533 -0.1066
vn 0.3210 0.6713 -0.6680
vn 0.5032 0.8614 -0.0692
vn 0.3844 0.6453 -0.6601
vn 0.6966 0.7128 -0.0816
vn 0.4392 0.6029 -0.6661
vn 0.4805 0.5479 -0.6848
vn 0.8404 0.5231 -0.1415
vn 0.5027 0.4868 -0.7144
vn 0.9189 0.3123 -0.2411
vn 0.5043 0.4257 -0.7513
vn 0.9235 0.1025 -0.3696
vn 0.4853 0.3702 -0.7921
vn 0.8539 -0.0837 -0.5137
vn 0.4464 0.3264 -0.8332
vn 0.7178 -0.2254 -0.6587
vn 0.3919 0.2987 -0.8702
vn 0.5314 -0.3070 -0.7895
vn 0.1990 0.0579 -0.9783
vn 0.3414 0.0394 -0.9391
vn 0.0619 0.1112 -0.9919
vn -0.0530 0.1974 -0.9789
vn -0.1338 0.3095 -0.9414
vn -0.1762 0.4358 -0.8826
vn -0.1793 0.5608 -0.8083
vn -0.1402 0.6706 -0.7285
vn -0.0572 0.7573 -0.6505
vn 0.0630 0.8137 -0.5779
vn 0.2017 0.8334 -0.5146
vn 0.3382 0.8154 -0.4698
vn 0.4638 0.7641 -0.4483
vn 0.5781 0.6793 -0.4520
vn 0.6640 0.5664 -0.4882
vn 0.7075 0.4407 -0.5524
vn 0.7059 0.3150 -0.6344
vn 0.6642 0.2024 -0.7197
vn 0.5857 0.1137 -0.8025
vn 0.4740 0.0589 -0.8785
vn 0.3168 -0.3715 -0.8727
vn 0.0769 -0.3356 -0.9388
vn -0.1490 -0.2351 -0.9605
vn -0.3359 -0.0951 -0.9371
vn -0.4673 0.0875 -0.8798
vn -0.5384 0.3010 -0.7871
vn -0.5455 0.5128 -0.6629
vn -0.4884 0.6942 -0.5287
vn -0.3570 0.8436 -0.4011
vn -0.1490 0.9483 -0.2802
vn 0.0968 0.9805 -0.1710
vn 0.3302 0.9393 -0.0934
vn 0.5386 0.8410 -0.0519
vn 0.7182 0.6936 -0.0553
vn 0.8494 0.5156 -0.1124
vn 0.9215 0.3210 -0.2184
vn 0.9267 0.1124 -0.3585
vn 0.8568 -0.0815 -0.5092
vn 0.7254 -0.2332 -0.6477
vn 0.5405 -0.3355 -0.7716
vn 0.2468 -0.6893 -0.6811
vn -0.0292 -0.6474 -0.7616
vn -0.3075 -0.5204 -0.7966
vn -0.5376 -0.3360 -0.7734
vn -0.6985 -0.1227 -0.7050
vn -0.7924 0.1330 -0.5953
vn -0.8053 0.3965 -0.4407
vn -0.7384 0.6185 -0.2689
vn -0.5945 0.7986 -0.0937
vn -0.3438 0.9361 0.0738
vn -0.0252 0.9791 0.2016
vn 0.2769 0.9205 0.2756
vn 0.5330 0.7885 0.3068
vn 0.7391 0.6075 0.2909
vn 0.8869 0.4036 0.2246
vn 0.9781 0.1811 0.1023
vn 0.9954 -0.0715 -0.0634
vn 0.9136 -0.3200 -0.2510
vn 0.7388 -0.5249 -0.4227
vn 0.5061 -0.6495 -0.5674
vn -0.1053 -0.8333 -0.5427
vn 0.1671 -0.8713 -0.4615
vn -0.3991 -0.7105 -0.5797
vn -0.6575 -0.5083 -0.5562
vn -0.8343 -0.2802 -0.4748
vn -0.9335 -0.0294 -0.3573
vn -0.9511 0.2399 -0.1944
vn -0.8776 0.4793 0.0073
vn -0.7207 0.6557 0.2251
vn -0.4771 0.7757 0.4131
vn -0.1680 0.8291 0.5332
vn 0.1560 0.7948 0.5864
vn 0.4564 0.6706 0.5847
vn 0.6899 0.4743 0.5469
vn 0.8417 0.2646 0.4707
vn 0.9331 0.0441 0.3569
vn 0.9564 -0.2188 0.1936
vn 0.8662 -0.4997 -0.0071
vn 0.6652 -0.7200 -0.1976
vn 0.4221 -0.8363 -0.3500
vn 0.1067 -0.9500 -0.2933
vn -0.1460 -0.9215 -0.3599
vn -0.4488 -0.8085 -0.3806
vn -0.7240 -0.5996 -0.3411
vn -0.8930 -0.3689 -0.2578
vn -0.9785 -0.1461 -0.1454
vn -0.9948 0.1010 0.0160
vn -0.9123 0.3383 0.2309
vn -0.7353 0.5073 0.4494
vn -0.5149 0.5967 0.6154
vn -0.2776 0.6436 0.7132
vn -0.0032 0.6421 0.7666
vn 0.3260 0.5361 0.7786
vn 0.6099 0.3315 0.7198
vn 0.7699 0.1278 0.6252
vn 0.8492 -0.0774 0.5224
vn 0.8629 -0.3301 0.3828
vn 0.7666 -0.6132 0.1907
vn 0.5672 -0.8233 -0.0212
vn 0.3345 -0.9241 -0.1850
vn 0.0369 -0.9935 -0.1072
vn -0.2054 -0.9662 -0.1555
vn -0.4907 -0.8581 -0.1509
vn -0.7467 -0.6567 -0.1061
vn -0.8987 -0.4368 -0.0396
vn -0.9689 -0.2407 0.0575
vn -0.9768 -0.0327 0.2115
vn -0.8887 0.1889 0.4178
vn -0.7069 0.3656 0.6055
vn -0.5156 0.4562 0.7253
vn -0.3418 0.4925 0.8004
vn -0.1179 0.4761 0.8714
vn 0.1781 0.3601 0.9158
vn 0.4640 0.1742 0.8686
vn 0.6406 -0.0189 0.7677
vn 0.7167 -0.2113 0.6646
vn 0.7118 -0.4418 0.5460
vn 0.6164 -0.6891 0.3811
vn 0.4442 -0.8785 0.1761
vn 0.2418 -0.9703 0.0036
vn -0.0516 -0.9902 0.1301
vn -0.2737 -0.9580 0.0851
vn -0.5126 -0.8540 0.0889
vn -0.7143 -0.6893 0.1207
vn -0.8448 -0.5071 0.1709
vn -0.9082 -0.3276 0.2604
vn -0.9056 -0.1458 0.3983
vn -0.8261 0.0377 0.5623
vn -0.6829 0.1962 0.7037
vn -0.5192 0.2961 0.8017
vn -0.3522 0.3265 0.8771
vn -0.1561 0.2872 0.9451
vn 0.0739 0.1768 0.9815
vn 0.2960 0.0216 0.9549
vn 0.4554 -0.1475 0.8780
vn 0.5295 -0.3277 0.7824
vn 0.5230 -0.5222 0.6736
vn 0.4466 -0.7126 0.5410
vn 0.3116 -0.8702 0.3816
vn 0.1407 -0.9627 0.2312
vn -0.1510 -0.8986 0.4121
vn -0.3160 -0.8728 0.3721
vn -0.4757 -0.8008 0.3639
vn -0.6125 -0.6937 0.3790
vn -0.7120 -0.5625 0.4203
vn -0.7631 -0.4199 0.4914
vn -0.7601 -0.2779 0.5874
vn -0.7068 -0.1472 0.6919
vn -0.6136 -0.0380 0.7887
vn -0.4918 0.0358 0.8700
vn -0.3503 0.0597 0.9347
vn -0.1949 0.0298 0.9804
vn -0.0372 -0.0465 0.9982
vn 0.1045 -0.1538 0.9826
vn 0.2119 -0.2804 0.9362
vn 0.2696 -0.4216 0.8658
vn 0.2698 -0.5675 0.7779
vn 0.2167 -0.7008 0.6797
vn 0.1220 -0.8062 0.5789
vn -0.0017 -0.8746 0.4848
vn -0.2958 -0.5038 0.8116
vn 0.4133 -0.2475 -0.8763
vn 0.2540 -0.1072 -0.9612
vn 0.1159 0.0703 -0.9908
vn 0.8656 -0.3256 -0.3805
vn 0.0114 0.2682 -0.9633
vn -0.0506 0.4685 -0.8820
vn 0.9173 0.3401 0.2072
vn -0.0646 0.6532 -0.7545
vn -0.0292 0.8055 -0.5919
vn 0.3262 0.9441 -0.0479
vn 0.0530 0.9111 -0.4088
vn 0.1750 0.9593 -0.2215
vn 0.4924 0.8652 0.0949
vn 0.6574 0.7288 0.1916
vn 0.8042 0.5477 0.2307
vn 0.9842 0.1277 0.1229
vn 0.9977 -0.0670 -0.0136
vn 0.9565 -0.2234 -0.1876
vn 0.5791 -0.3365 -0.7426
vn 0.7351 -0.3640 -0.5719
vn -0.1162 -0.7931 -0.5980
vn 0.1653 -0.8662 -0.4715
vn -0.3830 -0.6392 -0.6669
vn -0.6087 -0.4235 -0.6709
vn -0.7734 -0.1701 -0.6107
vn -0.8649 0.0964 -0.4926
vn -0.8767 0.3530 -0.3269
vn -0.8063 0.5775 -0.1279
vn -0.6571 0.7488 0.0862
vn -0.4404 0.8487 0.2928
vn -0.1767 0.8658 0.4681
vn 0.1061 0.7986 0.5925
vn 0.3787 0.6551 0.6538
vn 0.6145 0.4494 0.6484
vn 0.7903 0.1998 0.5792
vn 0.8878 -0.0713 0.4546
vn 0.8964 -0.3371 0.2879
vn 0.8159 -0.5703 0.0951
vn 0.6557 -0.7474 -0.1071
vn 0.4316 -0.8500 -0.3019
vn 0.1675 -0.8649 -0.4731
vn -0.0603 -0.7499 -0.6588
vn -0.2813 -0.5615 -0.7782
vn -0.4735 -0.3197 -0.8207
vn -0.6189 -0.0488 -0.7839
vn -0.7046 0.2258 -0.6727
vn -0.7231 0.4791 -0.4976
vn -0.6724 0.6875 -0.2742
vn -0.5562 0.8307 -0.0229
vn -0.3848 0.8932 0.2326
vn -0.1745 0.8671 0.4665
vn 0.0533 0.7542 0.6545
vn 0.2751 0.5662 0.7770
vn 0.4686 0.3232 0.8222
vn 0.6154 0.0498 0.7867
vn 0.7019 -0.2276 0.6749
vn 0.7205 -0.4828 0.4977
vn 0.6691 -0.6919 0.2715
vn 0.5516 -0.8339 0.0174
vn 0.3787 -0.8939 -0.2397
vn -0.0966 -0.7685 -0.6325
vn 0.1617 -0.8651 -0.4749
vn -0.3418 -0.5955 -0.7270
vn -0.5502 -0.3664 -0.7504
vn -0.7041 -0.1054 -0.7023
vn -0.7918 0.1630 -0.5886
vn -0.8070 0.4157 -0.4196
vn -0.7471 0.6309 -0.2093
vn -0.6150 0.7882 0.0236
vn -0.4202 0.8704 0.2567
vn -0.1803 0.8669 0.4648
vn 0.0800 0.7769 0.6246
vn 0.3326 0.6100 0.7192
vn 0.5511 0.3843 0.7407
vn 0.7141 0.1223 0.6893
vn 0.8063 -0.1510 0.5719
vn 0.8193 -0.4106 0.4001
vn 0.7517 -0.6316 0.1895
vn 0.6094 -0.7918 -0.0413
vn 0.4058 -0.8730 -0.2705
# 281 vertex normals

vt 0.5025 0.5210 0.0000
vt 0.4967 0.5211 0.0000
vt 0.4959 0.4525 0.0000
vt 0.5122 0.4533 0.0000
vt 0.5082 0.5219 0.0000
vt 0.5285 0.4564 0.0000
vt 0.5448 0.4618 0.0000
vt 0.5138 0.5237 0.0000
vt 0.5190 0.5265 0.0000
vt 0.5612 0.4698 0.0000
vt 0.5766 0.4819 0.0000
vt 0.5232 0.5307 0.0000
vt 0.5910 0.4974 0.0000
vt 0.5266 0.5357 0.0000
vt 0.6037 0.5174 0.0000
vt 0.5289 0.5415 0.0000
vt 0.5300 0.5478 0.0000
vt 0.6132 0.5424 0.0000
vt 0.6170 0.5726 0.0000
vt 0.5294 0.5545 0.0000
vt 0.6115 0.6071 0.0000
vt 0.5270 0.5615 0.0000
vt 0.4626 0.5569 0.0000
vt 0.4650 0.5638 0.0000
vt 0.3770 0.6118 0.0000
vt 0.3725 0.5747 0.0000
vt 0.4621 0.5500 0.0000
vt 0.3771 0.5434 0.0000
vt 0.4632 0.5435 0.0000
vt 0.3869 0.5179 0.0000
vt 0.3998 0.4975 0.0000
vt 0.4662 0.5377 0.0000
vt 0.4150 0.4826 0.0000
vt 0.4696 0.5325 0.0000
vt 0.4310 0.4716 0.0000
vt 0.4744 0.5287 0.0000
vt 0.4470 0.4627 0.0000
vt 0.4797 0.5258 0.0000
vt 0.4634 0.4576 0.0000
vt 0.4854 0.5239 0.0000
vt 0.4796 0.4539 0.0000
vt 0.4910 0.5220 0.0000
vt 0.5176 0.4104 0.0000
vt 0.4966 0.4094 0.0000
vt 0.5389 0.4136 0.0000
vt 0.5609 0.4190 0.0000
vt 0.5839 0.4270 0.0000
vt 0.6077 0.4388 0.0000
vt 0.6330 0.4553 0.0000
vt 0.6602 0.4788 0.0000
vt 0.6881 0.5114 0.0000
vt 0.7134 0.5571 0.0000
vt 0.7292 0.6221 0.0000
vt 0.2508 0.6229 0.0000
vt 0.2744 0.5562 0.0000
vt 0.3028 0.5094 0.0000
vt 0.3308 0.4771 0.0000
vt 0.3577 0.4546 0.0000
vt 0.3837 0.4378 0.0000
vt 0.4082 0.4265 0.0000
vt 0.4312 0.4190 0.0000
vt 0.4536 0.4135 0.0000
vt 0.4753 0.4105 0.0000
vt 0.4968 0.3796 0.0000
vt 0.5200 0.3804 0.0000
vt 0.5437 0.3828 0.0000
vt 0.5688 0.3871 0.0000
vt 0.5957 0.3939 0.0000
vt 0.6245 0.4028 0.0000
vt 0.6572 0.4161 0.0000
vt 0.6960 0.4357 0.0000
vt 0.7407 0.4646 0.0000
vt 0.7910 0.5086 0.0000
vt 0.8461 0.5825 0.0000
vt 0.1340 0.5705 0.0000
vt 0.1991 0.5037 0.0000
vt 0.2527 0.4610 0.0000
vt 0.2966 0.4340 0.0000
vt 0.3344 0.4156 0.0000
vt 0.3677 0.4023 0.0000
vt 0.3968 0.3924 0.0000
vt 0.4236 0.3858 0.0000
vt 0.4491 0.3820 0.0000
vt 0.4733 0.3801 0.0000
vt 0.4969 0.3554 0.0000
vt 0.5216 0.3552 0.0000
vt 0.5463 0.3555 0.0000
vt 0.5730 0.3584 0.0000
vt 0.6021 0.3636 0.0000
vt 0.6343 0.3703 0.0000
vt 0.6715 0.3778 0.0000
vt 0.7181 0.3893 0.0000
vt 0.7741 0.4085 0.0000
vt 0.8414 0.4404 0.0000
vt 0.9336 0.4978 0.0000
vt 0.1515 0.4331 0.0000
vt 0.0591 0.4790 0.0000
vt 0.2203 0.4041 0.0000
vt 0.2746 0.3875 0.0000
vt 0.3201 0.3772 0.0000
vt 0.3584 0.3693 0.0000
vt 0.3908 0.3620 0.0000
vt 0.4195 0.3568 0.0000
vt 0.4464 0.3549 0.0000
vt 0.4718 0.3549 0.0000
vt 0.5229 0.3291 0.0000
vt 0.4971 0.3301 0.0000
vt 0.5483 0.3276 0.0000
vt 0.5750 0.3282 0.0000
vt 0.6053 0.3318 0.0000
vt 0.6393 0.3355 0.0000
vt 0.6785 0.3362 0.0000
vt 0.7267 0.3359 0.0000
vt 0.7871 0.3413 0.0000
vt 0.8656 0.3553 0.0000
vt 0.9800 0.3751 0.0000
vt 0.0200 0.3627 0.0000
vt 0.1307 0.3469 0.0000
vt 0.2074 0.3356 0.0000
vt 0.2642 0.3327 0.0000
vt 0.3138 0.3340 0.0000
vt 0.3544 0.3334 0.0000
vt 0.3885 0.3302 0.0000
vt 0.4178 0.3271 0.0000
vt 0.4448 0.3268 0.0000
vt 0.4710 0.3287 0.0000
vt 0.4974 0.3016 0.0000
vt 0.5231 0.3001 0.0000
vt 0.5483 0.2971 0.0000
vt 0.5746 0.2959 0.0000
vt 0.6049 0.2966 0.0000
vt 0.6388 0.2959 0.0000
vt 0.6768 0.2896 0.0000
vt 0.7200 0.2782 0.0000
vt 0.7759 0.2660 0.0000
vt 0.8531 0.2527 0.0000
vt 0.9617 0.2241 0.0000
vt 0.1434 0.2487 0.0000
vt 0.0397 0.2196 0.0000
vt 0.2162 0.2618 0.0000
vt 0.2719 0.2736 0.0000
vt 0.3183 0.2860 0.0000
vt 0.3583 0.2938 0.0000
vt 0.3910 0.2956 0.0000
vt 0.4196 0.2953 0.0000
vt 0.4458 0.2965 0.0000
vt 0.4715 0.2997 0.0000
vt 0.4978 0.2666 0.0000
vt 0.5215 0.2651 0.0000
vt 0.5450 0.2616 0.0000
vt 0.5698 0.2580 0.0000
vt 0.5981 0.2538 0.0000
vt 0.6290 0.2470 0.0000
vt 0.6603 0.2349 0.0000
vt 0.6940 0.2153 0.0000
vt 0.7359 0.1871 0.0000
vt 0.7895 0.1475 0.0000
vt 0.8565 0.0826 0.0000
vt 0.1397 0.0825 0.0000
vt 0.2024 0.1473 0.0000
vt 0.2556 0.1856 0.0000
vt 0.2994 0.2122 0.0000
vt 0.3367 0.2325 0.0000
vt 0.3703 0.2470 0.0000
vt 0.3994 0.2543 0.0000
vt 0.4259 0.2581 0.0000
vt 0.4502 0.2614 0.0000
vt 0.4739 0.2648 0.0000
vt 0.4980 0.2285 0.0000
vt 0.5180 0.2274 0.0000
vt 0.5383 0.2239 0.0000
vt 0.5593 0.2179 0.0000
vt 0.5817 0.2099 0.0000
vt 0.6048 0.1986 0.0000
vt 0.6271 0.1827 0.0000
vt 0.6490 0.1603 0.0000
vt 0.6708 0.1292 0.0000
vt 0.6929 0.0841 0.0000
vt 0.7098 0.0236 0.0000
vt 0.2843 0.0200 0.0000
vt 0.2995 0.0840 0.0000
vt 0.3213 0.1270 0.0000
vt 0.3454 0.1587 0.0000
vt 0.3696 0.1825 0.0000
vt 0.3932 0.1994 0.0000
vt 0.4155 0.2107 0.0000
vt 0.4370 0.2183 0.0000
vt 0.4578 0.2239 0.0000
vt 0.4780 0.2272 0.0000
vt 0.4979 0.1793 0.0000
vt 0.5113 0.1786 0.0000
vt 0.5246 0.1756 0.0000
vt 0.5377 0.1700 0.0000
vt 0.5505 0.1619 0.0000
vt 0.5625 0.1513 0.0000
vt 0.5730 0.1376 0.0000
vt 0.5812 0.1207 0.0000
vt 0.5860 0.0998 0.0000
vt 0.5855 0.0746 0.0000
vt 0.5777 0.0454 0.0000
vt 0.4182 0.0438 0.0000
vt 0.4093 0.0725 0.0000
vt 0.4091 0.0983 0.0000
vt 0.4142 0.1200 0.0000
vt 0.4228 0.1378 0.0000
vt 0.4335 0.1514 0.0000
vt 0.4453 0.1620 0.0000
vt 0.4580 0.1699 0.0000
vt 0.4711 0.1755 0.0000
vt 0.4845 0.1784 0.0000
vt 0.4980 0.1079 0.0000
vt 0.0939 0.7047 0.0000
vt 0.0847 0.7710 0.0000
vt 0.0639 0.7660 0.0000
vt 0.0856 0.7281 0.0000
vt 0.0932 0.7326 0.0000
vt 0.0463 0.7557 0.0000
vt 0.0803 0.7225 0.0000
vt 0.0327 0.7413 0.0000
vt 0.0769 0.7165 0.0000
vt 0.0238 0.7239 0.0000
vt 0.0750 0.7106 0.0000
vt 0.0200 0.7047 0.0000
vt 0.0744 0.7047 0.0000
vt 0.0238 0.6854 0.0000
vt 0.0750 0.6988 0.0000
vt 0.0327 0.6681 0.0000
vt 0.0769 0.6928 0.0000
vt 0.0463 0.6537 0.0000
vt 0.0803 0.6869 0.0000
vt 0.0639 0.6433 0.0000
vt 0.0856 0.6813 0.0000
vt 0.0847 0.6383 0.0000
vt 0.0932 0.6767 0.0000
vt 0.1068 0.6401 0.0000
vt 0.1031 0.6743 0.0000
vt 0.1277 0.6494 0.0000
vt 0.1146 0.6754 0.0000
vt 0.1438 0.6653 0.0000
vt 0.1257 0.6813 0.0000
vt 0.1528 0.6848 0.0000
vt 0.1338 0.6917 0.0000
vt 0.1549 0.7047 0.0000
vt 0.1367 0.7047 0.0000
vt 0.1528 0.7245 0.0000
vt 0.1338 0.7177 0.0000
vt 0.1438 0.7440 0.0000
vt 0.1257 0.7281 0.0000
vt 0.1146 0.7339 0.0000
vt 0.1277 0.7599 0.0000
vt 0.1068 0.7693 0.0000
vt 0.1031 0.7351 0.0000
vt 0.0938 0.7050 0.0000
vt 0.0939 0.7051 0.0000
vt 0.0937 0.7050 0.0000
vt 0.0936 0.7049 0.0000
vt 0.0935 0.7048 0.0000
vt 0.0935 0.7047 0.0000
vt 0.0935 0.7046 0.0000
vt 0.0936 0.7045 0.0000
vt 0.0937 0.7044 0.0000
vt 0.0938 0.7043 0.0000
vt 0.0939 0.7043 0.0000
vt 0.0940 0.7042 0.0000
vt 0.0941 0.7043 0.0000
vt 0.0943 0.7044 0.0000
vt 0.0943 0.7045 0.0000
vt 0.0944 0.7047 0.0000
vt 0.0943 0.7048 0.0000
vt 0.0943 0.7049 0.0000
vt 0.0941 0.7050 0.0000
vt 0.0940 0.7051 0.0000
# 272 texture coords

o Sphere005
g Sphere005
usemtl Material__26
s 1
f 1541/1590/1526 1542/1591/1527 1543/1592/1528 1544/1593/1529 
f 1545/1594/1530 1541/1590/1526 1544/1593/1529 1546/1595/1531 
f 1546/1595/1531 1547/1596/1532 1548/1597/1533 1545/1594/1530 
f 1549/1598/1534 1548/1597/1533 1547/1596/1532 1550/1599/1535 
f 1550/1599/1535 1551/1600/1536 1552/1601/1537 1549/1598/1534 
f 1552/1601/1537 1551/1600/1536 1553/1602/1538 1554/1603/1539 
f 1553/1602/1538 1555/1604/1540 1556/1605/1541 1554/1603/1539 
f 1557/1606/1542 1556/1605/1541 1555/1604/1540 1558/1607/1543 
f 1558/1607/1543 1559/1608/1544 1560/1609/1545 1557/1606/1542 
f 1560/1609/1545 1559/1608/1544 1561/1610/1546 1562/1611/1547 
f 1563/1612/1548 1562/1613/1547 1561/1614/1546 1564/1615/1549 
f 1565/1616/1550 1563/1612/1548 1564/1615/1549 1566/1617/1551 
f 1567/1618/1552 1565/1616/1550 1566/1617/1551 1568/1619/1553 
f 1569/1620/1554 1570/1621/1555 1567/1618/1552 1568/1619/1553 
f 1569/1620/1554 1571/1622/1556 1572/1623/1557 1570/1621/1555 
f 1572/1623/1557 1571/1622/1556 1573/1624/1558 1574/1625/1559 
f 1573/1624/1558 1575/1626/1560 1576/1627/1561 1574/1625/1559 
f 1575/1626/1560 1577/1628/1562 1578/1629/1563 1576/1627/1561 
f 1577/1628/1562 1579/1630/1564 1580/1631/1565 1578/1629/1563 
f 1580/1631/1565 1579/1630/1564 1543/1592/1528 1542/1591/1527 
f 1581/1632/1566 1544/1593/1529 1543/1592/1528 1582/1633/1567 
f 1583/1634/1568 1546/1595/1531 1544/1593/1529 1581/1632/1566 
f 1583/1634/1568 1584/1635/1569 1547/1596/1532 1546/1595/1531 
f 1584/1635/1569 1585/1636/1570 1550/1599/1535 1547/1596/1532 
f 1551/1600/1536 1550/1599/1535 1585/1636/1570 1586/1637/1571 
f 1587/1638/1572 1553/1602/1538 1551/1600/1536 1586/1637/1571 
f 1587/1638/1572 1588/1639/1573 1555/1604/1540 1553/1602/1538 
f 1589/1640/1574 1558/1607/1543 1555/1604/1540 1588/1639/1573 
f 1590/1641/1575 1559/1608/1544 1558/1607/1543 1589/1640/1574 
f 1590/1641/1575 1591/1642/1576 1561/1610/1546 1559/1608/1544 
f 1561/1614/1546 1591/1643/1576 1592/1644/1577 1564/1615/1549 
f 1564/1615/1549 1592/1644/1577 1593/1645/1578 1566/1617/1551 
f 1593/1645/1578 1594/1646/1579 1568/1619/1553 1566/1617/1551 
f 1568/1619/1553 1594/1646/1579 1595/1647/1580 1569/1620/1554 
f 1569/1620/1554 1595/1647/1580 1596/1648/1581 1571/1622/1556 
f 1597/1649/1582 1573/1624/1558 1571/1622/1556 1596/1648/1581 
f 1597/1649/1582 1598/1650/1583 1575/1626/1560 1573/1624/1558 
f 1598/1650/1583 1599/1651/1584 1577/1628/1562 1575/1626/1560 
f 1599/1651/1584 1600/1652/1585 1579/1630/1564 1577/1628/1562 
f 1582/1633/1567 1543/1592/1528 1579/1630/1564 1600/1652/1585 
f 1582/1633/1567 1601/1653/1586 1602/1654/1587 1581/1632/1566 
f 1581/1632/1566 1602/1654/1587 1603/1655/1588 1583/1634/1568 
f 1603/1655/1588 1604/1656/1589 1584/1635/1569 1583/1634/1568 
f 1584/1635/1569 1604/1656/1589 1605/1657/1590 1585/1636/1570 
f 1585/1636/1570 1605/1657/1590 1606/1658/1591 1586/1637/1571 
f 1586/1637/1571 1606/1658/1591 1607/1659/1592 1587/1638/1572 
f 1588/1639/1573 1587/1638/1572 1607/1659/1592 1608/1660/1593 
f 1609/1661/1594 1589/1640/1574 1588/1639/1573 1608/1660/1593 
f 1589/1640/1574 1609/1661/1594 1610/1662/1595 1590/1641/1575 
f 1590/1641/1575 1610/1662/1595 1611/1663/1596 1591/1642/1576 
f 1592/1644/1577 1591/1643/1576 1611/1664/1596 1612/1665/1597 
f 1592/1644/1577 1612/1665/1597 1613/1666/1598 1593/1645/1578 
f 1593/1645/1578 1613/1666/1598 1614/1667/1599 1594/1646/1579 
f 1594/1646/1579 1614/1667/1599 1615/1668/1600 1595/1647/1580 
f 1595/1647/1580 1615/1668/1600 1616/1669/1601 1596/1648/1581 
f 1596/1648/1581 1616/1669/1601 1617/1670/1602 1597/1649/1582 
f 1597/1649/1582 1617/1670/1602 1618/1671/1603 1598/1650/1583 
f 1598/1650/1583 1618/1671/1603 1619/1672/1604 1599/1651/1584 
f 1599/1651/1584 1619/1672/1604 1620/1673/1605 1600/1652/1585 
f 1601/1653/1586 1582/1633/1567 1600/1652/1585 1620/1673/1605 
f 1601/1653/1586 1621/1674/1606 1622/1675/1607 1602/1654/1587 
f 1602/1654/1587 1622/1675/1607 1623/1676/1608 1603/1655/1588 
f 1623/1676/1608 1624/1677/1609 1604/1656/1589 1603/1655/1588 
f 1625/1678/1610 1605/1657/1590 1604/1656/1589 1624/1677/1609 
f 1626/1679/1611 1606/1658/1591 1605/1657/1590 1625/1678/1610 
f 1626/1679/1611 1627/1680/1612 1607/1659/1592 1606/1658/1591 
f 1607/1659/1592 1627/1680/1612 1628/1681/1613 1608/1660/1593 
f 1608/1660/1593 1628/1681/1613 1629/1682/1614 1609/1661/1594 
f 1630/1683/1615 1610/1662/1595 1609/1661/1594 1629/1682/1614 
f 1610/1662/1595 1630/1683/1615 1631/1684/1616 1611/1663/1596 
f 1632/1685/1617 1612/1665/1597 1611/1664/1596 1631/1686/1616 
f 1612/1665/1597 1632/1685/1617 1633/1687/1618 1613/1666/1598 
f 1613/1666/1598 1633/1687/1618 1634/1688/1619 1614/1667/1599 
f 1614/1667/1599 1634/1688/1619 1635/1689/1620 1615/1668/1600 
f 1615/1668/1600 1635/1689/1620 1636/1690/1621 1616/1669/1601 
f 1616/1669/1601 1636/1690/1621 1637/1691/1622 1617/1670/1602 
f 1617/1670/1602 1637/1691/1622 1638/1692/1623 1618/1671/1603 
f 1618/1671/1603 1638/1692/1623 1639/1693/1624 1619/1672/1604 
f 1640/1694/1625 1620/1673/1605 1619/1672/1604 1639/1693/1624 
f 1621/1674/1606 1601/1653/1586 1620/1673/1605 1640/1694/1625 
f 1641/1695/1626 1622/1675/1607 1621/1674/1606 1642/1696/1627 
f 1641/1695/1626 1643/1697/1628 1623/1676/1608 1622/1675/1607 
f 1643/1697/1628 1644/1698/1629 1624/1677/1609 1623/1676/1608 
f 1624/1677/1609 1644/1698/1629 1645/1699/1630 1625/1678/1610 
f 1645/1699/1630 1646/1700/1631 1626/1679/1611 1625/1678/1610 
f 1626/1679/1611 1646/1700/1631 1647/1701/1632 1627/1680/1612 
f 1647/1701/1632 1648/1702/1633 1628/1681/1613 1627/1680/1612 
f 1648/1702/1633 1649/1703/1634 1629/1682/1614 1628/1681/1613 
f 1629/1682/1614 1649/1703/1634 1650/1704/1635 1630/1683/1615 
f 1651/1705/1636 1631/1684/1616 1630/1683/1615 1650/1704/1635 
f 1651/1706/1636 1652/1707/1637 1632/1685/1617 1631/1686/1616 
f 1632/1685/1617 1652/1707/1637 1653/1708/1638 1633/1687/1618 
f 1654/1709/1639 1634/1688/1619 1633/1687/1618 1653/1708/1638 
f 1654/1709/1639 1655/1710/1640 1635/1689/1620 1634/1688/1619 
f 1655/1710/1640 1656/1711/1641 1636/1690/1621 1635/1689/1620 
f 1636/1690/1621 1656/1711/1641 1657/1712/1642 1637/1691/1622 
f 1637/1691/1622 1657/1712/1642 1658/1713/1643 1638/1692/1623 
f 1659/1714/1644 1639/1693/1624 1638/1692/1623 1658/1713/1643 
f 1659/1714/1644 1660/1715/1645 1640/1694/1625 1639/1693/1624 
f 1642/1696/1627 1621/1674/1606 1640/1694/1625 1660/1715/1645 
f 1661/1716/1646 1662/1717/1647 1641/1695/1626 1642/1696/1627 
f 1641/1695/1626 1662/1717/1647 1663/1718/1648 1643/1697/1628 
f 1643/1697/1628 1663/1718/1648 1664/1719/1649 1644/1698/1629 
f 1665/1720/1650 1645/1699/1630 1644/1698/1629 1664/1719/1649 
f 1665/1720/1650 1666/1721/1651 1646/1700/1631 1645/1699/1630 
f 1646/1700/1631 1666/1721/1651 1667/1722/1652 1647/1701/1632 
f 1647/1701/1632 1667/1722/1652 1668/1723/1653 1648/1702/1633 
f 1668/1723/1653 1669/1724/1654 1649/1703/1634 1648/1702/1633 
f 1650/1704/1635 1649/1703/1634 1669/1724/1654 1670/1725/1655 
f 1651/1705/1636 1650/1704/1635 1670/1725/1655 1671/1726/1656 
f 1672/1727/1657 1652/1707/1637 1651/1706/1636 1671/1728/1656 
f 1673/1729/1658 1653/1708/1638 1652/1707/1637 1672/1727/1657 
f 1673/1729/1658 1674/1730/1659 1654/1709/1639 1653/1708/1638 
f 1654/1709/1639 1674/1730/1659 1675/1731/1660 1655/1710/1640 
f 1655/1710/1640 1675/1731/1660 1676/1732/1661 1656/1711/1641 
f 1677/1733/1662 1657/1712/1642 1656/1711/1641 1676/1732/1661 
f 1677/1733/1662 1678/1734/1663 1658/1713/1643 1657/1712/1642 
f 1678/1734/1663 1679/1735/1664 1659/1714/1644 1658/1713/1643 
f 1659/1714/1644 1679/1735/1664 1680/1736/1665 1660/1715/1645 
f 1661/1716/1646 1642/1696/1627 1660/1715/1645 1680/1736/1665 
f 1661/1716/1646 1681/1737/1666 1682/1738/1667 1662/1717/1647 
f 1682/1738/1667 1683/1739/1668 1663/1718/1648 1662/1717/1647 
f 1663/1718/1648 1683/1739/1668 1684/1740/1669 1664/1719/1649 
f 1684/1740/1669 1685/1741/1670 1665/1720/1650 1664/1719/1649 
f 1685/1741/1670 1686/1742/1671 1666/1721/1651 1665/1720/1650 
f 1686/1742/1671 1687/1743/1672 1667/1722/1652 1666/1721/1651 
f 1687/1743/1672 1688/1744/1673 1668/1723/1653 1667/1722/1652 
f 1688/1744/1673 1689/1745/1674 1669/1724/1654 1668/1723/1653 
f 1669/1724/1654 1689/1745/1674 1690/1746/1675 1670/1725/1655 
f 1670/1725/1655 1690/1746/1675 1691/1747/1676 1671/1726/1656 
f 1691/1748/1676 1692/1749/1677 1672/1727/1657 1671/1728/1656 
f 1672/1727/1657 1692/1749/1677 1693/1750/1678 1673/1729/1658 
f 1673/1729/1658 1693/1750/1678 1694/1751/1679 1674/1730/1659 
f 1674/1730/1659 1694/1751/1679 1695/1752/1680 1675/1731/1660 
f 1676/1732/1661 1675/1731/1660 1695/1752/1680 1696/1753/1681 
f 1697/1754/1682 1677/1733/1662 1676/1732/1661 1696/1753/1681 
f 1677/1733/1662 1697/1754/1682 1698/1755/1683 1678/1734/1663 
f 1678/1734/1663 1698/1755/1683 1699/1756/1684 1679/1735/1664 
f 1680/1736/1665 1679/1735/1664 1699/1756/1684 1700/1757/1685 
f 1661/1716/1646 1680/1736/1665 1700/1757/1685 1681/1737/1666 
f 1681/1737/1666 1701/1758/1686 1702/1759/1687 1682/1738/1667 
f 1682/1738/1667 1702/1759/1687 1703/1760/1688 1683/1739/1668 
f 1683/1739/1668 1703/1760/1688 1704/1761/1689 1684/1740/1669 
f 1684/1740/1669 1704/1761/1689 1705/1762/1690 1685/1741/1670 
f 1685/1741/1670 1705/1762/1690 1706/1763/1691 1686/1742/1671 
f 1686/1742/1671 1706/1763/1691 1707/1764/1692 1687/1743/1672 
f 1687/1743/1672 1707/1764/1692 1708/1765/1693 1688/1744/1673 
f 1688/1744/1673 1708/1765/1693 1709/1766/1694 1689/1745/1674 
f 1689/1745/1674 1709/1766/1694 1710/1767/1695 1690/1746/1675 
f 1690/1746/1675 1710/1767/1695 1711/1768/1696 1691/1747/1676 
f 1711/1769/1696 1712/1770/1697 1692/1749/1677 1691/1748/1676 
f 1713/1771/1698 1693/1750/1678 1692/1749/1677 1712/1770/1697 
f 1714/1772/1699 1694/1751/1679 1693/1750/1678 1713/1771/1698 
f 1714/1772/1699 1715/1773/1700 1695/1752/1680 1694/1751/1679 
f 1695/1752/1680 1715/1773/1700 1716/1774/1701 1696/1753/1681 
f 1696/1753/1681 1716/1774/1701 1717/1775/1702 1697/1754/1682 
f 1718/1776/1703 1698/1755/1683 1697/1754/1682 1717/1775/1702 
f 1698/1755/1683 1718/1776/1703 1719/1777/1704 1699/1756/1684 
f 1720/1778/1705 1700/1757/1685 1699/1756/1684 1719/1777/1704 
f 1701/1758/1686 1681/1737/1666 1700/1757/1685 1720/1778/1705 
f 1701/1758/1686 1721/1779/1706 1722/1780/1707 1702/1759/1687 
f 1702/1759/1687 1722/1780/1707 1723/1781/1708 1703/1760/1688 
f 1703/1760/1688 1723/1781/1708 1724/1782/1709 1704/1761/1689 
f 1704/1761/1689 1724/1782/1709 1725/1783/1710 1705/1762/1690 
f 1705/1762/1690 1725/1783/1710 1726/1784/1711 1706/1763/1691 
f 1706/1763/1691 1726/1784/1711 1727/1785/1712 1707/1764/1692 
f 1728/1786/1713 1708/1765/1693 1707/1764/1692 1727/1785/1712 
f 1728/1786/1713 1729/1787/1714 1709/1766/1694 1708/1765/1693 
f 1730/1788/1715 1710/1767/1695 1709/1766/1694 1729/1787/1714 
f 1730/1788/1715 1731/1789/1716 1711/1768/1696 1710/1767/1695 
f 1731/1790/1716 1732/1791/1717 1712/1770/1697 1711/1769/1696 
f 1712/1770/1697 1732/1791/1717 1733/1792/1718 1713/1771/1698 
f 1733/1792/1718 1734/1793/1719 1714/1772/1699 1713/1771/1698 
f 1714/1772/1699 1734/1793/1719 1735/1794/1720 1715/1773/1700 
f 1735/1794/1720 1736/1795/1721 1716/1774/1701 1715/1773/1700 
f 1736/1795/1721 1737/1796/1722 1717/1775/1702 1716/1774/1701 
f 1717/1775/1702 1737/1796/1722 1738/1797/1723 1718/1776/1703 
f 1739/1798/1724 1719/1777/1704 1718/1776/1703 1738/1797/1723 
f 1739/1798/1724 1740/1799/1725 1720/1778/1705 1719/1777/1704 
f 1720/1778/1705 1740/1799/1725 1721/1779/1706 1701/1758/1686 
f 1741/1800/1726 1722/1780/1707 1721/1779/1706 
f 1741/1800/1726 1723/1781/1708 1722/1780/1707 
f 1741/1800/1726 1724/1782/1709 1723/1781/1708 
f 1741/1800/1726 1725/1783/1710 1724/1782/1709 
f 1741/1800/1726 1726/1784/1711 1725/1783/1710 
f 1741/1800/1726 1727/1785/1712 1726/1784/1711 
f 1741/1800/1726 1728/1786/1713 1727/1785/1712 
f 1741/1800/1726 1729/1787/1714 1728/1786/1713 
f 1741/1800/1726 1730/1788/1715 1729/1787/1714 
f 1741/1800/1726 1731/1789/1716 1730/1788/1715 
f 1741/1800/1726 1732/1791/1717 1731/1790/1716 
f 1741/1800/1726 1733/1792/1718 1732/1791/1717 
f 1741/1800/1726 1734/1793/1719 1733/1792/1718 
f 1741/1800/1726 1735/1794/1720 1734/1793/1719 
f 1741/1800/1726 1736/1795/1721 1735/1794/1720 
f 1741/1800/1726 1737/1796/1722 1736/1795/1721 
f 1741/1800/1726 1738/1797/1723 1737/1796/1722 
f 1741/1800/1726 1739/1798/1724 1738/1797/1723 
f 1741/1800/1726 1740/1799/1725 1739/1798/1724 
f 1741/1800/1726 1721/1779/1706 1740/1799/1725 
f 1742/1801/1727 1743/1801/1728 1744/1801/1729 1745/1801/1730 
f 1744/1801/1729 1746/1801/1731 1747/1801/1732 1748/1801/1733 
f 1747/1801/1732 1749/1801/1734 1750/1801/1735 1751/1801/1736 
f 1750/1801/1735 1752/1801/1737 1753/1801/1738 1751/1801/1736 
f 1754/1801/1739 1755/1801/1740 1756/1801/1741 1748/1801/1733 
f 1751/1801/1736 1754/1801/1739 1748/1801/1733 1747/1801/1732 
f 1757/1801/1742 1758/1801/1743 1759/1801/1744 1745/1801/1730 
f 1748/1801/1733 1757/1801/1742 1745/1801/1730 1744/1801/1729 
f 1760/1801/1745 1742/1801/1727 1745/1801/1730 1761/1801/1746 
s 2
f 1542/1802/1527 1541/1803/1526 1762/1804/1747 1763/1805/1748 
f 1545/1806/1530 1764/1807/1749 1762/1804/1747 1541/1803/1526 
f 1764/1807/1749 1545/1806/1530 1548/1808/1533 1765/1809/1750 
f 1548/1808/1533 1549/1810/1534 1766/1811/1751 1765/1809/1750 
f 1766/1811/1751 1549/1810/1534 1552/1812/1537 1767/1813/1752 
f 1767/1813/1752 1552/1812/1537 1554/1814/1539 1768/1815/1753 
f 1768/1815/1753 1554/1814/1539 1556/1816/1541 1769/1817/1754 
f 1556/1816/1541 1557/1818/1542 1770/1819/1755 1769/1817/1754 
f 1560/1820/1545 1771/1821/1756 1770/1819/1755 1557/1818/1542 
f 1771/1821/1756 1560/1820/1545 1562/1822/1547 1772/1823/1757 
f 1563/1824/1548 1773/1825/1758 1772/1823/1757 1562/1822/1547 
f 1563/1824/1548 1565/1826/1550 1774/1827/1759 1773/1825/1758 
f 1774/1827/1759 1565/1826/1550 1567/1828/1552 1775/1829/1760 
f 1567/1828/1552 1570/1830/1555 1776/1831/1761 1775/1829/1760 
f 1572/1832/1557 1777/1833/1762 1776/1831/1761 1570/1830/1555 
f 1574/1834/1559 1778/1835/1763 1777/1833/1762 1572/1832/1557 
f 1574/1834/1559 1576/1836/1561 1779/1837/1764 1778/1835/1763 
f 1780/1838/1765 1779/1837/1764 1576/1836/1561 1578/1839/1563 
f 1580/1840/1565 1781/1841/1766 1780/1838/1765 1578/1839/1563 
f 1542/1802/1527 1763/1805/1748 1781/1841/1766 1580/1840/1565 
f 1760/1801/1745 1782/1801/1767 1783/1801/1768 1742/1801/1727 
f 1784/1801/1769 1743/1801/1728 1742/1801/1727 1783/1801/1768 
f 1743/1801/1728 1784/1801/1769 1785/1801/1770 1744/1801/1729 
f 1746/1801/1731 1744/1801/1729 1785/1801/1770 1786/1801/1771 
f 1747/1801/1732 1746/1801/1731 1786/1801/1771 1787/1801/1772 
f 1747/1801/1732 1787/1801/1772 1788/1801/1773 1749/1801/1734 
f 1789/1801/1774 1750/1801/1735 1749/1801/1734 1788/1801/1773 
f 1750/1801/1735 1789/1801/1774 1790/1801/1775 1752/1801/1737 
f 1753/1801/1738 1752/1801/1737 1790/1801/1775 1791/1801/1776 
f 1751/1801/1736 1753/1801/1738 1791/1801/1776 1792/1801/1777 
f 1754/1801/1739 1751/1801/1736 1792/1801/1777 1793/1801/1778 
f 1754/1801/1739 1793/1801/1778 1794/1801/1779 1755/1801/1740 
f 1794/1801/1779 1795/1801/1780 1756/1801/1741 1755/1801/1740 
f 1748/1801/1733 1756/1801/1741 1795/1801/1780 1796/1801/1781 
f 1748/1801/1733 1796/1801/1781 1797/1801/1782 1757/1801/1742 
f 1757/1801/1742 1797/1801/1782 1798/1801/1783 1758/1801/1743 
f 1799/1801/1784 1759/1801/1744 1758/1801/1743 1798/1801/1783 
f 1759/1801/1744 1799/1801/1784 1800/1801/1785 1745/1801/1730 
f 1745/1801/1730 1800/1801/1785 1801/1801/1786 1761/1801/1746 
f 1761/1801/1746 1801/1801/1786 1782/1801/1767 1760/1801/1745 
f 1763/1805/1748 1762/1804/1747 1802/1842/1787 1803/1843/1788 
f 1764/1807/1749 1804/1844/1789 1802/1842/1787 1762/1804/1747 
f 1805/1845/1790 1804/1844/1789 1764/1807/1749 1765/1809/1750 
f 1806/1846/1791 1805/1845/1790 1765/1809/1750 1766/1811/1751 
f 1767/1813/1752 1807/1847/1792 1806/1846/1791 1766/1811/1751 
f 1768/1815/1753 1808/1848/1793 1807/1847/1792 1767/1813/1752 
f 1808/1848/1793 1768/1815/1753 1769/1817/1754 1809/1849/1794 
f 1810/1850/1795 1809/1849/1794 1769/1817/1754 1770/1819/1755 
f 1810/1850/1795 1770/1819/1755 1771/1821/1756 1811/1851/1796 
f 1811/1851/1796 1771/1821/1756 1772/1823/1757 1812/1852/1797 
f 1813/1853/1798 1812/1852/1797 1772/1823/1757 1773/1825/1758 
f 1814/1854/1799 1813/1853/1798 1773/1825/1758 1774/1827/1759 
f 1815/1855/1800 1814/1854/1799 1774/1827/1759 1775/1829/1760 
f 1775/1829/1760 1776/1831/1761 1816/1856/1801 1815/1855/1800 
f 1816/1856/1801 1776/1831/1761 1777/1833/1762 1817/1857/1802 
f 1778/1835/1763 1818/1858/1803 1817/1857/1802 1777/1833/1762 
f 1818/1858/1803 1778/1835/1763 1779/1837/1764 1819/1859/1804 
f 1819/1859/1804 1779/1837/1764 1780/1838/1765 1820/1860/1805 
f 1821/1861/1806 1820/1860/1805 1780/1838/1765 1781/1841/1766 
f 1821/1861/1806 1781/1841/1766 1763/1805/1748 1803/1843/1788 
f 1802/1842/1787 1783/1801/1768 1782/1801/1767 1803/1843/1788 
f 1784/1801/1769 1783/1801/1768 1802/1842/1787 1804/1844/1789 
f 1784/1801/1769 1804/1844/1789 1805/1845/1790 1785/1801/1770 
f 1806/1846/1791 1786/1801/1771 1785/1801/1770 1805/1845/1790 
f 1786/1801/1771 1806/1846/1791 1807/1847/1792 1787/1801/1772 
f 1808/1848/1793 1788/1801/1773 1787/1801/1772 1807/1847/1792 
f 1788/1801/1773 1808/1848/1793 1809/1849/1794 1789/1801/1774 
f 1789/1801/1774 1809/1849/1794 1810/1850/1795 1790/1801/1775 
f 1811/1851/1796 1791/1801/1776 1790/1801/1775 1810/1850/1795 
f 1812/1852/1797 1792/1801/1777 1791/1801/1776 1811/1851/1796 
f 1813/1853/1798 1793/1801/1778 1792/1801/1777 1812/1852/1797 
f 1814/1854/1799 1794/1801/1779 1793/1801/1778 1813/1853/1798 
f 1815/1855/1800 1795/1801/1780 1794/1801/1779 1814/1854/1799 
f 1816/1856/1801 1796/1801/1781 1795/1801/1780 1815/1855/1800 
f 1797/1801/1782 1796/1801/1781 1816/1856/1801 1817/1857/1802 
f 1797/1801/1782 1817/1857/1802 1818/1858/1803 1798/1801/1783 
f 1799/1801/1784 1798/1801/1783 1818/1858/1803 1819/1859/1804 
f 1800/1801/1785 1799/1801/1784 1819/1859/1804 1820/1860/1805 
f 1821/1861/1806 1801/1801/1786 1800/1801/1785 1820/1860/1805 
f 1801/1801/1786 1821/1861/1806 1803/1843/1788 1782/1801/1767 
# 269 polygons - 20 triangles

#
# object Sphere010
#

v  0.4470 3.8921 -0.7824
v  0.4516 3.8908 -0.7742
v  0.4851 3.7751 -0.7897
v  0.4624 3.7814 -0.8297
v  0.4414 3.8959 -0.7892
v  0.4354 3.7997 -0.8626
v  0.4065 3.8283 -0.8855
v  0.4355 3.9017 -0.7939
v  0.4299 3.9090 -0.7960
v  0.3787 3.8643 -0.8960
v  0.3546 3.9042 -0.8932
v  0.4250 3.9172 -0.7954
v  0.3366 3.9443 -0.8770
v  0.4213 3.9253 -0.7920
v  0.3263 3.9810 -0.8489
v  0.4193 3.9327 -0.7863
v  0.4191 3.9385 -0.7788
v  0.3249 4.0103 -0.8119
v  0.3327 4.0290 -0.7696
v  0.4207 3.9423 -0.7702
v  0.3491 4.0350 -0.7264
v  0.4240 3.9435 -0.7614
v  0.4287 3.9423 -0.7531
v  0.3722 4.0279 -0.6863
v  0.4342 3.9385 -0.7464
v  0.3998 4.0089 -0.6533
v  0.4401 3.9327 -0.7417
v  0.4287 3.9801 -0.6304
v  0.4565 3.9441 -0.6200
v  0.4458 3.9253 -0.7396
v  0.4805 3.9042 -0.6231
v  0.4507 3.9172 -0.7402
v  0.4983 3.8643 -0.6395
v  0.4543 3.9090 -0.7435
v  0.5082 3.8283 -0.6675
v  0.4563 3.9017 -0.7492
v  0.5092 3.7997 -0.7043
v  0.4565 3.8959 -0.7568
v  0.5012 3.7814 -0.7465
v  0.4549 3.8921 -0.7654
v  0.4772 3.6539 -0.8811
v  0.5200 3.6419 -0.8057
v  0.4259 3.6887 -0.9431
v  0.3712 3.7431 -0.9862
v  0.3182 3.8116 -1.0066
v  0.2721 3.8876 -1.0018
v  0.2372 3.9643 -0.9716
v  0.2167 4.0356 -0.9179
v  0.2131 4.0931 -0.8470
v  0.2277 4.1294 -0.7665
v  0.2592 4.1401 -0.6845
v  0.3041 4.1249 -0.6087
v  0.3576 4.0871 -0.5455
v  0.4129 4.0319 -0.5023
v  0.4656 3.9635 -0.4831
v  0.5113 3.8876 -0.4889
v  0.5452 3.8116 -0.5197
v  0.5638 3.7431 -0.5733
v  0.5657 3.6887 -0.6434
v  0.5506 3.6539 -0.7236
v  0.5000 3.5066 -0.7961
v  0.4410 3.5224 -0.8992
v  0.3702 3.5696 -0.9834
v  0.2951 3.6444 -1.0422
v  0.2227 3.7393 -1.0709
v  0.1593 3.8441 -1.0656
v  0.1105 3.9496 -1.0243
v  0.0806 4.0487 -0.9498
v  0.0747 4.1299 -0.8517
v  0.0949 4.1814 -0.7410
v  0.1393 4.1954 -0.6286
v  0.2019 4.1721 -0.5242
v  0.2748 4.1181 -0.4386
v  0.3493 4.0420 -0.3829
v  0.4218 3.9483 -0.3584
v  0.4859 3.8441 -0.3653
v  0.5335 3.7393 -0.4044
v  0.5592 3.6444 -0.4758
v  0.5618 3.5696 -0.5724
v  0.5417 3.5224 -0.6831
v  0.4343 3.3948 -0.7655
v  0.3642 3.4106 -0.8863
v  0.2808 3.4605 -0.9842
v  0.1939 3.5473 -1.0519
v  0.1116 3.6605 -1.0865
v  0.0382 3.7848 -1.0821
v  -0.0212 3.9073 -1.0344
v  -0.0591 4.0222 -0.9458
v  -0.0666 4.1184 -0.8303
v  -0.0406 4.1815 -0.7012
v  0.0137 4.1981 -0.5700
v  0.0864 4.1689 -0.4461
v  0.1679 4.1037 -0.3477
v  0.2535 4.0147 -0.2856
v  0.3409 3.9062 -0.2592
v  0.4185 3.7848 -0.2666
v  0.4742 3.6605 -0.3090
v  0.5032 3.5473 -0.3886
v  0.5057 3.4605 -0.5018
v  0.4827 3.4106 -0.6322
v  0.2509 3.3231 -0.8423
v  0.3271 3.3088 -0.7159
v  0.1606 3.3705 -0.9430
v  0.0718 3.4580 -1.0140
v  -0.0100 3.5798 -1.0511
v  -0.0846 3.7122 -1.0478
v  -0.1497 3.8384 -0.9975
v  -0.1928 3.9534 -0.9045
v  -0.1982 4.0501 -0.7842
v  -0.1660 4.1178 -0.6508
v  -0.1078 4.1399 -0.5133
v  -0.0358 4.1110 -0.3809
v  0.0436 4.0421 -0.2764
v  0.1328 3.9489 -0.2125
v  0.2295 3.8357 -0.1880
v  0.3145 3.7090 -0.1964
v  0.3706 3.5775 -0.2381
v  0.3966 3.4574 -0.3181
v  0.3971 3.3706 -0.4358
v  0.3759 3.3232 -0.5743
v  0.1915 3.2473 -0.6529
v  0.1172 3.2593 -0.7733
v  0.0284 3.3027 -0.8681
v  -0.0565 3.3868 -0.9353
v  -0.1312 3.5051 -0.9704
v  -0.2001 3.6320 -0.9670
v  -0.2629 3.7499 -0.9183
v  -0.3025 3.8490 -0.8315
v  -0.3039 3.9331 -0.7196
v  -0.2690 3.9964 -0.5947
v  -0.2139 4.0221 -0.4639
v  -0.1509 4.0008 -0.3354
v  -0.0811 3.9410 -0.2309
v  0.0059 3.8502 -0.1685
v  0.1021 3.7416 -0.1470
v  0.1845 3.6210 -0.1574
v  0.2352 3.4960 -0.1971
v  0.2553 3.3822 -0.2729
v  0.2543 3.3020 -0.3845
v  0.2365 3.2594 -0.5174
v  0.0262 3.2035 -0.5768
v  -0.0370 3.2157 -0.6791
v  -0.1131 3.2563 -0.7602
v  -0.1871 3.3308 -0.8172
v  -0.2531 3.4329 -0.8458
v  -0.3119 3.5406 -0.8413
v  -0.3625 3.6379 -0.8004
v  -0.3931 3.7194 -0.7280
v  -0.3917 3.7860 -0.6341
v  -0.3613 3.8352 -0.5283
v  -0.3163 3.8586 -0.4161
v  -0.2654 3.8468 -0.3067
v  -0.2041 3.7987 -0.2145
v  -0.1286 3.7227 -0.1564
v  -0.0464 3.6281 -0.1358
v  0.0227 3.5242 -0.1462
v  0.0643 3.4190 -0.1841
v  0.0810 3.3227 -0.2533
v  0.0806 3.2533 -0.3489
v  0.0645 3.2154 -0.4618
v  -0.1360 3.2082 -0.5007
v  -0.1803 3.2191 -0.5750
v  -0.2340 3.2528 -0.6349
v  -0.2891 3.3091 -0.6761
v  -0.3393 3.3802 -0.6959
v  -0.3827 3.4559 -0.6914
v  -0.4164 3.5262 -0.6618
v  -0.4352 3.5870 -0.6099
v  -0.4347 3.6359 -0.5419
v  -0.4159 3.6700 -0.4644
v  -0.3849 3.6849 -0.3831
v  -0.3457 3.6762 -0.3053
v  -0.2985 3.6427 -0.2405
v  -0.2440 3.5889 -0.1970
v  -0.1878 3.5205 -0.1792
v  -0.1407 3.4456 -0.1864
v  -0.1097 3.3706 -0.2168
v  -0.0950 3.3027 -0.2686
v  -0.0938 3.2498 -0.3383
v  -0.1070 3.2184 -0.4188
v  -0.2941 3.2571 -0.4250
v  -0.3164 3.2633 -0.4640
v  -0.3432 3.2813 -0.4960
v  -0.3714 3.3094 -0.5181
v  -0.3984 3.3448 -0.5283
v  -0.4215 3.3836 -0.5254
v  -0.4385 3.4214 -0.5097
v  -0.4478 3.4552 -0.4827
v  -0.4482 3.4820 -0.4469
v  -0.4398 3.4996 -0.4058
v  -0.4240 3.5063 -0.3632
v  -0.4023 3.5010 -0.3234
v  -0.3762 3.4836 -0.2904
v  -0.3479 3.4557 -0.2678
v  -0.3203 3.4202 -0.2579
v  -0.2968 3.3813 -0.2612
v  -0.2800 3.3427 -0.2774
v  -0.2711 3.3080 -0.3049
v  -0.2705 3.2806 -0.3411
v  -0.2784 3.2631 -0.3826
v  -0.4025 3.3523 -0.3731
v  0.6140 3.9816 -0.7909
v  0.6116 3.9871 -0.7983
v  0.6082 3.9944 -0.8034
v  0.6135 3.9796 -0.7633
v  0.6042 4.0027 -0.8058
v  0.5998 4.0111 -0.8053
v  0.5986 4.0067 -0.7453
v  0.5956 4.0189 -0.8019
v  0.5920 4.0254 -0.7958
v  0.5876 4.0310 -0.7692
v  0.5893 4.0298 -0.7878
v  0.5878 4.0317 -0.7787
v  0.5888 4.0278 -0.7603
v  0.5912 4.0222 -0.7529
v  0.5946 4.0150 -0.7478
v  0.6030 3.9982 -0.7459
v  0.6071 3.9904 -0.7493
v  0.6108 3.9840 -0.7553
v  0.6152 3.9783 -0.7820
v  0.6150 3.9776 -0.7725
v  0.4710 3.9064 -0.7895
v  0.4720 3.9030 -0.7804
v  0.4688 3.9121 -0.7970
v  0.4656 3.9195 -0.8022
v  0.4617 3.9278 -0.8047
v  0.4574 3.9363 -0.8042
v  0.4531 3.9441 -0.8007
v  0.4494 3.9505 -0.7947
v  0.4465 3.9547 -0.7866
v  0.4448 3.9566 -0.7772
v  0.4444 3.9557 -0.7675
v  0.4454 3.9522 -0.7584
v  0.4476 3.9466 -0.7507
v  0.4509 3.9392 -0.7453
v  0.4549 3.9309 -0.7427
v  0.4592 3.9224 -0.7431
v  0.4634 3.9146 -0.7466
v  0.4671 3.9082 -0.7529
v  0.4699 3.9039 -0.7611
v  0.4716 3.9021 -0.7706
v  0.5776 3.9600 -0.7876
v  0.5768 3.9635 -0.7964
v  0.5748 3.9692 -0.8036
v  0.5716 3.9765 -0.8087
v  0.5677 3.9849 -0.8110
v  0.5635 3.9933 -0.8105
v  0.5592 4.0011 -0.8070
v  0.5554 4.0075 -0.8011
v  0.5525 4.0118 -0.7932
v  0.5506 4.0136 -0.7841
v  0.5500 4.0127 -0.7748
v  0.5508 4.0093 -0.7660
v  0.5529 4.0036 -0.7588
v  0.5560 3.9963 -0.7537
v  0.5599 3.9879 -0.7514
v  0.5642 3.9794 -0.7519
v  0.5684 3.9716 -0.7553
v  0.5722 3.9653 -0.7613
v  0.5752 3.9610 -0.7692
v  0.5770 3.9592 -0.7783
v  0.5230 3.9359 -0.7986
v  0.5239 3.9325 -0.7899
v  0.5209 3.9416 -0.8059
v  0.5178 3.9489 -0.8110
v  0.5139 3.9572 -0.8133
v  0.5096 3.9657 -0.8128
v  0.5054 3.9735 -0.8094
v  0.5016 3.9799 -0.8034
v  0.4986 3.9842 -0.7955
v  0.4968 3.9860 -0.7864
v  0.4963 3.9852 -0.7770
v  0.4971 3.9817 -0.7682
v  0.4992 3.9761 -0.7610
v  0.5024 3.9687 -0.7558
v  0.5063 3.9604 -0.7534
v  0.5106 3.9519 -0.7540
v  0.5149 3.9441 -0.7574
v  0.5186 3.9377 -0.7634
v  0.5215 3.9334 -0.7714
v  0.5234 3.9316 -0.7805
# 281 vertices

vn 0.7474 -0.2681 -0.6079
vn 0.8553 -0.3206 -0.4071
vn 0.8675 0.2892 -0.4047
vn 0.8325 0.2984 -0.4668
vn 0.6228 -0.1594 -0.7660
vn 0.7905 0.3256 -0.5187
vn 0.7461 0.3687 -0.5544
vn 0.4936 -0.0089 -0.8696
vn 0.3705 0.1679 -0.9135
vn 0.7038 0.4239 -0.5701
vn 0.6676 0.4853 -0.5646
vn 0.2621 0.3560 -0.8970
vn 0.6409 0.5464 -0.5392
vn 0.1758 0.5413 -0.8223
vn 0.6269 0.6005 -0.4964
vn 0.1185 0.7101 -0.6940
vn 0.0969 0.8486 -0.5200
vn 0.6275 0.6425 -0.4398
vn 0.6415 0.6695 -0.3746
vn 0.1156 0.9427 -0.3128
vn 0.6663 0.6793 -0.3075
vn 0.1760 0.9802 -0.0903
vn 0.2753 0.9533 0.1246
vn 0.6994 0.6713 -0.2453
vn 0.4048 0.8614 0.3069
vn 0.7386 0.6453 -0.1949
vn 0.5503 0.7128 0.4348
vn 0.7816 0.6029 -0.1604
vn 0.8239 0.5479 -0.1445
vn 0.6943 0.5231 0.4943
vn 0.8606 0.4868 -0.1497
vn 0.8203 0.3123 0.4792
vn 0.8878 0.4257 -0.1747
vn 0.9144 0.1025 0.3916
vn 0.9033 0.3702 -0.2169
vn 0.9670 -0.0837 0.2405
vn 0.9048 0.3264 -0.2735
vn 0.9734 -0.2254 0.0418
vn 0.8924 0.2987 -0.3382
vn 0.9341 -0.3070 -0.1825
vn 0.8325 0.0579 -0.5511
vn 0.9054 0.0394 -0.4227
vn 0.7451 0.1112 -0.6576
vn 0.6547 0.1974 -0.7297
vn 0.5711 0.3095 -0.7603
vn 0.4995 0.4358 -0.7487
vn 0.4448 0.5608 -0.6983
vn 0.4159 0.6706 -0.6143
vn 0.4195 0.7573 -0.5005
vn 0.4532 0.8137 -0.3640
vn 0.5065 0.8334 -0.2213
vn 0.5713 0.8154 -0.0931
vn 0.6450 0.7641 0.0110
vn 0.7284 0.6793 0.0892
vn 0.8147 0.5664 0.1243
vn 0.8909 0.4407 0.1097
vn 0.9478 0.3150 0.0506
vn 0.9785 0.2024 -0.0392
vn 0.9816 0.1137 -0.1533
vn 0.9564 0.0589 -0.2860
vn 0.8411 -0.3715 -0.3931
vn 0.7182 -0.3356 -0.6095
vn 0.5738 -0.2351 -0.7845
vn 0.4251 -0.0951 -0.9001
vn 0.2917 0.0875 -0.9525
vn 0.1759 0.3010 -0.9373
vn 0.0830 0.5128 -0.8545
vn 0.0286 0.6942 -0.7192
vn 0.0311 0.8436 -0.5360
vn 0.0928 0.9483 -0.3035
vn 0.1893 0.9805 -0.0524
vn 0.2995 0.9393 0.1675
vn 0.4175 0.8410 0.3441
vn 0.5469 0.6936 0.4688
vn 0.6801 0.5156 0.5211
vn 0.8061 0.3210 0.4972
vn 0.9088 0.1124 0.4018
vn 0.9659 -0.0815 0.2457
vn 0.9709 -0.2332 0.0549
vn 0.9278 -0.3355 -0.1634
vn 0.6562 -0.6893 -0.3071
vn 0.5179 -0.6474 -0.5591
vn 0.3459 -0.5204 -0.7808
vn 0.1667 -0.3360 -0.9270
vn 0.0046 -0.1227 -0.9924
vn -0.1393 0.1330 -0.9813
vn -0.2578 0.3965 -0.8811
vn -0.3320 0.6185 -0.7122
vn -0.3541 0.7986 -0.4866
vn -0.2953 0.9361 -0.1910
vn -0.1604 0.9791 0.1247
vn 0.0009 0.9205 0.3907
vn 0.1600 0.7885 0.5938
vn 0.3169 0.6075 0.7283
vn 0.4683 0.4036 0.7860
vn 0.6193 0.1811 0.7640
vn 0.7487 -0.0715 0.6590
vn 0.8235 -0.3200 0.4685
vn 0.8213 -0.5249 0.2235
vn 0.7591 -0.6495 -0.0433
vn 0.3093 -0.8333 -0.4582
vn 0.4445 -0.8713 -0.2081
vn 0.1277 -0.7105 -0.6921
vn -0.0716 -0.5083 -0.8582
vn -0.2542 -0.2802 -0.9257
vn -0.4074 -0.0294 -0.9128
vn -0.5351 0.2399 -0.8100
vn -0.6257 0.4793 -0.6154
vn -0.6688 0.6557 -0.3504
vn -0.6295 0.7757 -0.0452
vn -0.4958 0.8291 0.2583
vn -0.3044 0.7948 0.5250
vn -0.0908 0.6706 0.7362
vn 0.1011 0.4743 0.8745
vn 0.2623 0.2646 0.9280
vn 0.4074 0.0441 0.9122
vn 0.5394 -0.2188 0.8131
vn 0.6175 -0.4997 0.6075
vn 0.6101 -0.7200 0.3307
vn 0.5459 -0.8363 0.0510
vn 0.2828 -0.9500 -0.1320
vn 0.1513 -0.9215 -0.3577
vn -0.0482 -0.8085 -0.5865
vn -0.2708 -0.5996 -0.7531
vn -0.4491 -0.3689 -0.8138
vn -0.5891 -0.1461 -0.7948
vn -0.7147 0.1010 -0.6921
vn -0.8083 0.3383 -0.4818
vn -0.8377 0.5073 -0.2022
vn -0.7993 0.5967 0.0711
vn -0.7006 0.6436 0.3081
vn -0.5444 0.6421 0.5398
vn -0.3201 0.5361 0.7811
vn -0.0777 0.3315 0.9403
vn 0.1023 0.1278 0.9865
vn 0.2311 -0.0774 0.9698
vn 0.3395 -0.3301 0.8808
vn 0.4072 -0.6132 0.6769
vn 0.4161 -0.8233 0.3861
vn 0.3673 -0.9241 0.1058
vn 0.1019 -0.9935 -0.0497
vn -0.0352 -0.9662 -0.2552
vn -0.2403 -0.8581 -0.4537
vn -0.4529 -0.6567 -0.6030
vn -0.6074 -0.4368 -0.6635
vn -0.7258 -0.2407 -0.6444
vn -0.8403 -0.0327 -0.5412
vn -0.9238 0.1889 -0.3330
vn -0.9280 0.3656 -0.0717
vn -0.8774 0.4562 0.1483
vn -0.8077 0.4925 0.3243
vn -0.6996 0.4761 0.5328
vn -0.5216 0.3601 0.7735
vn -0.2861 0.1742 0.9422
vn -0.0899 -0.0189 0.9958
vn 0.0368 -0.2113 0.9767
vn 0.1172 -0.4418 0.8894
vn 0.1664 -0.6891 0.7053
vn 0.1895 -0.8785 0.4386
vn 0.1684 -0.9703 0.1736
vn -0.1285 -0.9902 0.0555
vn -0.2537 -0.9580 -0.1333
vn -0.4253 -0.8540 -0.2996
vn -0.5904 -0.6893 -0.4198
vn -0.7182 -0.5071 -0.4765
vn -0.8263 -0.3276 -0.4581
vn -0.9220 -0.1458 -0.3587
vn -0.9817 0.0377 -0.1865
vn -0.9805 0.1962 0.0147
vn -0.9340 0.2961 0.1998
vn -0.8693 0.3265 0.3712
vn -0.7786 0.2872 0.5579
vn -0.6418 0.1768 0.7462
vn -0.4659 0.0216 0.8846
vn -0.2988 -0.1475 0.9428
vn -0.1788 -0.3277 0.9277
vn -0.1064 -0.5222 0.8461
vn -0.0668 -0.7126 0.6983
vn -0.0495 -0.8702 0.4902
vn -0.0640 -0.9627 0.2630
vn -0.3981 -0.8986 0.1846
vn -0.4865 -0.8728 0.0397
vn -0.5937 -0.8008 -0.0791
vn -0.7011 -0.6937 -0.1651
vn -0.8006 -0.5625 -0.2063
vn -0.8870 -0.4199 -0.1921
vn -0.9528 -0.2779 -0.1221
vn -0.9891 -0.1472 -0.0105
vn -0.9916 -0.0380 0.1238
vn -0.9629 0.0358 0.2674
vn -0.9086 0.0597 0.4133
vn -0.8310 0.0298 0.5554
vn -0.7322 -0.0465 0.6795
vn -0.6209 -0.1538 0.7686
vn -0.5122 -0.2804 0.8118
vn -0.4216 -0.4216 0.8028
vn -0.3593 -0.5675 0.7409
vn -0.3274 -0.7008 0.6339
vn -0.3231 -0.8062 0.4956
vn -0.3440 -0.8746 0.3416
vn -0.7830 -0.5038 0.3648
vn 0.9119 -0.2475 -0.3274
vn 0.8593 -0.1072 -0.5001
vn 0.7826 0.0703 -0.6186
vn 0.8811 -0.3256 0.3430
vn 0.6892 0.2682 -0.6731
vn 0.5879 0.4685 -0.6595
vn 0.5021 0.3401 0.7952
vn 0.4878 0.6532 -0.5792
vn 0.3979 0.8055 -0.4392
vn 0.2645 0.9441 0.1968
vn 0.3265 0.9111 -0.2516
vn 0.2804 0.9593 -0.0329
vn 0.2811 0.8652 0.4153
vn 0.3294 0.7288 0.6003
vn 0.4055 0.5477 0.7318
vn 0.6090 0.1277 0.7828
vn 0.7151 -0.0670 0.6958
vn 0.8090 -0.2234 0.5437
vn 0.9346 -0.3365 -0.1156
vn 0.9242 -0.3640 0.1154
vn 0.3407 -0.7931 -0.5050
vn 0.4503 -0.8662 -0.2166
vn 0.2007 -0.6392 -0.7424
vn 0.0440 -0.4235 -0.9048
vn -0.1150 -0.1701 -0.9787
vn -0.2633 0.0964 -0.9599
vn -0.3887 0.3530 -0.8511
vn -0.4797 0.5775 -0.6606
vn -0.5256 0.7488 -0.4037
vn -0.5184 0.8487 -0.1044
vn -0.4560 0.8658 0.2060
vn -0.3439 0.7986 0.4940
vn -0.1945 0.6551 0.7301
vn -0.0239 0.4494 0.8930
vn 0.1493 0.1998 0.9684
vn 0.3063 -0.0713 0.9493
vn 0.4302 -0.3371 0.8374
vn 0.5097 -0.5703 0.6442
vn 0.5394 -0.7474 0.3879
vn 0.5187 -0.8500 0.0917
vn 0.4530 -0.8649 -0.2161
vn 0.4232 -0.7499 -0.5085
vn 0.3514 -0.5615 -0.7492
vn 0.2455 -0.3197 -0.9151
vn 0.1167 -0.0488 -0.9920
vn -0.0226 0.2258 -0.9739
vn -0.1595 0.4791 -0.8632
vn -0.2815 0.6875 -0.6694
vn -0.3771 0.8307 -0.4095
vn -0.4365 0.8932 -0.1076
vn -0.4533 0.8671 0.2065
vn -0.4251 0.7542 0.5005
vn -0.3549 0.5662 0.7439
vn -0.2500 0.3232 0.9127
vn -0.1211 0.0498 0.9914
vn 0.0191 -0.2276 0.9736
vn 0.1575 -0.4828 0.8614
vn 0.2811 -0.6919 0.6651
vn 0.3777 -0.8339 0.4023
vn 0.4373 -0.8939 0.0983
vn 0.3789 -0.7685 -0.5155
vn 0.4501 -0.8651 -0.2214
vn 0.2724 -0.5955 -0.7558
vn 0.1415 -0.3664 -0.9196
vn -0.0013 -0.1054 -0.9944
vn -0.1437 0.1630 -0.9761
vn -0.2739 0.4157 -0.8673
vn -0.3803 0.6309 -0.6763
vn -0.4516 0.7882 -0.4182
vn -0.4786 0.8704 -0.1156
vn -0.4561 0.8669 0.2012
vn -0.3851 0.7769 0.4982
vn -0.2734 0.6100 0.7438
vn -0.1340 0.3843 0.9134
vn 0.0175 0.1223 0.9923
vn 0.1658 -0.1510 0.9745
vn 0.2964 -0.4106 0.8623
vn 0.3976 -0.6316 0.6656
vn 0.4601 -0.7918 0.4017
vn 0.4782 -0.8730 0.0956
# 281 vertex normals

vt 0.5025 0.5210 0.0000
vt 0.4967 0.5211 0.0000
vt 0.4959 0.4525 0.0000
vt 0.5122 0.4533 0.0000
vt 0.5082 0.5219 0.0000
vt 0.5285 0.4564 0.0000
vt 0.5448 0.4618 0.0000
vt 0.5138 0.5237 0.0000
vt 0.5190 0.5265 0.0000
vt 0.5612 0.4698 0.0000
vt 0.5766 0.4819 0.0000
vt 0.5232 0.5307 0.0000
vt 0.5910 0.4974 0.0000
vt 0.5266 0.5357 0.0000
vt 0.6037 0.5174 0.0000
vt 0.5289 0.5415 0.0000
vt 0.5300 0.5478 0.0000
vt 0.6132 0.5424 0.0000
vt 0.6170 0.5726 0.0000
vt 0.5294 0.5545 0.0000
vt 0.6115 0.6071 0.0000
vt 0.5270 0.5615 0.0000
vt 0.4626 0.5569 0.0000
vt 0.4650 0.5638 0.0000
vt 0.3770 0.6118 0.0000
vt 0.3725 0.5747 0.0000
vt 0.4621 0.5500 0.0000
vt 0.3771 0.5434 0.0000
vt 0.4632 0.5435 0.0000
vt 0.3869 0.5179 0.0000
vt 0.3998 0.4975 0.0000
vt 0.4662 0.5377 0.0000
vt 0.4150 0.4826 0.0000
vt 0.4696 0.5325 0.0000
vt 0.4310 0.4716 0.0000
vt 0.4744 0.5287 0.0000
vt 0.4470 0.4627 0.0000
vt 0.4797 0.5258 0.0000
vt 0.4634 0.4576 0.0000
vt 0.4854 0.5239 0.0000
vt 0.4796 0.4539 0.0000
vt 0.4910 0.5220 0.0000
vt 0.5176 0.4104 0.0000
vt 0.4966 0.4094 0.0000
vt 0.5389 0.4136 0.0000
vt 0.5609 0.4190 0.0000
vt 0.5839 0.4270 0.0000
vt 0.6077 0.4388 0.0000
vt 0.6330 0.4553 0.0000
vt 0.6602 0.4788 0.0000
vt 0.6881 0.5114 0.0000
vt 0.7134 0.5571 0.0000
vt 0.7292 0.6221 0.0000
vt 0.2508 0.6229 0.0000
vt 0.2744 0.5562 0.0000
vt 0.3028 0.5094 0.0000
vt 0.3308 0.4771 0.0000
vt 0.3577 0.4546 0.0000
vt 0.3837 0.4378 0.0000
vt 0.4082 0.4265 0.0000
vt 0.4312 0.4190 0.0000
vt 0.4536 0.4135 0.0000
vt 0.4753 0.4105 0.0000
vt 0.4968 0.3796 0.0000
vt 0.5200 0.3804 0.0000
vt 0.5437 0.3828 0.0000
vt 0.5688 0.3871 0.0000
vt 0.5957 0.3939 0.0000
vt 0.6245 0.4028 0.0000
vt 0.6572 0.4161 0.0000
vt 0.6960 0.4357 0.0000
vt 0.7407 0.4646 0.0000
vt 0.7910 0.5086 0.0000
vt 0.8461 0.5825 0.0000
vt 0.1340 0.5705 0.0000
vt 0.1991 0.5037 0.0000
vt 0.2527 0.4610 0.0000
vt 0.2966 0.4340 0.0000
vt 0.3344 0.4156 0.0000
vt 0.3677 0.4023 0.0000
vt 0.3968 0.3924 0.0000
vt 0.4236 0.3858 0.0000
vt 0.4491 0.3820 0.0000
vt 0.4733 0.3801 0.0000
vt 0.4969 0.3554 0.0000
vt 0.5216 0.3552 0.0000
vt 0.5463 0.3555 0.0000
vt 0.5730 0.3584 0.0000
vt 0.6021 0.3636 0.0000
vt 0.6343 0.3703 0.0000
vt 0.6715 0.3778 0.0000
vt 0.7181 0.3893 0.0000
vt 0.7741 0.4085 0.0000
vt 0.8414 0.4404 0.0000
vt 0.9336 0.4978 0.0000
vt 0.1515 0.4331 0.0000
vt 0.0591 0.4790 0.0000
vt 0.2203 0.4041 0.0000
vt 0.2746 0.3875 0.0000
vt 0.3201 0.3772 0.0000
vt 0.3584 0.3693 0.0000
vt 0.3908 0.3620 0.0000
vt 0.4195 0.3568 0.0000
vt 0.4464 0.3549 0.0000
vt 0.4718 0.3549 0.0000
vt 0.5229 0.3291 0.0000
vt 0.4971 0.3301 0.0000
vt 0.5483 0.3276 0.0000
vt 0.5750 0.3282 0.0000
vt 0.6053 0.3318 0.0000
vt 0.6393 0.3355 0.0000
vt 0.6785 0.3362 0.0000
vt 0.7267 0.3359 0.0000
vt 0.7871 0.3413 0.0000
vt 0.8656 0.3553 0.0000
vt 0.9800 0.3751 0.0000
vt 0.0200 0.3627 0.0000
vt 0.1307 0.3469 0.0000
vt 0.2074 0.3356 0.0000
vt 0.2642 0.3327 0.0000
vt 0.3138 0.3340 0.0000
vt 0.3544 0.3334 0.0000
vt 0.3885 0.3302 0.0000
vt 0.4178 0.3271 0.0000
vt 0.4448 0.3268 0.0000
vt 0.4710 0.3287 0.0000
vt 0.4974 0.3016 0.0000
vt 0.5231 0.3001 0.0000
vt 0.5483 0.2971 0.0000
vt 0.5746 0.2959 0.0000
vt 0.6049 0.2966 0.0000
vt 0.6388 0.2959 0.0000
vt 0.6768 0.2896 0.0000
vt 0.7200 0.2782 0.0000
vt 0.7759 0.2660 0.0000
vt 0.8531 0.2527 0.0000
vt 0.9617 0.2241 0.0000
vt 0.1434 0.2487 0.0000
vt 0.0397 0.2196 0.0000
vt 0.2162 0.2618 0.0000
vt 0.2719 0.2736 0.0000
vt 0.3183 0.2860 0.0000
vt 0.3583 0.2938 0.0000
vt 0.3910 0.2956 0.0000
vt 0.4196 0.2953 0.0000
vt 0.4458 0.2965 0.0000
vt 0.4715 0.2997 0.0000
vt 0.4978 0.2666 0.0000
vt 0.5215 0.2651 0.0000
vt 0.5450 0.2616 0.0000
vt 0.5698 0.2580 0.0000
vt 0.5981 0.2538 0.0000
vt 0.6290 0.2470 0.0000
vt 0.6603 0.2349 0.0000
vt 0.6940 0.2153 0.0000
vt 0.7359 0.1871 0.0000
vt 0.7895 0.1475 0.0000
vt 0.8565 0.0826 0.0000
vt 0.1397 0.0825 0.0000
vt 0.2024 0.1473 0.0000
vt 0.2556 0.1856 0.0000
vt 0.2994 0.2122 0.0000
vt 0.3367 0.2325 0.0000
vt 0.3703 0.2470 0.0000
vt 0.3994 0.2543 0.0000
vt 0.4259 0.2581 0.0000
vt 0.4502 0.2614 0.0000
vt 0.4739 0.2648 0.0000
vt 0.4980 0.2285 0.0000
vt 0.5180 0.2274 0.0000
vt 0.5383 0.2239 0.0000
vt 0.5593 0.2179 0.0000
vt 0.5817 0.2099 0.0000
vt 0.6048 0.1986 0.0000
vt 0.6271 0.1827 0.0000
vt 0.6490 0.1603 0.0000
vt 0.6708 0.1292 0.0000
vt 0.6929 0.0841 0.0000
vt 0.7098 0.0236 0.0000
vt 0.2843 0.0200 0.0000
vt 0.2995 0.0840 0.0000
vt 0.3213 0.1270 0.0000
vt 0.3454 0.1587 0.0000
vt 0.3696 0.1825 0.0000
vt 0.3932 0.1994 0.0000
vt 0.4155 0.2107 0.0000
vt 0.4370 0.2183 0.0000
vt 0.4578 0.2239 0.0000
vt 0.4780 0.2272 0.0000
vt 0.4979 0.1793 0.0000
vt 0.5113 0.1786 0.0000
vt 0.5246 0.1756 0.0000
vt 0.5377 0.1700 0.0000
vt 0.5505 0.1619 0.0000
vt 0.5625 0.1513 0.0000
vt 0.5730 0.1376 0.0000
vt 0.5812 0.1207 0.0000
vt 0.5860 0.0998 0.0000
vt 0.5855 0.0746 0.0000
vt 0.5777 0.0454 0.0000
vt 0.4182 0.0438 0.0000
vt 0.4093 0.0725 0.0000
vt 0.4091 0.0983 0.0000
vt 0.4142 0.1200 0.0000
vt 0.4228 0.1378 0.0000
vt 0.4335 0.1514 0.0000
vt 0.4453 0.1620 0.0000
vt 0.4580 0.1699 0.0000
vt 0.4711 0.1755 0.0000
vt 0.4845 0.1784 0.0000
vt 0.4980 0.1079 0.0000
vt 0.0939 0.7047 0.0000
vt 0.0847 0.7710 0.0000
vt 0.0639 0.7660 0.0000
vt 0.0856 0.7281 0.0000
vt 0.0932 0.7326 0.0000
vt 0.0463 0.7557 0.0000
vt 0.0803 0.7225 0.0000
vt 0.0327 0.7413 0.0000
vt 0.0769 0.7165 0.0000
vt 0.0238 0.7239 0.0000
vt 0.0750 0.7106 0.0000
vt 0.0200 0.7047 0.0000
vt 0.0744 0.7047 0.0000
vt 0.0238 0.6854 0.0000
vt 0.0750 0.6988 0.0000
vt 0.0327 0.6681 0.0000
vt 0.0769 0.6928 0.0000
vt 0.0463 0.6537 0.0000
vt 0.0803 0.6869 0.0000
vt 0.0639 0.6433 0.0000
vt 0.0856 0.6813 0.0000
vt 0.0847 0.6383 0.0000
vt 0.0932 0.6767 0.0000
vt 0.1068 0.6401 0.0000
vt 0.1031 0.6743 0.0000
vt 0.1277 0.6494 0.0000
vt 0.1146 0.6754 0.0000
vt 0.1438 0.6653 0.0000
vt 0.1257 0.6813 0.0000
vt 0.1528 0.6848 0.0000
vt 0.1338 0.6917 0.0000
vt 0.1549 0.7047 0.0000
vt 0.1367 0.7047 0.0000
vt 0.1528 0.7245 0.0000
vt 0.1338 0.7177 0.0000
vt 0.1438 0.7440 0.0000
vt 0.1257 0.7281 0.0000
vt 0.1146 0.7339 0.0000
vt 0.1277 0.7599 0.0000
vt 0.1068 0.7693 0.0000
vt 0.1031 0.7351 0.0000
vt 0.0938 0.7050 0.0000
vt 0.0939 0.7051 0.0000
vt 0.0937 0.7050 0.0000
vt 0.0936 0.7049 0.0000
vt 0.0935 0.7048 0.0000
vt 0.0935 0.7047 0.0000
vt 0.0935 0.7046 0.0000
vt 0.0936 0.7045 0.0000
vt 0.0937 0.7044 0.0000
vt 0.0938 0.7043 0.0000
vt 0.0939 0.7043 0.0000
vt 0.0940 0.7042 0.0000
vt 0.0941 0.7043 0.0000
vt 0.0943 0.7044 0.0000
vt 0.0943 0.7045 0.0000
vt 0.0944 0.7047 0.0000
vt 0.0943 0.7048 0.0000
vt 0.0943 0.7049 0.0000
vt 0.0941 0.7050 0.0000
vt 0.0940 0.7051 0.0000
# 272 texture coords

o Sphere010
g Sphere010
usemtl Material__26
s 1
f 1822/1862/1807 1823/1863/1808 1824/1864/1809 1825/1865/1810 
f 1826/1866/1811 1822/1862/1807 1825/1865/1810 1827/1867/1812 
f 1827/1867/1812 1828/1868/1813 1829/1869/1814 1826/1866/1811 
f 1830/1870/1815 1829/1869/1814 1828/1868/1813 1831/1871/1816 
f 1831/1871/1816 1832/1872/1817 1833/1873/1818 1830/1870/1815 
f 1833/1873/1818 1832/1872/1817 1834/1874/1819 1835/1875/1820 
f 1834/1874/1819 1836/1876/1821 1837/1877/1822 1835/1875/1820 
f 1838/1878/1823 1837/1877/1822 1836/1876/1821 1839/1879/1824 
f 1839/1879/1824 1840/1880/1825 1841/1881/1826 1838/1878/1823 
f 1841/1881/1826 1840/1880/1825 1842/1882/1827 1843/1883/1828 
f 1844/1884/1829 1843/1885/1828 1842/1886/1827 1845/1887/1830 
f 1846/1888/1831 1844/1884/1829 1845/1887/1830 1847/1889/1832 
f 1848/1890/1833 1846/1888/1831 1847/1889/1832 1849/1891/1834 
f 1850/1892/1835 1851/1893/1836 1848/1890/1833 1849/1891/1834 
f 1850/1892/1835 1852/1894/1837 1853/1895/1838 1851/1893/1836 
f 1853/1895/1838 1852/1894/1837 1854/1896/1839 1855/1897/1840 
f 1854/1896/1839 1856/1898/1841 1857/1899/1842 1855/1897/1840 
f 1856/1898/1841 1858/1900/1843 1859/1901/1844 1857/1899/1842 
f 1858/1900/1843 1860/1902/1845 1861/1903/1846 1859/1901/1844 
f 1861/1903/1846 1860/1902/1845 1824/1864/1809 1823/1863/1808 
f 1862/1904/1847 1825/1865/1810 1824/1864/1809 1863/1905/1848 
f 1864/1906/1849 1827/1867/1812 1825/1865/1810 1862/1904/1847 
f 1864/1906/1849 1865/1907/1850 1828/1868/1813 1827/1867/1812 
f 1865/1907/1850 1866/1908/1851 1831/1871/1816 1828/1868/1813 
f 1832/1872/1817 1831/1871/1816 1866/1908/1851 1867/1909/1852 
f 1868/1910/1853 1834/1874/1819 1832/1872/1817 1867/1909/1852 
f 1868/1910/1853 1869/1911/1854 1836/1876/1821 1834/1874/1819 
f 1870/1912/1855 1839/1879/1824 1836/1876/1821 1869/1911/1854 
f 1871/1913/1856 1840/1880/1825 1839/1879/1824 1870/1912/1855 
f 1871/1913/1856 1872/1914/1857 1842/1882/1827 1840/1880/1825 
f 1842/1886/1827 1872/1915/1857 1873/1916/1858 1845/1887/1830 
f 1845/1887/1830 1873/1916/1858 1874/1917/1859 1847/1889/1832 
f 1874/1917/1859 1875/1918/1860 1849/1891/1834 1847/1889/1832 
f 1849/1891/1834 1875/1918/1860 1876/1919/1861 1850/1892/1835 
f 1850/1892/1835 1876/1919/1861 1877/1920/1862 1852/1894/1837 
f 1878/1921/1863 1854/1896/1839 1852/1894/1837 1877/1920/1862 
f 1878/1921/1863 1879/1922/1864 1856/1898/1841 1854/1896/1839 
f 1879/1922/1864 1880/1923/1865 1858/1900/1843 1856/1898/1841 
f 1880/1923/1865 1881/1924/1866 1860/1902/1845 1858/1900/1843 
f 1863/1905/1848 1824/1864/1809 1860/1902/1845 1881/1924/1866 
f 1863/1905/1848 1882/1925/1867 1883/1926/1868 1862/1904/1847 
f 1862/1904/1847 1883/1926/1868 1884/1927/1869 1864/1906/1849 
f 1884/1927/1869 1885/1928/1870 1865/1907/1850 1864/1906/1849 
f 1865/1907/1850 1885/1928/1870 1886/1929/1871 1866/1908/1851 
f 1866/1908/1851 1886/1929/1871 1887/1930/1872 1867/1909/1852 
f 1867/1909/1852 1887/1930/1872 1888/1931/1873 1868/1910/1853 
f 1869/1911/1854 1868/1910/1853 1888/1931/1873 1889/1932/1874 
f 1890/1933/1875 1870/1912/1855 1869/1911/1854 1889/1932/1874 
f 1870/1912/1855 1890/1933/1875 1891/1934/1876 1871/1913/1856 
f 1871/1913/1856 1891/1934/1876 1892/1935/1877 1872/1914/1857 
f 1873/1916/1858 1872/1915/1857 1892/1936/1877 1893/1937/1878 
f 1873/1916/1858 1893/1937/1878 1894/1938/1879 1874/1917/1859 
f 1874/1917/1859 1894/1938/1879 1895/1939/1880 1875/1918/1860 
f 1875/1918/1860 1895/1939/1880 1896/1940/1881 1876/1919/1861 
f 1876/1919/1861 1896/1940/1881 1897/1941/1882 1877/1920/1862 
f 1877/1920/1862 1897/1941/1882 1898/1942/1883 1878/1921/1863 
f 1878/1921/1863 1898/1942/1883 1899/1943/1884 1879/1922/1864 
f 1879/1922/1864 1899/1943/1884 1900/1944/1885 1880/1923/1865 
f 1880/1923/1865 1900/1944/1885 1901/1945/1886 1881/1924/1866 
f 1882/1925/1867 1863/1905/1848 1881/1924/1866 1901/1945/1886 
f 1882/1925/1867 1902/1946/1887 1903/1947/1888 1883/1926/1868 
f 1883/1926/1868 1903/1947/1888 1904/1948/1889 1884/1927/1869 
f 1904/1948/1889 1905/1949/1890 1885/1928/1870 1884/1927/1869 
f 1906/1950/1891 1886/1929/1871 1885/1928/1870 1905/1949/1890 
f 1907/1951/1892 1887/1930/1872 1886/1929/1871 1906/1950/1891 
f 1907/1951/1892 1908/1952/1893 1888/1931/1873 1887/1930/1872 
f 1888/1931/1873 1908/1952/1893 1909/1953/1894 1889/1932/1874 
f 1889/1932/1874 1909/1953/1894 1910/1954/1895 1890/1933/1875 
f 1911/1955/1896 1891/1934/1876 1890/1933/1875 1910/1954/1895 
f 1891/1934/1876 1911/1955/1896 1912/1956/1897 1892/1935/1877 
f 1913/1957/1898 1893/1937/1878 1892/1936/1877 1912/1958/1897 
f 1893/1937/1878 1913/1957/1898 1914/1959/1899 1894/1938/1879 
f 1894/1938/1879 1914/1959/1899 1915/1960/1900 1895/1939/1880 
f 1895/1939/1880 1915/1960/1900 1916/1961/1901 1896/1940/1881 
f 1896/1940/1881 1916/1961/1901 1917/1962/1902 1897/1941/1882 
f 1897/1941/1882 1917/1962/1902 1918/1963/1903 1898/1942/1883 
f 1898/1942/1883 1918/1963/1903 1919/1964/1904 1899/1943/1884 
f 1899/1943/1884 1919/1964/1904 1920/1965/1905 1900/1944/1885 
f 1921/1966/1906 1901/1945/1886 1900/1944/1885 1920/1965/1905 
f 1902/1946/1887 1882/1925/1867 1901/1945/1886 1921/1966/1906 
f 1922/1967/1907 1903/1947/1888 1902/1946/1887 1923/1968/1908 
f 1922/1967/1907 1924/1969/1909 1904/1948/1889 1903/1947/1888 
f 1924/1969/1909 1925/1970/1910 1905/1949/1890 1904/1948/1889 
f 1905/1949/1890 1925/1970/1910 1926/1971/1911 1906/1950/1891 
f 1926/1971/1911 1927/1972/1912 1907/1951/1892 1906/1950/1891 
f 1907/1951/1892 1927/1972/1912 1928/1973/1913 1908/1952/1893 
f 1928/1973/1913 1929/1974/1914 1909/1953/1894 1908/1952/1893 
f 1929/1974/1914 1930/1975/1915 1910/1954/1895 1909/1953/1894 
f 1910/1954/1895 1930/1975/1915 1931/1976/1916 1911/1955/1896 
f 1932/1977/1917 1912/1956/1897 1911/1955/1896 1931/1976/1916 
f 1932/1978/1917 1933/1979/1918 1913/1957/1898 1912/1958/1897 
f 1913/1957/1898 1933/1979/1918 1934/1980/1919 1914/1959/1899 
f 1935/1981/1920 1915/1960/1900 1914/1959/1899 1934/1980/1919 
f 1935/1981/1920 1936/1982/1921 1916/1961/1901 1915/1960/1900 
f 1936/1982/1921 1937/1983/1922 1917/1962/1902 1916/1961/1901 
f 1917/1962/1902 1937/1983/1922 1938/1984/1923 1918/1963/1903 
f 1918/1963/1903 1938/1984/1923 1939/1985/1924 1919/1964/1904 
f 1940/1986/1925 1920/1965/1905 1919/1964/1904 1939/1985/1924 
f 1940/1986/1925 1941/1987/1926 1921/1966/1906 1920/1965/1905 
f 1923/1968/1908 1902/1946/1887 1921/1966/1906 1941/1987/1926 
f 1942/1988/1927 1943/1989/1928 1922/1967/1907 1923/1968/1908 
f 1922/1967/1907 1943/1989/1928 1944/1990/1929 1924/1969/1909 
f 1924/1969/1909 1944/1990/1929 1945/1991/1930 1925/1970/1910 
f 1946/1992/1931 1926/1971/1911 1925/1970/1910 1945/1991/1930 
f 1946/1992/1931 1947/1993/1932 1927/1972/1912 1926/1971/1911 
f 1927/1972/1912 1947/1993/1932 1948/1994/1933 1928/1973/1913 
f 1928/1973/1913 1948/1994/1933 1949/1995/1934 1929/1974/1914 
f 1949/1995/1934 1950/1996/1935 1930/1975/1915 1929/1974/1914 
f 1931/1976/1916 1930/1975/1915 1950/1996/1935 1951/1997/1936 
f 1932/1977/1917 1931/1976/1916 1951/1997/1936 1952/1998/1937 
f 1953/1999/1938 1933/1979/1918 1932/1978/1917 1952/2000/1937 
f 1954/2001/1939 1934/1980/1919 1933/1979/1918 1953/1999/1938 
f 1954/2001/1939 1955/2002/1940 1935/1981/1920 1934/1980/1919 
f 1935/1981/1920 1955/2002/1940 1956/2003/1941 1936/1982/1921 
f 1936/1982/1921 1956/2003/1941 1957/2004/1942 1937/1983/1922 
f 1958/2005/1943 1938/1984/1923 1937/1983/1922 1957/2004/1942 
f 1958/2005/1943 1959/2006/1944 1939/1985/1924 1938/1984/1923 
f 1959/2006/1944 1960/2007/1945 1940/1986/1925 1939/1985/1924 
f 1940/1986/1925 1960/2007/1945 1961/2008/1946 1941/1987/1926 
f 1942/1988/1927 1923/1968/1908 1941/1987/1926 1961/2008/1946 
f 1942/1988/1927 1962/2009/1947 1963/2010/1948 1943/1989/1928 
f 1963/2010/1948 1964/2011/1949 1944/1990/1929 1943/1989/1928 
f 1944/1990/1929 1964/2011/1949 1965/2012/1950 1945/1991/1930 
f 1965/2012/1950 1966/2013/1951 1946/1992/1931 1945/1991/1930 
f 1966/2013/1951 1967/2014/1952 1947/1993/1932 1946/1992/1931 
f 1967/2014/1952 1968/2015/1953 1948/1994/1933 1947/1993/1932 
f 1968/2015/1953 1969/2016/1954 1949/1995/1934 1948/1994/1933 
f 1969/2016/1954 1970/2017/1955 1950/1996/1935 1949/1995/1934 
f 1950/1996/1935 1970/2017/1955 1971/2018/1956 1951/1997/1936 
f 1951/1997/1936 1971/2018/1956 1972/2019/1957 1952/1998/1937 
f 1972/2020/1957 1973/2021/1958 1953/1999/1938 1952/2000/1937 
f 1953/1999/1938 1973/2021/1958 1974/2022/1959 1954/2001/1939 
f 1954/2001/1939 1974/2022/1959 1975/2023/1960 1955/2002/1940 
f 1955/2002/1940 1975/2023/1960 1976/2024/1961 1956/2003/1941 
f 1957/2004/1942 1956/2003/1941 1976/2024/1961 1977/2025/1962 
f 1978/2026/1963 1958/2005/1943 1957/2004/1942 1977/2025/1962 
f 1958/2005/1943 1978/2026/1963 1979/2027/1964 1959/2006/1944 
f 1959/2006/1944 1979/2027/1964 1980/2028/1965 1960/2007/1945 
f 1961/2008/1946 1960/2007/1945 1980/2028/1965 1981/2029/1966 
f 1942/1988/1927 1961/2008/1946 1981/2029/1966 1962/2009/1947 
f 1962/2009/1947 1982/2030/1967 1983/2031/1968 1963/2010/1948 
f 1963/2010/1948 1983/2031/1968 1984/2032/1969 1964/2011/1949 
f 1964/2011/1949 1984/2032/1969 1985/2033/1970 1965/2012/1950 
f 1965/2012/1950 1985/2033/1970 1986/2034/1971 1966/2013/1951 
f 1966/2013/1951 1986/2034/1971 1987/2035/1972 1967/2014/1952 
f 1967/2014/1952 1987/2035/1972 1988/2036/1973 1968/2015/1953 
f 1968/2015/1953 1988/2036/1973 1989/2037/1974 1969/2016/1954 
f 1969/2016/1954 1989/2037/1974 1990/2038/1975 1970/2017/1955 
f 1970/2017/1955 1990/2038/1975 1991/2039/1976 1971/2018/1956 
f 1971/2018/1956 1991/2039/1976 1992/2040/1977 1972/2019/1957 
f 1992/2041/1977 1993/2042/1978 1973/2021/1958 1972/2020/1957 
f 1994/2043/1979 1974/2022/1959 1973/2021/1958 1993/2042/1978 
f 1995/2044/1980 1975/2023/1960 1974/2022/1959 1994/2043/1979 
f 1995/2044/1980 1996/2045/1981 1976/2024/1961 1975/2023/1960 
f 1976/2024/1961 1996/2045/1981 1997/2046/1982 1977/2025/1962 
f 1977/2025/1962 1997/2046/1982 1998/2047/1983 1978/2026/1963 
f 1999/2048/1984 1979/2027/1964 1978/2026/1963 1998/2047/1983 
f 1979/2027/1964 1999/2048/1984 2000/2049/1985 1980/2028/1965 
f 2001/2050/1986 1981/2029/1966 1980/2028/1965 2000/2049/1985 
f 1982/2030/1967 1962/2009/1947 1981/2029/1966 2001/2050/1986 
f 1982/2030/1967 2002/2051/1987 2003/2052/1988 1983/2031/1968 
f 1983/2031/1968 2003/2052/1988 2004/2053/1989 1984/2032/1969 
f 1984/2032/1969 2004/2053/1989 2005/2054/1990 1985/2033/1970 
f 1985/2033/1970 2005/2054/1990 2006/2055/1991 1986/2034/1971 
f 1986/2034/1971 2006/2055/1991 2007/2056/1992 1987/2035/1972 
f 1987/2035/1972 2007/2056/1992 2008/2057/1993 1988/2036/1973 
f 2009/2058/1994 1989/2037/1974 1988/2036/1973 2008/2057/1993 
f 2009/2058/1994 2010/2059/1995 1990/2038/1975 1989/2037/1974 
f 2011/2060/1996 1991/2039/1976 1990/2038/1975 2010/2059/1995 
f 2011/2060/1996 2012/2061/1997 1992/2040/1977 1991/2039/1976 
f 2012/2062/1997 2013/2063/1998 1993/2042/1978 1992/2041/1977 
f 1993/2042/1978 2013/2063/1998 2014/2064/1999 1994/2043/1979 
f 2014/2064/1999 2015/2065/2000 1995/2044/1980 1994/2043/1979 
f 1995/2044/1980 2015/2065/2000 2016/2066/2001 1996/2045/1981 
f 2016/2066/2001 2017/2067/2002 1997/2046/1982 1996/2045/1981 
f 2017/2067/2002 2018/2068/2003 1998/2047/1983 1997/2046/1982 
f 1998/2047/1983 2018/2068/2003 2019/2069/2004 1999/2048/1984 
f 2020/2070/2005 2000/2049/1985 1999/2048/1984 2019/2069/2004 
f 2020/2070/2005 2021/2071/2006 2001/2050/1986 2000/2049/1985 
f 2001/2050/1986 2021/2071/2006 2002/2051/1987 1982/2030/1967 
f 2022/2072/2007 2003/2052/1988 2002/2051/1987 
f 2022/2072/2007 2004/2053/1989 2003/2052/1988 
f 2022/2072/2007 2005/2054/1990 2004/2053/1989 
f 2022/2072/2007 2006/2055/1991 2005/2054/1990 
f 2022/2072/2007 2007/2056/1992 2006/2055/1991 
f 2022/2072/2007 2008/2057/1993 2007/2056/1992 
f 2022/2072/2007 2009/2058/1994 2008/2057/1993 
f 2022/2072/2007 2010/2059/1995 2009/2058/1994 
f 2022/2072/2007 2011/2060/1996 2010/2059/1995 
f 2022/2072/2007 2012/2061/1997 2011/2060/1996 
f 2022/2072/2007 2013/2063/1998 2012/2062/1997 
f 2022/2072/2007 2014/2064/1999 2013/2063/1998 
f 2022/2072/2007 2015/2065/2000 2014/2064/1999 
f 2022/2072/2007 2016/2066/2001 2015/2065/2000 
f 2022/2072/2007 2017/2067/2002 2016/2066/2001 
f 2022/2072/2007 2018/2068/2003 2017/2067/2002 
f 2022/2072/2007 2019/2069/2004 2018/2068/2003 
f 2022/2072/2007 2020/2070/2005 2019/2069/2004 
f 2022/2072/2007 2021/2071/2006 2020/2070/2005 
f 2022/2072/2007 2002/2051/1987 2021/2071/2006 
f 2023/2073/2008 2024/2073/2009 2025/2073/2010 2026/2073/2011 
f 2025/2073/2010 2027/2073/2012 2028/2073/2013 2029/2073/2014 
f 2028/2073/2013 2030/2073/2015 2031/2073/2016 2032/2073/2017 
f 2031/2073/2016 2033/2073/2018 2034/2073/2019 2032/2073/2017 
f 2035/2073/2020 2036/2073/2021 2037/2073/2022 2029/2073/2014 
f 2032/2073/2017 2035/2073/2020 2029/2073/2014 2028/2073/2013 
f 2038/2073/2023 2039/2073/2024 2040/2073/2025 2026/2073/2011 
f 2029/2073/2014 2038/2073/2023 2026/2073/2011 2025/2073/2010 
f 2041/2073/2026 2023/2073/2008 2026/2073/2011 2042/2073/2027 
s 2
f 1823/2074/1808 1822/2075/1807 2043/2076/2028 2044/2077/2029 
f 1826/2078/1811 2045/2079/2030 2043/2076/2028 1822/2075/1807 
f 2045/2079/2030 1826/2078/1811 1829/2080/1814 2046/2081/2031 
f 1829/2080/1814 1830/2082/1815 2047/2083/2032 2046/2081/2031 
f 2047/2083/2032 1830/2082/1815 1833/2084/1818 2048/2085/2033 
f 2048/2085/2033 1833/2084/1818 1835/2086/1820 2049/2087/2034 
f 2049/2087/2034 1835/2086/1820 1837/2088/1822 2050/2089/2035 
f 1837/2088/1822 1838/2090/1823 2051/2091/2036 2050/2089/2035 
f 1841/2092/1826 2052/2093/2037 2051/2091/2036 1838/2090/1823 
f 2052/2093/2037 1841/2092/1826 1843/2094/1828 2053/2095/2038 
f 1844/2096/1829 2054/2097/2039 2053/2095/2038 1843/2094/1828 
f 1844/2096/1829 1846/2098/1831 2055/2099/2040 2054/2097/2039 
f 2055/2099/2040 1846/2098/1831 1848/2100/1833 2056/2101/2041 
f 1848/2100/1833 1851/2102/1836 2057/2103/2042 2056/2101/2041 
f 1853/2104/1838 2058/2105/2043 2057/2103/2042 1851/2102/1836 
f 1855/2106/1840 2059/2107/2044 2058/2105/2043 1853/2104/1838 
f 1855/2106/1840 1857/2108/1842 2060/2109/2045 2059/2107/2044 
f 2061/2110/2046 2060/2109/2045 1857/2108/1842 1859/2111/1844 
f 1861/2112/1846 2062/2113/2047 2061/2110/2046 1859/2111/1844 
f 1823/2074/1808 2044/2077/2029 2062/2113/2047 1861/2112/1846 
f 2041/2073/2026 2063/2073/2048 2064/2073/2049 2023/2073/2008 
f 2065/2073/2050 2024/2073/2009 2023/2073/2008 2064/2073/2049 
f 2024/2073/2009 2065/2073/2050 2066/2073/2051 2025/2073/2010 
f 2027/2073/2012 2025/2073/2010 2066/2073/2051 2067/2073/2052 
f 2028/2073/2013 2027/2073/2012 2067/2073/2052 2068/2073/2053 
f 2028/2073/2013 2068/2073/2053 2069/2073/2054 2030/2073/2015 
f 2070/2073/2055 2031/2073/2016 2030/2073/2015 2069/2073/2054 
f 2031/2073/2016 2070/2073/2055 2071/2073/2056 2033/2073/2018 
f 2034/2073/2019 2033/2073/2018 2071/2073/2056 2072/2073/2057 
f 2032/2073/2017 2034/2073/2019 2072/2073/2057 2073/2073/2058 
f 2035/2073/2020 2032/2073/2017 2073/2073/2058 2074/2073/2059 
f 2035/2073/2020 2074/2073/2059 2075/2073/2060 2036/2073/2021 
f 2075/2073/2060 2076/2073/2061 2037/2073/2022 2036/2073/2021 
f 2029/2073/2014 2037/2073/2022 2076/2073/2061 2077/2073/2062 
f 2029/2073/2014 2077/2073/2062 2078/2073/2063 2038/2073/2023 
f 2038/2073/2023 2078/2073/2063 2079/2073/2064 2039/2073/2024 
f 2080/2073/2065 2040/2073/2025 2039/2073/2024 2079/2073/2064 
f 2040/2073/2025 2080/2073/2065 2081/2073/2066 2026/2073/2011 
f 2026/2073/2011 2081/2073/2066 2082/2073/2067 2042/2073/2027 
f 2042/2073/2027 2082/2073/2067 2063/2073/2048 2041/2073/2026 
f 2044/2077/2029 2043/2076/2028 2083/2114/2068 2084/2115/2069 
f 2045/2079/2030 2085/2116/2070 2083/2114/2068 2043/2076/2028 
f 2086/2117/2071 2085/2116/2070 2045/2079/2030 2046/2081/2031 
f 2087/2118/2072 2086/2117/2071 2046/2081/2031 2047/2083/2032 
f 2048/2085/2033 2088/2119/2073 2087/2118/2072 2047/2083/2032 
f 2049/2087/2034 2089/2120/2074 2088/2119/2073 2048/2085/2033 
f 2089/2120/2074 2049/2087/2034 2050/2089/2035 2090/2121/2075 
f 2091/2122/2076 2090/2121/2075 2050/2089/2035 2051/2091/2036 
f 2091/2122/2076 2051/2091/2036 2052/2093/2037 2092/2123/2077 
f 2092/2123/2077 2052/2093/2037 2053/2095/2038 2093/2124/2078 
f 2094/2125/2079 2093/2124/2078 2053/2095/2038 2054/2097/2039 
f 2095/2126/2080 2094/2125/2079 2054/2097/2039 2055/2099/2040 
f 2096/2127/2081 2095/2126/2080 2055/2099/2040 2056/2101/2041 
f 2056/2101/2041 2057/2103/2042 2097/2128/2082 2096/2127/2081 
f 2097/2128/2082 2057/2103/2042 2058/2105/2043 2098/2129/2083 
f 2059/2107/2044 2099/2130/2084 2098/2129/2083 2058/2105/2043 
f 2099/2130/2084 2059/2107/2044 2060/2109/2045 2100/2131/2085 
f 2100/2131/2085 2060/2109/2045 2061/2110/2046 2101/2132/2086 
f 2102/2133/2087 2101/2132/2086 2061/2110/2046 2062/2113/2047 
f 2102/2133/2087 2062/2113/2047 2044/2077/2029 2084/2115/2069 
f 2083/2114/2068 2064/2073/2049 2063/2073/2048 2084/2115/2069 
f 2065/2073/2050 2064/2073/2049 2083/2114/2068 2085/2116/2070 
f 2065/2073/2050 2085/2116/2070 2086/2117/2071 2066/2073/2051 
f 2087/2118/2072 2067/2073/2052 2066/2073/2051 2086/2117/2071 
f 2067/2073/2052 2087/2118/2072 2088/2119/2073 2068/2073/2053 
f 2089/2120/2074 2069/2073/2054 2068/2073/2053 2088/2119/2073 
f 2069/2073/2054 2089/2120/2074 2090/2121/2075 2070/2073/2055 
f 2070/2073/2055 2090/2121/2075 2091/2122/2076 2071/2073/2056 
f 2092/2123/2077 2072/2073/2057 2071/2073/2056 2091/2122/2076 
f 2093/2124/2078 2073/2073/2058 2072/2073/2057 2092/2123/2077 
f 2094/2125/2079 2074/2073/2059 2073/2073/2058 2093/2124/2078 
f 2095/2126/2080 2075/2073/2060 2074/2073/2059 2094/2125/2079 
f 2096/2127/2081 2076/2073/2061 2075/2073/2060 2095/2126/2080 
f 2097/2128/2082 2077/2073/2062 2076/2073/2061 2096/2127/2081 
f 2078/2073/2063 2077/2073/2062 2097/2128/2082 2098/2129/2083 
f 2078/2073/2063 2098/2129/2083 2099/2130/2084 2079/2073/2064 
f 2080/2073/2065 2079/2073/2064 2099/2130/2084 2100/2131/2085 
f 2081/2073/2066 2080/2073/2065 2100/2131/2085 2101/2132/2086 
f 2102/2133/2087 2082/2073/2067 2081/2073/2066 2101/2132/2086 
f 2082/2073/2067 2102/2133/2087 2084/2115/2069 2063/2073/2048 
# 269 polygons - 20 triangles

#
# object Sphere015
#

v  3.3775 1.3108 0.0850
v  3.2105 1.2240 0.0759
v  3.1962 1.2240 0.1034
v  3.1934 1.2240 0.1343
v  3.2027 1.2240 0.1639
v  3.2226 1.2240 0.1876
v  3.2501 1.2240 0.2020
v  3.2810 1.2240 0.2047
v  3.3106 1.2240 0.1955
v  3.3344 1.2240 0.1755
v  3.3487 1.2240 0.1481
v  3.3515 1.2240 0.1172
v  3.3422 1.2240 0.0876
v  3.3223 1.2240 0.0638
v  3.2948 1.2240 0.0494
v  3.2639 1.2240 0.0467
v  3.2343 1.2240 0.0560
v  3.1119 1.1611 -0.0151
v  3.0703 1.1611 0.0570
v  3.0594 1.1611 0.1396
v  3.0809 1.1611 0.2201
v  3.1316 1.1611 0.2862
v  3.2038 1.1611 0.3279
v  3.2864 1.1611 0.3388
v  3.3668 1.1611 0.3172
v  3.4330 1.1611 0.2665
v  3.4746 1.1611 0.1944
v  3.4855 1.1611 0.1118
v  3.4640 1.1611 0.0313
v  3.4133 1.1611 -0.0348
v  3.3411 1.1611 -0.0765
v  3.2585 1.1611 -0.0874
v  3.1780 1.1611 -0.0658
v  3.0980 1.0897 -0.1933
v  3.2333 1.0897 -0.2358
v  3.3044 0.9717 -0.3529
v  3.1188 0.9717 -0.3287
v  2.9566 0.9717 -0.2353
v  2.9892 1.0897 -0.1022
v  2.8425 0.9717 -0.0870
v  2.9235 1.0897 0.0235
v  2.7938 0.9717 0.0937
v  2.9109 1.0897 0.1648
v  2.8180 0.9717 0.2793
v  2.9534 1.0897 0.3002
v  2.9114 0.9717 0.4415
v  3.0445 1.0897 0.4090
v  3.0597 0.9717 0.5556
v  3.1702 1.0897 0.4747
v  3.2405 0.9717 0.6043
v  3.3116 1.0897 0.4872
v  3.4260 0.9717 0.5801
v  3.4469 1.0897 0.4447
v  3.5883 0.9717 0.4868
v  3.5557 1.0897 0.3537
v  3.7024 0.9717 0.3384
v  3.6214 1.0897 0.2279
v  3.7510 0.9717 0.1577
v  3.6339 1.0897 0.0866
v  3.5915 1.0897 -0.0488
v  3.7269 0.9717 -0.0279
v  3.6335 0.9717 -0.1901
v  3.5004 1.0897 -0.1576
v  3.4852 0.9717 -0.3042
v  3.3746 1.0897 -0.2232
v  3.3117 0.8488 -0.3675
v  3.1196 0.8488 -0.3425
v  2.9518 0.8488 -0.2459
v  2.8337 0.8488 -0.0924
v  2.7834 0.8488 0.0946
v  2.8084 0.8488 0.2867
v  2.9050 0.8488 0.4545
v  3.0585 0.8488 0.5726
v  3.2455 0.8488 0.6229
v  3.4375 0.8488 0.5979
v  3.6053 0.8488 0.5013
v  3.7234 0.8488 0.3478
v  3.7738 0.8488 0.1608
v  3.7488 0.8488 -0.0312
v  3.6522 0.8488 -0.1991
v  3.4987 0.8488 -0.3171
# 81 vertices

vn 0.5429 0.8130 -0.2103
vn -0.4923 0.7869 -0.3722
vn -0.5624 0.8127 -0.1525
vn -0.5618 0.8246 0.0669
vn -0.4939 0.8262 0.2711
vn -0.3642 0.8180 0.4453
vn -0.1801 0.7975 0.5758
vn 0.0511 0.7583 0.6499
vn 0.3222 0.6900 0.6482
vn 0.6088 0.5863 0.5345
vn 0.8381 0.4698 0.2773
vn 0.9169 0.3898 -0.0861
vn 0.8070 0.3775 -0.4541
vn 0.5389 0.4368 -0.7203
vn 0.1965 0.5465 -0.8141
vn -0.1170 0.6590 -0.7430
vn -0.3468 0.7392 -0.5773
vn -0.6953 0.5160 -0.5004
vn -0.8338 0.5160 -0.1962
vn -0.8454 0.5160 0.1378
vn -0.7284 0.5160 0.4508
vn -0.5004 0.5160 0.6953
vn -0.1962 0.5160 0.8338
vn 0.1378 0.5160 0.8454
vn 0.4508 0.5160 0.7284
vn 0.6953 0.5160 0.5004
vn 0.8338 0.5160 0.1962
vn 0.8454 0.5160 -0.1378
vn 0.7284 0.5160 -0.4508
vn 0.5004 0.5160 -0.6953
vn 0.1962 0.5160 -0.8338
vn -0.1378 0.5160 -0.8454
vn -0.4508 0.5160 -0.7284
vn -0.3446 0.7197 -0.6027
vn -0.0877 0.7197 -0.6887
vn 0.0737 0.3333 -0.9399
vn -0.2918 0.3274 -0.8987
vn -0.6140 0.3230 -0.7202
vn -0.5490 0.7197 -0.4250
vn -0.8431 0.3208 -0.4316
vn -0.6699 0.7197 -0.1825
vn -0.9439 0.3211 -0.0770
vn -0.6887 0.7197 0.0877
vn -0.9009 0.3239 0.2890
vn -0.6027 0.7197 0.3446
vn -0.7208 0.3288 0.6102
vn -0.4250 0.7197 0.5490
vn -0.4317 0.3350 0.8375
vn -0.1825 0.7197 0.6699
vn -0.0781 0.3415 0.9366
vn 0.0877 0.7197 0.6887
vn 0.2860 0.3474 0.8930
vn 0.3446 0.7197 0.6027
vn 0.6054 0.3518 0.7139
vn 0.5490 0.7197 0.4250
vn 0.8322 0.3540 0.4267
vn 0.6699 0.7197 0.1825
vn 0.9324 0.3537 0.0749
vn 0.6887 0.7197 -0.0877
vn 0.6027 0.7197 -0.3446
vn 0.8908 0.3508 -0.2888
vn 0.7134 0.3460 -0.6093
vn 0.4250 0.7197 -0.5490
vn 0.4267 0.3398 -0.8381
vn 0.1825 0.7197 -0.6699
vn 0.0548 -0.6346 -0.7709
vn -0.2437 -0.6393 -0.7293
vn -0.5030 -0.6428 -0.5777
vn -0.6850 -0.6446 -0.3394
vn -0.7631 -0.6443 -0.0502
vn -0.7256 -0.6420 0.2474
vn -0.5776 -0.6381 0.5091
vn -0.3402 -0.6332 0.6952
vn -0.0486 -0.6280 0.7767
vn 0.2530 -0.6232 0.7400
vn 0.5180 -0.6198 0.5896
vn 0.7049 -0.6180 0.3482
vn 0.7841 -0.6183 0.0532
vn 0.7435 -0.6205 -0.2492
vn 0.5898 -0.6244 -0.5121
vn 0.3476 -0.6293 -0.6951
# 81 vertex normals

vt 0.7697 0.7169 0.0000
vt 0.6856 0.7548 0.0000
vt 0.6728 0.7436 0.0000
vt 0.6652 0.7282 0.0000
vt 0.6641 0.7111 0.0000
vt 0.6696 0.6949 0.0000
vt 0.6809 0.6821 0.0000
vt 0.6962 0.6745 0.0000
vt 0.7133 0.6734 0.0000
vt 0.7295 0.6789 0.0000
vt 0.7423 0.6902 0.0000
vt 0.7499 0.7055 0.0000
vt 0.7510 0.7226 0.0000
vt 0.7455 0.7388 0.0000
vt 0.7342 0.7516 0.0000
vt 0.7189 0.7592 0.0000
vt 0.7018 0.7603 0.0000
vt 0.6531 0.8213 0.0000
vt 0.6173 0.7925 0.0000
vt 0.5952 0.7522 0.0000
vt 0.5903 0.7065 0.0000
vt 0.6032 0.6624 0.0000
vt 0.6320 0.6266 0.0000
vt 0.6723 0.6045 0.0000
vt 0.7180 0.5996 0.0000
vt 0.7621 0.6125 0.0000
vt 0.7979 0.6413 0.0000
vt 0.8199 0.6816 0.0000
vt 0.8249 0.7273 0.0000
vt 0.8120 0.7714 0.0000
vt 0.7832 0.8072 0.0000
vt 0.7429 0.8292 0.0000
vt 0.6972 0.8342 0.0000
vt 0.6814 0.9157 0.0000
vt 0.7595 0.9106 0.0000
vt 0.8194 0.9566 0.0000
vt 0.7191 0.9812 0.0000
vt 0.6171 0.9655 0.0000
vt 0.6073 0.8905 0.0000
vt 0.5288 0.9119 0.0000
vt 0.5485 0.8390 0.0000
vt 0.4678 0.8287 0.0000
vt 0.5138 0.7688 0.0000
vt 0.4433 0.7284 0.0000
vt 0.5087 0.6907 0.0000
vt 0.4590 0.6264 0.0000
vt 0.5339 0.6166 0.0000
vt 0.5125 0.5381 0.0000
vt 0.5855 0.5578 0.0000
vt 0.5958 0.4771 0.0000
vt 0.6557 0.5232 0.0000
vt 0.6960 0.4526 0.0000
vt 0.7337 0.5180 0.0000
vt 0.7980 0.4683 0.0000
vt 0.8078 0.5432 0.0000
vt 0.8863 0.5218 0.0000
vt 0.8667 0.5948 0.0000
vt 0.9473 0.6051 0.0000
vt 0.9013 0.6650 0.0000
vt 0.9064 0.7430 0.0000
vt 0.9719 0.7053 0.0000
vt 0.9562 0.8074 0.0000
vt 0.8812 0.8171 0.0000
vt 0.9026 0.8956 0.0000
vt 0.8296 0.8760 0.0000
vt 0.8260 0.9627 0.0000
vt 0.7223 0.9881 0.0000
vt 0.6167 0.9719 0.0000
vt 0.5254 0.9164 0.0000
vt 0.4622 0.8303 0.0000
vt 0.4368 0.7266 0.0000
vt 0.4531 0.6210 0.0000
vt 0.5085 0.5297 0.0000
vt 0.5946 0.4665 0.0000
vt 0.6984 0.4411 0.0000
vt 0.8039 0.4574 0.0000
vt 0.8953 0.5128 0.0000
vt 0.9584 0.5989 0.0000
vt 0.9838 0.7027 0.0000
vt 0.9676 0.8082 0.0000
vt 0.9121 0.8996 0.0000
# 81 texture coords

o Sphere015
g Sphere015
usemtl Material__27
s 1
f 2103/2134/2088 2104/2135/2089 2105/2136/2090 
f 2103/2134/2088 2105/2136/2090 2106/2137/2091 
f 2103/2134/2088 2106/2137/2091 2107/2138/2092 
f 2103/2134/2088 2107/2138/2092 2108/2139/2093 
f 2103/2134/2088 2108/2139/2093 2109/2140/2094 
f 2103/2134/2088 2109/2140/2094 2110/2141/2095 
f 2103/2134/2088 2110/2141/2095 2111/2142/2096 
f 2103/2134/2088 2111/2142/2096 2112/2143/2097 
f 2103/2134/2088 2112/2143/2097 2113/2144/2098 
f 2103/2134/2088 2113/2144/2098 2114/2145/2099 
f 2103/2134/2088 2114/2145/2099 2115/2146/2100 
f 2103/2134/2088 2115/2146/2100 2116/2147/2101 
f 2103/2134/2088 2116/2147/2101 2117/2148/2102 
f 2103/2134/2088 2117/2148/2102 2118/2149/2103 
f 2103/2134/2088 2118/2149/2103 2119/2150/2104 
f 2103/2134/2088 2119/2150/2104 2104/2135/2089 
f 2104/2135/2089 2120/2151/2105 2121/2152/2106 2105/2136/2090 
f 2121/2152/2106 2122/2153/2107 2106/2137/2091 2105/2136/2090 
f 2106/2137/2091 2122/2153/2107 2123/2154/2108 2107/2138/2092 
f 2107/2138/2092 2123/2154/2108 2124/2155/2109 2108/2139/2093 
f 2124/2155/2109 2125/2156/2110 2109/2140/2094 2108/2139/2093 
f 2126/2157/2111 2110/2141/2095 2109/2140/2094 2125/2156/2110 
f 2126/2157/2111 2127/2158/2112 2111/2142/2096 2110/2141/2095 
f 2127/2158/2112 2128/2159/2113 2112/2143/2097 2111/2142/2096 
f 2129/2160/2114 2113/2144/2098 2112/2143/2097 2128/2159/2113 
f 2113/2144/2098 2129/2160/2114 2130/2161/2115 2114/2145/2099 
f 2130/2161/2115 2131/2162/2116 2115/2146/2100 2114/2145/2099 
f 2115/2146/2100 2131/2162/2116 2132/2163/2117 2116/2147/2101 
f 2132/2163/2117 2133/2164/2118 2117/2148/2102 2116/2147/2101 
f 2117/2148/2102 2133/2164/2118 2134/2165/2119 2118/2149/2103 
f 2135/2166/2120 2119/2150/2104 2118/2149/2103 2134/2165/2119 
f 2119/2150/2104 2135/2166/2120 2120/2151/2105 2104/2135/2089 
f 2136/2167/2121 2137/2168/2122 2138/2169/2123 2139/2170/2124 
f 2136/2167/2121 2139/2170/2124 2140/2171/2125 2141/2172/2126 
f 2141/2172/2126 2140/2171/2125 2142/2173/2127 2143/2174/2128 
f 2143/2174/2128 2142/2173/2127 2144/2175/2129 2145/2176/2130 
f 2145/2176/2130 2144/2175/2129 2146/2177/2131 2147/2178/2132 
f 2147/2178/2132 2146/2177/2131 2148/2179/2133 2149/2180/2134 
f 2150/2181/2135 2151/2182/2136 2149/2180/2134 2148/2179/2133 
f 2152/2183/2137 2153/2184/2138 2151/2182/2136 2150/2181/2135 
f 2154/2185/2139 2155/2186/2140 2153/2184/2138 2152/2183/2137 
f 2156/2187/2141 2157/2188/2142 2155/2186/2140 2154/2185/2139 
f 2158/2189/2143 2159/2190/2144 2157/2188/2142 2156/2187/2141 
f 2159/2190/2144 2158/2189/2143 2160/2191/2145 2161/2192/2146 
f 2162/2193/2147 2161/2192/2146 2160/2191/2145 2163/2194/2148 
f 2164/2195/2149 2165/2196/2150 2162/2193/2147 2163/2194/2148 
f 2165/2196/2150 2164/2195/2149 2166/2197/2151 2167/2198/2152 
f 2137/2168/2122 2167/2198/2152 2166/2197/2151 2138/2169/2123 
f 2138/2169/2123 2168/2199/2153 2169/2200/2154 2139/2170/2124 
f 2170/2201/2155 2140/2171/2125 2139/2170/2124 2169/2200/2154 
f 2142/2173/2127 2140/2171/2125 2170/2201/2155 2171/2202/2156 
f 2171/2202/2156 2172/2203/2157 2144/2175/2129 2142/2173/2127 
f 2144/2175/2129 2172/2203/2157 2173/2204/2158 2146/2177/2131 
f 2174/2205/2159 2148/2179/2133 2146/2177/2131 2173/2204/2158 
f 2175/2206/2160 2150/2181/2135 2148/2179/2133 2174/2205/2159 
f 2176/2207/2161 2152/2183/2137 2150/2181/2135 2175/2206/2160 
f 2152/2183/2137 2176/2207/2161 2177/2208/2162 2154/2185/2139 
f 2154/2185/2139 2177/2208/2162 2178/2209/2163 2156/2187/2141 
f 2178/2209/2163 2179/2210/2164 2158/2189/2143 2156/2187/2141 
f 2158/2189/2143 2179/2210/2164 2180/2211/2165 2160/2191/2145 
f 2160/2191/2145 2180/2211/2165 2181/2212/2166 2163/2194/2148 
f 2164/2195/2149 2163/2194/2148 2181/2212/2166 2182/2213/2167 
f 2183/2214/2168 2166/2197/2151 2164/2195/2149 2182/2213/2167 
f 2168/2199/2153 2138/2169/2123 2166/2197/2151 2183/2214/2168 
f 2120/2151/2105 2137/2168/2122 2136/2167/2121 2121/2152/2106 
f 2121/2152/2106 2136/2167/2121 2141/2172/2126 2122/2153/2107 
f 2122/2153/2107 2141/2172/2126 2143/2174/2128 2123/2154/2108 
f 2123/2154/2108 2143/2174/2128 2145/2176/2130 2124/2155/2109 
f 2125/2156/2110 2124/2155/2109 2145/2176/2130 2147/2178/2132 
f 2126/2157/2111 2125/2156/2110 2147/2178/2132 2149/2180/2134 
f 2151/2182/2136 2127/2158/2112 2126/2157/2111 2149/2180/2134 
f 2127/2158/2112 2151/2182/2136 2153/2184/2138 2128/2159/2113 
f 2128/2159/2113 2153/2184/2138 2155/2186/2140 2129/2160/2114 
f 2129/2160/2114 2155/2186/2140 2157/2188/2142 2130/2161/2115 
f 2131/2162/2116 2130/2161/2115 2157/2188/2142 2159/2190/2144 
f 2131/2162/2116 2159/2190/2144 2161/2192/2146 2132/2163/2117 
f 2132/2163/2117 2161/2192/2146 2162/2193/2147 2133/2164/2118 
f 2165/2196/2150 2134/2165/2119 2133/2164/2118 2162/2193/2147 
f 2167/2198/2152 2135/2166/2120 2134/2165/2119 2165/2196/2150 
f 2137/2168/2122 2120/2151/2105 2135/2166/2120 2167/2198/2152 
s off
f 2182/2213/2167 2181/2212/2166 2180/2211/2165 2178/2209/2163 
f 2180/2211/2165 2179/2210/2164 2178/2209/2163 
f 2178/2209/2163 2177/2208/2162 2176/2207/2161 2174/2205/2159 
f 2176/2207/2161 2175/2206/2160 2174/2205/2159 
f 2174/2205/2159 2173/2204/2158 2172/2203/2157 2171/2202/2156 
f 2174/2205/2159 2171/2202/2156 2170/2201/2155 2178/2209/2163 
f 2182/2213/2167 2178/2209/2163 2170/2201/2155 2169/2200/2154 
f 2183/2214/2168 2182/2213/2167 2169/2200/2154 2168/2199/2153 
# 70 polygons - 18 triangles

#
# object Sphere016
#

v  3.1672 1.3108 -1.1349
v  3.0081 1.2240 -1.0831
v  3.0047 1.2240 -1.0523
v  3.0133 1.2240 -1.0225
v  3.0326 1.2240 -0.9983
v  3.0598 1.2240 -0.9833
v  3.0906 1.2240 -0.9798
v  3.1204 1.2240 -0.9884
v  3.1446 1.2240 -1.0078
v  3.1596 1.2240 -1.0349
v  3.1631 1.2240 -1.0657
v  3.1545 1.2240 -1.0955
v  3.1351 1.2240 -1.1198
v  3.1080 1.2240 -1.1348
v  3.0772 1.2240 -1.1382
v  3.0474 1.2240 -1.1296
v  3.0231 1.2240 -1.1103
v  2.8833 1.1611 -1.1323
v  2.8706 1.1611 -1.0500
v  2.8902 1.1611 -0.9691
v  2.9394 1.1611 -0.9018
v  3.0106 1.1611 -0.8585
v  3.0929 1.1611 -0.8457
v  3.1738 1.1611 -0.8654
v  3.2411 1.1611 -0.9145
v  3.2844 1.1611 -0.9857
v  3.2972 1.1611 -1.0680
v  3.2775 1.1611 -1.1490
v  3.2284 1.1611 -1.2162
v  3.1572 1.1611 -1.2596
v  3.0749 1.1611 -1.2724
v  2.9939 1.1611 -1.2527
v  2.9267 1.1611 -1.2035
v  2.8059 1.0897 -1.2935
v  2.9168 1.0897 -1.3820
v  2.9408 0.9717 -1.5169
v  2.7765 0.9717 -1.4273
v  2.6590 0.9717 -1.2816
v  2.7374 1.0897 -1.1693
v  2.6061 0.9717 -1.1021
v  2.7216 1.0897 -1.0283
v  2.6260 0.9717 -0.9160
v  2.7609 1.0897 -0.8920
v  2.7156 0.9717 -0.7516
v  2.8494 1.0897 -0.7811
v  2.8613 0.9717 -0.6341
v  2.9737 1.0897 -0.7125
v  3.0409 0.9717 -0.5813
v  3.1146 1.0897 -0.6967
v  3.2270 0.9717 -0.6012
v  3.2510 1.0897 -0.7361
v  3.3913 0.9717 -0.6908
v  3.3618 1.0897 -0.8246
v  3.5088 0.9717 -0.8364
v  3.4304 1.0897 -0.9488
v  3.5616 0.9717 -1.0160
v  3.4462 1.0897 -1.0898
v  3.5417 0.9717 -1.2021
v  3.4068 1.0897 -1.2261
v  3.3183 1.0897 -1.3370
v  3.4521 0.9717 -1.3664
v  3.3065 0.9717 -1.4839
v  3.1941 1.0897 -1.4055
v  3.1269 0.9717 -1.5368
v  3.0531 1.0897 -1.4213
v  2.9423 0.8488 -1.5331
v  2.7723 0.8488 -1.4404
v  2.6507 0.8488 -1.2897
v  2.5960 0.8488 -1.1039
v  2.6166 0.8488 -0.9113
v  2.7093 0.8488 -0.7413
v  2.8600 0.8488 -0.6197
v  3.0458 0.8488 -0.5650
v  3.2384 0.8488 -0.5856
v  3.4084 0.8488 -0.6783
v  3.5300 0.8488 -0.8291
v  3.5847 0.8488 -1.0148
v  3.5641 0.8488 -1.2074
v  3.4714 0.8488 -1.3774
v  3.3206 0.8488 -1.4990
v  3.1349 0.8488 -1.5537
# 81 vertices

vn 0.4303 0.8130 -0.3923
vn -0.5935 0.7869 -0.1692
vn -0.5795 0.8127 0.0609
vn -0.4997 0.8246 0.2653
vn -0.3626 0.8262 0.4312
vn -0.1788 0.8180 0.5468
vn 0.0400 0.7975 0.6020
vn 0.2824 0.7583 0.5876
vn 0.5346 0.6900 0.4880
vn 0.7607 0.5863 0.2785
vn 0.8817 0.4698 -0.0442
vn 0.8239 0.3898 -0.4115
vn 0.5885 0.3775 -0.7149
vn 0.2423 0.4368 -0.8663
vn -0.1109 0.5465 -0.8301
vn -0.3775 0.6590 -0.6506
vn -0.5319 0.7392 -0.4130
vn -0.8291 0.5160 -0.2154
vn -0.8484 0.5160 0.1182
vn -0.7386 0.5160 0.4339
vn -0.5163 0.5160 0.6835
vn -0.2154 0.5160 0.8291
vn 0.1182 0.5160 0.8484
vn 0.4339 0.5160 0.7386
vn 0.6835 0.5160 0.5163
vn 0.8291 0.5160 0.2154
vn 0.8484 0.5160 -0.1182
vn 0.7386 0.5160 -0.4339
vn 0.5163 0.5160 -0.6835
vn 0.2154 0.5160 -0.8291
vn -0.1182 0.5160 -0.8484
vn -0.4339 0.5160 -0.7386
vn -0.6835 0.5160 -0.5163
vn -0.5391 0.7197 -0.4375
vn -0.3306 0.7197 -0.6105
vn -0.2708 0.3333 -0.9031
vn -0.5968 0.3274 -0.7326
vn -0.8327 0.3230 -0.4498
vn -0.6655 0.7197 -0.1979
vn -0.9421 0.3208 -0.0979
vn -0.6906 0.7197 0.0718
vn -0.9080 0.3211 0.2692
vn -0.6105 0.7197 0.3306
vn -0.7356 0.3239 0.5949
vn -0.4375 0.7197 0.5391
vn -0.4517 0.3288 0.8294
vn -0.1979 0.7197 0.6655
vn -0.1000 0.3350 0.9369
vn 0.0718 0.7197 0.6906
vn 0.2655 0.3415 0.9016
vn 0.3306 0.7197 0.6105
vn 0.5893 0.3474 0.7294
vn 0.5391 0.7197 0.4375
vn 0.8224 0.3518 0.4470
vn 0.6655 0.7197 0.1979
vn 0.9302 0.3540 0.0973
vn 0.6906 0.7197 -0.0718
vn 0.8965 0.3537 -0.2670
vn 0.6105 0.7197 -0.3306
vn 0.4375 0.7197 -0.5391
vn 0.7263 0.3508 -0.5911
vn 0.4452 0.3460 -0.8259
vn 0.1979 0.7197 -0.6655
vn 0.0951 0.3398 -0.9357
vn -0.0718 0.7197 -0.6906
vn -0.2274 -0.6346 -0.7386
vn -0.4907 -0.6393 -0.5920
vn -0.6777 -0.6428 -0.3570
vn -0.7614 -0.6446 -0.0691
vn -0.7297 -0.6443 0.2289
vn -0.5873 -0.6420 0.4928
vn -0.3547 -0.6381 0.6833
vn -0.0661 -0.6332 0.7712
vn 0.2352 -0.6280 0.7418
vn 0.5032 -0.6232 0.5986
vn 0.6960 -0.6198 0.3626
vn 0.7830 -0.6180 0.0700
vn 0.7504 -0.6183 -0.2336
vn 0.6033 -0.6205 -0.5010
vn 0.3650 -0.6244 -0.6906
vn 0.0730 -0.6293 -0.7737
# 81 vertex normals

vt 0.7697 0.7169 0.0000
vt 0.6856 0.7548 0.0000
vt 0.6728 0.7436 0.0000
vt 0.6652 0.7282 0.0000
vt 0.6641 0.7111 0.0000
vt 0.6696 0.6949 0.0000
vt 0.6809 0.6821 0.0000
vt 0.6962 0.6745 0.0000
vt 0.7133 0.6734 0.0000
vt 0.7295 0.6789 0.0000
vt 0.7423 0.6902 0.0000
vt 0.7499 0.7055 0.0000
vt 0.7510 0.7226 0.0000
vt 0.7455 0.7388 0.0000
vt 0.7342 0.7516 0.0000
vt 0.7189 0.7592 0.0000
vt 0.7018 0.7603 0.0000
vt 0.6531 0.8213 0.0000
vt 0.6173 0.7925 0.0000
vt 0.5952 0.7522 0.0000
vt 0.5903 0.7065 0.0000
vt 0.6032 0.6624 0.0000
vt 0.6320 0.6266 0.0000
vt 0.6723 0.6045 0.0000
vt 0.7180 0.5996 0.0000
vt 0.7621 0.6125 0.0000
vt 0.7979 0.6413 0.0000
vt 0.8199 0.6816 0.0000
vt 0.8249 0.7273 0.0000
vt 0.8120 0.7714 0.0000
vt 0.7832 0.8072 0.0000
vt 0.7429 0.8292 0.0000
vt 0.6972 0.8342 0.0000
vt 0.6814 0.9157 0.0000
vt 0.7595 0.9106 0.0000
vt 0.8194 0.9566 0.0000
vt 0.7191 0.9812 0.0000
vt 0.6171 0.9655 0.0000
vt 0.6073 0.8905 0.0000
vt 0.5288 0.9119 0.0000
vt 0.5485 0.8390 0.0000
vt 0.4678 0.8287 0.0000
vt 0.5138 0.7688 0.0000
vt 0.4433 0.7284 0.0000
vt 0.5087 0.6907 0.0000
vt 0.4590 0.6264 0.0000
vt 0.5339 0.6166 0.0000
vt 0.5125 0.5381 0.0000
vt 0.5855 0.5578 0.0000
vt 0.5958 0.4771 0.0000
vt 0.6557 0.5232 0.0000
vt 0.6960 0.4526 0.0000
vt 0.7337 0.5180 0.0000
vt 0.7980 0.4683 0.0000
vt 0.8078 0.5432 0.0000
vt 0.8863 0.5218 0.0000
vt 0.8667 0.5948 0.0000
vt 0.9473 0.6051 0.0000
vt 0.9013 0.6650 0.0000
vt 0.9064 0.7430 0.0000
vt 0.9719 0.7053 0.0000
vt 0.9562 0.8074 0.0000
vt 0.8812 0.8171 0.0000
vt 0.9026 0.8956 0.0000
vt 0.8296 0.8760 0.0000
vt 0.8260 0.9627 0.0000
vt 0.7223 0.9881 0.0000
vt 0.6167 0.9719 0.0000
vt 0.5254 0.9164 0.0000
vt 0.4622 0.8303 0.0000
vt 0.4368 0.7266 0.0000
vt 0.4531 0.6210 0.0000
vt 0.5085 0.5297 0.0000
vt 0.5946 0.4665 0.0000
vt 0.6984 0.4411 0.0000
vt 0.8039 0.4574 0.0000
vt 0.8953 0.5128 0.0000
vt 0.9584 0.5989 0.0000
vt 0.9838 0.7027 0.0000
vt 0.9676 0.8082 0.0000
vt 0.9121 0.8996 0.0000
# 81 texture coords

o Sphere016
g Sphere016
usemtl Material__27
s 1
f 2184/2215/2169 2185/2216/2170 2186/2217/2171 
f 2184/2215/2169 2186/2217/2171 2187/2218/2172 
f 2184/2215/2169 2187/2218/2172 2188/2219/2173 
f 2184/2215/2169 2188/2219/2173 2189/2220/2174 
f 2184/2215/2169 2189/2220/2174 2190/2221/2175 
f 2184/2215/2169 2190/2221/2175 2191/2222/2176 
f 2184/2215/2169 2191/2222/2176 2192/2223/2177 
f 2184/2215/2169 2192/2223/2177 2193/2224/2178 
f 2184/2215/2169 2193/2224/2178 2194/2225/2179 
f 2184/2215/2169 2194/2225/2179 2195/2226/2180 
f 2184/2215/2169 2195/2226/2180 2196/2227/2181 
f 2184/2215/2169 2196/2227/2181 2197/2228/2182 
f 2184/2215/2169 2197/2228/2182 2198/2229/2183 
f 2184/2215/2169 2198/2229/2183 2199/2230/2184 
f 2184/2215/2169 2199/2230/2184 2200/2231/2185 
f 2184/2215/2169 2200/2231/2185 2185/2216/2170 
f 2185/2216/2170 2201/2232/2186 2202/2233/2187 2186/2217/2171 
f 2202/2233/2187 2203/2234/2188 2187/2218/2172 2186/2217/2171 
f 2187/2218/2172 2203/2234/2188 2204/2235/2189 2188/2219/2173 
f 2188/2219/2173 2204/2235/2189 2205/2236/2190 2189/2220/2174 
f 2205/2236/2190 2206/2237/2191 2190/2221/2175 2189/2220/2174 
f 2207/2238/2192 2191/2222/2176 2190/2221/2175 2206/2237/2191 
f 2207/2238/2192 2208/2239/2193 2192/2223/2177 2191/2222/2176 
f 2208/2239/2193 2209/2240/2194 2193/2224/2178 2192/2223/2177 
f 2210/2241/2195 2194/2225/2179 2193/2224/2178 2209/2240/2194 
f 2194/2225/2179 2210/2241/2195 2211/2242/2196 2195/2226/2180 
f 2211/2242/2196 2212/2243/2197 2196/2227/2181 2195/2226/2180 
f 2196/2227/2181 2212/2243/2197 2213/2244/2198 2197/2228/2182 
f 2213/2244/2198 2214/2245/2199 2198/2229/2183 2197/2228/2182 
f 2198/2229/2183 2214/2245/2199 2215/2246/2200 2199/2230/2184 
f 2216/2247/2201 2200/2231/2185 2199/2230/2184 2215/2246/2200 
f 2200/2231/2185 2216/2247/2201 2201/2232/2186 2185/2216/2170 
f 2217/2248/2202 2218/2249/2203 2219/2250/2204 2220/2251/2205 
f 2217/2248/2202 2220/2251/2205 2221/2252/2206 2222/2253/2207 
f 2222/2253/2207 2221/2252/2206 2223/2254/2208 2224/2255/2209 
f 2224/2255/2209 2223/2254/2208 2225/2256/2210 2226/2257/2211 
f 2226/2257/2211 2225/2256/2210 2227/2258/2212 2228/2259/2213 
f 2228/2259/2213 2227/2258/2212 2229/2260/2214 2230/2261/2215 
f 2231/2262/2216 2232/2263/2217 2230/2261/2215 2229/2260/2214 
f 2233/2264/2218 2234/2265/2219 2232/2263/2217 2231/2262/2216 
f 2235/2266/2220 2236/2267/2221 2234/2265/2219 2233/2264/2218 
f 2237/2268/2222 2238/2269/2223 2236/2267/2221 2235/2266/2220 
f 2239/2270/2224 2240/2271/2225 2238/2269/2223 2237/2268/2222 
f 2240/2271/2225 2239/2270/2224 2241/2272/2226 2242/2273/2227 
f 2243/2274/2228 2242/2273/2227 2241/2272/2226 2244/2275/2229 
f 2245/2276/2230 2246/2277/2231 2243/2274/2228 2244/2275/2229 
f 2246/2277/2231 2245/2276/2230 2247/2278/2232 2248/2279/2233 
f 2218/2249/2203 2248/2279/2233 2247/2278/2232 2219/2250/2204 
f 2219/2250/2204 2249/2280/2234 2250/2281/2235 2220/2251/2205 
f 2251/2282/2236 2221/2252/2206 2220/2251/2205 2250/2281/2235 
f 2223/2254/2208 2221/2252/2206 2251/2282/2236 2252/2283/2237 
f 2252/2283/2237 2253/2284/2238 2225/2256/2210 2223/2254/2208 
f 2225/2256/2210 2253/2284/2238 2254/2285/2239 2227/2258/2212 
f 2255/2286/2240 2229/2260/2214 2227/2258/2212 2254/2285/2239 
f 2256/2287/2241 2231/2262/2216 2229/2260/2214 2255/2286/2240 
f 2257/2288/2242 2233/2264/2218 2231/2262/2216 2256/2287/2241 
f 2233/2264/2218 2257/2288/2242 2258/2289/2243 2235/2266/2220 
f 2235/2266/2220 2258/2289/2243 2259/2290/2244 2237/2268/2222 
f 2259/2290/2244 2260/2291/2245 2239/2270/2224 2237/2268/2222 
f 2239/2270/2224 2260/2291/2245 2261/2292/2246 2241/2272/2226 
f 2241/2272/2226 2261/2292/2246 2262/2293/2247 2244/2275/2229 
f 2245/2276/2230 2244/2275/2229 2262/2293/2247 2263/2294/2248 
f 2264/2295/2249 2247/2278/2232 2245/2276/2230 2263/2294/2248 
f 2249/2280/2234 2219/2250/2204 2247/2278/2232 2264/2295/2249 
f 2201/2232/2186 2218/2249/2203 2217/2248/2202 2202/2233/2187 
f 2202/2233/2187 2217/2248/2202 2222/2253/2207 2203/2234/2188 
f 2203/2234/2188 2222/2253/2207 2224/2255/2209 2204/2235/2189 
f 2204/2235/2189 2224/2255/2209 2226/2257/2211 2205/2236/2190 
f 2206/2237/2191 2205/2236/2190 2226/2257/2211 2228/2259/2213 
f 2207/2238/2192 2206/2237/2191 2228/2259/2213 2230/2261/2215 
f 2232/2263/2217 2208/2239/2193 2207/2238/2192 2230/2261/2215 
f 2208/2239/2193 2232/2263/2217 2234/2265/2219 2209/2240/2194 
f 2209/2240/2194 2234/2265/2219 2236/2267/2221 2210/2241/2195 
f 2210/2241/2195 2236/2267/2221 2238/2269/2223 2211/2242/2196 
f 2212/2243/2197 2211/2242/2196 2238/2269/2223 2240/2271/2225 
f 2212/2243/2197 2240/2271/2225 2242/2273/2227 2213/2244/2198 
f 2213/2244/2198 2242/2273/2227 2243/2274/2228 2214/2245/2199 
f 2246/2277/2231 2215/2246/2200 2214/2245/2199 2243/2274/2228 
f 2248/2279/2233 2216/2247/2201 2215/2246/2200 2246/2277/2231 
f 2218/2249/2203 2201/2232/2186 2216/2247/2201 2248/2279/2233 
s off
f 2263/2294/2248 2262/2293/2247 2261/2292/2246 2259/2290/2244 
f 2261/2292/2246 2260/2291/2245 2259/2290/2244 
f 2259/2290/2244 2258/2289/2243 2257/2288/2242 2255/2286/2240 
f 2257/2288/2242 2256/2287/2241 2255/2286/2240 
f 2255/2286/2240 2254/2285/2239 2253/2284/2238 2252/2283/2237 
f 2255/2286/2240 2252/2283/2237 2251/2282/2236 2259/2290/2244 
f 2263/2294/2248 2259/2290/2244 2251/2282/2236 2250/2281/2235 
f 2264/2295/2249 2263/2294/2248 2250/2281/2235 2249/2280/2234 
# 70 polygons - 18 triangles

#
# object Sphere017
#

v  2.5303 1.3108 -2.1965
v  2.4007 1.2240 -2.0908
v  2.4087 1.2240 -2.0608
v  2.4274 1.2240 -2.0361
v  2.4542 1.2240 -2.0205
v  2.4850 1.2240 -2.0163
v  2.5150 1.2240 -2.0242
v  2.5396 1.2240 -2.0430
v  2.5553 1.2240 -2.0698
v  2.5594 1.2240 -2.1005
v  2.5515 1.2240 -2.1305
v  2.5327 1.2240 -2.1552
v  2.5059 1.2240 -2.1708
v  2.4752 1.2240 -2.1750
v  2.4452 1.2240 -2.1671
v  2.4205 1.2240 -2.1483
v  2.4049 1.2240 -2.1215
v  2.2666 1.1611 -2.0916
v  2.2844 1.1611 -2.0102
v  2.3320 1.1611 -1.9418
v  2.4021 1.1611 -1.8969
v  2.4842 1.1611 -1.8822
v  2.5655 1.1611 -1.9000
v  2.6339 1.1611 -1.9476
v  2.6789 1.1611 -2.0177
v  2.6936 1.1611 -2.0997
v  2.6758 1.1611 -2.1811
v  2.6282 1.1611 -2.2495
v  2.5580 1.1611 -2.2944
v  2.4760 1.1611 -2.3091
v  2.3946 1.1611 -2.2913
v  2.3262 1.1611 -2.2437
v  2.2813 1.1611 -2.1736
v  2.1362 1.0897 -2.2138
v  2.2076 1.0897 -2.3364
v  2.1813 0.9717 -2.4709
v  2.0604 0.9717 -2.3280
v  2.0035 0.9717 -2.1497
v  2.1172 1.0897 -2.0733
v  2.0191 0.9717 -1.9632
v  2.1534 1.0897 -1.9361
v  2.1048 0.9717 -1.7968
v  2.2393 1.0897 -1.8232
v  2.2477 0.9717 -1.6760
v  2.3619 1.0897 -1.7518
v  2.4260 0.9717 -1.6190
v  2.5025 1.0897 -1.7327
v  2.6125 0.9717 -1.6346
v  2.6396 1.0897 -1.7689
v  2.7789 0.9717 -1.7204
v  2.7525 1.0897 -1.8548
v  2.8997 0.9717 -1.8633
v  2.8239 1.0897 -1.9774
v  2.9567 0.9717 -2.0416
v  2.8430 1.0897 -2.1180
v  2.9411 0.9717 -2.2281
v  2.8068 1.0897 -2.2552
v  2.8553 0.9717 -2.3944
v  2.7209 1.0897 -2.3681
v  2.5983 1.0897 -2.4395
v  2.7124 0.9717 -2.5153
v  2.5341 0.9717 -2.5723
v  2.4577 1.0897 -2.4586
v  2.3476 0.9717 -2.5567
v  2.3205 1.0897 -2.4224
v  2.1768 0.8488 -2.4866
v  2.0517 0.8488 -2.3387
v  1.9928 0.8488 -2.1542
v  2.0089 0.8488 -1.9612
v  2.0977 0.8488 -1.7891
v  2.2456 0.8488 -1.6641
v  2.4300 0.8488 -1.6051
v  2.6230 0.8488 -1.6213
v  2.7951 0.8488 -1.7100
v  2.9202 0.8488 -1.8579
v  2.9791 0.8488 -2.0424
v  2.9630 0.8488 -2.2353
v  2.8742 0.8488 -2.4075
v  2.7264 0.8488 -2.5325
v  2.5419 0.8488 -2.5915
v  2.3489 0.8488 -2.5753
# 81 vertices

vn 0.2595 0.8130 -0.5212
vn -0.6145 0.7869 0.0566
vn -0.5183 0.8127 0.2662
vn -0.3701 0.8246 0.4279
vn -0.1823 0.8262 0.5331
vn 0.0308 0.8180 0.5744
vn 0.2548 0.7975 0.5469
vn 0.4756 0.7583 0.4459
vn 0.6748 0.6900 0.2620
vn 0.8100 0.5863 -0.0151
vn 0.8062 0.4698 -0.3597
vn 0.6196 0.3898 -0.6813
vn 0.2905 0.3775 -0.8793
vn -0.0870 0.4368 -0.8954
vn -0.4033 0.5465 -0.7340
vn -0.5870 0.6590 -0.4703
vn -0.6452 0.7392 -0.1929
vn -0.8509 0.5160 0.0986
vn -0.7484 0.5160 0.4167
vn -0.5320 0.5160 0.6714
vn -0.2345 0.5160 0.8239
vn 0.0986 0.5160 0.8509
vn 0.4167 0.5160 0.7484
vn 0.6714 0.5160 0.5320
vn 0.8239 0.5160 0.2345
vn 0.8509 0.5160 -0.0986
vn 0.7484 0.5160 -0.4167
vn 0.5320 0.5160 -0.6714
vn 0.2345 0.5160 -0.8239
vn -0.0986 0.5160 -0.8509
vn -0.4167 0.5160 -0.7484
vn -0.6714 0.5160 -0.5320
vn -0.8239 0.5160 -0.2345
vn -0.6607 0.7197 -0.2133
vn -0.5288 0.7197 -0.4499
vn -0.5788 0.3333 -0.7443
vn -0.8211 0.3274 -0.4675
vn -0.9389 0.3230 -0.1186
vn -0.6920 0.7197 0.0558
vn -0.9138 0.3208 0.2491
vn -0.6180 0.7197 0.3164
vn -0.7494 0.3211 0.5790
vn -0.4499 0.7197 0.5288
vn -0.4711 0.3239 0.8205
vn -0.2133 0.7197 0.6607
vn -0.1216 0.3288 0.9365
vn 0.0558 0.7197 0.6920
vn 0.2452 0.3350 0.9098
vn 0.3164 0.7197 0.6180
vn 0.5733 0.3415 0.7448
vn 0.5288 0.7197 0.4499
vn 0.8130 0.3474 0.4673
vn 0.6607 0.7197 0.2133
vn 0.9284 0.3518 0.1197
vn 0.6920 0.7197 -0.0558
vn 0.9025 0.3540 -0.2453
vn 0.6180 0.7197 -0.3164
vn 0.7395 0.3537 -0.5728
vn 0.4499 0.7197 -0.5288
vn 0.2133 0.7197 -0.6607
vn 0.4638 0.3508 -0.8135
vn 0.1167 0.3460 -0.9310
vn -0.0558 0.7197 -0.6920
vn -0.2493 0.3398 -0.9069
vn -0.3164 0.7197 -0.6180
vn -0.4789 -0.6346 -0.6066
vn -0.6714 -0.6393 -0.3748
vn -0.7609 -0.6428 -0.0880
vn -0.7349 -0.6446 0.2106
vn -0.5977 -0.6443 0.4770
vn -0.3696 -0.6420 0.6717
vn -0.0839 -0.6381 0.7653
vn 0.2169 -0.6332 0.7430
vn 0.4873 -0.6280 0.6068
vn 0.6855 -0.6232 0.3764
vn 0.7800 -0.6198 0.0867
vn 0.7555 -0.6180 -0.2175
vn 0.6154 -0.6183 -0.4889
vn 0.3816 -0.6205 -0.6851
vn 0.0909 -0.6244 -0.7758
vn -0.2114 -0.6293 -0.7478
# 81 vertex normals

vt 0.7697 0.7169 0.0000
vt 0.6856 0.7548 0.0000
vt 0.6728 0.7436 0.0000
vt 0.6652 0.7282 0.0000
vt 0.6641 0.7111 0.0000
vt 0.6696 0.6949 0.0000
vt 0.6809 0.6821 0.0000
vt 0.6962 0.6745 0.0000
vt 0.7133 0.6734 0.0000
vt 0.7295 0.6789 0.0000
vt 0.7423 0.6902 0.0000
vt 0.7499 0.7055 0.0000
vt 0.7510 0.7226 0.0000
vt 0.7455 0.7388 0.0000
vt 0.7342 0.7516 0.0000
vt 0.7189 0.7592 0.0000
vt 0.7018 0.7603 0.0000
vt 0.6531 0.8213 0.0000
vt 0.6173 0.7925 0.0000
vt 0.5952 0.7522 0.0000
vt 0.5903 0.7065 0.0000
vt 0.6032 0.6624 0.0000
vt 0.6320 0.6266 0.0000
vt 0.6723 0.6045 0.0000
vt 0.7180 0.5996 0.0000
vt 0.7621 0.6125 0.0000
vt 0.7979 0.6413 0.0000
vt 0.8199 0.6816 0.0000
vt 0.8249 0.7273 0.0000
vt 0.8120 0.7714 0.0000
vt 0.7832 0.8072 0.0000
vt 0.7429 0.8292 0.0000
vt 0.6972 0.8342 0.0000
vt 0.6814 0.9157 0.0000
vt 0.7595 0.9106 0.0000
vt 0.8194 0.9566 0.0000
vt 0.7191 0.9812 0.0000
vt 0.6171 0.9655 0.0000
vt 0.6073 0.8905 0.0000
vt 0.5288 0.9119 0.0000
vt 0.5485 0.8390 0.0000
vt 0.4678 0.8287 0.0000
vt 0.5138 0.7688 0.0000
vt 0.4433 0.7284 0.0000
vt 0.5087 0.6907 0.0000
vt 0.4590 0.6264 0.0000
vt 0.5339 0.6166 0.0000
vt 0.5125 0.5381 0.0000
vt 0.5855 0.5578 0.0000
vt 0.5958 0.4771 0.0000
vt 0.6557 0.5232 0.0000
vt 0.6960 0.4526 0.0000
vt 0.7337 0.5180 0.0000
vt 0.7980 0.4683 0.0000
vt 0.8078 0.5432 0.0000
vt 0.8863 0.5218 0.0000
vt 0.8667 0.5948 0.0000
vt 0.9473 0.6051 0.0000
vt 0.9013 0.6650 0.0000
vt 0.9064 0.7430 0.0000
vt 0.9719 0.7053 0.0000
vt 0.9562 0.8074 0.0000
vt 0.8812 0.8171 0.0000
vt 0.9026 0.8956 0.0000
vt 0.8296 0.8760 0.0000
vt 0.8260 0.9627 0.0000
vt 0.7223 0.9881 0.0000
vt 0.6167 0.9719 0.0000
vt 0.5254 0.9164 0.0000
vt 0.4622 0.8303 0.0000
vt 0.4368 0.7266 0.0000
vt 0.4531 0.6210 0.0000
vt 0.5085 0.5297 0.0000
vt 0.5946 0.4665 0.0000
vt 0.6984 0.4411 0.0000
vt 0.8039 0.4574 0.0000
vt 0.8953 0.5128 0.0000
vt 0.9584 0.5989 0.0000
vt 0.9838 0.7027 0.0000
vt 0.9676 0.8082 0.0000
vt 0.9121 0.8996 0.0000
# 81 texture coords

o Sphere017
g Sphere017
usemtl Material__27
s 1
f 2265/2296/2250 2266/2297/2251 2267/2298/2252 
f 2265/2296/2250 2267/2298/2252 2268/2299/2253 
f 2265/2296/2250 2268/2299/2253 2269/2300/2254 
f 2265/2296/2250 2269/2300/2254 2270/2301/2255 
f 2265/2296/2250 2270/2301/2255 2271/2302/2256 
f 2265/2296/2250 2271/2302/2256 2272/2303/2257 
f 2265/2296/2250 2272/2303/2257 2273/2304/2258 
f 2265/2296/2250 2273/2304/2258 2274/2305/2259 
f 2265/2296/2250 2274/2305/2259 2275/2306/2260 
f 2265/2296/2250 2275/2306/2260 2276/2307/2261 
f 2265/2296/2250 2276/2307/2261 2277/2308/2262 
f 2265/2296/2250 2277/2308/2262 2278/2309/2263 
f 2265/2296/2250 2278/2309/2263 2279/2310/2264 
f 2265/2296/2250 2279/2310/2264 2280/2311/2265 
f 2265/2296/2250 2280/2311/2265 2281/2312/2266 
f 2265/2296/2250 2281/2312/2266 2266/2297/2251 
f 2266/2297/2251 2282/2313/2267 2283/2314/2268 2267/2298/2252 
f 2283/2314/2268 2284/2315/2269 2268/2299/2253 2267/2298/2252 
f 2268/2299/2253 2284/2315/2269 2285/2316/2270 2269/2300/2254 
f 2269/2300/2254 2285/2316/2270 2286/2317/2271 2270/2301/2255 
f 2286/2317/2271 2287/2318/2272 2271/2302/2256 2270/2301/2255 
f 2288/2319/2273 2272/2303/2257 2271/2302/2256 2287/2318/2272 
f 2288/2319/2273 2289/2320/2274 2273/2304/2258 2272/2303/2257 
f 2289/2320/2274 2290/2321/2275 2274/2305/2259 2273/2304/2258 
f 2291/2322/2276 2275/2306/2260 2274/2305/2259 2290/2321/2275 
f 2275/2306/2260 2291/2322/2276 2292/2323/2277 2276/2307/2261 
f 2292/2323/2277 2293/2324/2278 2277/2308/2262 2276/2307/2261 
f 2277/2308/2262 2293/2324/2278 2294/2325/2279 2278/2309/2263 
f 2294/2325/2279 2295/2326/2280 2279/2310/2264 2278/2309/2263 
f 2279/2310/2264 2295/2326/2280 2296/2327/2281 2280/2311/2265 
f 2297/2328/2282 2281/2312/2266 2280/2311/2265 2296/2327/2281 
f 2281/2312/2266 2297/2328/2282 2282/2313/2267 2266/2297/2251 
f 2298/2329/2283 2299/2330/2284 2300/2331/2285 2301/2332/2286 
f 2298/2329/2283 2301/2332/2286 2302/2333/2287 2303/2334/2288 
f 2303/2334/2288 2302/2333/2287 2304/2335/2289 2305/2336/2290 
f 2305/2336/2290 2304/2335/2289 2306/2337/2291 2307/2338/2292 
f 2307/2338/2292 2306/2337/2291 2308/2339/2293 2309/2340/2294 
f 2309/2340/2294 2308/2339/2293 2310/2341/2295 2311/2342/2296 
f 2312/2343/2297 2313/2344/2298 2311/2342/2296 2310/2341/2295 
f 2314/2345/2299 2315/2346/2300 2313/2344/2298 2312/2343/2297 
f 2316/2347/2301 2317/2348/2302 2315/2346/2300 2314/2345/2299 
f 2318/2349/2303 2319/2350/2304 2317/2348/2302 2316/2347/2301 
f 2320/2351/2305 2321/2352/2306 2319/2350/2304 2318/2349/2303 
f 2321/2352/2306 2320/2351/2305 2322/2353/2307 2323/2354/2308 
f 2324/2355/2309 2323/2354/2308 2322/2353/2307 2325/2356/2310 
f 2326/2357/2311 2327/2358/2312 2324/2355/2309 2325/2356/2310 
f 2327/2358/2312 2326/2357/2311 2328/2359/2313 2329/2360/2314 
f 2299/2330/2284 2329/2360/2314 2328/2359/2313 2300/2331/2285 
f 2300/2331/2285 2330/2361/2315 2331/2362/2316 2301/2332/2286 
f 2332/2363/2317 2302/2333/2287 2301/2332/2286 2331/2362/2316 
f 2304/2335/2289 2302/2333/2287 2332/2363/2317 2333/2364/2318 
f 2333/2364/2318 2334/2365/2319 2306/2337/2291 2304/2335/2289 
f 2306/2337/2291 2334/2365/2319 2335/2366/2320 2308/2339/2293 
f 2336/2367/2321 2310/2341/2295 2308/2339/2293 2335/2366/2320 
f 2337/2368/2322 2312/2343/2297 2310/2341/2295 2336/2367/2321 
f 2338/2369/2323 2314/2345/2299 2312/2343/2297 2337/2368/2322 
f 2314/2345/2299 2338/2369/2323 2339/2370/2324 2316/2347/2301 
f 2316/2347/2301 2339/2370/2324 2340/2371/2325 2318/2349/2303 
f 2340/2371/2325 2341/2372/2326 2320/2351/2305 2318/2349/2303 
f 2320/2351/2305 2341/2372/2326 2342/2373/2327 2322/2353/2307 
f 2322/2353/2307 2342/2373/2327 2343/2374/2328 2325/2356/2310 
f 2326/2357/2311 2325/2356/2310 2343/2374/2328 2344/2375/2329 
f 2345/2376/2330 2328/2359/2313 2326/2357/2311 2344/2375/2329 
f 2330/2361/2315 2300/2331/2285 2328/2359/2313 2345/2376/2330 
f 2282/2313/2267 2299/2330/2284 2298/2329/2283 2283/2314/2268 
f 2283/2314/2268 2298/2329/2283 2303/2334/2288 2284/2315/2269 
f 2284/2315/2269 2303/2334/2288 2305/2336/2290 2285/2316/2270 
f 2285/2316/2270 2305/2336/2290 2307/2338/2292 2286/2317/2271 
f 2287/2318/2272 2286/2317/2271 2307/2338/2292 2309/2340/2294 
f 2288/2319/2273 2287/2318/2272 2309/2340/2294 2311/2342/2296 
f 2313/2344/2298 2289/2320/2274 2288/2319/2273 2311/2342/2296 
f 2289/2320/2274 2313/2344/2298 2315/2346/2300 2290/2321/2275 
f 2290/2321/2275 2315/2346/2300 2317/2348/2302 2291/2322/2276 
f 2291/2322/2276 2317/2348/2302 2319/2350/2304 2292/2323/2277 
f 2293/2324/2278 2292/2323/2277 2319/2350/2304 2321/2352/2306 
f 2293/2324/2278 2321/2352/2306 2323/2354/2308 2294/2325/2279 
f 2294/2325/2279 2323/2354/2308 2324/2355/2309 2295/2326/2280 
f 2327/2358/2312 2296/2327/2281 2295/2326/2280 2324/2355/2309 
f 2329/2360/2314 2297/2328/2282 2296/2327/2281 2327/2358/2312 
f 2299/2330/2284 2282/2313/2267 2297/2328/2282 2329/2360/2314 
s off
f 2344/2375/2329 2343/2374/2328 2342/2373/2327 2340/2371/2325 
f 2342/2373/2327 2341/2372/2326 2340/2371/2325 
f 2340/2371/2325 2339/2370/2324 2338/2369/2323 2336/2367/2321 
f 2338/2369/2323 2337/2368/2322 2336/2367/2321 
f 2336/2367/2321 2335/2366/2320 2334/2365/2319 2333/2364/2318 
f 2336/2367/2321 2333/2364/2318 2332/2363/2317 2340/2371/2325 
f 2344/2375/2329 2340/2371/2325 2332/2363/2317 2331/2362/2316 
f 2345/2376/2330 2344/2375/2329 2331/2362/2316 2330/2361/2315 
# 70 polygons - 18 triangles

#
# object Sphere018
#

v  1.5530 1.3108 -2.9564
v  1.4704 1.2240 -2.8109
v  1.4886 1.2240 -2.7858
v  1.5150 1.2240 -2.7696
v  1.5456 1.2240 -2.7647
v  1.5758 1.2240 -2.7719
v  1.6009 1.2240 -2.7901
v  1.6171 1.2240 -2.8166
v  1.6220 1.2240 -2.8472
v  1.6148 1.2240 -2.8774
v  1.5966 1.2240 -2.9025
v  1.5702 1.2240 -2.9187
v  1.5395 1.2240 -2.9236
v  1.5094 1.2240 -2.9164
v  1.4843 1.2240 -2.8981
v  1.4680 1.2240 -2.8717
v  1.4632 1.2240 -2.8411
v  1.3450 1.1611 -2.7632
v  1.3910 1.1611 -2.6938
v  1.4601 1.1611 -2.6472
v  1.5417 1.1611 -2.6306
v  1.6235 1.1611 -2.6465
v  1.6930 1.1611 -2.6926
v  1.7395 1.1611 -2.7616
v  1.7561 1.1611 -2.8433
v  1.7402 1.1611 -2.9251
v  1.6942 1.1611 -2.9945
v  1.6251 1.1611 -3.0411
v  1.5434 1.1611 -3.0577
v  1.4617 1.1611 -3.0417
v  1.3922 1.1611 -2.9957
v  1.3456 1.1611 -2.9266
v  1.3291 1.1611 -2.8450
v  1.1792 1.0897 -2.8301
v  1.2015 1.0897 -2.9703
v  1.1284 0.9717 -3.0861
v  1.0673 0.9717 -2.9092
v  1.0786 0.9717 -2.7224
v  1.2123 1.0897 -2.6922
v  1.1605 0.9717 -2.5541
v  1.2956 1.0897 -2.5773
v  1.3006 0.9717 -2.4300
v  1.4165 1.0897 -2.5031
v  1.4775 0.9717 -2.3689
v  1.5566 1.0897 -2.4808
v  1.6644 0.9717 -2.3802
v  1.6946 1.0897 -2.5138
v  1.8326 0.9717 -2.4621
v  1.8094 1.0897 -2.5971
v  1.9568 0.9717 -2.6022
v  1.8836 1.0897 -2.7180
v  2.0178 0.9717 -2.7791
v  1.9059 1.0897 -2.8581
v  2.0065 0.9717 -2.9659
v  1.8729 1.0897 -2.9961
v  1.9246 0.9717 -3.1342
v  1.7896 1.0897 -3.1110
v  1.7846 0.9717 -3.2583
v  1.6687 1.0897 -3.1852
v  1.5286 1.0897 -3.2075
v  1.6076 0.9717 -3.3194
v  1.4208 0.9717 -3.3081
v  1.3906 1.0897 -3.1745
v  1.2525 0.9717 -3.2262
v  1.2758 1.0897 -3.0912
v  1.1186 0.8488 -3.0991
v  1.0554 0.8488 -2.9160
v  1.0670 0.8488 -2.7227
v  1.1518 0.8488 -2.5486
v  1.2967 0.8488 -2.4202
v  1.4798 0.8488 -2.3570
v  1.6731 0.8488 -2.3687
v  1.8472 0.8488 -2.4534
v  1.9757 0.8488 -2.5984
v  2.0389 0.8488 -2.7814
v  2.0272 0.8488 -2.9747
v  1.9424 0.8488 -3.1489
v  1.7975 0.8488 -3.2773
v  1.6144 0.8488 -3.3405
v  1.4211 0.8488 -3.3288
v  1.2470 0.8488 -3.2441
# 81 vertices

vn 0.0537 0.8130 -0.5798
vn -0.5526 0.7869 0.2748
vn -0.3872 0.8127 0.4354
vn -0.1906 0.8246 0.5327
vn 0.0225 0.8262 0.5629
vn 0.2362 0.8180 0.5245
vn 0.4352 0.7975 0.4179
vn 0.6045 0.7583 0.2439
vn 0.7238 0.6900 0.0005
vn 0.7498 0.5863 -0.3067
vn 0.6218 0.4698 -0.6266
vn 0.3316 0.3898 -0.8591
vn -0.0467 0.3775 -0.9248
vn -0.4045 0.4368 -0.8035
vn -0.6412 0.5465 -0.5387
vn -0.7173 0.6590 -0.2265
vn -0.6713 0.7392 0.0532
vn -0.7578 0.5160 0.3993
vn -0.5473 0.5160 0.6589
vn -0.2535 0.5160 0.8182
vn 0.0789 0.5160 0.8530
vn 0.3993 0.5160 0.7578
vn 0.6589 0.5160 0.5473
vn 0.8182 0.5160 0.2535
vn 0.8530 0.5160 -0.0789
vn 0.7578 0.5160 -0.3993
vn 0.5473 0.5160 -0.6589
vn 0.2535 0.5160 -0.8182
vn -0.0789 0.5160 -0.8530
vn -0.3993 0.5160 -0.7578
vn -0.6589 0.5160 -0.5473
vn -0.8182 0.5160 -0.2535
vn -0.8530 0.5160 0.0789
vn -0.6932 0.7197 0.0398
vn -0.6556 0.7197 -0.2285
vn -0.8085 0.3333 -0.4850
vn -0.9346 0.3274 -0.1393
vn -0.9184 0.3230 0.2286
vn -0.6252 0.7197 0.3020
vn -0.7621 0.3208 0.5624
vn -0.4620 0.7197 0.5183
vn -0.4897 0.3211 0.8106
vn -0.2285 0.7197 0.6556
vn -0.1429 0.3239 0.9352
vn 0.0398 0.7197 0.6932
vn 0.2249 0.3288 0.9172
vn 0.3020 0.7197 0.6252
vn 0.5573 0.3350 0.7598
vn 0.5183 0.7197 0.4620
vn 0.8036 0.3415 0.4874
vn 0.6556 0.7197 0.2285
vn 0.9269 0.3474 0.1421
vn 0.6932 0.7197 -0.0398
vn 0.9089 0.3518 -0.2237
vn 0.6252 0.7197 -0.3020
vn 0.7529 0.3540 -0.5548
vn 0.4620 0.7197 -0.5183
vn 0.4826 0.3537 -0.8013
vn 0.2285 0.7197 -0.6556
vn -0.0398 0.7197 -0.6932
vn 0.1386 0.3508 -0.9261
vn -0.2274 0.3460 -0.9103
vn -0.3020 0.7197 -0.6252
vn -0.5601 0.3398 -0.7556
vn -0.5183 0.7197 -0.4620
vn -0.6657 -0.6346 -0.3927
vn -0.7615 -0.6393 -0.1069
vn -0.7413 -0.6428 0.1928
vn -0.6092 -0.6446 0.4619
vn -0.3851 -0.6443 0.6607
vn -0.1020 -0.6420 0.7599
vn 0.1982 -0.6381 0.7440
vn 0.4707 -0.6332 0.6144
vn 0.6736 -0.6280 0.3898
vn 0.7752 -0.6232 0.1034
vn 0.7586 -0.6198 -0.2009
vn 0.6259 -0.6180 -0.4758
vn 0.3972 -0.6183 -0.6782
vn 0.1083 -0.6205 -0.7767
vn -0.1955 -0.6244 -0.7562
vn -0.4673 -0.6293 -0.6210
# 81 vertex normals

vt 0.7697 0.7169 0.0000
vt 0.6856 0.7548 0.0000
vt 0.6728 0.7436 0.0000
vt 0.6652 0.7282 0.0000
vt 0.6641 0.7111 0.0000
vt 0.6696 0.6949 0.0000
vt 0.6809 0.6821 0.0000
vt 0.6962 0.6745 0.0000
vt 0.7133 0.6734 0.0000
vt 0.7295 0.6789 0.0000
vt 0.7423 0.6902 0.0000
vt 0.7499 0.7055 0.0000
vt 0.7510 0.7226 0.0000
vt 0.7455 0.7388 0.0000
vt 0.7342 0.7516 0.0000
vt 0.7189 0.7592 0.0000
vt 0.7018 0.7603 0.0000
vt 0.6531 0.8213 0.0000
vt 0.6173 0.7925 0.0000
vt 0.5952 0.7522 0.0000
vt 0.5903 0.7065 0.0000
vt 0.6032 0.6624 0.0000
vt 0.6320 0.6266 0.0000
vt 0.6723 0.6045 0.0000
vt 0.7180 0.5996 0.0000
vt 0.7621 0.6125 0.0000
vt 0.7979 0.6413 0.0000
vt 0.8199 0.6816 0.0000
vt 0.8249 0.7273 0.0000
vt 0.8120 0.7714 0.0000
vt 0.7832 0.8072 0.0000
vt 0.7429 0.8292 0.0000
vt 0.6972 0.8342 0.0000
vt 0.6814 0.9157 0.0000
vt 0.7595 0.9106 0.0000
vt 0.8194 0.9566 0.0000
vt 0.7191 0.9812 0.0000
vt 0.6171 0.9655 0.0000
vt 0.6073 0.8905 0.0000
vt 0.5288 0.9119 0.0000
vt 0.5485 0.8390 0.0000
vt 0.4678 0.8287 0.0000
vt 0.5138 0.7688 0.0000
vt 0.4433 0.7284 0.0000
vt 0.5087 0.6907 0.0000
vt 0.4590 0.6264 0.0000
vt 0.5339 0.6166 0.0000
vt 0.5125 0.5381 0.0000
vt 0.5855 0.5578 0.0000
vt 0.5958 0.4771 0.0000
vt 0.6557 0.5232 0.0000
vt 0.6960 0.4526 0.0000
vt 0.7337 0.5180 0.0000
vt 0.7980 0.4683 0.0000
vt 0.8078 0.5432 0.0000
vt 0.8863 0.5218 0.0000
vt 0.8667 0.5948 0.0000
vt 0.9473 0.6051 0.0000
vt 0.9013 0.6650 0.0000
vt 0.9064 0.7430 0.0000
vt 0.9719 0.7053 0.0000
vt 0.9562 0.8074 0.0000
vt 0.8812 0.8171 0.0000
vt 0.9026 0.8956 0.0000
vt 0.8296 0.8760 0.0000
vt 0.8260 0.9627 0.0000
vt 0.7223 0.9881 0.0000
vt 0.6167 0.9719 0.0000
vt 0.5254 0.9164 0.0000
vt 0.4622 0.8303 0.0000
vt 0.4368 0.7266 0.0000
vt 0.4531 0.6210 0.0000
vt 0.5085 0.5297 0.0000
vt 0.5946 0.4665 0.0000
vt 0.6984 0.4411 0.0000
vt 0.8039 0.4574 0.0000
vt 0.8953 0.5128 0.0000
vt 0.9584 0.5989 0.0000
vt 0.9838 0.7027 0.0000
vt 0.9676 0.8082 0.0000
vt 0.9121 0.8996 0.0000
# 81 texture coords

o Sphere018
g Sphere018
usemtl Material__27
s 1
f 2346/2377/2331 2347/2378/2332 2348/2379/2333 
f 2346/2377/2331 2348/2379/2333 2349/2380/2334 
f 2346/2377/2331 2349/2380/2334 2350/2381/2335 
f 2346/2377/2331 2350/2381/2335 2351/2382/2336 
f 2346/2377/2331 2351/2382/2336 2352/2383/2337 
f 2346/2377/2331 2352/2383/2337 2353/2384/2338 
f 2346/2377/2331 2353/2384/2338 2354/2385/2339 
f 2346/2377/2331 2354/2385/2339 2355/2386/2340 
f 2346/2377/2331 2355/2386/2340 2356/2387/2341 
f 2346/2377/2331 2356/2387/2341 2357/2388/2342 
f 2346/2377/2331 2357/2388/2342 2358/2389/2343 
f 2346/2377/2331 2358/2389/2343 2359/2390/2344 
f 2346/2377/2331 2359/2390/2344 2360/2391/2345 
f 2346/2377/2331 2360/2391/2345 2361/2392/2346 
f 2346/2377/2331 2361/2392/2346 2362/2393/2347 
f 2346/2377/2331 2362/2393/2347 2347/2378/2332 
f 2347/2378/2332 2363/2394/2348 2364/2395/2349 2348/2379/2333 
f 2364/2395/2349 2365/2396/2350 2349/2380/2334 2348/2379/2333 
f 2349/2380/2334 2365/2396/2350 2366/2397/2351 2350/2381/2335 
f 2350/2381/2335 2366/2397/2351 2367/2398/2352 2351/2382/2336 
f 2367/2398/2352 2368/2399/2353 2352/2383/2337 2351/2382/2336 
f 2369/2400/2354 2353/2384/2338 2352/2383/2337 2368/2399/2353 
f 2369/2400/2354 2370/2401/2355 2354/2385/2339 2353/2384/2338 
f 2370/2401/2355 2371/2402/2356 2355/2386/2340 2354/2385/2339 
f 2372/2403/2357 2356/2387/2341 2355/2386/2340 2371/2402/2356 
f 2356/2387/2341 2372/2403/2357 2373/2404/2358 2357/2388/2342 
f 2373/2404/2358 2374/2405/2359 2358/2389/2343 2357/2388/2342 
f 2358/2389/2343 2374/2405/2359 2375/2406/2360 2359/2390/2344 
f 2375/2406/2360 2376/2407/2361 2360/2391/2345 2359/2390/2344 
f 2360/2391/2345 2376/2407/2361 2377/2408/2362 2361/2392/2346 
f 2378/2409/2363 2362/2393/2347 2361/2392/2346 2377/2408/2362 
f 2362/2393/2347 2378/2409/2363 2363/2394/2348 2347/2378/2332 
f 2379/2410/2364 2380/2411/2365 2381/2412/2366 2382/2413/2367 
f 2379/2410/2364 2382/2413/2367 2383/2414/2368 2384/2415/2369 
f 2384/2415/2369 2383/2414/2368 2385/2416/2370 2386/2417/2371 
f 2386/2417/2371 2385/2416/2370 2387/2418/2372 2388/2419/2373 
f 2388/2419/2373 2387/2418/2372 2389/2420/2374 2390/2421/2375 
f 2390/2421/2375 2389/2420/2374 2391/2422/2376 2392/2423/2377 
f 2393/2424/2378 2394/2425/2379 2392/2423/2377 2391/2422/2376 
f 2395/2426/2380 2396/2427/2381 2394/2425/2379 2393/2424/2378 
f 2397/2428/2382 2398/2429/2383 2396/2427/2381 2395/2426/2380 
f 2399/2430/2384 2400/2431/2385 2398/2429/2383 2397/2428/2382 
f 2401/2432/2386 2402/2433/2387 2400/2431/2385 2399/2430/2384 
f 2402/2433/2387 2401/2432/2386 2403/2434/2388 2404/2435/2389 
f 2405/2436/2390 2404/2435/2389 2403/2434/2388 2406/2437/2391 
f 2407/2438/2392 2408/2439/2393 2405/2436/2390 2406/2437/2391 
f 2408/2439/2393 2407/2438/2392 2409/2440/2394 2410/2441/2395 
f 2380/2411/2365 2410/2441/2395 2409/2440/2394 2381/2412/2366 
f 2381/2412/2366 2411/2442/2396 2412/2443/2397 2382/2413/2367 
f 2413/2444/2398 2383/2414/2368 2382/2413/2367 2412/2443/2397 
f 2385/2416/2370 2383/2414/2368 2413/2444/2398 2414/2445/2399 
f 2414/2445/2399 2415/2446/2400 2387/2418/2372 2385/2416/2370 
f 2387/2418/2372 2415/2446/2400 2416/2447/2401 2389/2420/2374 
f 2417/2448/2402 2391/2422/2376 2389/2420/2374 2416/2447/2401 
f 2418/2449/2403 2393/2424/2378 2391/2422/2376 2417/2448/2402 
f 2419/2450/2404 2395/2426/2380 2393/2424/2378 2418/2449/2403 
f 2395/2426/2380 2419/2450/2404 2420/2451/2405 2397/2428/2382 
f 2397/2428/2382 2420/2451/2405 2421/2452/2406 2399/2430/2384 
f 2421/2452/2406 2422/2453/2407 2401/2432/2386 2399/2430/2384 
f 2401/2432/2386 2422/2453/2407 2423/2454/2408 2403/2434/2388 
f 2403/2434/2388 2423/2454/2408 2424/2455/2409 2406/2437/2391 
f 2407/2438/2392 2406/2437/2391 2424/2455/2409 2425/2456/2410 
f 2426/2457/2411 2409/2440/2394 2407/2438/2392 2425/2456/2410 
f 2411/2442/2396 2381/2412/2366 2409/2440/2394 2426/2457/2411 
f 2363/2394/2348 2380/2411/2365 2379/2410/2364 2364/2395/2349 
f 2364/2395/2349 2379/2410/2364 2384/2415/2369 2365/2396/2350 
f 2365/2396/2350 2384/2415/2369 2386/2417/2371 2366/2397/2351 
f 2366/2397/2351 2386/2417/2371 2388/2419/2373 2367/2398/2352 
f 2368/2399/2353 2367/2398/2352 2388/2419/2373 2390/2421/2375 
f 2369/2400/2354 2368/2399/2353 2390/2421/2375 2392/2423/2377 
f 2394/2425/2379 2370/2401/2355 2369/2400/2354 2392/2423/2377 
f 2370/2401/2355 2394/2425/2379 2396/2427/2381 2371/2402/2356 
f 2371/2402/2356 2396/2427/2381 2398/2429/2383 2372/2403/2357 
f 2372/2403/2357 2398/2429/2383 2400/2431/2385 2373/2404/2358 
f 2374/2405/2359 2373/2404/2358 2400/2431/2385 2402/2433/2387 
f 2374/2405/2359 2402/2433/2387 2404/2435/2389 2375/2406/2360 
f 2375/2406/2360 2404/2435/2389 2405/2436/2390 2376/2407/2361 
f 2408/2439/2393 2377/2408/2362 2376/2407/2361 2405/2436/2390 
f 2410/2441/2395 2378/2409/2363 2377/2408/2362 2408/2439/2393 
f 2380/2411/2365 2363/2394/2348 2378/2409/2363 2410/2441/2395 
s off
f 2425/2456/2410 2424/2455/2409 2423/2454/2408 2421/2452/2406 
f 2423/2454/2408 2422/2453/2407 2421/2452/2406 
f 2421/2452/2406 2420/2451/2405 2419/2450/2404 2417/2448/2402 
f 2419/2450/2404 2418/2449/2403 2417/2448/2402 
f 2417/2448/2402 2416/2447/2401 2415/2446/2400 2414/2445/2399 
f 2417/2448/2402 2414/2445/2399 2413/2444/2398 2421/2452/2406 
f 2425/2456/2410 2421/2452/2406 2413/2444/2398 2412/2443/2397 
f 2426/2457/2411 2425/2456/2410 2412/2443/2397 2411/2442/2396 
# 70 polygons - 18 triangles

#
# object Sphere019
#

v  0.3672 1.3108 -3.3118
v  0.3427 1.2240 -3.1464
v  0.3687 1.2240 -3.1295
v  0.3992 1.2240 -3.1240
v  0.4296 1.2240 -3.1305
v  0.4551 1.2240 -3.1481
v  0.4719 1.2240 -3.1742
v  0.4775 1.2240 -3.2047
v  0.4710 1.2240 -3.2350
v  0.4533 1.2240 -3.2605
v  0.4273 1.2240 -3.2773
v  0.3968 1.2240 -3.2829
v  0.3665 1.2240 -3.2764
v  0.3409 1.2240 -3.2588
v  0.3241 1.2240 -3.2327
v  0.3185 1.2240 -3.2022
v  0.3250 1.2240 -3.1719
v  0.2430 1.1611 -3.0566
v  0.3110 1.1611 -3.0085
v  0.3922 1.1611 -2.9900
v  0.4743 1.1611 -3.0040
v  0.5448 1.1611 -3.0484
v  0.5930 1.1611 -3.1164
v  0.6115 1.1611 -3.1976
v  0.5974 1.1611 -3.2798
v  0.5530 1.1611 -3.3503
v  0.4850 1.1611 -3.3984
v  0.4038 1.1611 -3.4169
v  0.3217 1.1611 -3.4028
v  0.2512 1.1611 -3.3585
v  0.2030 1.1611 -3.2905
v  0.1846 1.1611 -3.2092
v  0.1986 1.1611 -3.1271
v  0.0643 1.0897 -3.0591
v  0.0344 1.0897 -3.1978
v  -0.0756 0.9717 -3.2794
v  -0.0686 0.9717 -3.0924
v  0.0094 0.9717 -2.9223
v  0.1449 1.0897 -2.9424
v  0.1465 0.9717 -2.7950
v  0.2640 1.0897 -2.8654
v  0.3220 0.9717 -2.7298
v  0.4036 1.0897 -2.8399
v  0.5090 0.9717 -2.7368
v  0.5423 1.0897 -2.8697
v  0.6792 0.9717 -2.8148
v  0.6590 1.0897 -2.9503
v  0.8065 0.9717 -2.9520
v  0.7360 1.0897 -3.0695
v  0.8716 0.9717 -3.1274
v  0.7616 1.0897 -3.2090
v  0.8647 0.9717 -3.3145
v  0.7318 1.0897 -3.3477
v  0.7866 0.9717 -3.4846
v  0.6511 1.0897 -3.4645
v  0.6495 0.9717 -3.6119
v  0.5320 1.0897 -3.5415
v  0.4740 0.9717 -3.6770
v  0.3924 1.0897 -3.5670
v  0.2537 1.0897 -3.5372
v  0.2870 0.9717 -3.6701
v  0.1169 0.9717 -3.5921
v  0.1370 1.0897 -3.4566
v  -0.0105 0.9717 -3.4549
v  0.0600 1.0897 -3.3374
v  -0.0895 0.8488 -3.2880
v  -0.0823 0.8488 -3.0945
v  -0.0016 0.8488 -2.9184
v  0.1404 0.8488 -2.7867
v  0.3219 0.8488 -2.7193
v  0.5154 0.8488 -2.7265
v  0.6915 0.8488 -2.8072
v  0.8232 0.8488 -2.9492
v  0.8906 0.8488 -3.1307
v  0.8834 0.8488 -3.3242
v  0.8027 0.8488 -3.5003
v  0.6608 0.8488 -3.6320
v  0.4792 0.8488 -3.6994
v  0.2857 0.8488 -3.6922
v  0.1097 0.8488 -3.6115
v  -0.0221 0.8488 -3.4696
# 81 vertices

vn -0.1593 0.8130 -0.5600
vn -0.4160 0.7869 0.4558
vn -0.2037 0.8127 0.5459
vn 0.0147 0.8246 0.5655
vn 0.2244 0.8262 0.5168
vn 0.4098 0.8180 0.4037
vn 0.5568 0.7975 0.2325
vn 0.6518 0.7583 0.0091
vn 0.6751 0.6900 -0.2610
vn 0.5884 0.5863 -0.5569
vn 0.3534 0.4698 -0.8089
vn -0.0011 0.3898 -0.9209
vn -0.3777 0.3775 -0.8455
vn -0.6675 0.4368 -0.6031
vn -0.7925 0.5465 -0.2707
vn -0.7507 0.6590 0.0479
vn -0.6068 0.7392 0.2921
vn -0.5624 0.5160 0.6461
vn -0.2723 0.5160 0.8122
vn 0.0592 0.5160 0.8546
vn 0.3817 0.5160 0.7668
vn 0.6461 0.5160 0.5624
vn 0.8122 0.5160 0.2723
vn 0.8546 0.5160 -0.0592
vn 0.7668 0.5160 -0.3817
vn 0.5624 0.5160 -0.6461
vn 0.2723 0.5160 -0.8122
vn -0.0592 0.5160 -0.8546
vn -0.3817 0.5160 -0.7668
vn -0.6461 0.5160 -0.5624
vn -0.8122 0.5160 -0.2723
vn -0.8546 0.5160 0.0592
vn -0.7668 0.5160 0.3817
vn -0.6320 0.7197 0.2875
vn -0.6939 0.7197 0.0238
vn -0.9291 0.3333 -0.1601
vn -0.9218 0.3274 0.2077
vn -0.7738 0.3230 0.5449
vn -0.4738 0.7197 0.5075
vn -0.5075 0.3208 0.7997
vn -0.2436 0.7197 0.6502
vn -0.1638 0.3211 0.9328
vn 0.0238 0.7197 0.6939
vn 0.2046 0.3239 0.9237
vn 0.2875 0.7197 0.6320
vn 0.5411 0.3288 0.7740
vn 0.5075 0.7197 0.4738
vn 0.7941 0.3350 0.5072
vn 0.6502 0.7197 0.2436
vn 0.9254 0.3415 0.1642
vn 0.6939 0.7197 -0.0238
vn 0.9156 0.3474 -0.2024
vn 0.6320 0.7197 -0.2875
vn 0.7667 0.3518 -0.5370
vn 0.4738 0.7197 -0.5075
vn 0.5017 0.3540 -0.7893
vn 0.2436 0.7197 -0.6502
vn 0.1606 0.3537 -0.9215
vn -0.0238 0.7197 -0.6939
vn -0.2875 0.7197 -0.6320
vn -0.2054 0.3508 -0.9136
vn -0.5409 0.3460 -0.7666
vn -0.5075 0.7197 -0.4738
vn -0.7952 0.3398 -0.5022
vn -0.6502 0.7197 -0.2436
vn -0.7626 -0.6346 -0.1257
vn -0.7487 -0.6393 0.1754
vn -0.6216 -0.6428 0.4476
vn -0.4012 -0.6446 0.6508
vn -0.1204 -0.6443 0.7552
vn 0.1794 -0.6420 0.7454
vn 0.4536 -0.6381 0.6221
vn 0.6608 -0.6332 0.4029
vn 0.7689 -0.6280 0.1201
vn 0.7602 -0.6232 -0.1836
vn 0.6348 -0.6198 -0.4614
vn 0.4117 -0.6180 -0.6697
vn 0.1254 -0.6183 -0.7759
vn -0.1795 -0.6205 -0.7634
vn -0.4555 -0.6244 -0.6345
vn -0.6600 -0.6293 -0.4102
# 81 vertex normals

vt 0.7697 0.7169 0.0000
vt 0.6856 0.7548 0.0000
vt 0.6728 0.7436 0.0000
vt 0.6652 0.7282 0.0000
vt 0.6641 0.7111 0.0000
vt 0.6696 0.6949 0.0000
vt 0.6809 0.6821 0.0000
vt 0.6962 0.6745 0.0000
vt 0.7133 0.6734 0.0000
vt 0.7295 0.6789 0.0000
vt 0.7423 0.6902 0.0000
vt 0.7499 0.7055 0.0000
vt 0.7510 0.7226 0.0000
vt 0.7455 0.7388 0.0000
vt 0.7342 0.7516 0.0000
vt 0.7189 0.7592 0.0000
vt 0.7018 0.7603 0.0000
vt 0.6531 0.8213 0.0000
vt 0.6173 0.7925 0.0000
vt 0.5952 0.7522 0.0000
vt 0.5903 0.7065 0.0000
vt 0.6032 0.6624 0.0000
vt 0.6320 0.6266 0.0000
vt 0.6723 0.6045 0.0000
vt 0.7180 0.5996 0.0000
vt 0.7621 0.6125 0.0000
vt 0.7979 0.6413 0.0000
vt 0.8199 0.6816 0.0000
vt 0.8249 0.7273 0.0000
vt 0.8120 0.7714 0.0000
vt 0.7832 0.8072 0.0000
vt 0.7429 0.8292 0.0000
vt 0.6972 0.8342 0.0000
vt 0.6814 0.9157 0.0000
vt 0.7595 0.9106 0.0000
vt 0.8194 0.9566 0.0000
vt 0.7191 0.9812 0.0000
vt 0.6171 0.9655 0.0000
vt 0.6073 0.8905 0.0000
vt 0.5288 0.9119 0.0000
vt 0.5485 0.8390 0.0000
vt 0.4678 0.8287 0.0000
vt 0.5138 0.7688 0.0000
vt 0.4433 0.7284 0.0000
vt 0.5087 0.6907 0.0000
vt 0.4590 0.6264 0.0000
vt 0.5339 0.6166 0.0000
vt 0.5125 0.5381 0.0000
vt 0.5855 0.5578 0.0000
vt 0.5958 0.4771 0.0000
vt 0.6557 0.5232 0.0000
vt 0.6960 0.4526 0.0000
vt 0.7337 0.5180 0.0000
vt 0.7980 0.4683 0.0000
vt 0.8078 0.5432 0.0000
vt 0.8863 0.5218 0.0000
vt 0.8667 0.5948 0.0000
vt 0.9473 0.6051 0.0000
vt 0.9013 0.6650 0.0000
vt 0.9064 0.7430 0.0000
vt 0.9719 0.7053 0.0000
vt 0.9562 0.8074 0.0000
vt 0.8812 0.8171 0.0000
vt 0.9026 0.8956 0.0000
vt 0.8296 0.8760 0.0000
vt 0.8260 0.9627 0.0000
vt 0.7223 0.9881 0.0000
vt 0.6167 0.9719 0.0000
vt 0.5254 0.9164 0.0000
vt 0.4622 0.8303 0.0000
vt 0.4368 0.7266 0.0000
vt 0.4531 0.6210 0.0000
vt 0.5085 0.5297 0.0000
vt 0.5946 0.4665 0.0000
vt 0.6984 0.4411 0.0000
vt 0.8039 0.4574 0.0000
vt 0.8953 0.5128 0.0000
vt 0.9584 0.5989 0.0000
vt 0.9838 0.7027 0.0000
vt 0.9676 0.8082 0.0000
vt 0.9121 0.8996 0.0000
# 81 texture coords

o Sphere019
g Sphere019
usemtl Material__27
s 1
f 2427/2458/2412 2428/2459/2413 2429/2460/2414 
f 2427/2458/2412 2429/2460/2414 2430/2461/2415 
f 2427/2458/2412 2430/2461/2415 2431/2462/2416 
f 2427/2458/2412 2431/2462/2416 2432/2463/2417 
f 2427/2458/2412 2432/2463/2417 2433/2464/2418 
f 2427/2458/2412 2433/2464/2418 2434/2465/2419 
f 2427/2458/2412 2434/2465/2419 2435/2466/2420 
f 2427/2458/2412 2435/2466/2420 2436/2467/2421 
f 2427/2458/2412 2436/2467/2421 2437/2468/2422 
f 2427/2458/2412 2437/2468/2422 2438/2469/2423 
f 2427/2458/2412 2438/2469/2423 2439/2470/2424 
f 2427/2458/2412 2439/2470/2424 2440/2471/2425 
f 2427/2458/2412 2440/2471/2425 2441/2472/2426 
f 2427/2458/2412 2441/2472/2426 2442/2473/2427 
f 2427/2458/2412 2442/2473/2427 2443/2474/2428 
f 2427/2458/2412 2443/2474/2428 2428/2459/2413 
f 2428/2459/2413 2444/2475/2429 2445/2476/2430 2429/2460/2414 
f 2445/2476/2430 2446/2477/2431 2430/2461/2415 2429/2460/2414 
f 2430/2461/2415 2446/2477/2431 2447/2478/2432 2431/2462/2416 
f 2431/2462/2416 2447/2478/2432 2448/2479/2433 2432/2463/2417 
f 2448/2479/2433 2449/2480/2434 2433/2464/2418 2432/2463/2417 
f 2450/2481/2435 2434/2465/2419 2433/2464/2418 2449/2480/2434 
f 2450/2481/2435 2451/2482/2436 2435/2466/2420 2434/2465/2419 
f 2451/2482/2436 2452/2483/2437 2436/2467/2421 2435/2466/2420 
f 2453/2484/2438 2437/2468/2422 2436/2467/2421 2452/2483/2437 
f 2437/2468/2422 2453/2484/2438 2454/2485/2439 2438/2469/2423 
f 2454/2485/2439 2455/2486/2440 2439/2470/2424 2438/2469/2423 
f 2439/2470/2424 2455/2486/2440 2456/2487/2441 2440/2471/2425 
f 2456/2487/2441 2457/2488/2442 2441/2472/2426 2440/2471/2425 
f 2441/2472/2426 2457/2488/2442 2458/2489/2443 2442/2473/2427 
f 2459/2490/2444 2443/2474/2428 2442/2473/2427 2458/2489/2443 
f 2443/2474/2428 2459/2490/2444 2444/2475/2429 2428/2459/2413 
f 2460/2491/2445 2461/2492/2446 2462/2493/2447 2463/2494/2448 
f 2460/2491/2445 2463/2494/2448 2464/2495/2449 2465/2496/2450 
f 2465/2496/2450 2464/2495/2449 2466/2497/2451 2467/2498/2452 
f 2467/2498/2452 2466/2497/2451 2468/2499/2453 2469/2500/2454 
f 2469/2500/2454 2468/2499/2453 2470/2501/2455 2471/2502/2456 
f 2471/2502/2456 2470/2501/2455 2472/2503/2457 2473/2504/2458 
f 2474/2505/2459 2475/2506/2460 2473/2504/2458 2472/2503/2457 
f 2476/2507/2461 2477/2508/2462 2475/2506/2460 2474/2505/2459 
f 2478/2509/2463 2479/2510/2464 2477/2508/2462 2476/2507/2461 
f 2480/2511/2465 2481/2512/2466 2479/2510/2464 2478/2509/2463 
f 2482/2513/2467 2483/2514/2468 2481/2512/2466 2480/2511/2465 
f 2483/2514/2468 2482/2513/2467 2484/2515/2469 2485/2516/2470 
f 2486/2517/2471 2485/2516/2470 2484/2515/2469 2487/2518/2472 
f 2488/2519/2473 2489/2520/2474 2486/2517/2471 2487/2518/2472 
f 2489/2520/2474 2488/2519/2473 2490/2521/2475 2491/2522/2476 
f 2461/2492/2446 2491/2522/2476 2490/2521/2475 2462/2493/2447 
f 2462/2493/2447 2492/2523/2477 2493/2524/2478 2463/2494/2448 
f 2494/2525/2479 2464/2495/2449 2463/2494/2448 2493/2524/2478 
f 2466/2497/2451 2464/2495/2449 2494/2525/2479 2495/2526/2480 
f 2495/2526/2480 2496/2527/2481 2468/2499/2453 2466/2497/2451 
f 2468/2499/2453 2496/2527/2481 2497/2528/2482 2470/2501/2455 
f 2498/2529/2483 2472/2503/2457 2470/2501/2455 2497/2528/2482 
f 2499/2530/2484 2474/2505/2459 2472/2503/2457 2498/2529/2483 
f 2500/2531/2485 2476/2507/2461 2474/2505/2459 2499/2530/2484 
f 2476/2507/2461 2500/2531/2485 2501/2532/2486 2478/2509/2463 
f 2478/2509/2463 2501/2532/2486 2502/2533/2487 2480/2511/2465 
f 2502/2533/2487 2503/2534/2488 2482/2513/2467 2480/2511/2465 
f 2482/2513/2467 2503/2534/2488 2504/2535/2489 2484/2515/2469 
f 2484/2515/2469 2504/2535/2489 2505/2536/2490 2487/2518/2472 
f 2488/2519/2473 2487/2518/2472 2505/2536/2490 2506/2537/2491 
f 2507/2538/2492 2490/2521/2475 2488/2519/2473 2506/2537/2491 
f 2492/2523/2477 2462/2493/2447 2490/2521/2475 2507/2538/2492 
f 2444/2475/2429 2461/2492/2446 2460/2491/2445 2445/2476/2430 
f 2445/2476/2430 2460/2491/2445 2465/2496/2450 2446/2477/2431 
f 2446/2477/2431 2465/2496/2450 2467/2498/2452 2447/2478/2432 
f 2447/2478/2432 2467/2498/2452 2469/2500/2454 2448/2479/2433 
f 2449/2480/2434 2448/2479/2433 2469/2500/2454 2471/2502/2456 
f 2450/2481/2435 2449/2480/2434 2471/2502/2456 2473/2504/2458 
f 2475/2506/2460 2451/2482/2436 2450/2481/2435 2473/2504/2458 
f 2451/2482/2436 2475/2506/2460 2477/2508/2462 2452/2483/2437 
f 2452/2483/2437 2477/2508/2462 2479/2510/2464 2453/2484/2438 
f 2453/2484/2438 2479/2510/2464 2481/2512/2466 2454/2485/2439 
f 2455/2486/2440 2454/2485/2439 2481/2512/2466 2483/2514/2468 
f 2455/2486/2440 2483/2514/2468 2485/2516/2470 2456/2487/2441 
f 2456/2487/2441 2485/2516/2470 2486/2517/2471 2457/2488/2442 
f 2489/2520/2474 2458/2489/2443 2457/2488/2442 2486/2517/2471 
f 2491/2522/2476 2459/2490/2444 2458/2489/2443 2489/2520/2474 
f 2461/2492/2446 2444/2475/2429 2459/2490/2444 2491/2522/2476 
s off
f 2506/2537/2491 2505/2536/2490 2504/2535/2489 2502/2533/2487 
f 2504/2535/2489 2503/2534/2488 2502/2533/2487 
f 2502/2533/2487 2501/2532/2486 2500/2531/2485 2498/2529/2483 
f 2500/2531/2485 2499/2530/2484 2498/2529/2483 
f 2498/2529/2483 2497/2528/2482 2496/2527/2481 2495/2526/2480 
f 2498/2529/2483 2495/2526/2480 2494/2525/2479 2502/2533/2487 
f 2506/2537/2491 2502/2533/2487 2494/2525/2479 2493/2524/2478 
f 2507/2538/2492 2506/2537/2491 2493/2524/2478 2492/2523/2477 
# 70 polygons - 18 triangles

#
# object Sphere020
#

v  -0.8670 1.3108 -3.2149
v  -0.8301 1.2240 -3.0518
v  -0.7997 1.2240 -3.0455
v  -0.7692 1.2240 -3.0513
v  -0.7433 1.2240 -3.0684
v  -0.7259 1.2240 -3.0940
v  -0.7196 1.2240 -3.1244
v  -0.7254 1.2240 -3.1548
v  -0.7424 1.2240 -3.1808
v  -0.7681 1.2240 -3.1982
v  -0.7985 1.2240 -3.2045
v  -0.8289 1.2240 -3.1987
v  -0.8548 1.2240 -3.1816
v  -0.8723 1.2240 -3.1560
v  -0.8786 1.2240 -3.1256
v  -0.8727 1.2240 -3.0951
v  -0.8557 1.2240 -3.0692
v  -0.8906 1.1611 -2.9321
v  -0.8098 1.1611 -2.9117
v  -0.7274 1.1611 -2.9239
v  -0.6559 1.1611 -2.9666
v  -0.6062 1.1611 -3.0335
v  -0.5858 1.1611 -3.1143
v  -0.5980 1.1611 -3.1967
v  -0.6407 1.1611 -3.2682
v  -0.7076 1.1611 -3.3179
v  -0.7884 1.1611 -3.3382
v  -0.8708 1.1611 -3.3261
v  -0.9423 1.1611 -3.2834
v  -0.9920 1.1611 -3.2165
v  -1.0123 1.1611 -3.1357
v  -1.0002 1.1611 -3.0533
v  -0.9574 1.1611 -2.9818
v  -1.0582 1.0897 -2.8699
v  -1.1361 1.0897 -2.9884
v  -1.2682 0.9717 -3.0248
v  -1.1941 0.9717 -2.8529
v  -1.0599 0.9717 -2.7224
v  -0.9408 1.0897 -2.7901
v  -0.8860 0.9717 -2.6533
v  -0.8019 1.0897 -2.7614
v  -0.6989 0.9717 -2.6559
v  -0.6625 1.0897 -2.7880
v  -0.5270 0.9717 -2.7300
v  -0.5440 1.0897 -2.8659
v  -0.3965 0.9717 -2.8642
v  -0.4642 1.0897 -2.9833
v  -0.3273 0.9717 -3.0381
v  -0.4355 1.0897 -3.1222
v  -0.3300 0.9717 -3.2252
v  -0.4621 1.0897 -3.2616
v  -0.4040 0.9717 -3.3971
v  -0.5400 1.0897 -3.3801
v  -0.5382 0.9717 -3.5276
v  -0.6573 1.0897 -3.4598
v  -0.7122 0.9717 -3.5967
v  -0.7963 1.0897 -3.4886
v  -0.8993 0.9717 -3.5941
v  -0.9356 1.0897 -3.4620
v  -1.0542 1.0897 -3.3841
v  -1.0712 0.9717 -3.5200
v  -1.2016 0.9717 -3.3858
v  -1.1339 1.0897 -3.2667
v  -1.2708 0.9717 -3.2119
v  -1.1627 1.0897 -3.1278
v  -1.2842 0.8488 -3.0278
v  -1.2076 0.8488 -2.8499
v  -1.0687 0.8488 -2.7149
v  -0.8888 0.8488 -2.6433
v  -0.6951 0.8488 -2.6461
v  -0.5173 0.8488 -2.7227
v  -0.3823 0.8488 -2.8615
v  -0.3107 0.8488 -3.0415
v  -0.3134 0.8488 -3.2351
v  -0.3901 0.8488 -3.4130
v  -0.5289 0.8488 -3.5480
v  -0.7089 0.8488 -3.6196
v  -0.9025 0.8488 -3.6168
v  -1.0804 0.8488 -3.5402
v  -1.2154 0.8488 -3.4013
v  -1.2869 0.8488 -3.2214
# 81 vertices

vn -0.3509 0.8130 -0.4647
vn -0.2233 0.7869 0.5753
vn 0.0072 0.8127 0.5826
vn 0.2180 0.8246 0.5220
vn 0.3959 0.8262 0.4008
vn 0.5279 0.8180 0.2284
vn 0.6032 0.7975 0.0157
vn 0.6111 0.7583 -0.2270
vn 0.5353 0.6900 -0.4873
vn 0.3475 0.5863 -0.7318
vn 0.0374 0.4698 -0.8820
vn -0.3337 0.3898 -0.8583
vn -0.6576 0.3775 -0.6520
vn -0.8402 0.4368 -0.3212
vn -0.8368 0.5465 0.0338
vn -0.6826 0.6590 0.3159
vn -0.4603 0.7392 0.4916
vn -0.2910 0.5160 0.8057
vn 0.0395 0.5160 0.8557
vn 0.3639 0.5160 0.7755
vn 0.6330 0.5160 0.5772
vn 0.8057 0.5160 0.2910
vn 0.8557 0.5160 -0.0395
vn 0.7755 0.5160 -0.3639
vn 0.5772 0.5160 -0.6330
vn 0.2910 0.5160 -0.8057
vn -0.0395 0.5160 -0.8557
vn -0.3639 0.5160 -0.7755
vn -0.6330 0.5160 -0.5772
vn -0.8057 0.5160 -0.2910
vn -0.8557 0.5160 0.0395
vn -0.7755 0.5160 0.3639
vn -0.5772 0.5160 0.6330
vn -0.4854 0.7197 0.4964
vn -0.6384 0.7197 0.2728
vn -0.9242 0.3333 0.1863
vn -0.7845 0.3274 0.5266
vn -0.5247 0.3230 0.7876
vn -0.2585 0.7197 0.6444
vn -0.1844 0.3208 0.9290
vn 0.0078 0.7197 0.6943
vn 0.1843 0.3211 0.9289
vn 0.2728 0.7197 0.6384
vn 0.5245 0.3239 0.7874
vn 0.4964 0.7197 0.4854
vn 0.7841 0.3288 0.5263
vn 0.6444 0.7197 0.2585
vn 0.9237 0.3350 0.1861
vn 0.6943 0.7197 -0.0078
vn 0.9222 0.3415 -0.1812
vn 0.6384 0.7197 -0.2728
vn 0.7807 0.3474 -0.5194
vn 0.4854 0.7197 -0.4964
vn 0.5210 0.3518 -0.7777
vn 0.2585 0.7197 -0.6444
vn 0.1827 0.3540 -0.9172
vn -0.0078 0.7197 -0.6943
vn -0.1832 0.3537 -0.9173
vn -0.2728 0.7197 -0.6384
vn -0.4964 0.7197 -0.4854
vn -0.5215 0.3508 -0.7778
vn -0.7813 0.3460 -0.5195
vn -0.6444 0.7197 -0.2585
vn -0.9229 0.3398 -0.1811
vn -0.6943 0.7197 0.0078
vn -0.7565 -0.6346 0.1583
vn -0.6348 -0.6393 0.4340
vn -0.4180 -0.6428 0.6419
vn -0.1390 -0.6446 0.7518
vn 0.1606 -0.6443 0.7477
vn 0.4365 -0.6420 0.6302
vn 0.6477 -0.6381 0.4162
vn 0.7618 -0.6332 0.1370
vn 0.7604 -0.6280 -0.1658
vn 0.6425 -0.6232 -0.4458
vn 0.4253 -0.6198 -0.6596
vn 0.1420 -0.6180 -0.7732
vn -0.1634 -0.6183 -0.7688
vn -0.4432 -0.6205 -0.6469
vn -0.6539 -0.6244 -0.4272
vn -0.7636 -0.6293 -0.1441
# 81 vertex normals

vt 0.7697 0.7169 0.0000
vt 0.6856 0.7548 0.0000
vt 0.6728 0.7436 0.0000
vt 0.6652 0.7282 0.0000
vt 0.6641 0.7111 0.0000
vt 0.6696 0.6949 0.0000
vt 0.6809 0.6821 0.0000
vt 0.6962 0.6745 0.0000
vt 0.7133 0.6734 0.0000
vt 0.7295 0.6789 0.0000
vt 0.7423 0.6902 0.0000
vt 0.7499 0.7055 0.0000
vt 0.7510 0.7226 0.0000
vt 0.7455 0.7388 0.0000
vt 0.7342 0.7516 0.0000
vt 0.7189 0.7592 0.0000
vt 0.7018 0.7603 0.0000
vt 0.6531 0.8213 0.0000
vt 0.6173 0.7925 0.0000
vt 0.5952 0.7522 0.0000
vt 0.5903 0.7065 0.0000
vt 0.6032 0.6624 0.0000
vt 0.6320 0.6266 0.0000
vt 0.6723 0.6045 0.0000
vt 0.7180 0.5996 0.0000
vt 0.7621 0.6125 0.0000
vt 0.7979 0.6413 0.0000
vt 0.8199 0.6816 0.0000
vt 0.8249 0.7273 0.0000
vt 0.8120 0.7714 0.0000
vt 0.7832 0.8072 0.0000
vt 0.7429 0.8292 0.0000
vt 0.6972 0.8342 0.0000
vt 0.6814 0.9157 0.0000
vt 0.7595 0.9106 0.0000
vt 0.8194 0.9566 0.0000
vt 0.7191 0.9812 0.0000
vt 0.6171 0.9655 0.0000
vt 0.6073 0.8905 0.0000
vt 0.5288 0.9119 0.0000
vt 0.5485 0.8390 0.0000
vt 0.4678 0.8287 0.0000
vt 0.5138 0.7688 0.0000
vt 0.4433 0.7284 0.0000
vt 0.5087 0.6907 0.0000
vt 0.4590 0.6264 0.0000
vt 0.5339 0.6166 0.0000
vt 0.5125 0.5381 0.0000
vt 0.5855 0.5578 0.0000
vt 0.5958 0.4771 0.0000
vt 0.6557 0.5232 0.0000
vt 0.6960 0.4526 0.0000
vt 0.7337 0.5180 0.0000
vt 0.7980 0.4683 0.0000
vt 0.8078 0.5432 0.0000
vt 0.8863 0.5218 0.0000
vt 0.8667 0.5948 0.0000
vt 0.9473 0.6051 0.0000
vt 0.9013 0.6650 0.0000
vt 0.9064 0.7430 0.0000
vt 0.9719 0.7053 0.0000
vt 0.9562 0.8074 0.0000
vt 0.8812 0.8171 0.0000
vt 0.9026 0.8956 0.0000
vt 0.8296 0.8760 0.0000
vt 0.8260 0.9627 0.0000
vt 0.7223 0.9881 0.0000
vt 0.6167 0.9719 0.0000
vt 0.5254 0.9164 0.0000
vt 0.4622 0.8303 0.0000
vt 0.4368 0.7266 0.0000
vt 0.4531 0.6210 0.0000
vt 0.5085 0.5297 0.0000
vt 0.5946 0.4665 0.0000
vt 0.6984 0.4411 0.0000
vt 0.8039 0.4574 0.0000
vt 0.8953 0.5128 0.0000
vt 0.9584 0.5989 0.0000
vt 0.9838 0.7027 0.0000
vt 0.9676 0.8082 0.0000
vt 0.9121 0.8996 0.0000
# 81 texture coords

o Sphere020
g Sphere020
usemtl Material__27
s 1
f 2508/2539/2493 2509/2540/2494 2510/2541/2495 
f 2508/2539/2493 2510/2541/2495 2511/2542/2496 
f 2508/2539/2493 2511/2542/2496 2512/2543/2497 
f 2508/2539/2493 2512/2543/2497 2513/2544/2498 
f 2508/2539/2493 2513/2544/2498 2514/2545/2499 
f 2508/2539/2493 2514/2545/2499 2515/2546/2500 
f 2508/2539/2493 2515/2546/2500 2516/2547/2501 
f 2508/2539/2493 2516/2547/2501 2517/2548/2502 
f 2508/2539/2493 2517/2548/2502 2518/2549/2503 
f 2508/2539/2493 2518/2549/2503 2519/2550/2504 
f 2508/2539/2493 2519/2550/2504 2520/2551/2505 
f 2508/2539/2493 2520/2551/2505 2521/2552/2506 
f 2508/2539/2493 2521/2552/2506 2522/2553/2507 
f 2508/2539/2493 2522/2553/2507 2523/2554/2508 
f 2508/2539/2493 2523/2554/2508 2524/2555/2509 
f 2508/2539/2493 2524/2555/2509 2509/2540/2494 
f 2509/2540/2494 2525/2556/2510 2526/2557/2511 2510/2541/2495 
f 2526/2557/2511 2527/2558/2512 2511/2542/2496 2510/2541/2495 
f 2511/2542/2496 2527/2558/2512 2528/2559/2513 2512/2543/2497 
f 2512/2543/2497 2528/2559/2513 2529/2560/2514 2513/2544/2498 
f 2529/2560/2514 2530/2561/2515 2514/2545/2499 2513/2544/2498 
f 2531/2562/2516 2515/2546/2500 2514/2545/2499 2530/2561/2515 
f 2531/2562/2516 2532/2563/2517 2516/2547/2501 2515/2546/2500 
f 2532/2563/2517 2533/2564/2518 2517/2548/2502 2516/2547/2501 
f 2534/2565/2519 2518/2549/2503 2517/2548/2502 2533/2564/2518 
f 2518/2549/2503 2534/2565/2519 2535/2566/2520 2519/2550/2504 
f 2535/2566/2520 2536/2567/2521 2520/2551/2505 2519/2550/2504 
f 2520/2551/2505 2536/2567/2521 2537/2568/2522 2521/2552/2506 
f 2537/2568/2522 2538/2569/2523 2522/2553/2507 2521/2552/2506 
f 2522/2553/2507 2538/2569/2523 2539/2570/2524 2523/2554/2508 
f 2540/2571/2525 2524/2555/2509 2523/2554/2508 2539/2570/2524 
f 2524/2555/2509 2540/2571/2525 2525/2556/2510 2509/2540/2494 
f 2541/2572/2526 2542/2573/2527 2543/2574/2528 2544/2575/2529 
f 2541/2572/2526 2544/2575/2529 2545/2576/2530 2546/2577/2531 
f 2546/2577/2531 2545/2576/2530 2547/2578/2532 2548/2579/2533 
f 2548/2579/2533 2547/2578/2532 2549/2580/2534 2550/2581/2535 
f 2550/2581/2535 2549/2580/2534 2551/2582/2536 2552/2583/2537 
f 2552/2583/2537 2551/2582/2536 2553/2584/2538 2554/2585/2539 
f 2555/2586/2540 2556/2587/2541 2554/2585/2539 2553/2584/2538 
f 2557/2588/2542 2558/2589/2543 2556/2587/2541 2555/2586/2540 
f 2559/2590/2544 2560/2591/2545 2558/2589/2543 2557/2588/2542 
f 2561/2592/2546 2562/2593/2547 2560/2591/2545 2559/2590/2544 
f 2563/2594/2548 2564/2595/2549 2562/2593/2547 2561/2592/2546 
f 2564/2595/2549 2563/2594/2548 2565/2596/2550 2566/2597/2551 
f 2567/2598/2552 2566/2597/2551 2565/2596/2550 2568/2599/2553 
f 2569/2600/2554 2570/2601/2555 2567/2598/2552 2568/2599/2553 
f 2570/2601/2555 2569/2600/2554 2571/2602/2556 2572/2603/2557 
f 2542/2573/2527 2572/2603/2557 2571/2602/2556 2543/2574/2528 
f 2543/2574/2528 2573/2604/2558 2574/2605/2559 2544/2575/2529 
f 2575/2606/2560 2545/2576/2530 2544/2575/2529 2574/2605/2559 
f 2547/2578/2532 2545/2576/2530 2575/2606/2560 2576/2607/2561 
f 2576/2607/2561 2577/2608/2562 2549/2580/2534 2547/2578/2532 
f 2549/2580/2534 2577/2608/2562 2578/2609/2563 2551/2582/2536 
f 2579/2610/2564 2553/2584/2538 2551/2582/2536 2578/2609/2563 
f 2580/2611/2565 2555/2586/2540 2553/2584/2538 2579/2610/2564 
f 2581/2612/2566 2557/2588/2542 2555/2586/2540 2580/2611/2565 
f 2557/2588/2542 2581/2612/2566 2582/2613/2567 2559/2590/2544 
f 2559/2590/2544 2582/2613/2567 2583/2614/2568 2561/2592/2546 
f 2583/2614/2568 2584/2615/2569 2563/2594/2548 2561/2592/2546 
f 2563/2594/2548 2584/2615/2569 2585/2616/2570 2565/2596/2550 
f 2565/2596/2550 2585/2616/2570 2586/2617/2571 2568/2599/2553 
f 2569/2600/2554 2568/2599/2553 2586/2617/2571 2587/2618/2572 
f 2588/2619/2573 2571/2602/2556 2569/2600/2554 2587/2618/2572 
f 2573/2604/2558 2543/2574/2528 2571/2602/2556 2588/2619/2573 
f 2525/2556/2510 2542/2573/2527 2541/2572/2526 2526/2557/2511 
f 2526/2557/2511 2541/2572/2526 2546/2577/2531 2527/2558/2512 
f 2527/2558/2512 2546/2577/2531 2548/2579/2533 2528/2559/2513 
f 2528/2559/2513 2548/2579/2533 2550/2581/2535 2529/2560/2514 
f 2530/2561/2515 2529/2560/2514 2550/2581/2535 2552/2583/2537 
f 2531/2562/2516 2530/2561/2515 2552/2583/2537 2554/2585/2539 
f 2556/2587/2541 2532/2563/2517 2531/2562/2516 2554/2585/2539 
f 2532/2563/2517 2556/2587/2541 2558/2589/2543 2533/2564/2518 
f 2533/2564/2518 2558/2589/2543 2560/2591/2545 2534/2565/2519 
f 2534/2565/2519 2560/2591/2545 2562/2593/2547 2535/2566/2520 
f 2536/2567/2521 2535/2566/2520 2562/2593/2547 2564/2595/2549 
f 2536/2567/2521 2564/2595/2549 2566/2597/2551 2537/2568/2522 
f 2537/2568/2522 2566/2597/2551 2567/2598/2552 2538/2569/2523 
f 2570/2601/2555 2539/2570/2524 2538/2569/2523 2567/2598/2552 
f 2572/2603/2557 2540/2571/2525 2539/2570/2524 2570/2601/2555 
f 2542/2573/2527 2525/2556/2510 2540/2571/2525 2572/2603/2557 
s off
f 2587/2618/2572 2586/2617/2571 2585/2616/2570 2583/2614/2568 
f 2585/2616/2570 2584/2615/2569 2583/2614/2568 
f 2583/2614/2568 2582/2613/2567 2581/2612/2566 2579/2610/2564 
f 2581/2612/2566 2580/2611/2565 2579/2610/2564 
f 2579/2610/2564 2578/2609/2563 2577/2608/2562 2576/2607/2561 
f 2579/2610/2564 2576/2607/2561 2575/2606/2560 2583/2614/2568 
f 2587/2618/2572 2583/2614/2568 2575/2606/2560 2574/2605/2559 
f 2588/2619/2573 2587/2618/2572 2574/2605/2559 2573/2604/2558 
# 70 polygons - 18 triangles

#
# object Sphere021
#

v  -1.9828 1.3108 -2.6787
v  -1.8894 1.2240 -2.5400
v  -1.8588 1.2240 -2.5451
v  -1.8325 1.2240 -2.5615
v  -1.8145 1.2240 -2.5868
v  -1.8075 1.2240 -2.6170
v  -1.8126 1.2240 -2.6476
v  -1.8291 1.2240 -2.6739
v  -1.8543 1.2240 -2.6919
v  -1.8845 1.2240 -2.6989
v  -1.9151 1.2240 -2.6938
v  -1.9414 1.2240 -2.6773
v  -1.9594 1.2240 -2.6521
v  -1.9664 1.2240 -2.6219
v  -1.9613 1.2240 -2.5913
v  -1.9449 1.2240 -2.5650
v  -1.9196 1.2240 -2.5470
v  -1.9026 1.1611 -2.4065
v  -1.8199 1.1611 -2.4167
v  -1.7475 1.1611 -2.4578
v  -1.6962 1.1611 -2.5235
v  -1.6740 1.1611 -2.6038
v  -1.6843 1.1611 -2.6865
v  -1.7253 1.1611 -2.7589
v  -1.7910 1.1611 -2.8102
v  -1.8713 1.1611 -2.8324
v  -1.9540 1.1611 -2.8221
v  -2.0265 1.1611 -2.7811
v  -2.0777 1.1611 -2.7154
v  -2.0999 1.1611 -2.6351
v  -2.0897 1.1611 -2.5524
v  -2.0486 1.1611 -2.4799
v  -1.9829 1.1611 -2.4287
v  -2.0364 1.0897 -2.2879
v  -2.1519 1.0897 -2.3703
v  -2.2882 0.9717 -2.3565
v  -2.1571 0.9717 -2.2230
v  -1.9848 0.9717 -2.1498
v  -1.8982 1.0897 -2.2560
v  -1.7976 0.9717 -2.1481
v  -1.7583 1.0897 -2.2794
v  -1.6241 0.9717 -2.2182
v  -1.6379 1.0897 -2.3545
v  -1.4906 0.9717 -2.3493
v  -1.5555 1.0897 -2.4700
v  -1.4174 0.9717 -2.5216
v  -1.5235 1.0897 -2.6082
v  -1.4157 0.9717 -2.7088
v  -1.5469 1.0897 -2.7481
v  -1.4858 0.9717 -2.8823
v  -1.6221 1.0897 -2.8685
v  -1.6169 0.9717 -3.0158
v  -1.7376 1.0897 -2.9509
v  -1.7892 0.9717 -3.0890
v  -1.8758 1.0897 -2.9829
v  -1.9763 0.9717 -3.0907
v  -2.0157 1.0897 -2.9595
v  -2.1499 0.9717 -3.0206
v  -2.1361 1.0897 -2.8843
v  -2.2185 1.0897 -2.7688
v  -2.2834 0.9717 -2.8895
v  -2.3566 0.9717 -2.7172
v  -2.2504 1.0897 -2.6306
v  -2.3583 0.9717 -2.5301
v  -2.2270 1.0897 -2.4907
v  -2.3042 0.8488 -2.3535
v  -2.1685 0.8488 -2.2153
v  -1.9903 0.8488 -2.1396
v  -1.7966 0.8488 -2.1379
v  -1.6171 0.8488 -2.2104
v  -1.4789 0.8488 -2.3461
v  -1.4032 0.8488 -2.5243
v  -1.4014 0.8488 -2.7180
v  -1.4739 0.8488 -2.8975
v  -1.6096 0.8488 -3.0357
v  -1.7879 0.8488 -3.1114
v  -1.9815 0.8488 -3.1132
v  -2.1611 0.8488 -3.0407
v  -2.2993 0.8488 -2.9050
v  -2.3750 0.8488 -2.7267
v  -2.3767 0.8488 -2.5331
# 81 vertices

vn -0.4950 0.8130 -0.3065
vn -0.0004 0.7869 0.6171
vn 0.2172 0.8127 0.5407
vn 0.3919 0.8246 0.4080
vn 0.5140 0.8262 0.2308
vn 0.5748 0.8180 0.0223
vn 0.5681 0.7975 -0.2033
vn 0.4878 0.7583 -0.4324
vn 0.3231 0.6900 -0.6477
vn 0.0597 0.5863 -0.8079
vn -0.2838 0.4698 -0.8359
vn -0.6213 0.3898 -0.6798
vn -0.8487 0.3775 -0.3704
vn -0.8996 0.4368 0.0040
vn -0.7681 0.5465 0.3338
vn -0.5224 0.6590 0.5411
vn -0.2516 0.7392 0.6247
vn 0.0197 0.5160 0.8564
vn 0.3459 0.5160 0.7837
vn 0.6195 0.5160 0.5916
vn 0.7987 0.5160 0.3095
vn 0.8564 0.5160 -0.0197
vn 0.7837 0.5160 -0.3459
vn 0.5916 0.5160 -0.6195
vn 0.3095 0.5160 -0.7987
vn -0.0197 0.5160 -0.8564
vn -0.3459 0.5160 -0.7837
vn -0.6195 0.5160 -0.5916
vn -0.7987 0.5160 -0.3095
vn -0.8564 0.5160 0.0197
vn -0.7837 0.5160 0.3459
vn -0.5916 0.5160 0.6195
vn -0.3095 0.5160 0.7987
vn -0.2733 0.7197 0.6382
vn -0.4968 0.7197 0.4851
vn -0.7945 0.3333 0.5076
vn -0.5413 0.3274 0.7745
vn -0.2047 0.3230 0.9240
vn -0.0083 0.7197 0.6942
vn 0.1637 0.3208 0.9329
vn 0.2580 0.7197 0.6446
vn 0.5074 0.3211 0.7996
vn 0.4851 0.7197 0.4968
vn 0.7735 0.3239 0.5447
vn 0.6382 0.7197 0.2733
vn 0.9213 0.3288 0.2075
vn 0.6942 0.7197 0.0083
vn 0.9285 0.3350 -0.1602
vn 0.6446 0.7197 -0.2580
vn 0.7945 0.3415 -0.5021
vn 0.4968 0.7197 -0.4851
vn 0.5403 0.3474 -0.7664
vn 0.2733 0.7197 -0.6382
vn 0.2049 0.3518 -0.9134
vn 0.0083 0.7197 -0.6942
vn -0.1610 0.3540 -0.9213
vn -0.2580 0.7197 -0.6446
vn -0.5021 0.3537 -0.7892
vn -0.4851 0.7197 -0.4968
vn -0.6382 0.7197 -0.2733
vn -0.7673 0.3508 -0.5368
vn -0.9162 0.3460 -0.2021
vn -0.6942 0.7197 -0.0083
vn -0.9260 0.3398 0.1646
vn -0.6446 0.7197 0.2580
vn -0.6482 -0.6346 0.4209
vn -0.4351 -0.6393 0.6340
vn -0.1579 -0.6428 0.7496
vn 0.1419 -0.6446 0.7512
vn 0.4198 -0.6443 0.6392
vn 0.6347 -0.6420 0.4300
vn 0.7543 -0.6381 0.1542
vn 0.7598 -0.6332 -0.1474
vn 0.6492 -0.6280 -0.4293
vn 0.4381 -0.6232 -0.6478
vn 0.1583 -0.6198 -0.7687
vn -0.1469 -0.6180 -0.7723
vn -0.4301 -0.6183 -0.6578
vn -0.6469 -0.6205 -0.4432
vn -0.7641 -0.6244 -0.1621
vn -0.7641 -0.6293 0.1415
# 81 vertex normals

vt 0.7697 0.7169 0.0000
vt 0.6856 0.7548 0.0000
vt 0.6728 0.7436 0.0000
vt 0.6652 0.7282 0.0000
vt 0.6641 0.7111 0.0000
vt 0.6696 0.6949 0.0000
vt 0.6809 0.6821 0.0000
vt 0.6962 0.6745 0.0000
vt 0.7133 0.6734 0.0000
vt 0.7295 0.6789 0.0000
vt 0.7423 0.6902 0.0000
vt 0.7499 0.7055 0.0000
vt 0.7510 0.7226 0.0000
vt 0.7455 0.7388 0.0000
vt 0.7342 0.7516 0.0000
vt 0.7189 0.7592 0.0000
vt 0.7018 0.7603 0.0000
vt 0.6531 0.8213 0.0000
vt 0.6173 0.7925 0.0000
vt 0.5952 0.7522 0.0000
vt 0.5903 0.7065 0.0000
vt 0.6032 0.6624 0.0000
vt 0.6320 0.6266 0.0000
vt 0.6723 0.6045 0.0000
vt 0.7180 0.5996 0.0000
vt 0.7621 0.6125 0.0000
vt 0.7979 0.6413 0.0000
vt 0.8199 0.6816 0.0000
vt 0.8249 0.7273 0.0000
vt 0.8120 0.7714 0.0000
vt 0.7832 0.8072 0.0000
vt 0.7429 0.8292 0.0000
vt 0.6972 0.8342 0.0000
vt 0.6814 0.9157 0.0000
vt 0.7595 0.9106 0.0000
vt 0.8194 0.9566 0.0000
vt 0.7191 0.9812 0.0000
vt 0.6171 0.9655 0.0000
vt 0.6073 0.8905 0.0000
vt 0.5288 0.9119 0.0000
vt 0.5485 0.8390 0.0000
vt 0.4678 0.8287 0.0000
vt 0.5138 0.7688 0.0000
vt 0.4433 0.7284 0.0000
vt 0.5087 0.6907 0.0000
vt 0.4590 0.6264 0.0000
vt 0.5339 0.6166 0.0000
vt 0.5125 0.5381 0.0000
vt 0.5855 0.5578 0.0000
vt 0.5958 0.4771 0.0000
vt 0.6557 0.5232 0.0000
vt 0.6960 0.4526 0.0000
vt 0.7337 0.5180 0.0000
vt 0.7980 0.4683 0.0000
vt 0.8078 0.5432 0.0000
vt 0.8863 0.5218 0.0000
vt 0.8667 0.5948 0.0000
vt 0.9473 0.6051 0.0000
vt 0.9013 0.6650 0.0000
vt 0.9064 0.7430 0.0000
vt 0.9719 0.7053 0.0000
vt 0.9562 0.8074 0.0000
vt 0.8812 0.8171 0.0000
vt 0.9026 0.8956 0.0000
vt 0.8296 0.8760 0.0000
vt 0.8260 0.9627 0.0000
vt 0.7223 0.9881 0.0000
vt 0.6167 0.9719 0.0000
vt 0.5254 0.9164 0.0000
vt 0.4622 0.8303 0.0000
vt 0.4368 0.7266 0.0000
vt 0.4531 0.6210 0.0000
vt 0.5085 0.5297 0.0000
vt 0.5946 0.4665 0.0000
vt 0.6984 0.4411 0.0000
vt 0.8039 0.4574 0.0000
vt 0.8953 0.5128 0.0000
vt 0.9584 0.5989 0.0000
vt 0.9838 0.7027 0.0000
vt 0.9676 0.8082 0.0000
vt 0.9121 0.8996 0.0000
# 81 texture coords

o Sphere021
g Sphere021
usemtl Material__27
s 1
f 2589/2620/2574 2590/2621/2575 2591/2622/2576 
f 2589/2620/2574 2591/2622/2576 2592/2623/2577 
f 2589/2620/2574 2592/2623/2577 2593/2624/2578 
f 2589/2620/2574 2593/2624/2578 2594/2625/2579 
f 2589/2620/2574 2594/2625/2579 2595/2626/2580 
f 2589/2620/2574 2595/2626/2580 2596/2627/2581 
f 2589/2620/2574 2596/2627/2581 2597/2628/2582 
f 2589/2620/2574 2597/2628/2582 2598/2629/2583 
f 2589/2620/2574 2598/2629/2583 2599/2630/2584 
f 2589/2620/2574 2599/2630/2584 2600/2631/2585 
f 2589/2620/2574 2600/2631/2585 2601/2632/2586 
f 2589/2620/2574 2601/2632/2586 2602/2633/2587 
f 2589/2620/2574 2602/2633/2587 2603/2634/2588 
f 2589/2620/2574 2603/2634/2588 2604/2635/2589 
f 2589/2620/2574 2604/2635/2589 2605/2636/2590 
f 2589/2620/2574 2605/2636/2590 2590/2621/2575 
f 2590/2621/2575 2606/2637/2591 2607/2638/2592 2591/2622/2576 
f 2607/2638/2592 2608/2639/2593 2592/2623/2577 2591/2622/2576 
f 2592/2623/2577 2608/2639/2593 2609/2640/2594 2593/2624/2578 
f 2593/2624/2578 2609/2640/2594 2610/2641/2595 2594/2625/2579 
f 2610/2641/2595 2611/2642/2596 2595/2626/2580 2594/2625/2579 
f 2612/2643/2597 2596/2627/2581 2595/2626/2580 2611/2642/2596 
f 2612/2643/2597 2613/2644/2598 2597/2628/2582 2596/2627/2581 
f 2613/2644/2598 2614/2645/2599 2598/2629/2583 2597/2628/2582 
f 2615/2646/2600 2599/2630/2584 2598/2629/2583 2614/2645/2599 
f 2599/2630/2584 2615/2646/2600 2616/2647/2601 2600/2631/2585 
f 2616/2647/2601 2617/2648/2602 2601/2632/2586 2600/2631/2585 
f 2601/2632/2586 2617/2648/2602 2618/2649/2603 2602/2633/2587 
f 2618/2649/2603 2619/2650/2604 2603/2634/2588 2602/2633/2587 
f 2603/2634/2588 2619/2650/2604 2620/2651/2605 2604/2635/2589 
f 2621/2652/2606 2605/2636/2590 2604/2635/2589 2620/2651/2605 
f 2605/2636/2590 2621/2652/2606 2606/2637/2591 2590/2621/2575 
f 2622/2653/2607 2623/2654/2608 2624/2655/2609 2625/2656/2610 
f 2622/2653/2607 2625/2656/2610 2626/2657/2611 2627/2658/2612 
f 2627/2658/2612 2626/2657/2611 2628/2659/2613 2629/2660/2614 
f 2629/2660/2614 2628/2659/2613 2630/2661/2615 2631/2662/2616 
f 2631/2662/2616 2630/2661/2615 2632/2663/2617 2633/2664/2618 
f 2633/2664/2618 2632/2663/2617 2634/2665/2619 2635/2666/2620 
f 2636/2667/2621 2637/2668/2622 2635/2666/2620 2634/2665/2619 
f 2638/2669/2623 2639/2670/2624 2637/2668/2622 2636/2667/2621 
f 2640/2671/2625 2641/2672/2626 2639/2670/2624 2638/2669/2623 
f 2642/2673/2627 2643/2674/2628 2641/2672/2626 2640/2671/2625 
f 2644/2675/2629 2645/2676/2630 2643/2674/2628 2642/2673/2627 
f 2645/2676/2630 2644/2675/2629 2646/2677/2631 2647/2678/2632 
f 2648/2679/2633 2647/2678/2632 2646/2677/2631 2649/2680/2634 
f 2650/2681/2635 2651/2682/2636 2648/2679/2633 2649/2680/2634 
f 2651/2682/2636 2650/2681/2635 2652/2683/2637 2653/2684/2638 
f 2623/2654/2608 2653/2684/2638 2652/2683/2637 2624/2655/2609 
f 2624/2655/2609 2654/2685/2639 2655/2686/2640 2625/2656/2610 
f 2656/2687/2641 2626/2657/2611 2625/2656/2610 2655/2686/2640 
f 2628/2659/2613 2626/2657/2611 2656/2687/2641 2657/2688/2642 
f 2657/2688/2642 2658/2689/2643 2630/2661/2615 2628/2659/2613 
f 2630/2661/2615 2658/2689/2643 2659/2690/2644 2632/2663/2617 
f 2660/2691/2645 2634/2665/2619 2632/2663/2617 2659/2690/2644 
f 2661/2692/2646 2636/2667/2621 2634/2665/2619 2660/2691/2645 
f 2662/2693/2647 2638/2669/2623 2636/2667/2621 2661/2692/2646 
f 2638/2669/2623 2662/2693/2647 2663/2694/2648 2640/2671/2625 
f 2640/2671/2625 2663/2694/2648 2664/2695/2649 2642/2673/2627 
f 2664/2695/2649 2665/2696/2650 2644/2675/2629 2642/2673/2627 
f 2644/2675/2629 2665/2696/2650 2666/2697/2651 2646/2677/2631 
f 2646/2677/2631 2666/2697/2651 2667/2698/2652 2649/2680/2634 
f 2650/2681/2635 2649/2680/2634 2667/2698/2652 2668/2699/2653 
f 2669/2700/2654 2652/2683/2637 2650/2681/2635 2668/2699/2653 
f 2654/2685/2639 2624/2655/2609 2652/2683/2637 2669/2700/2654 
f 2606/2637/2591 2623/2654/2608 2622/2653/2607 2607/2638/2592 
f 2607/2638/2592 2622/2653/2607 2627/2658/2612 2608/2639/2593 
f 2608/2639/2593 2627/2658/2612 2629/2660/2614 2609/2640/2594 
f 2609/2640/2594 2629/2660/2614 2631/2662/2616 2610/2641/2595 
f 2611/2642/2596 2610/2641/2595 2631/2662/2616 2633/2664/2618 
f 2612/2643/2597 2611/2642/2596 2633/2664/2618 2635/2666/2620 
f 2637/2668/2622 2613/2644/2598 2612/2643/2597 2635/2666/2620 
f 2613/2644/2598 2637/2668/2622 2639/2670/2624 2614/2645/2599 
f 2614/2645/2599 2639/2670/2624 2641/2672/2626 2615/2646/2600 
f 2615/2646/2600 2641/2672/2626 2643/2674/2628 2616/2647/2601 
f 2617/2648/2602 2616/2647/2601 2643/2674/2628 2645/2676/2630 
f 2617/2648/2602 2645/2676/2630 2647/2678/2632 2618/2649/2603 
f 2618/2649/2603 2647/2678/2632 2648/2679/2633 2619/2650/2604 
f 2651/2682/2636 2620/2651/2605 2619/2650/2604 2648/2679/2633 
f 2653/2684/2638 2621/2652/2606 2620/2651/2605 2651/2682/2636 
f 2623/2654/2608 2606/2637/2591 2621/2652/2606 2653/2684/2638 
s off
f 2668/2699/2653 2667/2698/2652 2666/2697/2651 2664/2695/2649 
f 2666/2697/2651 2665/2696/2650 2664/2695/2649 
f 2664/2695/2649 2663/2694/2648 2662/2693/2647 2660/2691/2645 
f 2662/2693/2647 2661/2692/2646 2660/2691/2645 
f 2660/2691/2645 2659/2690/2644 2658/2689/2643 2657/2688/2642 
f 2660/2691/2645 2657/2688/2642 2656/2687/2641 2664/2695/2649 
f 2668/2699/2653 2664/2695/2649 2656/2687/2641 2655/2686/2640 
f 2669/2700/2654 2668/2699/2653 2655/2686/2640 2654/2685/2639 
# 70 polygons - 18 triangles

#
# object Sphere022
#

v  -2.8296 1.3108 -1.7757
v  -2.6924 1.2240 -1.6800
v  -2.6657 1.2240 -1.6958
v  -2.6471 1.2240 -1.7206
v  -2.6394 1.2240 -1.7507
v  -2.6438 1.2240 -1.7814
v  -2.6596 1.2240 -1.8081
v  -2.6845 1.2240 -1.8267
v  -2.7145 1.2240 -1.8344
v  -2.7452 1.2240 -1.8299
v  -2.7719 1.2240 -1.8141
v  -2.7905 1.2240 -1.7893
v  -2.7982 1.2240 -1.7593
v  -2.7938 1.2240 -1.7286
v  -2.7779 1.2240 -1.7019
v  -2.7531 1.2240 -1.6833
v  -2.7231 1.2240 -1.6756
v  -2.6565 1.1611 -1.5508
v  -2.5830 1.1611 -1.5902
v  -2.5303 1.1611 -1.6547
v  -2.5063 1.1611 -1.7344
v  -2.5146 1.1611 -1.8173
v  -2.5540 1.1611 -1.8907
v  -2.6185 1.1611 -1.9435
v  -2.6982 1.1611 -1.9675
v  -2.7811 1.1611 -1.9592
v  -2.8545 1.1611 -1.9198
v  -2.9073 1.1611 -1.8553
v  -2.9313 1.1611 -1.7755
v  -2.9230 1.1611 -1.6926
v  -2.8836 1.1611 -1.6192
v  -2.8191 1.1611 -1.5665
v  -2.7394 1.1611 -1.5424
v  -2.7384 1.0897 -1.3919
v  -2.8758 1.0897 -1.4270
v  -2.9979 0.9717 -1.3649
v  -2.8274 0.9717 -1.2878
v  -2.6404 0.9717 -1.2818
v  -2.5979 1.0897 -1.4120
v  -2.4652 0.9717 -1.3478
v  -2.4759 1.0897 -1.4844
v  -2.3287 0.9717 -1.4758
v  -2.3908 1.0897 -1.5979
v  -2.2516 0.9717 -1.6464
v  -2.3557 1.0897 -1.7354
v  -2.2456 0.9717 -1.8334
v  -2.3759 1.0897 -1.8758
v  -2.3116 0.9717 -2.0085
v  -2.4482 1.0897 -1.9979
v  -2.4396 0.9717 -2.1451
v  -2.5618 1.0897 -2.0829
v  -2.6102 0.9717 -2.2222
v  -2.6992 1.0897 -2.1181
v  -2.7972 0.9717 -2.2282
v  -2.8396 1.0897 -2.0979
v  -2.9724 0.9717 -2.1622
v  -2.9617 1.0897 -2.0256
v  -3.1089 0.9717 -2.0341
v  -3.0467 1.0897 -1.9120
v  -3.0819 1.0897 -1.7746
v  -3.1860 0.9717 -1.8636
v  -3.1920 0.9717 -1.6765
v  -3.0617 1.0897 -1.6341
v  -3.1260 0.9717 -1.5014
v  -2.9894 1.0897 -1.5121
v  -3.0118 0.8488 -1.3563
v  -2.8353 0.8488 -1.2765
v  -2.6418 0.8488 -1.2703
v  -2.4606 0.8488 -1.3386
v  -2.3193 0.8488 -1.4711
v  -2.2395 0.8488 -1.6475
v  -2.2333 0.8488 -1.8411
v  -2.3016 0.8488 -2.0223
v  -2.4341 0.8488 -2.1635
v  -2.6106 0.8488 -2.2433
v  -2.8041 0.8488 -2.2496
v  -2.9853 0.8488 -2.1812
v  -3.1266 0.8488 -2.0487
v  -3.2064 0.8488 -1.8723
v  -3.2126 0.8488 -1.6787
v  -3.1443 0.8488 -1.4975
# 81 vertices

vn -0.5723 0.8130 -0.1070
vn 0.2226 0.7869 0.5756
vn 0.3979 0.8127 0.4257
vn 0.5128 0.8246 0.2389
vn 0.5626 0.8262 0.0295
vn 0.5440 0.8180 -0.1868
vn 0.4563 0.7975 -0.3948
vn 0.2987 0.7583 -0.5795
vn 0.0673 0.6900 -0.7207
vn -0.2362 0.5863 -0.7749
vn -0.5666 0.4698 -0.6770
vn -0.8249 0.3898 -0.4095
vn -0.9252 0.3775 -0.0388
vn -0.8374 0.4368 0.3287
vn -0.5956 0.5465 0.5888
vn -0.2917 0.6590 0.6933
vn -0.0090 0.7392 0.6734
vn 0.3277 0.5160 0.7914
vn 0.6056 0.5160 0.6058
vn 0.7914 0.5160 0.3279
vn 0.8566 0.5160 0.0001
vn 0.7914 0.5160 -0.3277
vn 0.6058 0.5160 -0.6056
vn 0.3279 0.5160 -0.7914
vn 0.0001 0.5160 -0.8566
vn -0.3277 0.5160 -0.7914
vn -0.6056 0.5160 -0.6058
vn -0.7914 0.5160 -0.3279
vn -0.8566 0.5160 -0.0001
vn -0.7914 0.5160 0.3277
vn -0.6058 0.5160 0.6056
vn -0.3279 0.5160 0.7914
vn -0.0001 0.5160 0.8566
vn -0.0243 0.7197 0.6939
vn -0.2880 0.7197 0.6317
vn -0.5575 0.3333 0.7603
vn -0.2250 0.3274 0.9177
vn 0.1429 0.3230 0.9356
vn 0.2431 0.7197 0.6504
vn 0.4896 0.3208 0.8108
vn 0.4734 0.7197 0.5078
vn 0.7620 0.3211 0.5624
vn 0.6317 0.7197 0.2880
vn 0.9181 0.3239 0.2285
vn 0.6939 0.7197 0.0243
vn 0.9341 0.3288 -0.1393
vn 0.6504 0.7197 -0.2431
vn 0.8079 0.3350 -0.4848
vn 0.5078 0.7197 -0.4734
vn 0.5595 0.3415 -0.7552
vn 0.2880 0.7197 -0.6317
vn 0.2270 0.3474 -0.9098
vn 0.0243 0.7197 -0.6939
vn -0.1389 0.3518 -0.9257
vn -0.2431 0.7197 -0.6504
vn -0.4829 0.3540 -0.8009
vn -0.4735 0.7197 -0.5078
vn -0.7533 0.3537 -0.5545
vn -0.6317 0.7197 -0.2880
vn -0.6939 0.7197 -0.0243
vn -0.9094 0.3508 -0.2234
vn -0.9274 0.3460 0.1425
vn -0.6504 0.7197 0.2431
vn -0.8040 0.3398 0.4880
vn -0.5078 0.7197 0.4735
vn -0.4524 -0.6346 0.6266
vn -0.1767 -0.6393 0.7484
vn 0.1236 -0.6428 0.7560
vn 0.4037 -0.6446 0.6492
vn 0.6224 -0.6443 0.4444
vn 0.7472 -0.6420 0.1717
vn 0.7591 -0.6381 -0.1287
vn 0.6553 -0.6332 -0.4120
vn 0.4502 -0.6280 -0.6348
vn 0.1745 -0.6232 -0.7623
vn -0.1300 -0.6198 -0.7739
vn -0.4160 -0.6180 -0.6671
vn -0.6387 -0.6183 -0.4581
vn -0.7633 -0.6205 -0.1795
vn -0.7710 -0.6244 0.1249
vn -0.6614 -0.6293 0.4080
# 81 vertex normals

vt 0.7697 0.7169 0.0000
vt 0.6856 0.7548 0.0000
vt 0.6728 0.7436 0.0000
vt 0.6652 0.7282 0.0000
vt 0.6641 0.7111 0.0000
vt 0.6696 0.6949 0.0000
vt 0.6809 0.6821 0.0000
vt 0.6962 0.6745 0.0000
vt 0.7133 0.6734 0.0000
vt 0.7295 0.6789 0.0000
vt 0.7423 0.6902 0.0000
vt 0.7499 0.7055 0.0000
vt 0.7510 0.7226 0.0000
vt 0.7455 0.7388 0.0000
vt 0.7342 0.7516 0.0000
vt 0.7189 0.7592 0.0000
vt 0.7018 0.7603 0.0000
vt 0.6531 0.8213 0.0000
vt 0.6173 0.7925 0.0000
vt 0.5952 0.7522 0.0000
vt 0.5903 0.7065 0.0000
vt 0.6032 0.6624 0.0000
vt 0.6320 0.6266 0.0000
vt 0.6723 0.6045 0.0000
vt 0.7180 0.5996 0.0000
vt 0.7621 0.6125 0.0000
vt 0.7979 0.6413 0.0000
vt 0.8199 0.6816 0.0000
vt 0.8249 0.7273 0.0000
vt 0.8120 0.7714 0.0000
vt 0.7832 0.8072 0.0000
vt 0.7429 0.8292 0.0000
vt 0.6972 0.8342 0.0000
vt 0.6814 0.9157 0.0000
vt 0.7595 0.9106 0.0000
vt 0.8194 0.9566 0.0000
vt 0.7191 0.9812 0.0000
vt 0.6171 0.9655 0.0000
vt 0.6073 0.8905 0.0000
vt 0.5288 0.9119 0.0000
vt 0.5485 0.8390 0.0000
vt 0.4678 0.8287 0.0000
vt 0.5138 0.7688 0.0000
vt 0.4433 0.7284 0.0000
vt 0.5087 0.6907 0.0000
vt 0.4590 0.6264 0.0000
vt 0.5339 0.6166 0.0000
vt 0.5125 0.5381 0.0000
vt 0.5855 0.5578 0.0000
vt 0.5958 0.4771 0.0000
vt 0.6557 0.5232 0.0000
vt 0.6960 0.4526 0.0000
vt 0.7337 0.5180 0.0000
vt 0.7980 0.4683 0.0000
vt 0.8078 0.5432 0.0000
vt 0.8863 0.5218 0.0000
vt 0.8667 0.5948 0.0000
vt 0.9473 0.6051 0.0000
vt 0.9013 0.6650 0.0000
vt 0.9064 0.7430 0.0000
vt 0.9719 0.7053 0.0000
vt 0.9562 0.8074 0.0000
vt 0.8812 0.8171 0.0000
vt 0.9026 0.8956 0.0000
vt 0.8296 0.8760 0.0000
vt 0.8260 0.9627 0.0000
vt 0.7223 0.9881 0.0000
vt 0.6167 0.9719 0.0000
vt 0.5254 0.9164 0.0000
vt 0.4622 0.8303 0.0000
vt 0.4368 0.7266 0.0000
vt 0.4531 0.6210 0.0000
vt 0.5085 0.5297 0.0000
vt 0.5946 0.4665 0.0000
vt 0.6984 0.4411 0.0000
vt 0.8039 0.4574 0.0000
vt 0.8953 0.5128 0.0000
vt 0.9584 0.5989 0.0000
vt 0.9838 0.7027 0.0000
vt 0.9676 0.8082 0.0000
vt 0.9121 0.8996 0.0000
# 81 texture coords

o Sphere022
g Sphere022
usemtl Material__27
s 1
f 2670/2701/2655 2671/2702/2656 2672/2703/2657 
f 2670/2701/2655 2672/2703/2657 2673/2704/2658 
f 2670/2701/2655 2673/2704/2658 2674/2705/2659 
f 2670/2701/2655 2674/2705/2659 2675/2706/2660 
f 2670/2701/2655 2675/2706/2660 2676/2707/2661 
f 2670/2701/2655 2676/2707/2661 2677/2708/2662 
f 2670/2701/2655 2677/2708/2662 2678/2709/2663 
f 2670/2701/2655 2678/2709/2663 2679/2710/2664 
f 2670/2701/2655 2679/2710/2664 2680/2711/2665 
f 2670/2701/2655 2680/2711/2665 2681/2712/2666 
f 2670/2701/2655 2681/2712/2666 2682/2713/2667 
f 2670/2701/2655 2682/2713/2667 2683/2714/2668 
f 2670/2701/2655 2683/2714/2668 2684/2715/2669 
f 2670/2701/2655 2684/2715/2669 2685/2716/2670 
f 2670/2701/2655 2685/2716/2670 2686/2717/2671 
f 2670/2701/2655 2686/2717/2671 2671/2702/2656 
f 2671/2702/2656 2687/2718/2672 2688/2719/2673 2672/2703/2657 
f 2688/2719/2673 2689/2720/2674 2673/2704/2658 2672/2703/2657 
f 2673/2704/2658 2689/2720/2674 2690/2721/2675 2674/2705/2659 
f 2674/2705/2659 2690/2721/2675 2691/2722/2676 2675/2706/2660 
f 2691/2722/2676 2692/2723/2677 2676/2707/2661 2675/2706/2660 
f 2693/2724/2678 2677/2708/2662 2676/2707/2661 2692/2723/2677 
f 2693/2724/2678 2694/2725/2679 2678/2709/2663 2677/2708/2662 
f 2694/2725/2679 2695/2726/2680 2679/2710/2664 2678/2709/2663 
f 2696/2727/2681 2680/2711/2665 2679/2710/2664 2695/2726/2680 
f 2680/2711/2665 2696/2727/2681 2697/2728/2682 2681/2712/2666 
f 2697/2728/2682 2698/2729/2683 2682/2713/2667 2681/2712/2666 
f 2682/2713/2667 2698/2729/2683 2699/2730/2684 2683/2714/2668 
f 2699/2730/2684 2700/2731/2685 2684/2715/2669 2683/2714/2668 
f 2684/2715/2669 2700/2731/2685 2701/2732/2686 2685/2716/2670 
f 2702/2733/2687 2686/2717/2671 2685/2716/2670 2701/2732/2686 
f 2686/2717/2671 2702/2733/2687 2687/2718/2672 2671/2702/2656 
f 2703/2734/2688 2704/2735/2689 2705/2736/2690 2706/2737/2691 
f 2703/2734/2688 2706/2737/2691 2707/2738/2692 2708/2739/2693 
f 2708/2739/2693 2707/2738/2692 2709/2740/2694 2710/2741/2695 
f 2710/2741/2695 2709/2740/2694 2711/2742/2696 2712/2743/2697 
f 2712/2743/2697 2711/2742/2696 2713/2744/2698 2714/2745/2699 
f 2714/2745/2699 2713/2744/2698 2715/2746/2700 2716/2747/2701 
f 2717/2748/2702 2718/2749/2703 2716/2747/2701 2715/2746/2700 
f 2719/2750/2704 2720/2751/2705 2718/2749/2703 2717/2748/2702 
f 2721/2752/2706 2722/2753/2707 2720/2751/2705 2719/2750/2704 
f 2723/2754/2708 2724/2755/2709 2722/2753/2707 2721/2752/2706 
f 2725/2756/2710 2726/2757/2711 2724/2755/2709 2723/2754/2708 
f 2726/2757/2711 2725/2756/2710 2727/2758/2712 2728/2759/2713 
f 2729/2760/2714 2728/2759/2713 2727/2758/2712 2730/2761/2715 
f 2731/2762/2716 2732/2763/2717 2729/2760/2714 2730/2761/2715 
f 2732/2763/2717 2731/2762/2716 2733/2764/2718 2734/2765/2719 
f 2704/2735/2689 2734/2765/2719 2733/2764/2718 2705/2736/2690 
f 2705/2736/2690 2735/2766/2720 2736/2767/2721 2706/2737/2691 
f 2737/2768/2722 2707/2738/2692 2706/2737/2691 2736/2767/2721 
f 2709/2740/2694 2707/2738/2692 2737/2768/2722 2738/2769/2723 
f 2738/2769/2723 2739/2770/2724 2711/2742/2696 2709/2740/2694 
f 2711/2742/2696 2739/2770/2724 2740/2771/2725 2713/2744/2698 
f 2741/2772/2726 2715/2746/2700 2713/2744/2698 2740/2771/2725 
f 2742/2773/2727 2717/2748/2702 2715/2746/2700 2741/2772/2726 
f 2743/2774/2728 2719/2750/2704 2717/2748/2702 2742/2773/2727 
f 2719/2750/2704 2743/2774/2728 2744/2775/2729 2721/2752/2706 
f 2721/2752/2706 2744/2775/2729 2745/2776/2730 2723/2754/2708 
f 2745/2776/2730 2746/2777/2731 2725/2756/2710 2723/2754/2708 
f 2725/2756/2710 2746/2777/2731 2747/2778/2732 2727/2758/2712 
f 2727/2758/2712 2747/2778/2732 2748/2779/2733 2730/2761/2715 
f 2731/2762/2716 2730/2761/2715 2748/2779/2733 2749/2780/2734 
f 2750/2781/2735 2733/2764/2718 2731/2762/2716 2749/2780/2734 
f 2735/2766/2720 2705/2736/2690 2733/2764/2718 2750/2781/2735 
f 2687/2718/2672 2704/2735/2689 2703/2734/2688 2688/2719/2673 
f 2688/2719/2673 2703/2734/2688 2708/2739/2693 2689/2720/2674 
f 2689/2720/2674 2708/2739/2693 2710/2741/2695 2690/2721/2675 
f 2690/2721/2675 2710/2741/2695 2712/2743/2697 2691/2722/2676 
f 2692/2723/2677 2691/2722/2676 2712/2743/2697 2714/2745/2699 
f 2693/2724/2678 2692/2723/2677 2714/2745/2699 2716/2747/2701 
f 2718/2749/2703 2694/2725/2679 2693/2724/2678 2716/2747/2701 
f 2694/2725/2679 2718/2749/2703 2720/2751/2705 2695/2726/2680 
f 2695/2726/2680 2720/2751/2705 2722/2753/2707 2696/2727/2681 
f 2696/2727/2681 2722/2753/2707 2724/2755/2709 2697/2728/2682 
f 2698/2729/2683 2697/2728/2682 2724/2755/2709 2726/2757/2711 
f 2698/2729/2683 2726/2757/2711 2728/2759/2713 2699/2730/2684 
f 2699/2730/2684 2728/2759/2713 2729/2760/2714 2700/2731/2685 
f 2732/2763/2717 2701/2732/2686 2700/2731/2685 2729/2760/2714 
f 2734/2765/2719 2702/2733/2687 2701/2732/2686 2732/2763/2717 
f 2704/2735/2689 2687/2718/2672 2702/2733/2687 2734/2765/2719 
s off
f 2749/2780/2734 2748/2779/2733 2747/2778/2732 2745/2776/2730 
f 2747/2778/2732 2746/2777/2731 2745/2776/2730 
f 2745/2776/2730 2744/2775/2729 2743/2774/2728 2741/2772/2726 
f 2743/2774/2728 2742/2773/2727 2741/2772/2726 
f 2741/2772/2726 2740/2771/2725 2739/2770/2724 2738/2769/2723 
f 2741/2772/2726 2738/2769/2723 2737/2768/2722 2745/2776/2730 
f 2749/2780/2734 2745/2776/2730 2737/2768/2722 2736/2767/2721 
f 2750/2781/2735 2749/2780/2734 2736/2767/2721 2735/2766/2720 
# 70 polygons - 18 triangles

#
# object Sphere023
#

v  -3.2929 1.3108 -0.6277
v  -3.1304 1.2240 -0.5881
v  -3.1113 1.2240 -0.6125
v  -3.1029 1.2240 -0.6423
v  -3.1066 1.2240 -0.6731
v  -3.1218 1.2240 -0.7001
v  -3.1462 1.2240 -0.7193
v  -3.1760 1.2240 -0.7277
v  -3.2068 1.2240 -0.7240
v  -3.2339 1.2240 -0.7088
v  -3.2530 1.2240 -0.6844
v  -3.2614 1.2240 -0.6545
v  -3.2577 1.2240 -0.6238
v  -3.2425 1.2240 -0.5967
v  -3.2181 1.2240 -0.5776
v  -3.1883 1.2240 -0.5692
v  -3.1575 1.2240 -0.5729
v  -3.0503 1.1611 -0.4805
v  -2.9960 1.1611 -0.5438
v  -2.9702 1.1611 -0.6230
v  -2.9766 1.1611 -0.7060
v  -3.0142 1.1611 -0.7803
v  -3.0775 1.1611 -0.8345
v  -3.1567 1.1611 -0.8604
v  -3.2398 1.1611 -0.8540
v  -3.3141 1.1611 -0.8163
v  -3.3683 1.1611 -0.7531
v  -3.3942 1.1611 -0.6739
v  -3.3878 1.1611 -0.5908
v  -3.3501 1.1611 -0.5165
v  -3.2868 1.1611 -0.4623
v  -3.2076 1.1611 -0.4364
v  -3.1246 1.1611 -0.4428
v  -3.0693 1.0897 -0.3028
v  -3.2101 1.0897 -0.2859
v  -3.3015 0.9717 -0.1838
v  -3.1147 0.9717 -0.1735
v  -2.9381 0.9717 -0.2355
v  -2.9456 1.0897 -0.3723
v  -2.7986 0.9717 -0.3603
v  -2.8579 1.0897 -0.4839
v  -2.7176 0.9717 -0.5290
v  -2.8196 1.0897 -0.6205
v  -2.7073 0.9717 -0.7159
v  -2.8365 1.0897 -0.7613
v  -2.7692 0.9717 -0.8925
v  -2.9060 1.0897 -0.8850
v  -2.8941 0.9717 -1.0320
v  -3.0176 1.0897 -0.9727
v  -3.0628 0.9717 -1.1130
v  -3.1542 1.0897 -1.0110
v  -3.2497 0.9717 -1.1233
v  -3.2951 1.0897 -0.9941
v  -3.4263 0.9717 -1.0614
v  -3.4187 1.0897 -0.9246
v  -3.5657 0.9717 -0.9365
v  -3.5064 1.0897 -0.8130
v  -3.6467 0.9717 -0.7678
v  -3.5447 1.0897 -0.6764
v  -3.5278 1.0897 -0.5355
v  -3.6571 0.9717 -0.5809
v  -3.5951 0.9717 -0.4043
v  -3.4583 1.0897 -0.4119
v  -3.4702 0.9717 -0.2649
v  -3.3467 1.0897 -0.3242
v  -3.3114 0.8488 -0.1708
v  -3.1180 0.8488 -0.1601
v  -2.9353 0.8488 -0.2243
v  -2.7910 0.8488 -0.3534
v  -2.7071 0.8488 -0.5280
v  -2.6964 0.8488 -0.7214
v  -2.7606 0.8488 -0.9041
v  -2.8897 0.8488 -1.0484
v  -3.0643 0.8488 -1.1322
v  -3.2577 0.8488 -1.1429
v  -3.4404 0.8488 -1.0788
v  -3.5847 0.8488 -0.9496
v  -3.6685 0.8488 -0.7751
v  -3.6792 0.8488 -0.5817
v  -3.6151 0.8488 -0.3990
v  -3.4859 0.8488 -0.2547
# 81 vertices

vn -0.5723 0.8130 0.1070
vn 0.4155 0.7869 0.4563
vn 0.5248 0.8127 0.2532
vn 0.5645 0.8246 0.0375
vn 0.5353 0.8262 -0.1757
vn 0.4398 0.8180 -0.3708
vn 0.2829 0.7975 -0.5329
vn 0.0692 0.7583 -0.6482
vn -0.1976 0.6900 -0.6963
vn -0.5002 0.5863 -0.6373
vn -0.7729 0.4698 -0.4266
vn -0.9171 0.3898 -0.0838
vn -0.8767 0.3775 0.2980
vn -0.6621 0.4368 0.6090
vn -0.3427 0.5465 0.7642
vn -0.0215 0.6590 0.7519
vn 0.2349 0.7392 0.6312
vn 0.5915 0.5160 0.6196
vn 0.7836 0.5160 0.3461
vn 0.8564 0.5160 0.0199
vn 0.7988 0.5160 -0.3093
vn 0.6196 0.5160 -0.5915
vn 0.3461 0.5160 -0.7836
vn 0.0199 0.5160 -0.8564
vn -0.3093 0.5160 -0.7988
vn -0.5915 0.5160 -0.6196
vn -0.7836 0.5160 -0.3461
vn -0.8564 0.5160 -0.0199
vn -0.7988 0.5160 0.3093
vn -0.6196 0.5160 0.5915
vn -0.3461 0.5160 0.7836
vn -0.0199 0.5160 0.8564
vn 0.3093 0.5160 0.7988
vn 0.2280 0.7197 0.6558
vn -0.0403 0.7197 0.6931
vn -0.2452 0.3333 0.9104
vn 0.1217 0.3274 0.9370
vn 0.4712 0.3230 0.8208
vn 0.4616 0.7197 0.5186
vn 0.7495 0.3208 0.5791
vn 0.6249 0.7197 0.3025
vn 0.9137 0.3211 0.2491
vn 0.6931 0.7197 0.0403
vn 0.9386 0.3239 -0.1185
vn 0.6558 0.7197 -0.2280
vn 0.8207 0.3288 -0.4673
vn 0.5186 0.7197 -0.4616
vn 0.5783 0.3350 -0.7439
vn 0.3025 0.7197 -0.6249
vn 0.2489 0.3415 -0.9063
vn 0.0403 0.7197 -0.6931
vn -0.1170 0.3474 -0.9304
vn -0.2280 0.7197 -0.6558
vn -0.4639 0.3518 -0.8130
vn -0.4616 0.7197 -0.5186
vn -0.7396 0.3540 -0.5724
vn -0.6249 0.7197 -0.3025
vn -0.9027 0.3537 -0.2449
vn -0.6931 0.7197 -0.0403
vn -0.6558 0.7197 0.2280
vn -0.9287 0.3508 0.1202
vn -0.8133 0.3460 0.4679
vn -0.5186 0.7197 0.4616
vn -0.5734 0.3398 0.7455
vn -0.3025 0.7197 0.6249
vn -0.1955 -0.6346 0.7477
vn 0.1055 -0.6393 0.7617
vn 0.3883 -0.6428 0.6603
vn 0.6110 -0.6446 0.4595
vn 0.7409 -0.6443 0.1895
vn 0.7588 -0.6420 -0.1099
vn 0.6613 -0.6381 -0.3943
vn 0.4622 -0.6332 -0.6208
vn 0.1905 -0.6280 -0.7546
vn -0.1127 -0.6232 -0.7739
vn -0.4008 -0.6198 -0.6747
vn -0.6289 -0.6180 -0.4718
vn -0.7610 -0.6183 -0.1964
vn -0.7767 -0.6205 0.1083
vn -0.6739 -0.6244 0.3950
vn -0.4694 -0.6293 0.6194
# 81 vertex normals

vt 0.7697 0.7169 0.0000
vt 0.6856 0.7548 0.0000
vt 0.6728 0.7436 0.0000
vt 0.6652 0.7282 0.0000
vt 0.6641 0.7111 0.0000
vt 0.6696 0.6949 0.0000
vt 0.6809 0.6821 0.0000
vt 0.6962 0.6745 0.0000
vt 0.7133 0.6734 0.0000
vt 0.7295 0.6789 0.0000
vt 0.7423 0.6902 0.0000
vt 0.7499 0.7055 0.0000
vt 0.7510 0.7226 0.0000
vt 0.7455 0.7388 0.0000
vt 0.7342 0.7516 0.0000
vt 0.7189 0.7592 0.0000
vt 0.7018 0.7603 0.0000
vt 0.6531 0.8213 0.0000
vt 0.6173 0.7925 0.0000
vt 0.5952 0.7522 0.0000
vt 0.5903 0.7065 0.0000
vt 0.6032 0.6624 0.0000
vt 0.6320 0.6266 0.0000
vt 0.6723 0.6045 0.0000
vt 0.7180 0.5996 0.0000
vt 0.7621 0.6125 0.0000
vt 0.7979 0.6413 0.0000
vt 0.8199 0.6816 0.0000
vt 0.8249 0.7273 0.0000
vt 0.8120 0.7714 0.0000
vt 0.7832 0.8072 0.0000
vt 0.7429 0.8292 0.0000
vt 0.6972 0.8342 0.0000
vt 0.6814 0.9157 0.0000
vt 0.7595 0.9106 0.0000
vt 0.8194 0.9566 0.0000
vt 0.7191 0.9812 0.0000
vt 0.6171 0.9655 0.0000
vt 0.6073 0.8905 0.0000
vt 0.5288 0.9119 0.0000
vt 0.5485 0.8390 0.0000
vt 0.4678 0.8287 0.0000
vt 0.5138 0.7688 0.0000
vt 0.4433 0.7284 0.0000
vt 0.5087 0.6907 0.0000
vt 0.4590 0.6264 0.0000
vt 0.5339 0.6166 0.0000
vt 0.5125 0.5381 0.0000
vt 0.5855 0.5578 0.0000
vt 0.5958 0.4771 0.0000
vt 0.6557 0.5232 0.0000
vt 0.6960 0.4526 0.0000
vt 0.7337 0.5180 0.0000
vt 0.7980 0.4683 0.0000
vt 0.8078 0.5432 0.0000
vt 0.8863 0.5218 0.0000
vt 0.8667 0.5948 0.0000
vt 0.9473 0.6051 0.0000
vt 0.9013 0.6650 0.0000
vt 0.9064 0.7430 0.0000
vt 0.9719 0.7053 0.0000
vt 0.9562 0.8074 0.0000
vt 0.8812 0.8171 0.0000
vt 0.9026 0.8956 0.0000
vt 0.8296 0.8760 0.0000
vt 0.8260 0.9627 0.0000
vt 0.7223 0.9881 0.0000
vt 0.6167 0.9719 0.0000
vt 0.5254 0.9164 0.0000
vt 0.4622 0.8303 0.0000
vt 0.4368 0.7266 0.0000
vt 0.4531 0.6210 0.0000
vt 0.5085 0.5297 0.0000
vt 0.5946 0.4665 0.0000
vt 0.6984 0.4411 0.0000
vt 0.8039 0.4574 0.0000
vt 0.8953 0.5128 0.0000
vt 0.9584 0.5989 0.0000
vt 0.9838 0.7027 0.0000
vt 0.9676 0.8082 0.0000
vt 0.9121 0.8996 0.0000
# 81 texture coords

o Sphere023
g Sphere023
usemtl Material__27
s 1
f 2751/2782/2736 2752/2783/2737 2753/2784/2738 
f 2751/2782/2736 2753/2784/2738 2754/2785/2739 
f 2751/2782/2736 2754/2785/2739 2755/2786/2740 
f 2751/2782/2736 2755/2786/2740 2756/2787/2741 
f 2751/2782/2736 2756/2787/2741 2757/2788/2742 
f 2751/2782/2736 2757/2788/2742 2758/2789/2743 
f 2751/2782/2736 2758/2789/2743 2759/2790/2744 
f 2751/2782/2736 2759/2790/2744 2760/2791/2745 
f 2751/2782/2736 2760/2791/2745 2761/2792/2746 
f 2751/2782/2736 2761/2792/2746 2762/2793/2747 
f 2751/2782/2736 2762/2793/2747 2763/2794/2748 
f 2751/2782/2736 2763/2794/2748 2764/2795/2749 
f 2751/2782/2736 2764/2795/2749 2765/2796/2750 
f 2751/2782/2736 2765/2796/2750 2766/2797/2751 
f 2751/2782/2736 2766/2797/2751 2767/2798/2752 
f 2751/2782/2736 2767/2798/2752 2752/2783/2737 
f 2752/2783/2737 2768/2799/2753 2769/2800/2754 2753/2784/2738 
f 2769/2800/2754 2770/2801/2755 2754/2785/2739 2753/2784/2738 
f 2754/2785/2739 2770/2801/2755 2771/2802/2756 2755/2786/2740 
f 2755/2786/2740 2771/2802/2756 2772/2803/2757 2756/2787/2741 
f 2772/2803/2757 2773/2804/2758 2757/2788/2742 2756/2787/2741 
f 2774/2805/2759 2758/2789/2743 2757/2788/2742 2773/2804/2758 
f 2774/2805/2759 2775/2806/2760 2759/2790/2744 2758/2789/2743 
f 2775/2806/2760 2776/2807/2761 2760/2791/2745 2759/2790/2744 
f 2777/2808/2762 2761/2792/2746 2760/2791/2745 2776/2807/2761 
f 2761/2792/2746 2777/2808/2762 2778/2809/2763 2762/2793/2747 
f 2778/2809/2763 2779/2810/2764 2763/2794/2748 2762/2793/2747 
f 2763/2794/2748 2779/2810/2764 2780/2811/2765 2764/2795/2749 
f 2780/2811/2765 2781/2812/2766 2765/2796/2750 2764/2795/2749 
f 2765/2796/2750 2781/2812/2766 2782/2813/2767 2766/2797/2751 
f 2783/2814/2768 2767/2798/2752 2766/2797/2751 2782/2813/2767 
f 2767/2798/2752 2783/2814/2768 2768/2799/2753 2752/2783/2737 
f 2784/2815/2769 2785/2816/2770 2786/2817/2771 2787/2818/2772 
f 2784/2815/2769 2787/2818/2772 2788/2819/2773 2789/2820/2774 
f 2789/2820/2774 2788/2819/2773 2790/2821/2775 2791/2822/2776 
f 2791/2822/2776 2790/2821/2775 2792/2823/2777 2793/2824/2778 
f 2793/2824/2778 2792/2823/2777 2794/2825/2779 2795/2826/2780 
f 2795/2826/2780 2794/2825/2779 2796/2827/2781 2797/2828/2782 
f 2798/2829/2783 2799/2830/2784 2797/2828/2782 2796/2827/2781 
f 2800/2831/2785 2801/2832/2786 2799/2830/2784 2798/2829/2783 
f 2802/2833/2787 2803/2834/2788 2801/2832/2786 2800/2831/2785 
f 2804/2835/2789 2805/2836/2790 2803/2834/2788 2802/2833/2787 
f 2806/2837/2791 2807/2838/2792 2805/2836/2790 2804/2835/2789 
f 2807/2838/2792 2806/2837/2791 2808/2839/2793 2809/2840/2794 
f 2810/2841/2795 2809/2840/2794 2808/2839/2793 2811/2842/2796 
f 2812/2843/2797 2813/2844/2798 2810/2841/2795 2811/2842/2796 
f 2813/2844/2798 2812/2843/2797 2814/2845/2799 2815/2846/2800 
f 2785/2816/2770 2815/2846/2800 2814/2845/2799 2786/2817/2771 
f 2786/2817/2771 2816/2847/2801 2817/2848/2802 2787/2818/2772 
f 2818/2849/2803 2788/2819/2773 2787/2818/2772 2817/2848/2802 
f 2790/2821/2775 2788/2819/2773 2818/2849/2803 2819/2850/2804 
f 2819/2850/2804 2820/2851/2805 2792/2823/2777 2790/2821/2775 
f 2792/2823/2777 2820/2851/2805 2821/2852/2806 2794/2825/2779 
f 2822/2853/2807 2796/2827/2781 2794/2825/2779 2821/2852/2806 
f 2823/2854/2808 2798/2829/2783 2796/2827/2781 2822/2853/2807 
f 2824/2855/2809 2800/2831/2785 2798/2829/2783 2823/2854/2808 
f 2800/2831/2785 2824/2855/2809 2825/2856/2810 2802/2833/2787 
f 2802/2833/2787 2825/2856/2810 2826/2857/2811 2804/2835/2789 
f 2826/2857/2811 2827/2858/2812 2806/2837/2791 2804/2835/2789 
f 2806/2837/2791 2827/2858/2812 2828/2859/2813 2808/2839/2793 
f 2808/2839/2793 2828/2859/2813 2829/2860/2814 2811/2842/2796 
f 2812/2843/2797 2811/2842/2796 2829/2860/2814 2830/2861/2815 
f 2831/2862/2816 2814/2845/2799 2812/2843/2797 2830/2861/2815 
f 2816/2847/2801 2786/2817/2771 2814/2845/2799 2831/2862/2816 
f 2768/2799/2753 2785/2816/2770 2784/2815/2769 2769/2800/2754 
f 2769/2800/2754 2784/2815/2769 2789/2820/2774 2770/2801/2755 
f 2770/2801/2755 2789/2820/2774 2791/2822/2776 2771/2802/2756 
f 2771/2802/2756 2791/2822/2776 2793/2824/2778 2772/2803/2757 
f 2773/2804/2758 2772/2803/2757 2793/2824/2778 2795/2826/2780 
f 2774/2805/2759 2773/2804/2758 2795/2826/2780 2797/2828/2782 
f 2799/2830/2784 2775/2806/2760 2774/2805/2759 2797/2828/2782 
f 2775/2806/2760 2799/2830/2784 2801/2832/2786 2776/2807/2761 
f 2776/2807/2761 2801/2832/2786 2803/2834/2788 2777/2808/2762 
f 2777/2808/2762 2803/2834/2788 2805/2836/2790 2778/2809/2763 
f 2779/2810/2764 2778/2809/2763 2805/2836/2790 2807/2838/2792 
f 2779/2810/2764 2807/2838/2792 2809/2840/2794 2780/2811/2765 
f 2780/2811/2765 2809/2840/2794 2810/2841/2795 2781/2812/2766 
f 2813/2844/2798 2782/2813/2767 2781/2812/2766 2810/2841/2795 
f 2815/2846/2800 2783/2814/2768 2782/2813/2767 2813/2844/2798 
f 2785/2816/2770 2768/2799/2753 2783/2814/2768 2815/2846/2800 
s off
f 2830/2861/2815 2829/2860/2814 2828/2859/2813 2826/2857/2811 
f 2828/2859/2813 2827/2858/2812 2826/2857/2811 
f 2826/2857/2811 2825/2856/2810 2824/2855/2809 2822/2853/2807 
f 2824/2855/2809 2823/2854/2808 2822/2853/2807 
f 2822/2853/2807 2821/2852/2806 2820/2851/2805 2819/2850/2804 
f 2822/2853/2807 2819/2850/2804 2818/2849/2803 2826/2857/2811 
f 2830/2861/2815 2826/2857/2811 2818/2849/2803 2817/2848/2802 
f 2831/2862/2816 2830/2861/2815 2817/2848/2802 2816/2847/2801 
# 70 polygons - 18 triangles

#
# object Sphere024
#

v  -3.3103 1.3108 0.6101
v  -3.1445 1.2240 0.5884
v  -3.1354 1.2240 0.5587
v  -3.1384 1.2240 0.5279
v  -3.1530 1.2240 0.5005
v  -3.1769 1.2240 0.4808
v  -3.2066 1.2240 0.4717
v  -3.2374 1.2240 0.4747
v  -3.2648 1.2240 0.4892
v  -3.2845 1.2240 0.5132
v  -3.2936 1.2240 0.5428
v  -3.2906 1.2240 0.5737
v  -3.2761 1.2240 0.6011
v  -3.2521 1.2240 0.6208
v  -3.2225 1.2240 0.6299
v  -3.1916 1.2240 0.6269
v  -3.1642 1.2240 0.6123
v  -3.0309 1.1611 0.6597
v  -3.0032 1.1611 0.5811
v  -3.0076 1.1611 0.4979
v  -3.0436 1.1611 0.4228
v  -3.1056 1.1611 0.3671
v  -3.1842 1.1611 0.3394
v  -3.2674 1.1611 0.3439
v  -3.3425 1.1611 0.3799
v  -3.3982 1.1611 0.4419
v  -3.4259 1.1611 0.5204
v  -3.4214 1.1611 0.6036
v  -3.3854 1.1611 0.6788
v  -3.3234 1.1611 0.7344
v  -3.2449 1.1611 0.7621
v  -3.1617 1.1611 0.7577
v  -3.0865 1.1611 0.7217
v  -2.9844 1.0897 0.8323
v  -3.1096 1.0897 0.8989
v  -3.1580 0.9717 1.0271
v  -2.9800 0.9717 0.9692
v  -2.8377 0.9717 0.8477
v  -2.8942 1.0897 0.7228
v  -2.7528 0.9717 0.6809
v  -2.8527 1.0897 0.5871
v  -2.7382 0.9717 0.4943
v  -2.8664 1.0897 0.4459
v  -2.7961 0.9717 0.3163
v  -2.9330 1.0897 0.3207
v  -2.9176 0.9717 0.1740
v  -3.0425 1.0897 0.2304
v  -3.0844 0.9717 0.0891
v  -3.1782 1.0897 0.1890
v  -3.2710 0.9717 0.0744
v  -3.3194 1.0897 0.2026
v  -3.4490 0.9717 0.1323
v  -3.4446 1.0897 0.2693
v  -3.5913 0.9717 0.2539
v  -3.5349 1.0897 0.3788
v  -3.6762 0.9717 0.4207
v  -3.5763 1.0897 0.5144
v  -3.6908 0.9717 0.6073
v  -3.5627 1.0897 0.6557
v  -3.4960 1.0897 0.7809
v  -3.6330 0.9717 0.7853
v  -3.5114 0.9717 0.9276
v  -3.3865 1.0897 0.8711
v  -3.3446 0.9717 1.0125
v  -3.2508 1.0897 0.9126
v  -3.1624 0.8488 1.0428
v  -2.9783 0.8488 0.9829
v  -2.8311 0.8488 0.8571
v  -2.7432 0.8488 0.6845
v  -2.7280 0.8488 0.4915
v  -2.7879 0.8488 0.3073
v  -2.9137 0.8488 0.1601
v  -3.0863 0.8488 0.0722
v  -3.2794 0.8488 0.0571
v  -3.4635 0.8488 0.1170
v  -3.6108 0.8488 0.2428
v  -3.6986 0.8488 0.4153
v  -3.7138 0.8488 0.6084
v  -3.6539 0.8488 0.7926
v  -3.5281 0.8488 0.9398
v  -3.3555 0.8488 1.0277
# 81 vertices

vn -0.4950 0.8130 0.3065
vn 0.5523 0.7869 0.2754
vn 0.5808 0.8127 0.0466
vn 0.5399 0.8246 -0.1689
vn 0.4357 0.8262 -0.3572
vn 0.2762 0.8180 -0.5046
vn 0.0713 0.7975 -0.5991
vn -0.1696 0.7583 -0.6295
vn -0.4358 0.6900 -0.5779
vn -0.6966 0.5863 -0.4135
vn -0.8748 0.4698 -0.1186
vn -0.8854 0.3898 0.2531
vn -0.7099 0.3775 0.5946
vn -0.3974 0.4368 0.8070
vn -0.0435 0.5465 0.8364
vn 0.2515 0.6590 0.7089
vn 0.4470 0.7392 0.5037
vn 0.7754 0.5160 0.3641
vn 0.8557 0.5160 0.0397
vn 0.8057 0.5160 -0.2908
vn 0.6331 0.5160 -0.5770
vn 0.3641 0.5160 -0.7754
vn 0.0397 0.5160 -0.8557
vn -0.2908 0.5160 -0.8057
vn -0.5770 0.5160 -0.6331
vn -0.7754 0.5160 -0.3641
vn -0.8557 0.5160 -0.0397
vn -0.8057 0.5160 0.2908
vn -0.6331 0.5160 0.5770
vn -0.3641 0.5160 0.7754
vn -0.0397 0.5160 0.8557
vn 0.2908 0.5160 0.8057
vn 0.5770 0.5160 0.6331
vn 0.4495 0.7197 0.5292
vn 0.2128 0.7197 0.6609
vn 0.1002 0.3333 0.9375
vn 0.4520 0.3274 0.8298
vn 0.7359 0.3230 0.5951
vn 0.6178 0.7197 0.3169
vn 0.9081 0.3208 0.2693
vn 0.6920 0.7197 0.0563
vn 0.9420 0.3211 -0.0978
vn 0.6609 0.7197 -0.2128
vn 0.8324 0.3239 -0.4496
vn 0.5292 0.7197 -0.4495
vn 0.5964 0.3288 -0.7322
vn 0.3169 0.7197 -0.6178
vn 0.2705 0.3350 -0.9026
vn 0.0563 0.7197 -0.6920
vn -0.0953 0.3415 -0.9350
vn -0.2128 0.7197 -0.6609
vn -0.4452 0.3474 -0.8253
vn -0.4495 0.7197 -0.5292
vn -0.7263 0.3518 -0.5905
vn -0.6178 0.7197 -0.3169
vn -0.8965 0.3540 -0.2665
vn -0.6920 0.7197 -0.0563
vn -0.9303 0.3537 0.0977
vn -0.6609 0.7197 0.2128
vn -0.5292 0.7197 0.4495
vn -0.8226 0.3508 0.4475
vn -0.5893 0.3460 0.7301
vn -0.3169 0.7197 0.6178
vn -0.2654 0.3398 0.9023
vn -0.0563 0.7197 0.6920
vn 0.0878 -0.6346 0.7678
vn 0.3735 -0.6393 0.6721
vn 0.6006 -0.6428 0.4754
vn 0.7357 -0.6446 0.2078
vn 0.7593 -0.6443 -0.0909
vn 0.6678 -0.6420 -0.3765
vn 0.4742 -0.6381 -0.6065
vn 0.2067 -0.6332 -0.7459
vn -0.0949 -0.6280 -0.7724
vn -0.3846 -0.6232 -0.6809
vn -0.6175 -0.6198 -0.4843
vn -0.7568 -0.6180 -0.2127
vn -0.7806 -0.6183 0.0918
vn -0.6851 -0.6205 0.3816
vn -0.4857 -0.6244 0.6117
vn -0.2140 -0.6293 0.7471
# 81 vertex normals

vt 0.7697 0.7169 0.0000
vt 0.6856 0.7548 0.0000
vt 0.6728 0.7436 0.0000
vt 0.6652 0.7282 0.0000
vt 0.6641 0.7111 0.0000
vt 0.6696 0.6949 0.0000
vt 0.6809 0.6821 0.0000
vt 0.6962 0.6745 0.0000
vt 0.7133 0.6734 0.0000
vt 0.7295 0.6789 0.0000
vt 0.7423 0.6902 0.0000
vt 0.7499 0.7055 0.0000
vt 0.7510 0.7226 0.0000
vt 0.7455 0.7388 0.0000
vt 0.7342 0.7516 0.0000
vt 0.7189 0.7592 0.0000
vt 0.7018 0.7603 0.0000
vt 0.6531 0.8213 0.0000
vt 0.6173 0.7925 0.0000
vt 0.5952 0.7522 0.0000
vt 0.5903 0.7065 0.0000
vt 0.6032 0.6624 0.0000
vt 0.6320 0.6266 0.0000
vt 0.6723 0.6045 0.0000
vt 0.7180 0.5996 0.0000
vt 0.7621 0.6125 0.0000
vt 0.7979 0.6413 0.0000
vt 0.8199 0.6816 0.0000
vt 0.8249 0.7273 0.0000
vt 0.8120 0.7714 0.0000
vt 0.7832 0.8072 0.0000
vt 0.7429 0.8292 0.0000
vt 0.6972 0.8342 0.0000
vt 0.6814 0.9157 0.0000
vt 0.7595 0.9106 0.0000
vt 0.8194 0.9566 0.0000
vt 0.7191 0.9812 0.0000
vt 0.6171 0.9655 0.0000
vt 0.6073 0.8905 0.0000
vt 0.5288 0.9119 0.0000
vt 0.5485 0.8390 0.0000
vt 0.4678 0.8287 0.0000
vt 0.5138 0.7688 0.0000
vt 0.4433 0.7284 0.0000
vt 0.5087 0.6907 0.0000
vt 0.4590 0.6264 0.0000
vt 0.5339 0.6166 0.0000
vt 0.5125 0.5381 0.0000
vt 0.5855 0.5578 0.0000
vt 0.5958 0.4771 0.0000
vt 0.6557 0.5232 0.0000
vt 0.6960 0.4526 0.0000
vt 0.7337 0.5180 0.0000
vt 0.7980 0.4683 0.0000
vt 0.8078 0.5432 0.0000
vt 0.8863 0.5218 0.0000
vt 0.8667 0.5948 0.0000
vt 0.9473 0.6051 0.0000
vt 0.9013 0.6650 0.0000
vt 0.9064 0.7430 0.0000
vt 0.9719 0.7053 0.0000
vt 0.9562 0.8074 0.0000
vt 0.8812 0.8171 0.0000
vt 0.9026 0.8956 0.0000
vt 0.8296 0.8760 0.0000
vt 0.8260 0.9627 0.0000
vt 0.7223 0.9881 0.0000
vt 0.6167 0.9719 0.0000
vt 0.5254 0.9164 0.0000
vt 0.4622 0.8303 0.0000
vt 0.4368 0.7266 0.0000
vt 0.4531 0.6210 0.0000
vt 0.5085 0.5297 0.0000
vt 0.5946 0.4665 0.0000
vt 0.6984 0.4411 0.0000
vt 0.8039 0.4574 0.0000
vt 0.8953 0.5128 0.0000
vt 0.9584 0.5989 0.0000
vt 0.9838 0.7027 0.0000
vt 0.9676 0.8082 0.0000
vt 0.9121 0.8996 0.0000
# 81 texture coords

o Sphere024
g Sphere024
usemtl Material__27
s 1
f 2832/2863/2817 2833/2864/2818 2834/2865/2819 
f 2832/2863/2817 2834/2865/2819 2835/2866/2820 
f 2832/2863/2817 2835/2866/2820 2836/2867/2821 
f 2832/2863/2817 2836/2867/2821 2837/2868/2822 
f 2832/2863/2817 2837/2868/2822 2838/2869/2823 
f 2832/2863/2817 2838/2869/2823 2839/2870/2824 
f 2832/2863/2817 2839/2870/2824 2840/2871/2825 
f 2832/2863/2817 2840/2871/2825 2841/2872/2826 
f 2832/2863/2817 2841/2872/2826 2842/2873/2827 
f 2832/2863/2817 2842/2873/2827 2843/2874/2828 
f 2832/2863/2817 2843/2874/2828 2844/2875/2829 
f 2832/2863/2817 2844/2875/2829 2845/2876/2830 
f 2832/2863/2817 2845/2876/2830 2846/2877/2831 
f 2832/2863/2817 2846/2877/2831 2847/2878/2832 
f 2832/2863/2817 2847/2878/2832 2848/2879/2833 
f 2832/2863/2817 2848/2879/2833 2833/2864/2818 
f 2833/2864/2818 2849/2880/2834 2850/2881/2835 2834/2865/2819 
f 2850/2881/2835 2851/2882/2836 2835/2866/2820 2834/2865/2819 
f 2835/2866/2820 2851/2882/2836 2852/2883/2837 2836/2867/2821 
f 2836/2867/2821 2852/2883/2837 2853/2884/2838 2837/2868/2822 
f 2853/2884/2838 2854/2885/2839 2838/2869/2823 2837/2868/2822 
f 2855/2886/2840 2839/2870/2824 2838/2869/2823 2854/2885/2839 
f 2855/2886/2840 2856/2887/2841 2840/2871/2825 2839/2870/2824 
f 2856/2887/2841 2857/2888/2842 2841/2872/2826 2840/2871/2825 
f 2858/2889/2843 2842/2873/2827 2841/2872/2826 2857/2888/2842 
f 2842/2873/2827 2858/2889/2843 2859/2890/2844 2843/2874/2828 
f 2859/2890/2844 2860/2891/2845 2844/2875/2829 2843/2874/2828 
f 2844/2875/2829 2860/2891/2845 2861/2892/2846 2845/2876/2830 
f 2861/2892/2846 2862/2893/2847 2846/2877/2831 2845/2876/2830 
f 2846/2877/2831 2862/2893/2847 2863/2894/2848 2847/2878/2832 
f 2864/2895/2849 2848/2879/2833 2847/2878/2832 2863/2894/2848 
f 2848/2879/2833 2864/2895/2849 2849/2880/2834 2833/2864/2818 
f 2865/2896/2850 2866/2897/2851 2867/2898/2852 2868/2899/2853 
f 2865/2896/2850 2868/2899/2853 2869/2900/2854 2870/2901/2855 
f 2870/2901/2855 2869/2900/2854 2871/2902/2856 2872/2903/2857 
f 2872/2903/2857 2871/2902/2856 2873/2904/2858 2874/2905/2859 
f 2874/2905/2859 2873/2904/2858 2875/2906/2860 2876/2907/2861 
f 2876/2907/2861 2875/2906/2860 2877/2908/2862 2878/2909/2863 
f 2879/2910/2864 2880/2911/2865 2878/2909/2863 2877/2908/2862 
f 2881/2912/2866 2882/2913/2867 2880/2911/2865 2879/2910/2864 
f 2883/2914/2868 2884/2915/2869 2882/2913/2867 2881/2912/2866 
f 2885/2916/2870 2886/2917/2871 2884/2915/2869 2883/2914/2868 
f 2887/2918/2872 2888/2919/2873 2886/2917/2871 2885/2916/2870 
f 2888/2919/2873 2887/2918/2872 2889/2920/2874 2890/2921/2875 
f 2891/2922/2876 2890/2921/2875 2889/2920/2874 2892/2923/2877 
f 2893/2924/2878 2894/2925/2879 2891/2922/2876 2892/2923/2877 
f 2894/2925/2879 2893/2924/2878 2895/2926/2880 2896/2927/2881 
f 2866/2897/2851 2896/2927/2881 2895/2926/2880 2867/2898/2852 
f 2867/2898/2852 2897/2928/2882 2898/2929/2883 2868/2899/2853 
f 2899/2930/2884 2869/2900/2854 2868/2899/2853 2898/2929/2883 
f 2871/2902/2856 2869/2900/2854 2899/2930/2884 2900/2931/2885 
f 2900/2931/2885 2901/2932/2886 2873/2904/2858 2871/2902/2856 
f 2873/2904/2858 2901/2932/2886 2902/2933/2887 2875/2906/2860 
f 2903/2934/2888 2877/2908/2862 2875/2906/2860 2902/2933/2887 
f 2904/2935/2889 2879/2910/2864 2877/2908/2862 2903/2934/2888 
f 2905/2936/2890 2881/2912/2866 2879/2910/2864 2904/2935/2889 
f 2881/2912/2866 2905/2936/2890 2906/2937/2891 2883/2914/2868 
f 2883/2914/2868 2906/2937/2891 2907/2938/2892 2885/2916/2870 
f 2907/2938/2892 2908/2939/2893 2887/2918/2872 2885/2916/2870 
f 2887/2918/2872 2908/2939/2893 2909/2940/2894 2889/2920/2874 
f 2889/2920/2874 2909/2940/2894 2910/2941/2895 2892/2923/2877 
f 2893/2924/2878 2892/2923/2877 2910/2941/2895 2911/2942/2896 
f 2912/2943/2897 2895/2926/2880 2893/2924/2878 2911/2942/2896 
f 2897/2928/2882 2867/2898/2852 2895/2926/2880 2912/2943/2897 
f 2849/2880/2834 2866/2897/2851 2865/2896/2850 2850/2881/2835 
f 2850/2881/2835 2865/2896/2850 2870/2901/2855 2851/2882/2836 
f 2851/2882/2836 2870/2901/2855 2872/2903/2857 2852/2883/2837 
f 2852/2883/2837 2872/2903/2857 2874/2905/2859 2853/2884/2838 
f 2854/2885/2839 2853/2884/2838 2874/2905/2859 2876/2907/2861 
f 2855/2886/2840 2854/2885/2839 2876/2907/2861 2878/2909/2863 
f 2880/2911/2865 2856/2887/2841 2855/2886/2840 2878/2909/2863 
f 2856/2887/2841 2880/2911/2865 2882/2913/2867 2857/2888/2842 
f 2857/2888/2842 2882/2913/2867 2884/2915/2869 2858/2889/2843 
f 2858/2889/2843 2884/2915/2869 2886/2917/2871 2859/2890/2844 
f 2860/2891/2845 2859/2890/2844 2886/2917/2871 2888/2919/2873 
f 2860/2891/2845 2888/2919/2873 2890/2921/2875 2861/2892/2846 
f 2861/2892/2846 2890/2921/2875 2891/2922/2876 2862/2893/2847 
f 2894/2925/2879 2863/2894/2848 2862/2893/2847 2891/2922/2876 
f 2896/2927/2881 2864/2895/2849 2863/2894/2848 2894/2925/2879 
f 2866/2897/2851 2849/2880/2834 2864/2895/2849 2896/2927/2881 
s off
f 2911/2942/2896 2910/2941/2895 2909/2940/2894 2907/2938/2892 
f 2909/2940/2894 2908/2939/2893 2907/2938/2892 
f 2907/2938/2892 2906/2937/2891 2905/2936/2890 2903/2934/2888 
f 2905/2936/2890 2904/2935/2889 2903/2934/2888 
f 2903/2934/2888 2902/2933/2887 2901/2932/2886 2900/2931/2885 
f 2903/2934/2888 2900/2931/2885 2899/2930/2884 2907/2938/2892 
f 2911/2942/2896 2907/2938/2892 2899/2930/2884 2898/2929/2883 
f 2912/2943/2897 2911/2942/2896 2898/2929/2883 2897/2928/2882 
# 70 polygons - 18 triangles

#
# object Sphere025
#

v  -2.8794 1.3108 1.7706
v  -2.7326 1.2240 1.6905
v  -2.7348 1.2240 1.6595
v  -2.7488 1.2240 1.6318
v  -2.7723 1.2240 1.6116
v  -2.8017 1.2240 1.6018
v  -2.8326 1.2240 1.6041
v  -2.8603 1.2240 1.6180
v  -2.8806 1.2240 1.6415
v  -2.8903 1.2240 1.6709
v  -2.8881 1.2240 1.7019
v  -2.8742 1.2240 1.7296
v  -2.8507 1.2240 1.7498
v  -2.8212 1.2240 1.7596
v  -2.7903 1.2240 1.7573
v  -2.7626 1.2240 1.7434
v  -2.7423 1.2240 1.7199
v  -2.6009 1.1611 1.7159
v  -2.6034 1.1611 1.6327
v  -2.6376 1.1611 1.5567
v  -2.6983 1.1611 1.4996
v  -2.7762 1.1611 1.4701
v  -2.8595 1.1611 1.4726
v  -2.9355 1.1611 1.5069
v  -2.9926 1.1611 1.5676
v  -3.0221 1.1611 1.6455
v  -3.0195 1.1611 1.7287
v  -2.9853 1.1611 1.8047
v  -2.9246 1.1611 1.8618
v  -2.8467 1.1611 1.8913
v  -2.7634 1.1611 1.8887
v  -2.6875 1.1611 1.8545
v  -2.6304 1.1611 1.7938
v  -2.4952 1.0897 1.8601
v  -2.5879 1.0897 1.9675
v  -2.5867 0.9717 2.1045
v  -2.4417 0.9717 1.9862
v  -2.3529 0.9717 1.8214
v  -2.4506 1.0897 1.7254
v  -2.3340 0.9717 1.6352
v  -2.4610 1.0897 1.5839
v  -2.3877 0.9717 1.4559
v  -2.5247 1.0897 1.4571
v  -2.5060 0.9717 1.3109
v  -2.6321 1.0897 1.3644
v  -2.6708 0.9717 1.2221
v  -2.7668 1.0897 1.3198
v  -2.8569 0.9717 1.2032
v  -2.9083 1.0897 1.3302
v  -3.0362 0.9717 1.2569
v  -3.0350 1.0897 1.3939
v  -3.1813 0.9717 1.3752
v  -3.1278 1.0897 1.5013
v  -3.2700 0.9717 1.5400
v  -3.1723 1.0897 1.6360
v  -3.2890 0.9717 1.7262
v  -3.1620 1.0897 1.7775
v  -3.2352 0.9717 1.9055
v  -3.0982 1.0897 1.9043
v  -2.9908 1.0897 1.9970
v  -3.1170 0.9717 2.0505
v  -2.9522 0.9717 2.1393
v  -2.8561 1.0897 2.0416
v  -2.7660 0.9717 2.1582
v  -2.7147 1.0897 2.0312
v  -2.5852 0.8488 2.1207
v  -2.4351 0.8488 1.9983
v  -2.3432 0.8488 1.8278
v  -2.3236 0.8488 1.6352
v  -2.3793 0.8488 1.4497
v  -2.5016 0.8488 1.2996
v  -2.6721 0.8488 1.2077
v  -2.8648 0.8488 1.1881
v  -3.0503 0.8488 1.2437
v  -3.2004 0.8488 1.3661
v  -3.2922 0.8488 1.5366
v  -3.3118 0.8488 1.7293
v  -3.2562 0.8488 1.9148
v  -3.1338 0.8488 2.0649
v  -2.9633 0.8488 2.1567
v  -2.7707 0.8488 2.1763
# 81 vertices

vn -0.3509 0.8130 0.4647
vn 0.6145 0.7869 0.0573
vn 0.5584 0.8127 -0.1664
vn 0.4424 0.8246 -0.3526
vn 0.2772 0.8262 -0.4905
vn 0.0752 0.8180 -0.5703
vn -0.1500 0.7975 -0.5844
vn -0.3856 0.7583 -0.5257
vn -0.6151 0.6900 -0.3815
vn -0.7990 0.5863 -0.1340
vn -0.8585 0.4698 0.2054
vn -0.7342 0.3898 0.5559
vn -0.4471 0.3775 0.8109
vn -0.0790 0.4368 0.8961
vn 0.2615 0.5465 0.7956
vn 0.4906 0.6590 0.5701
vn 0.5988 0.7392 0.3082
vn 0.8545 0.5160 0.0594
vn 0.8122 0.5160 -0.2721
vn 0.6463 0.5160 -0.5622
vn 0.3819 0.5160 -0.7667
vn 0.0594 0.5160 -0.8545
vn -0.2721 0.5160 -0.8122
vn -0.5622 0.5160 -0.6463
vn -0.7667 0.5160 -0.3819
vn -0.8545 0.5160 -0.0594
vn -0.8122 0.5160 0.2721
vn -0.6463 0.5160 0.5622
vn -0.3819 0.5160 0.7667
vn -0.0594 0.5160 0.8545
vn 0.2721 0.5160 0.8122
vn 0.5622 0.5160 0.6463
vn 0.7667 0.5160 0.3819
vn 0.6103 0.7197 0.3310
vn 0.4371 0.7197 0.5394
vn 0.4321 0.3333 0.8380
vn 0.7212 0.3274 0.6105
vn 0.9012 0.3230 0.2891
vn 0.6905 0.7197 0.0723
vn 0.9440 0.3208 -0.0769
vn 0.6656 0.7197 -0.1975
vn 0.8431 0.3211 -0.4314
vn 0.5394 0.7197 -0.4371
vn 0.6138 0.3239 -0.7199
vn 0.3310 0.7197 -0.6103
vn 0.2916 0.3288 -0.8982
vn 0.0723 0.7197 -0.6905
vn -0.0738 0.3350 -0.9393
vn -0.1975 0.7197 -0.6656
vn -0.4266 0.3415 -0.8375
vn -0.4371 0.7197 -0.5394
vn -0.7133 0.3474 -0.6087
vn -0.6103 0.7197 -0.3310
vn -0.8906 0.3518 -0.2883
vn -0.6905 0.7197 -0.0723
vn -0.9322 0.3540 0.0753
vn -0.6656 0.7197 0.1975
vn -0.8321 0.3537 0.4272
vn -0.5394 0.7197 0.4371
vn -0.3310 0.7197 0.6103
vn -0.6053 0.3508 0.7145
vn -0.2858 0.3460 0.8937
vn -0.0723 0.7197 0.6905
vn 0.0784 0.3398 0.9372
vn 0.1975 0.7197 0.6656
vn 0.3593 -0.6346 0.6843
vn 0.5911 -0.6393 0.4918
vn 0.7318 -0.6428 0.2263
vn 0.7611 -0.6446 -0.0720
vn 0.6752 -0.6443 -0.3591
vn 0.4867 -0.6420 -0.5924
vn 0.2231 -0.6381 -0.7369
vn -0.0767 -0.6332 -0.7702
vn -0.3675 -0.6280 -0.6860
vn -0.6046 -0.6232 -0.4960
vn -0.7508 -0.6198 -0.2286
vn -0.7826 -0.6180 0.0750
vn -0.6947 -0.6183 0.3675
vn -0.5010 -0.6205 0.6033
vn -0.2319 -0.6244 0.7459
vn 0.0704 -0.6293 0.7739
# 81 vertex normals

vt 0.7697 0.7169 0.0000
vt 0.6856 0.7548 0.0000
vt 0.6728 0.7436 0.0000
vt 0.6652 0.7282 0.0000
vt 0.6641 0.7111 0.0000
vt 0.6696 0.6949 0.0000
vt 0.6809 0.6821 0.0000
vt 0.6962 0.6745 0.0000
vt 0.7133 0.6734 0.0000
vt 0.7295 0.6789 0.0000
vt 0.7423 0.6902 0.0000
vt 0.7499 0.7055 0.0000
vt 0.7510 0.7226 0.0000
vt 0.7455 0.7388 0.0000
vt 0.7342 0.7516 0.0000
vt 0.7189 0.7592 0.0000
vt 0.7018 0.7603 0.0000
vt 0.6531 0.8213 0.0000
vt 0.6173 0.7925 0.0000
vt 0.5952 0.7522 0.0000
vt 0.5903 0.7065 0.0000
vt 0.6032 0.6624 0.0000
vt 0.6320 0.6266 0.0000
vt 0.6723 0.6045 0.0000
vt 0.7180 0.5996 0.0000
vt 0.7621 0.6125 0.0000
vt 0.7979 0.6413 0.0000
vt 0.8199 0.6816 0.0000
vt 0.8249 0.7273 0.0000
vt 0.8120 0.7714 0.0000
vt 0.7832 0.8072 0.0000
vt 0.7429 0.8292 0.0000
vt 0.6972 0.8342 0.0000
vt 0.6814 0.9157 0.0000
vt 0.7595 0.9106 0.0000
vt 0.8194 0.9566 0.0000
vt 0.7191 0.9812 0.0000
vt 0.6171 0.9655 0.0000
vt 0.6073 0.8905 0.0000
vt 0.5288 0.9119 0.0000
vt 0.5485 0.8390 0.0000
vt 0.4678 0.8287 0.0000
vt 0.5138 0.7688 0.0000
vt 0.4433 0.7284 0.0000
vt 0.5087 0.6907 0.0000
vt 0.4590 0.6264 0.0000
vt 0.5339 0.6166 0.0000
vt 0.5125 0.5381 0.0000
vt 0.5855 0.5578 0.0000
vt 0.5958 0.4771 0.0000
vt 0.6557 0.5232 0.0000
vt 0.6960 0.4526 0.0000
vt 0.7337 0.5180 0.0000
vt 0.7980 0.4683 0.0000
vt 0.8078 0.5432 0.0000
vt 0.8863 0.5218 0.0000
vt 0.8667 0.5948 0.0000
vt 0.9473 0.6051 0.0000
vt 0.9013 0.6650 0.0000
vt 0.9064 0.7430 0.0000
vt 0.9719 0.7053 0.0000
vt 0.9562 0.8074 0.0000
vt 0.8812 0.8171 0.0000
vt 0.9026 0.8956 0.0000
vt 0.8296 0.8760 0.0000
vt 0.8260 0.9627 0.0000
vt 0.7223 0.9881 0.0000
vt 0.6167 0.9719 0.0000
vt 0.5254 0.9164 0.0000
vt 0.4622 0.8303 0.0000
vt 0.4368 0.7266 0.0000
vt 0.4531 0.6210 0.0000
vt 0.5085 0.5297 0.0000
vt 0.5946 0.4665 0.0000
vt 0.6984 0.4411 0.0000
vt 0.8039 0.4574 0.0000
vt 0.8953 0.5128 0.0000
vt 0.9584 0.5989 0.0000
vt 0.9838 0.7027 0.0000
vt 0.9676 0.8082 0.0000
vt 0.9121 0.8996 0.0000
# 81 texture coords

o Sphere025
g Sphere025
usemtl Material__27
s 1
f 2913/2944/2898 2914/2945/2899 2915/2946/2900 
f 2913/2944/2898 2915/2946/2900 2916/2947/2901 
f 2913/2944/2898 2916/2947/2901 2917/2948/2902 
f 2913/2944/2898 2917/2948/2902 2918/2949/2903 
f 2913/2944/2898 2918/2949/2903 2919/2950/2904 
f 2913/2944/2898 2919/2950/2904 2920/2951/2905 
f 2913/2944/2898 2920/2951/2905 2921/2952/2906 
f 2913/2944/2898 2921/2952/2906 2922/2953/2907 
f 2913/2944/2898 2922/2953/2907 2923/2954/2908 
f 2913/2944/2898 2923/2954/2908 2924/2955/2909 
f 2913/2944/2898 2924/2955/2909 2925/2956/2910 
f 2913/2944/2898 2925/2956/2910 2926/2957/2911 
f 2913/2944/2898 2926/2957/2911 2927/2958/2912 
f 2913/2944/2898 2927/2958/2912 2928/2959/2913 
f 2913/2944/2898 2928/2959/2913 2929/2960/2914 
f 2913/2944/2898 2929/2960/2914 2914/2945/2899 
f 2914/2945/2899 2930/2961/2915 2931/2962/2916 2915/2946/2900 
f 2931/2962/2916 2932/2963/2917 2916/2947/2901 2915/2946/2900 
f 2916/2947/2901 2932/2963/2917 2933/2964/2918 2917/2948/2902 
f 2917/2948/2902 2933/2964/2918 2934/2965/2919 2918/2949/2903 
f 2934/2965/2919 2935/2966/2920 2919/2950/2904 2918/2949/2903 
f 2936/2967/2921 2920/2951/2905 2919/2950/2904 2935/2966/2920 
f 2936/2967/2921 2937/2968/2922 2921/2952/2906 2920/2951/2905 
f 2937/2968/2922 2938/2969/2923 2922/2953/2907 2921/2952/2906 
f 2939/2970/2924 2923/2954/2908 2922/2953/2907 2938/2969/2923 
f 2923/2954/2908 2939/2970/2924 2940/2971/2925 2924/2955/2909 
f 2940/2971/2925 2941/2972/2926 2925/2956/2910 2924/2955/2909 
f 2925/2956/2910 2941/2972/2926 2942/2973/2927 2926/2957/2911 
f 2942/2973/2927 2943/2974/2928 2927/2958/2912 2926/2957/2911 
f 2927/2958/2912 2943/2974/2928 2944/2975/2929 2928/2959/2913 
f 2945/2976/2930 2929/2960/2914 2928/2959/2913 2944/2975/2929 
f 2929/2960/2914 2945/2976/2930 2930/2961/2915 2914/2945/2899 
f 2946/2977/2931 2947/2978/2932 2948/2979/2933 2949/2980/2934 
f 2946/2977/2931 2949/2980/2934 2950/2981/2935 2951/2982/2936 
f 2951/2982/2936 2950/2981/2935 2952/2983/2937 2953/2984/2938 
f 2953/2984/2938 2952/2983/2937 2954/2985/2939 2955/2986/2940 
f 2955/2986/2940 2954/2985/2939 2956/2987/2941 2957/2988/2942 
f 2957/2988/2942 2956/2987/2941 2958/2989/2943 2959/2990/2944 
f 2960/2991/2945 2961/2992/2946 2959/2990/2944 2958/2989/2943 
f 2962/2993/2947 2963/2994/2948 2961/2992/2946 2960/2991/2945 
f 2964/2995/2949 2965/2996/2950 2963/2994/2948 2962/2993/2947 
f 2966/2997/2951 2967/2998/2952 2965/2996/2950 2964/2995/2949 
f 2968/2999/2953 2969/3000/2954 2967/2998/2952 2966/2997/2951 
f 2969/3000/2954 2968/2999/2953 2970/3001/2955 2971/3002/2956 
f 2972/3003/2957 2971/3002/2956 2970/3001/2955 2973/3004/2958 
f 2974/3005/2959 2975/3006/2960 2972/3003/2957 2973/3004/2958 
f 2975/3006/2960 2974/3005/2959 2976/3007/2961 2977/3008/2962 
f 2947/2978/2932 2977/3008/2962 2976/3007/2961 2948/2979/2933 
f 2948/2979/2933 2978/3009/2963 2979/3010/2964 2949/2980/2934 
f 2980/3011/2965 2950/2981/2935 2949/2980/2934 2979/3010/2964 
f 2952/2983/2937 2950/2981/2935 2980/3011/2965 2981/3012/2966 
f 2981/3012/2966 2982/3013/2967 2954/2985/2939 2952/2983/2937 
f 2954/2985/2939 2982/3013/2967 2983/3014/2968 2956/2987/2941 
f 2984/3015/2969 2958/2989/2943 2956/2987/2941 2983/3014/2968 
f 2985/3016/2970 2960/2991/2945 2958/2989/2943 2984/3015/2969 
f 2986/3017/2971 2962/2993/2947 2960/2991/2945 2985/3016/2970 
f 2962/2993/2947 2986/3017/2971 2987/3018/2972 2964/2995/2949 
f 2964/2995/2949 2987/3018/2972 2988/3019/2973 2966/2997/2951 
f 2988/3019/2973 2989/3020/2974 2968/2999/2953 2966/2997/2951 
f 2968/2999/2953 2989/3020/2974 2990/3021/2975 2970/3001/2955 
f 2970/3001/2955 2990/3021/2975 2991/3022/2976 2973/3004/2958 
f 2974/3005/2959 2973/3004/2958 2991/3022/2976 2992/3023/2977 
f 2993/3024/2978 2976/3007/2961 2974/3005/2959 2992/3023/2977 
f 2978/3009/2963 2948/2979/2933 2976/3007/2961 2993/3024/2978 
f 2930/2961/2915 2947/2978/2932 2946/2977/2931 2931/2962/2916 
f 2931/2962/2916 2946/2977/2931 2951/2982/2936 2932/2963/2917 
f 2932/2963/2917 2951/2982/2936 2953/2984/2938 2933/2964/2918 
f 2933/2964/2918 2953/2984/2938 2955/2986/2940 2934/2965/2919 
f 2935/2966/2920 2934/2965/2919 2955/2986/2940 2957/2988/2942 
f 2936/2967/2921 2935/2966/2920 2957/2988/2942 2959/2990/2944 
f 2961/2992/2946 2937/2968/2922 2936/2967/2921 2959/2990/2944 
f 2937/2968/2922 2961/2992/2946 2963/2994/2948 2938/2969/2923 
f 2938/2969/2923 2963/2994/2948 2965/2996/2950 2939/2970/2924 
f 2939/2970/2924 2965/2996/2950 2967/2998/2952 2940/2971/2925 
f 2941/2972/2926 2940/2971/2925 2967/2998/2952 2969/3000/2954 
f 2941/2972/2926 2969/3000/2954 2971/3002/2956 2942/2973/2927 
f 2942/2973/2927 2971/3002/2956 2972/3003/2957 2943/2974/2928 
f 2975/3006/2960 2944/2975/2929 2943/2974/2928 2972/3003/2957 
f 2977/3008/2962 2945/2976/2930 2944/2975/2929 2975/3006/2960 
f 2947/2978/2932 2930/2961/2915 2945/2976/2930 2977/3008/2962 
s off
f 2992/3023/2977 2991/3022/2976 2990/3021/2975 2988/3019/2973 
f 2990/3021/2975 2989/3020/2974 2988/3019/2973 
f 2988/3019/2973 2987/3018/2972 2986/3017/2971 2984/3015/2969 
f 2986/3017/2971 2985/3016/2970 2984/3015/2969 
f 2984/3015/2969 2983/3014/2968 2982/3013/2967 2981/3012/2966 
f 2984/3015/2969 2981/3012/2966 2980/3011/2965 2988/3019/2973 
f 2992/3023/2977 2988/3019/2973 2980/3011/2965 2979/3010/2964 
f 2993/3024/2978 2992/3023/2977 2979/3010/2964 2978/3009/2963 
# 70 polygons - 18 triangles

#
# object Sphere026
#

v  -2.0583 1.3108 2.6971
v  -1.9504 1.2240 2.5693
v  -1.9637 1.2240 2.5413
v  -1.9867 1.2240 2.5205
v  -2.0159 1.2240 2.5101
v  -2.0469 1.2240 2.5116
v  -2.0749 1.2240 2.5249
v  -2.0957 1.2240 2.5479
v  -2.1061 1.2240 2.5771
v  -2.1046 1.2240 2.6081
v  -2.0913 1.2240 2.6361
v  -2.0683 1.2240 2.6569
v  -2.0391 1.2240 2.6674
v  -2.0081 1.2240 2.6658
v  -1.9801 1.2240 2.6525
v  -1.9592 1.2240 2.6295
v  -1.9488 1.2240 2.6003
v  -1.8184 1.1611 2.5455
v  -1.8508 1.1611 2.4688
v  -1.9102 1.1611 2.4103
v  -1.9874 1.1611 2.3790
v  -2.0707 1.1611 2.3796
v  -2.1474 1.1611 2.4121
v  -2.2059 1.1611 2.4714
v  -2.2372 1.1611 2.5486
v  -2.2366 1.1611 2.6320
v  -2.2041 1.1611 2.7087
v  -2.1448 1.1611 2.7671
v  -2.0676 1.1611 2.7984
v  -1.9842 1.1611 2.7978
v  -1.9075 1.1611 2.7654
v  -1.8490 1.1611 2.7060
v  -1.8177 1.1611 2.6288
v  -1.6677 1.0897 2.6417
v  -1.7154 1.0897 2.7754
v  -1.6648 0.9717 2.9027
v  -1.5723 0.9717 2.7400
v  -1.5490 0.9717 2.5543
v  -1.6748 1.0897 2.5000
v  -1.5986 0.9717 2.3738
v  -1.7356 1.0897 2.3718
v  -1.7135 0.9717 2.2261
v  -1.8408 1.0897 2.2767
v  -1.8762 0.9717 2.1335
v  -1.9745 1.0897 2.2290
v  -2.0619 0.9717 2.1103
v  -2.1162 1.0897 2.2361
v  -2.2424 0.9717 2.1599
v  -2.2444 1.0897 2.2969
v  -2.3901 0.9717 2.2748
v  -2.3395 1.0897 2.4021
v  -2.4827 0.9717 2.4374
v  -2.3872 1.0897 2.5357
v  -2.5059 0.9717 2.6232
v  -2.3801 1.0897 2.6774
v  -2.4563 0.9717 2.8036
v  -2.3193 1.0897 2.8056
v  -2.3414 0.9717 2.9514
v  -2.2141 1.0897 2.9008
v  -2.0805 1.0897 2.9484
v  -2.1787 0.9717 3.0439
v  -1.9930 0.9717 3.0672
v  -1.9388 1.0897 2.9413
v  -1.8126 0.9717 3.0176
v  -1.8106 1.0897 2.8806
v  -1.6575 0.8488 2.9173
v  -1.5618 0.8488 2.7489
v  -1.5377 0.8488 2.5568
v  -1.5890 0.8488 2.3700
v  -1.7079 0.8488 2.2172
v  -1.8762 0.8488 2.1214
v  -2.0684 0.8488 2.0974
v  -2.2551 0.8488 2.1487
v  -2.4080 0.8488 2.2676
v  -2.5038 0.8488 2.4359
v  -2.5278 0.8488 2.6280
v  -2.4765 0.8488 2.8148
v  -2.3576 0.8488 2.9677
v  -2.1893 0.8488 3.0634
v  -1.9971 0.8488 3.0875
v  -1.8104 0.8488 3.0361
# 81 vertices

vn -0.1593 0.8130 0.5600
vn 0.5937 0.7869 -0.1685
vn 0.4606 0.8127 -0.3569
vn 0.2852 0.8246 -0.4886
vn 0.0813 0.8262 -0.5575
vn -0.1358 0.8180 -0.5590
vn -0.3510 0.7975 -0.4908
vn -0.5494 0.7583 -0.3509
vn -0.7114 0.6900 -0.1335
vn -0.7934 0.5863 0.1637
vn -0.7263 0.4698 0.5017
vn -0.4838 0.3898 0.7836
vn -0.1240 0.3775 0.9177
vn 0.2500 0.4368 0.8641
vn 0.5313 0.5465 0.6474
vn 0.6635 0.6590 0.3544
vn 0.6697 0.7392 0.0711
vn 0.8183 0.5160 -0.2533
vn 0.6591 0.5160 -0.5472
vn 0.3995 0.5160 -0.7577
vn 0.0791 0.5160 -0.8529
vn -0.2533 0.5160 -0.8183
vn -0.5472 0.5160 -0.6591
vn -0.7577 0.5160 -0.3995
vn -0.8529 0.5160 -0.0791
vn -0.8183 0.5160 0.2533
vn -0.6591 0.5160 0.5472
vn -0.3995 0.5160 0.7577
vn -0.0791 0.5160 0.8529
vn 0.2533 0.5160 0.8183
vn 0.5472 0.5160 0.6591
vn 0.7577 0.5160 0.3995
vn 0.8529 0.5160 0.0791
vn 0.6887 0.7197 0.0882
vn 0.6025 0.7197 0.3451
vn 0.7057 0.3333 0.6253
vn 0.8931 0.3274 0.3087
vn 0.9448 0.3230 -0.0559
vn 0.6700 0.7197 -0.1820
vn 0.8525 0.3208 -0.4127
vn 0.5493 0.7197 -0.4246
vn 0.6303 0.3211 -0.7069
vn 0.3451 0.7197 -0.6025
vn 0.3123 0.3239 -0.8931
vn 0.0882 0.7197 -0.6887
vn -0.0525 0.3288 -0.9429
vn -0.1820 0.7197 -0.6700
vn -0.4082 0.3350 -0.8492
vn -0.4246 0.7197 -0.5493
vn -0.7004 0.3415 -0.6268
vn -0.6025 0.7197 -0.3451
vn -0.8850 0.3474 -0.3100
vn -0.6887 0.7197 -0.0882
vn -0.9346 0.3518 0.0529
vn -0.6700 0.7197 0.1820
vn -0.8421 0.3540 0.4070
vn -0.5493 0.7197 0.4246
vn -0.6216 0.3537 0.6989
vn -0.3451 0.7197 0.6025
vn -0.0882 0.7197 0.6887
vn -0.3064 0.3508 0.8849
vn 0.0563 0.3460 0.9366
vn 0.1820 0.7197 0.6700
vn 0.4117 0.3398 0.8456
vn 0.4246 0.7197 0.5493
vn 0.5822 -0.6346 0.5083
vn 0.7289 -0.6393 0.2450
vn 0.7641 -0.6428 -0.0533
vn 0.6837 -0.6446 -0.3421
vn 0.4999 -0.6443 -0.5787
vn 0.2399 -0.6420 -0.7282
vn -0.0582 -0.6381 -0.7677
vn -0.3497 -0.6332 -0.6905
vn -0.5905 -0.6280 -0.5069
vn -0.7430 -0.6232 -0.2441
vn -0.7826 -0.6198 0.0581
vn -0.7026 -0.6180 0.3527
vn -0.5150 -0.6183 0.5937
vn -0.2492 -0.6205 0.7435
vn 0.0532 -0.6244 0.7793
vn 0.3452 -0.6293 0.6962
# 81 vertex normals

vt 0.7697 0.7169 0.0000
vt 0.6856 0.7548 0.0000
vt 0.6728 0.7436 0.0000
vt 0.6652 0.7282 0.0000
vt 0.6641 0.7111 0.0000
vt 0.6696 0.6949 0.0000
vt 0.6809 0.6821 0.0000
vt 0.6962 0.6745 0.0000
vt 0.7133 0.6734 0.0000
vt 0.7295 0.6789 0.0000
vt 0.7423 0.6902 0.0000
vt 0.7499 0.7055 0.0000
vt 0.7510 0.7226 0.0000
vt 0.7455 0.7388 0.0000
vt 0.7342 0.7516 0.0000
vt 0.7189 0.7592 0.0000
vt 0.7018 0.7603 0.0000
vt 0.6531 0.8213 0.0000
vt 0.6173 0.7925 0.0000
vt 0.5952 0.7522 0.0000
vt 0.5903 0.7065 0.0000
vt 0.6032 0.6624 0.0000
vt 0.6320 0.6266 0.0000
vt 0.6723 0.6045 0.0000
vt 0.7180 0.5996 0.0000
vt 0.7621 0.6125 0.0000
vt 0.7979 0.6413 0.0000
vt 0.8199 0.6816 0.0000
vt 0.8249 0.7273 0.0000
vt 0.8120 0.7714 0.0000
vt 0.7832 0.8072 0.0000
vt 0.7429 0.8292 0.0000
vt 0.6972 0.8342 0.0000
vt 0.6814 0.9157 0.0000
vt 0.7595 0.9106 0.0000
vt 0.8194 0.9566 0.0000
vt 0.7191 0.9812 0.0000
vt 0.6171 0.9655 0.0000
vt 0.6073 0.8905 0.0000
vt 0.5288 0.9119 0.0000
vt 0.5485 0.8390 0.0000
vt 0.4678 0.8287 0.0000
vt 0.5138 0.7688 0.0000
vt 0.4433 0.7284 0.0000
vt 0.5087 0.6907 0.0000
vt 0.4590 0.6264 0.0000
vt 0.5339 0.6166 0.0000
vt 0.5125 0.5381 0.0000
vt 0.5855 0.5578 0.0000
vt 0.5958 0.4771 0.0000
vt 0.6557 0.5232 0.0000
vt 0.6960 0.4526 0.0000
vt 0.7337 0.5180 0.0000
vt 0.7980 0.4683 0.0000
vt 0.8078 0.5432 0.0000
vt 0.8863 0.5218 0.0000
vt 0.8667 0.5948 0.0000
vt 0.9473 0.6051 0.0000
vt 0.9013 0.6650 0.0000
vt 0.9064 0.7430 0.0000
vt 0.9719 0.7053 0.0000
vt 0.9562 0.8074 0.0000
vt 0.8812 0.8171 0.0000
vt 0.9026 0.8956 0.0000
vt 0.8296 0.8760 0.0000
vt 0.8260 0.9627 0.0000
vt 0.7223 0.9881 0.0000
vt 0.6167 0.9719 0.0000
vt 0.5254 0.9164 0.0000
vt 0.4622 0.8303 0.0000
vt 0.4368 0.7266 0.0000
vt 0.4531 0.6210 0.0000
vt 0.5085 0.5297 0.0000
vt 0.5946 0.4665 0.0000
vt 0.6984 0.4411 0.0000
vt 0.8039 0.4574 0.0000
vt 0.8953 0.5128 0.0000
vt 0.9584 0.5989 0.0000
vt 0.9838 0.7027 0.0000
vt 0.9676 0.8082 0.0000
vt 0.9121 0.8996 0.0000
# 81 texture coords

o Sphere026
g Sphere026
usemtl Material__27
s 1
f 2994/3025/2979 2995/3026/2980 2996/3027/2981 
f 2994/3025/2979 2996/3027/2981 2997/3028/2982 
f 2994/3025/2979 2997/3028/2982 2998/3029/2983 
f 2994/3025/2979 2998/3029/2983 2999/3030/2984 
f 2994/3025/2979 2999/3030/2984 3000/3031/2985 
f 2994/3025/2979 3000/3031/2985 3001/3032/2986 
f 2994/3025/2979 3001/3032/2986 3002/3033/2987 
f 2994/3025/2979 3002/3033/2987 3003/3034/2988 
f 2994/3025/2979 3003/3034/2988 3004/3035/2989 
f 2994/3025/2979 3004/3035/2989 3005/3036/2990 
f 2994/3025/2979 3005/3036/2990 3006/3037/2991 
f 2994/3025/2979 3006/3037/2991 3007/3038/2992 
f 2994/3025/2979 3007/3038/2992 3008/3039/2993 
f 2994/3025/2979 3008/3039/2993 3009/3040/2994 
f 2994/3025/2979 3009/3040/2994 3010/3041/2995 
f 2994/3025/2979 3010/3041/2995 2995/3026/2980 
f 2995/3026/2980 3011/3042/2996 3012/3043/2997 2996/3027/2981 
f 3012/3043/2997 3013/3044/2998 2997/3028/2982 2996/3027/2981 
f 2997/3028/2982 3013/3044/2998 3014/3045/2999 2998/3029/2983 
f 2998/3029/2983 3014/3045/2999 3015/3046/3000 2999/3030/2984 
f 3015/3046/3000 3016/3047/3001 3000/3031/2985 2999/3030/2984 
f 3017/3048/3002 3001/3032/2986 3000/3031/2985 3016/3047/3001 
f 3017/3048/3002 3018/3049/3003 3002/3033/2987 3001/3032/2986 
f 3018/3049/3003 3019/3050/3004 3003/3034/2988 3002/3033/2987 
f 3020/3051/3005 3004/3035/2989 3003/3034/2988 3019/3050/3004 
f 3004/3035/2989 3020/3051/3005 3021/3052/3006 3005/3036/2990 
f 3021/3052/3006 3022/3053/3007 3006/3037/2991 3005/3036/2990 
f 3006/3037/2991 3022/3053/3007 3023/3054/3008 3007/3038/2992 
f 3023/3054/3008 3024/3055/3009 3008/3039/2993 3007/3038/2992 
f 3008/3039/2993 3024/3055/3009 3025/3056/3010 3009/3040/2994 
f 3026/3057/3011 3010/3041/2995 3009/3040/2994 3025/3056/3010 
f 3010/3041/2995 3026/3057/3011 3011/3042/2996 2995/3026/2980 
f 3027/3058/3012 3028/3059/3013 3029/3060/3014 3030/3061/3015 
f 3027/3058/3012 3030/3061/3015 3031/3062/3016 3032/3063/3017 
f 3032/3063/3017 3031/3062/3016 3033/3064/3018 3034/3065/3019 
f 3034/3065/3019 3033/3064/3018 3035/3066/3020 3036/3067/3021 
f 3036/3067/3021 3035/3066/3020 3037/3068/3022 3038/3069/3023 
f 3038/3069/3023 3037/3068/3022 3039/3070/3024 3040/3071/3025 
f 3041/3072/3026 3042/3073/3027 3040/3071/3025 3039/3070/3024 
f 3043/3074/3028 3044/3075/3029 3042/3073/3027 3041/3072/3026 
f 3045/3076/3030 3046/3077/3031 3044/3075/3029 3043/3074/3028 
f 3047/3078/3032 3048/3079/3033 3046/3077/3031 3045/3076/3030 
f 3049/3080/3034 3050/3081/3035 3048/3079/3033 3047/3078/3032 
f 3050/3081/3035 3049/3080/3034 3051/3082/3036 3052/3083/3037 
f 3053/3084/3038 3052/3083/3037 3051/3082/3036 3054/3085/3039 
f 3055/3086/3040 3056/3087/3041 3053/3084/3038 3054/3085/3039 
f 3056/3087/3041 3055/3086/3040 3057/3088/3042 3058/3089/3043 
f 3028/3059/3013 3058/3089/3043 3057/3088/3042 3029/3060/3014 
f 3029/3060/3014 3059/3090/3044 3060/3091/3045 3030/3061/3015 
f 3061/3092/3046 3031/3062/3016 3030/3061/3015 3060/3091/3045 
f 3033/3064/3018 3031/3062/3016 3061/3092/3046 3062/3093/3047 
f 3062/3093/3047 3063/3094/3048 3035/3066/3020 3033/3064/3018 
f 3035/3066/3020 3063/3094/3048 3064/3095/3049 3037/3068/3022 
f 3065/3096/3050 3039/3070/3024 3037/3068/3022 3064/3095/3049 
f 3066/3097/3051 3041/3072/3026 3039/3070/3024 3065/3096/3050 
f 3067/3098/3052 3043/3074/3028 3041/3072/3026 3066/3097/3051 
f 3043/3074/3028 3067/3098/3052 3068/3099/3053 3045/3076/3030 
f 3045/3076/3030 3068/3099/3053 3069/3100/3054 3047/3078/3032 
f 3069/3100/3054 3070/3101/3055 3049/3080/3034 3047/3078/3032 
f 3049/3080/3034 3070/3101/3055 3071/3102/3056 3051/3082/3036 
f 3051/3082/3036 3071/3102/3056 3072/3103/3057 3054/3085/3039 
f 3055/3086/3040 3054/3085/3039 3072/3103/3057 3073/3104/3058 
f 3074/3105/3059 3057/3088/3042 3055/3086/3040 3073/3104/3058 
f 3059/3090/3044 3029/3060/3014 3057/3088/3042 3074/3105/3059 
f 3011/3042/2996 3028/3059/3013 3027/3058/3012 3012/3043/2997 
f 3012/3043/2997 3027/3058/3012 3032/3063/3017 3013/3044/2998 
f 3013/3044/2998 3032/3063/3017 3034/3065/3019 3014/3045/2999 
f 3014/3045/2999 3034/3065/3019 3036/3067/3021 3015/3046/3000 
f 3016/3047/3001 3015/3046/3000 3036/3067/3021 3038/3069/3023 
f 3017/3048/3002 3016/3047/3001 3038/3069/3023 3040/3071/3025 
f 3042/3073/3027 3018/3049/3003 3017/3048/3002 3040/3071/3025 
f 3018/3049/3003 3042/3073/3027 3044/3075/3029 3019/3050/3004 
f 3019/3050/3004 3044/3075/3029 3046/3077/3031 3020/3051/3005 
f 3020/3051/3005 3046/3077/3031 3048/3079/3033 3021/3052/3006 
f 3022/3053/3007 3021/3052/3006 3048/3079/3033 3050/3081/3035 
f 3022/3053/3007 3050/3081/3035 3052/3083/3037 3023/3054/3008 
f 3023/3054/3008 3052/3083/3037 3053/3084/3038 3024/3055/3009 
f 3056/3087/3041 3025/3056/3010 3024/3055/3009 3053/3084/3038 
f 3058/3089/3043 3026/3057/3011 3025/3056/3010 3056/3087/3041 
f 3028/3059/3013 3011/3042/2996 3026/3057/3011 3058/3089/3043 
s off
f 3073/3104/3058 3072/3103/3057 3071/3102/3056 3069/3100/3054 
f 3071/3102/3056 3070/3101/3055 3069/3100/3054 
f 3069/3100/3054 3068/3099/3053 3067/3098/3052 3065/3096/3050 
f 3067/3098/3052 3066/3097/3051 3065/3096/3050 
f 3065/3096/3050 3064/3095/3049 3063/3094/3048 3062/3093/3047 
f 3065/3096/3050 3062/3093/3047 3061/3092/3046 3069/3100/3054 
f 3073/3104/3058 3069/3100/3054 3061/3092/3046 3060/3091/3045 
f 3074/3105/3059 3073/3104/3058 3060/3091/3045 3059/3090/3044 
# 70 polygons - 18 triangles

#
# object Sphere027
#

v  -0.9580 1.3108 3.2644
v  -0.9035 1.2240 3.1063
v  -0.9260 1.2240 3.0850
v  -0.9550 1.2240 3.0739
v  -0.9860 1.2240 3.0747
v  -1.0143 1.2240 3.0873
v  -1.0357 1.2240 3.1098
v  -1.0467 1.2240 3.1388
v  -1.0459 1.2240 3.1698
v  -1.0333 1.2240 3.1981
v  -1.0108 1.2240 3.2195
v  -0.9818 1.2240 3.2306
v  -0.9508 1.2240 3.2297
v  -0.9225 1.2240 3.2171
v  -0.9011 1.2240 3.1946
v  -0.8900 1.2240 3.1656
v  -0.8909 1.2240 3.1346
v  -0.7890 1.1611 3.0364
v  -0.8470 1.1611 2.9765
v  -0.9235 1.1611 2.9435
v  -1.0068 1.1611 2.9422
v  -1.0842 1.1611 2.9728
v  -1.1441 1.1611 3.0308
v  -1.1771 1.1611 3.1073
v  -1.1784 1.1611 3.1906
v  -1.1478 1.1611 3.2681
v  -1.0898 1.1611 3.3279
v  -1.0133 1.1611 3.3610
v  -0.9300 1.1611 3.3622
v  -0.8525 1.1611 3.3316
v  -0.7927 1.1611 3.2736
v  -0.7596 1.1611 3.1971
v  -0.7583 1.1611 3.1138
v  -0.6138 1.0897 3.0717
v  -0.6100 1.0897 3.2135
v  -0.5168 0.9717 3.3139
v  -0.4893 0.9717 3.1288
v  -0.5347 0.9717 2.9473
v  -0.6716 1.0897 2.9421
v  -0.6461 0.9717 2.7969
v  -0.7746 1.0897 2.8445
v  -0.8066 0.9717 2.7006
v  -0.9071 1.0897 2.7938
v  -0.9918 0.9717 2.6731
v  -1.0489 1.0897 2.7976
v  -1.1733 0.9717 2.7185
v  -1.1785 1.0897 2.8554
v  -1.3237 0.9717 2.8300
v  -1.2761 1.0897 2.9584
v  -1.4200 0.9717 2.9905
v  -1.3268 1.0897 3.0909
v  -1.4475 0.9717 3.1756
v  -1.3230 1.0897 3.2327
v  -1.4021 0.9717 3.3572
v  -1.2652 1.0897 3.3623
v  -1.2906 0.9717 3.5075
v  -1.1622 1.0897 3.4599
v  -1.1301 0.9717 3.6038
v  -1.0297 1.0897 3.5106
v  -0.8879 1.0897 3.5068
v  -0.9450 0.9717 3.6313
v  -0.7634 0.9717 3.5859
v  -0.7583 1.0897 3.4490
v  -0.6131 0.9717 3.4744
v  -0.6607 1.0897 3.3460
v  -0.5047 0.8488 3.3249
v  -0.4763 0.8488 3.1334
v  -0.5233 0.8488 2.9455
v  -0.6386 0.8488 2.7899
v  -0.8046 0.8488 2.6903
v  -0.9962 0.8488 2.6618
v  -1.1841 0.8488 2.7088
v  -1.3396 0.8488 2.8241
v  -1.4393 0.8488 2.9902
v  -1.4677 0.8488 3.1818
v  -1.4207 0.8488 3.3696
v  -1.3054 0.8488 3.5252
v  -1.1394 0.8488 3.6248
v  -0.9478 0.8488 3.6533
v  -0.7599 0.8488 3.6063
v  -0.6044 0.8488 3.4910
# 81 vertices

vn 0.0537 0.8130 0.5798
vn 0.4927 0.7869 -0.3716
vn 0.3006 0.8127 -0.4992
vn 0.0894 0.8246 -0.5586
vn -0.1256 0.8262 -0.5492
vn -0.3286 0.8180 -0.4721
vn -0.5046 0.7975 -0.3309
vn -0.6391 0.7583 -0.1287
vn -0.7116 0.6900 0.1325
vn -0.6807 0.5863 0.4393
vn -0.4961 0.4698 0.7302
vn -0.1681 0.3898 0.9054
vn 0.2159 0.3775 0.9005
vn 0.5453 0.4368 0.7155
vn 0.7293 0.5465 0.4118
vn 0.7467 0.6590 0.0908
vn 0.6501 0.7392 -0.1756
vn 0.6715 0.5160 -0.5318
vn 0.4169 0.5160 -0.7483
vn 0.0988 0.5160 -0.8509
vn -0.2343 0.5160 -0.8239
vn -0.5318 0.5160 -0.6715
vn -0.7483 0.5160 -0.4169
vn -0.8509 0.5160 -0.0988
vn -0.8239 0.5160 0.2343
vn -0.6715 0.5160 0.5318
vn -0.4169 0.5160 0.7483
vn -0.0988 0.5160 0.8509
vn 0.2343 0.5160 0.8239
vn 0.5318 0.5160 0.6715
vn 0.7483 0.5160 0.4169
vn 0.8509 0.5160 0.0988
vn 0.8239 0.5160 -0.2343
vn 0.6740 0.7197 -0.1665
vn 0.6864 0.7197 0.1041
vn 0.8839 0.3333 0.3281
vn 0.9443 0.3274 -0.0348
vn 0.8607 0.3230 -0.3934
vn 0.5590 0.7197 -0.4118
vn 0.6458 0.3208 -0.6928
vn 0.3589 0.7197 -0.5943
vn 0.3324 0.3211 -0.8868
vn 0.1041 0.7197 -0.6864
vn -0.0314 0.3239 -0.9456
vn -0.1665 0.7197 -0.6740
vn -0.3896 0.3288 -0.8603
vn -0.4118 0.7197 -0.5590
vn -0.6874 0.3350 -0.6444
vn -0.5944 0.7197 -0.3589
vn -0.8795 0.3415 -0.3315
vn -0.6864 0.7197 -0.1041
vn -0.9372 0.3474 0.0307
vn -0.6740 0.7197 0.1665
vn -0.8524 0.3518 0.3869
vn -0.5590 0.7197 0.4118
vn -0.6382 0.3540 0.6837
vn -0.3589 0.7197 0.5944
vn -0.3272 0.3537 0.8763
vn -0.1041 0.7197 0.6864
vn 0.1665 0.7197 0.6740
vn 0.0340 0.3508 0.9358
vn 0.3908 0.3460 0.8530
vn 0.4118 0.7197 0.5590
vn 0.6894 0.3398 0.6398
vn 0.5944 0.7197 0.3589
vn 0.7265 -0.6346 0.2637
vn 0.7681 -0.6393 -0.0348
vn 0.6933 -0.6428 -0.3257
vn 0.5140 -0.6446 -0.5660
vn 0.2571 -0.6443 -0.7202
vn -0.0394 -0.6420 -0.7657
vn -0.3316 -0.6381 -0.6949
vn -0.5756 -0.6332 -0.5175
vn -0.7338 -0.6280 -0.2593
vn -0.7810 -0.6232 0.0408
vn -0.7088 -0.6198 0.3369
vn -0.5278 -0.6180 0.5827
vn -0.2658 -0.6183 0.7396
vn 0.0362 -0.6205 0.7833
vn 0.3311 -0.6244 0.7074
vn 0.5734 -0.6293 0.5245
# 81 vertex normals

vt 0.7697 0.7169 0.0000
vt 0.6856 0.7548 0.0000
vt 0.6728 0.7436 0.0000
vt 0.6652 0.7282 0.0000
vt 0.6641 0.7111 0.0000
vt 0.6696 0.6949 0.0000
vt 0.6809 0.6821 0.0000
vt 0.6962 0.6745 0.0000
vt 0.7133 0.6734 0.0000
vt 0.7295 0.6789 0.0000
vt 0.7423 0.6902 0.0000
vt 0.7499 0.7055 0.0000
vt 0.7510 0.7226 0.0000
vt 0.7455 0.7388 0.0000
vt 0.7342 0.7516 0.0000
vt 0.7189 0.7592 0.0000
vt 0.7018 0.7603 0.0000
vt 0.6531 0.8213 0.0000
vt 0.6173 0.7925 0.0000
vt 0.5952 0.7522 0.0000
vt 0.5903 0.7065 0.0000
vt 0.6032 0.6624 0.0000
vt 0.6320 0.6266 0.0000
vt 0.6723 0.6045 0.0000
vt 0.7180 0.5996 0.0000
vt 0.7621 0.6125 0.0000
vt 0.7979 0.6413 0.0000
vt 0.8199 0.6816 0.0000
vt 0.8249 0.7273 0.0000
vt 0.8120 0.7714 0.0000
vt 0.7832 0.8072 0.0000
vt 0.7429 0.8292 0.0000
vt 0.6972 0.8342 0.0000
vt 0.6814 0.9157 0.0000
vt 0.7595 0.9106 0.0000
vt 0.8194 0.9566 0.0000
vt 0.7191 0.9812 0.0000
vt 0.6171 0.9655 0.0000
vt 0.6073 0.8905 0.0000
vt 0.5288 0.9119 0.0000
vt 0.5485 0.8390 0.0000
vt 0.4678 0.8287 0.0000
vt 0.5138 0.7688 0.0000
vt 0.4433 0.7284 0.0000
vt 0.5087 0.6907 0.0000
vt 0.4590 0.6264 0.0000
vt 0.5339 0.6166 0.0000
vt 0.5125 0.5381 0.0000
vt 0.5855 0.5578 0.0000
vt 0.5958 0.4771 0.0000
vt 0.6557 0.5232 0.0000
vt 0.6960 0.4526 0.0000
vt 0.7337 0.5180 0.0000
vt 0.7980 0.4683 0.0000
vt 0.8078 0.5432 0.0000
vt 0.8863 0.5218 0.0000
vt 0.8667 0.5948 0.0000
vt 0.9473 0.6051 0.0000
vt 0.9013 0.6650 0.0000
vt 0.9064 0.7430 0.0000
vt 0.9719 0.7053 0.0000
vt 0.9562 0.8074 0.0000
vt 0.8812 0.8171 0.0000
vt 0.9026 0.8956 0.0000
vt 0.8296 0.8760 0.0000
vt 0.8260 0.9627 0.0000
vt 0.7223 0.9881 0.0000
vt 0.6167 0.9719 0.0000
vt 0.5254 0.9164 0.0000
vt 0.4622 0.8303 0.0000
vt 0.4368 0.7266 0.0000
vt 0.4531 0.6210 0.0000
vt 0.5085 0.5297 0.0000
vt 0.5946 0.4665 0.0000
vt 0.6984 0.4411 0.0000
vt 0.8039 0.4574 0.0000
vt 0.8953 0.5128 0.0000
vt 0.9584 0.5989 0.0000
vt 0.9838 0.7027 0.0000
vt 0.9676 0.8082 0.0000
vt 0.9121 0.8996 0.0000
# 81 texture coords

o Sphere027
g Sphere027
usemtl Material__27
s 1
f 3075/3106/3060 3076/3107/3061 3077/3108/3062 
f 3075/3106/3060 3077/3108/3062 3078/3109/3063 
f 3075/3106/3060 3078/3109/3063 3079/3110/3064 
f 3075/3106/3060 3079/3110/3064 3080/3111/3065 
f 3075/3106/3060 3080/3111/3065 3081/3112/3066 
f 3075/3106/3060 3081/3112/3066 3082/3113/3067 
f 3075/3106/3060 3082/3113/3067 3083/3114/3068 
f 3075/3106/3060 3083/3114/3068 3084/3115/3069 
f 3075/3106/3060 3084/3115/3069 3085/3116/3070 
f 3075/3106/3060 3085/3116/3070 3086/3117/3071 
f 3075/3106/3060 3086/3117/3071 3087/3118/3072 
f 3075/3106/3060 3087/3118/3072 3088/3119/3073 
f 3075/3106/3060 3088/3119/3073 3089/3120/3074 
f 3075/3106/3060 3089/3120/3074 3090/3121/3075 
f 3075/3106/3060 3090/3121/3075 3091/3122/3076 
f 3075/3106/3060 3091/3122/3076 3076/3107/3061 
f 3076/3107/3061 3092/3123/3077 3093/3124/3078 3077/3108/3062 
f 3093/3124/3078 3094/3125/3079 3078/3109/3063 3077/3108/3062 
f 3078/3109/3063 3094/3125/3079 3095/3126/3080 3079/3110/3064 
f 3079/3110/3064 3095/3126/3080 3096/3127/3081 3080/3111/3065 
f 3096/3127/3081 3097/3128/3082 3081/3112/3066 3080/3111/3065 
f 3098/3129/3083 3082/3113/3067 3081/3112/3066 3097/3128/3082 
f 3098/3129/3083 3099/3130/3084 3083/3114/3068 3082/3113/3067 
f 3099/3130/3084 3100/3131/3085 3084/3115/3069 3083/3114/3068 
f 3101/3132/3086 3085/3116/3070 3084/3115/3069 3100/3131/3085 
f 3085/3116/3070 3101/3132/3086 3102/3133/3087 3086/3117/3071 
f 3102/3133/3087 3103/3134/3088 3087/3118/3072 3086/3117/3071 
f 3087/3118/3072 3103/3134/3088 3104/3135/3089 3088/3119/3073 
f 3104/3135/3089 3105/3136/3090 3089/3120/3074 3088/3119/3073 
f 3089/3120/3074 3105/3136/3090 3106/3137/3091 3090/3121/3075 
f 3107/3138/3092 3091/3122/3076 3090/3121/3075 3106/3137/3091 
f 3091/3122/3076 3107/3138/3092 3092/3123/3077 3076/3107/3061 
f 3108/3139/3093 3109/3140/3094 3110/3141/3095 3111/3142/3096 
f 3108/3139/3093 3111/3142/3096 3112/3143/3097 3113/3144/3098 
f 3113/3144/3098 3112/3143/3097 3114/3145/3099 3115/3146/3100 
f 3115/3146/3100 3114/3145/3099 3116/3147/3101 3117/3148/3102 
f 3117/3148/3102 3116/3147/3101 3118/3149/3103 3119/3150/3104 
f 3119/3150/3104 3118/3149/3103 3120/3151/3105 3121/3152/3106 
f 3122/3153/3107 3123/3154/3108 3121/3152/3106 3120/3151/3105 
f 3124/3155/3109 3125/3156/3110 3123/3154/3108 3122/3153/3107 
f 3126/3157/3111 3127/3158/3112 3125/3156/3110 3124/3155/3109 
f 3128/3159/3113 3129/3160/3114 3127/3158/3112 3126/3157/3111 
f 3130/3161/3115 3131/3162/3116 3129/3160/3114 3128/3159/3113 
f 3131/3162/3116 3130/3161/3115 3132/3163/3117 3133/3164/3118 
f 3134/3165/3119 3133/3164/3118 3132/3163/3117 3135/3166/3120 
f 3136/3167/3121 3137/3168/3122 3134/3165/3119 3135/3166/3120 
f 3137/3168/3122 3136/3167/3121 3138/3169/3123 3139/3170/3124 
f 3109/3140/3094 3139/3170/3124 3138/3169/3123 3110/3141/3095 
f 3110/3141/3095 3140/3171/3125 3141/3172/3126 3111/3142/3096 
f 3142/3173/3127 3112/3143/3097 3111/3142/3096 3141/3172/3126 
f 3114/3145/3099 3112/3143/3097 3142/3173/3127 3143/3174/3128 
f 3143/3174/3128 3144/3175/3129 3116/3147/3101 3114/3145/3099 
f 3116/3147/3101 3144/3175/3129 3145/3176/3130 3118/3149/3103 
f 3146/3177/3131 3120/3151/3105 3118/3149/3103 3145/3176/3130 
f 3147/3178/3132 3122/3153/3107 3120/3151/3105 3146/3177/3131 
f 3148/3179/3133 3124/3155/3109 3122/3153/3107 3147/3178/3132 
f 3124/3155/3109 3148/3179/3133 3149/3180/3134 3126/3157/3111 
f 3126/3157/3111 3149/3180/3134 3150/3181/3135 3128/3159/3113 
f 3150/3181/3135 3151/3182/3136 3130/3161/3115 3128/3159/3113 
f 3130/3161/3115 3151/3182/3136 3152/3183/3137 3132/3163/3117 
f 3132/3163/3117 3152/3183/3137 3153/3184/3138 3135/3166/3120 
f 3136/3167/3121 3135/3166/3120 3153/3184/3138 3154/3185/3139 
f 3155/3186/3140 3138/3169/3123 3136/3167/3121 3154/3185/3139 
f 3140/3171/3125 3110/3141/3095 3138/3169/3123 3155/3186/3140 
f 3092/3123/3077 3109/3140/3094 3108/3139/3093 3093/3124/3078 
f 3093/3124/3078 3108/3139/3093 3113/3144/3098 3094/3125/3079 
f 3094/3125/3079 3113/3144/3098 3115/3146/3100 3095/3126/3080 
f 3095/3126/3080 3115/3146/3100 3117/3148/3102 3096/3127/3081 
f 3097/3128/3082 3096/3127/3081 3117/3148/3102 3119/3150/3104 
f 3098/3129/3083 3097/3128/3082 3119/3150/3104 3121/3152/3106 
f 3123/3154/3108 3099/3130/3084 3098/3129/3083 3121/3152/3106 
f 3099/3130/3084 3123/3154/3108 3125/3156/3110 3100/3131/3085 
f 3100/3131/3085 3125/3156/3110 3127/3158/3112 3101/3132/3086 
f 3101/3132/3086 3127/3158/3112 3129/3160/3114 3102/3133/3087 
f 3103/3134/3088 3102/3133/3087 3129/3160/3114 3131/3162/3116 
f 3103/3134/3088 3131/3162/3116 3133/3164/3118 3104/3135/3089 
f 3104/3135/3089 3133/3164/3118 3134/3165/3119 3105/3136/3090 
f 3137/3168/3122 3106/3137/3091 3105/3136/3090 3134/3165/3119 
f 3139/3170/3124 3107/3138/3092 3106/3137/3091 3137/3168/3122 
f 3109/3140/3094 3092/3123/3077 3107/3138/3092 3139/3170/3124 
s off
f 3154/3185/3139 3153/3184/3138 3152/3183/3137 3150/3181/3135 
f 3152/3183/3137 3151/3182/3136 3150/3181/3135 
f 3150/3181/3135 3149/3180/3134 3148/3179/3133 3146/3177/3131 
f 3148/3179/3133 3147/3178/3132 3146/3177/3131 
f 3146/3177/3131 3145/3176/3130 3144/3175/3129 3143/3174/3128 
f 3146/3177/3131 3143/3174/3128 3142/3173/3127 3150/3181/3135 
f 3154/3185/3139 3150/3181/3135 3142/3173/3127 3141/3172/3126 
f 3155/3186/3140 3154/3185/3139 3141/3172/3126 3140/3171/3125 
# 70 polygons - 18 triangles

#
# object Sphere028
#

v  0.2730 1.3108 3.3959
v  0.2666 1.2240 3.2288
v  0.2379 1.2240 3.2171
v  0.2069 1.2240 3.2172
v  0.1783 1.2240 3.2291
v  0.1565 1.2240 3.2512
v  0.1447 1.2240 3.2799
v  0.1448 1.2240 3.3109
v  0.1568 1.2240 3.3395
v  0.1788 1.2240 3.3613
v  0.2075 1.2240 3.3731
v  0.2385 1.2240 3.3730
v  0.2671 1.2240 3.3610
v  0.2890 1.2240 3.3390
v  0.3007 1.2240 3.3103
v  0.3006 1.2240 3.2793
v  0.2886 1.2240 3.2507
v  0.3481 1.1611 3.1222
v  0.2724 1.1611 3.0874
v  0.1892 1.1611 3.0842
v  0.1110 1.1611 3.1131
v  0.0499 1.1611 3.1697
v  0.0151 1.1611 3.2453
v  0.0118 1.1611 3.3286
v  0.0407 1.1611 3.4067
v  0.0973 1.1611 3.4679
v  0.1730 1.1611 3.5027
v  0.2562 1.1611 3.5059
v  0.3344 1.1611 3.4771
v  0.3955 1.1611 3.4205
v  0.4304 1.1611 3.3448
v  0.4336 1.1611 3.2615
v  0.4047 1.1611 3.1834
v  0.5243 1.0897 3.0919
v  0.5791 1.0897 3.2228
v  0.7022 0.9717 3.2827
v  0.6610 0.9717 3.1002
v  0.5531 0.9717 2.9473
v  0.4236 1.0897 2.9920
v  0.3948 0.9717 2.8473
v  0.2923 1.0897 2.9382
v  0.2104 0.9717 2.8155
v  0.1504 1.0897 2.9387
v  0.0278 0.9717 2.8568
v  0.0195 1.0897 2.9935
v  -0.1251 0.9717 2.9647
v  -0.0804 1.0897 3.0942
v  -0.2250 0.9717 3.1229
v  -0.1342 1.0897 3.2255
v  -0.2568 0.9717 3.3074
v  -0.1336 1.0897 3.3674
v  -0.2156 0.9717 3.4899
v  -0.0788 1.0897 3.4982
v  -0.1076 0.9717 3.6428
v  0.0219 1.0897 3.5982
v  0.0506 0.9717 3.7428
v  0.1532 1.0897 3.6520
v  0.2350 0.9717 3.7746
v  0.2950 1.0897 3.6514
v  0.4259 1.0897 3.5966
v  0.4176 0.9717 3.7334
v  0.5705 0.9717 3.6254
v  0.5258 1.0897 3.4959
v  0.6705 0.9717 3.4672
v  0.5796 1.0897 3.3646
v  0.7175 0.8488 3.2886
v  0.6748 0.8488 3.0997
v  0.5631 0.8488 2.9415
v  0.3994 0.8488 2.8381
v  0.2085 0.8488 2.8052
v  0.0196 0.8488 2.8478
v  -0.1386 0.8488 2.9595
v  -0.2420 0.8488 3.1232
v  -0.2749 0.8488 3.3141
v  -0.2322 0.8488 3.5030
v  -0.1205 0.8488 3.6612
v  0.0432 0.8488 3.7646
v  0.2340 0.8488 3.7975
v  0.4229 0.8488 3.7549
v  0.5811 0.8488 3.6432
v  0.6846 0.8488 3.4795
# 81 vertices

vn 0.2595 0.8130 0.5212
vn 0.3252 0.7869 -0.5245
vn 0.1000 0.8127 -0.5740
vn -0.1184 0.8246 -0.5532
vn -0.3155 0.8262 -0.4668
vn -0.4770 0.8180 -0.3216
vn -0.5900 0.7975 -0.1262
vn -0.6424 0.7583 0.1108
vn -0.6157 0.6900 0.3806
vn -0.4761 0.5863 0.6555
vn -0.1988 0.4698 0.8601
vn 0.1703 0.3898 0.9050
vn 0.5266 0.3775 0.7617
vn 0.7669 0.4368 0.4702
vn 0.8288 0.5465 0.1205
vn 0.7291 0.6590 -0.1851
vn 0.5428 0.7392 -0.3986
vn 0.4341 0.5160 -0.7385
vn 0.1185 0.5160 -0.8484
vn -0.2152 0.5160 -0.8291
vn -0.5161 0.5160 -0.6836
vn -0.7385 0.5160 -0.4341
vn -0.8484 0.5160 -0.1185
vn -0.8291 0.5160 0.2152
vn -0.6836 0.5160 0.5161
vn -0.4341 0.5160 0.7385
vn -0.1185 0.5160 0.8484
vn 0.2152 0.5160 0.8291
vn 0.5161 0.5160 0.6836
vn 0.7385 0.5160 0.4341
vn 0.8484 0.5160 0.1185
vn 0.8291 0.5160 -0.2152
vn 0.6836 0.5160 -0.5161
vn 0.5684 0.7197 -0.3988
vn 0.6777 0.7197 -0.1509
vn 0.9427 0.3333 -0.0133
vn 0.8679 0.3274 -0.3735
vn 0.6605 0.3230 -0.6778
vn 0.3725 0.7197 -0.5859
vn 0.3519 0.3208 -0.8793
vn 0.1199 0.7197 -0.6839
vn -0.0104 0.3211 -0.9470
vn -0.1509 0.7197 -0.6777
vn -0.3709 0.3239 -0.8704
vn -0.3988 0.7197 -0.5684
vn -0.6741 0.3288 -0.6614
vn -0.5859 0.7197 -0.3725
vn -0.8738 0.3350 -0.3526
vn -0.6839 0.7197 -0.1199
vn -0.9398 0.3415 0.0086
vn -0.6777 0.7197 0.1509
vn -0.8628 0.3474 0.3672
vn -0.5684 0.7197 0.3988
vn -0.6550 0.3518 0.6687
vn -0.3725 0.7197 0.5859
vn -0.3481 0.3540 0.8680
vn -0.1199 0.7197 0.6839
vn 0.0115 0.3537 0.9353
vn 0.1509 0.7197 0.6777
vn 0.3988 0.7197 0.5684
vn 0.3697 0.3508 0.8604
vn 0.6726 0.3460 0.6542
vn 0.5859 0.7197 0.3725
vn 0.8739 0.3398 0.3476
vn 0.6839 0.7197 0.1199
vn 0.7727 -0.6346 -0.0166
vn 0.7037 -0.6393 -0.3099
vn 0.5288 -0.6428 -0.5542
vn 0.2748 -0.6446 -0.7134
vn -0.0205 -0.6443 -0.7645
vn -0.3133 -0.6420 -0.6997
vn -0.5602 -0.6381 -0.5282
vn -0.7236 -0.6332 -0.2746
vn -0.7779 -0.6280 0.0232
vn -0.7135 -0.6232 0.3202
vn -0.5393 -0.6198 0.5702
vn -0.2817 -0.6180 0.7340
vn 0.0193 -0.6183 0.7857
vn 0.3167 -0.6205 0.7174
vn 0.5643 -0.6244 0.5401
vn 0.7242 -0.6293 0.2820
# 81 vertex normals

vt 0.7697 0.7169 0.0000
vt 0.6856 0.7548 0.0000
vt 0.6728 0.7436 0.0000
vt 0.6652 0.7282 0.0000
vt 0.6641 0.7111 0.0000
vt 0.6696 0.6949 0.0000
vt 0.6809 0.6821 0.0000
vt 0.6962 0.6745 0.0000
vt 0.7133 0.6734 0.0000
vt 0.7295 0.6789 0.0000
vt 0.7423 0.6902 0.0000
vt 0.7499 0.7055 0.0000
vt 0.7510 0.7226 0.0000
vt 0.7455 0.7388 0.0000
vt 0.7342 0.7516 0.0000
vt 0.7189 0.7592 0.0000
vt 0.7018 0.7603 0.0000
vt 0.6531 0.8213 0.0000
vt 0.6173 0.7925 0.0000
vt 0.5952 0.7522 0.0000
vt 0.5903 0.7065 0.0000
vt 0.6032 0.6624 0.0000
vt 0.6320 0.6266 0.0000
vt 0.6723 0.6045 0.0000
vt 0.7180 0.5996 0.0000
vt 0.7621 0.6125 0.0000
vt 0.7979 0.6413 0.0000
vt 0.8199 0.6816 0.0000
vt 0.8249 0.7273 0.0000
vt 0.8120 0.7714 0.0000
vt 0.7832 0.8072 0.0000
vt 0.7429 0.8292 0.0000
vt 0.6972 0.8342 0.0000
vt 0.6814 0.9157 0.0000
vt 0.7595 0.9106 0.0000
vt 0.8194 0.9566 0.0000
vt 0.7191 0.9812 0.0000
vt 0.6171 0.9655 0.0000
vt 0.6073 0.8905 0.0000
vt 0.5288 0.9119 0.0000
vt 0.5485 0.8390 0.0000
vt 0.4678 0.8287 0.0000
vt 0.5138 0.7688 0.0000
vt 0.4433 0.7284 0.0000
vt 0.5087 0.6907 0.0000
vt 0.4590 0.6264 0.0000
vt 0.5339 0.6166 0.0000
vt 0.5125 0.5381 0.0000
vt 0.5855 0.5578 0.0000
vt 0.5958 0.4771 0.0000
vt 0.6557 0.5232 0.0000
vt 0.6960 0.4526 0.0000
vt 0.7337 0.5180 0.0000
vt 0.7980 0.4683 0.0000
vt 0.8078 0.5432 0.0000
vt 0.8863 0.5218 0.0000
vt 0.8667 0.5948 0.0000
vt 0.9473 0.6051 0.0000
vt 0.9013 0.6650 0.0000
vt 0.9064 0.7430 0.0000
vt 0.9719 0.7053 0.0000
vt 0.9562 0.8074 0.0000
vt 0.8812 0.8171 0.0000
vt 0.9026 0.8956 0.0000
vt 0.8296 0.8760 0.0000
vt 0.8260 0.9627 0.0000
vt 0.7223 0.9881 0.0000
vt 0.6167 0.9719 0.0000
vt 0.5254 0.9164 0.0000
vt 0.4622 0.8303 0.0000
vt 0.4368 0.7266 0.0000
vt 0.4531 0.6210 0.0000
vt 0.5085 0.5297 0.0000
vt 0.5946 0.4665 0.0000
vt 0.6984 0.4411 0.0000
vt 0.8039 0.4574 0.0000
vt 0.8953 0.5128 0.0000
vt 0.9584 0.5989 0.0000
vt 0.9838 0.7027 0.0000
vt 0.9676 0.8082 0.0000
vt 0.9121 0.8996 0.0000
# 81 texture coords

o Sphere028
g Sphere028
usemtl Material__27
s 1
f 3156/3187/3141 3157/3188/3142 3158/3189/3143 
f 3156/3187/3141 3158/3189/3143 3159/3190/3144 
f 3156/3187/3141 3159/3190/3144 3160/3191/3145 
f 3156/3187/3141 3160/3191/3145 3161/3192/3146 
f 3156/3187/3141 3161/3192/3146 3162/3193/3147 
f 3156/3187/3141 3162/3193/3147 3163/3194/3148 
f 3156/3187/3141 3163/3194/3148 3164/3195/3149 
f 3156/3187/3141 3164/3195/3149 3165/3196/3150 
f 3156/3187/3141 3165/3196/3150 3166/3197/3151 
f 3156/3187/3141 3166/3197/3151 3167/3198/3152 
f 3156/3187/3141 3167/3198/3152 3168/3199/3153 
f 3156/3187/3141 3168/3199/3153 3169/3200/3154 
f 3156/3187/3141 3169/3200/3154 3170/3201/3155 
f 3156/3187/3141 3170/3201/3155 3171/3202/3156 
f 3156/3187/3141 3171/3202/3156 3172/3203/3157 
f 3156/3187/3141 3172/3203/3157 3157/3188/3142 
f 3157/3188/3142 3173/3204/3158 3174/3205/3159 3158/3189/3143 
f 3174/3205/3159 3175/3206/3160 3159/3190/3144 3158/3189/3143 
f 3159/3190/3144 3175/3206/3160 3176/3207/3161 3160/3191/3145 
f 3160/3191/3145 3176/3207/3161 3177/3208/3162 3161/3192/3146 
f 3177/3208/3162 3178/3209/3163 3162/3193/3147 3161/3192/3146 
f 3179/3210/3164 3163/3194/3148 3162/3193/3147 3178/3209/3163 
f 3179/3210/3164 3180/3211/3165 3164/3195/3149 3163/3194/3148 
f 3180/3211/3165 3181/3212/3166 3165/3196/3150 3164/3195/3149 
f 3182/3213/3167 3166/3197/3151 3165/3196/3150 3181/3212/3166 
f 3166/3197/3151 3182/3213/3167 3183/3214/3168 3167/3198/3152 
f 3183/3214/3168 3184/3215/3169 3168/3199/3153 3167/3198/3152 
f 3168/3199/3153 3184/3215/3169 3185/3216/3170 3169/3200/3154 
f 3185/3216/3170 3186/3217/3171 3170/3201/3155 3169/3200/3154 
f 3170/3201/3155 3186/3217/3171 3187/3218/3172 3171/3202/3156 
f 3188/3219/3173 3172/3203/3157 3171/3202/3156 3187/3218/3172 
f 3172/3203/3157 3188/3219/3173 3173/3204/3158 3157/3188/3142 
f 3189/3220/3174 3190/3221/3175 3191/3222/3176 3192/3223/3177 
f 3189/3220/3174 3192/3223/3177 3193/3224/3178 3194/3225/3179 
f 3194/3225/3179 3193/3224/3178 3195/3226/3180 3196/3227/3181 
f 3196/3227/3181 3195/3226/3180 3197/3228/3182 3198/3229/3183 
f 3198/3229/3183 3197/3228/3182 3199/3230/3184 3200/3231/3185 
f 3200/3231/3185 3199/3230/3184 3201/3232/3186 3202/3233/3187 
f 3203/3234/3188 3204/3235/3189 3202/3233/3187 3201/3232/3186 
f 3205/3236/3190 3206/3237/3191 3204/3235/3189 3203/3234/3188 
f 3207/3238/3192 3208/3239/3193 3206/3237/3191 3205/3236/3190 
f 3209/3240/3194 3210/3241/3195 3208/3239/3193 3207/3238/3192 
f 3211/3242/3196 3212/3243/3197 3210/3241/3195 3209/3240/3194 
f 3212/3243/3197 3211/3242/3196 3213/3244/3198 3214/3245/3199 
f 3215/3246/3200 3214/3245/3199 3213/3244/3198 3216/3247/3201 
f 3217/3248/3202 3218/3249/3203 3215/3246/3200 3216/3247/3201 
f 3218/3249/3203 3217/3248/3202 3219/3250/3204 3220/3251/3205 
f 3190/3221/3175 3220/3251/3205 3219/3250/3204 3191/3222/3176 
f 3191/3222/3176 3221/3252/3206 3222/3253/3207 3192/3223/3177 
f 3223/3254/3208 3193/3224/3178 3192/3223/3177 3222/3253/3207 
f 3195/3226/3180 3193/3224/3178 3223/3254/3208 3224/3255/3209 
f 3224/3255/3209 3225/3256/3210 3197/3228/3182 3195/3226/3180 
f 3197/3228/3182 3225/3256/3210 3226/3257/3211 3199/3230/3184 
f 3227/3258/3212 3201/3232/3186 3199/3230/3184 3226/3257/3211 
f 3228/3259/3213 3203/3234/3188 3201/3232/3186 3227/3258/3212 
f 3229/3260/3214 3205/3236/3190 3203/3234/3188 3228/3259/3213 
f 3205/3236/3190 3229/3260/3214 3230/3261/3215 3207/3238/3192 
f 3207/3238/3192 3230/3261/3215 3231/3262/3216 3209/3240/3194 
f 3231/3262/3216 3232/3263/3217 3211/3242/3196 3209/3240/3194 
f 3211/3242/3196 3232/3263/3217 3233/3264/3218 3213/3244/3198 
f 3213/3244/3198 3233/3264/3218 3234/3265/3219 3216/3247/3201 
f 3217/3248/3202 3216/3247/3201 3234/3265/3219 3235/3266/3220 
f 3236/3267/3221 3219/3250/3204 3217/3248/3202 3235/3266/3220 
f 3221/3252/3206 3191/3222/3176 3219/3250/3204 3236/3267/3221 
f 3173/3204/3158 3190/3221/3175 3189/3220/3174 3174/3205/3159 
f 3174/3205/3159 3189/3220/3174 3194/3225/3179 3175/3206/3160 
f 3175/3206/3160 3194/3225/3179 3196/3227/3181 3176/3207/3161 
f 3176/3207/3161 3196/3227/3181 3198/3229/3183 3177/3208/3162 
f 3178/3209/3163 3177/3208/3162 3198/3229/3183 3200/3231/3185 
f 3179/3210/3164 3178/3209/3163 3200/3231/3185 3202/3233/3187 
f 3204/3235/3189 3180/3211/3165 3179/3210/3164 3202/3233/3187 
f 3180/3211/3165 3204/3235/3189 3206/3237/3191 3181/3212/3166 
f 3181/3212/3166 3206/3237/3191 3208/3239/3193 3182/3213/3167 
f 3182/3213/3167 3208/3239/3193 3210/3241/3195 3183/3214/3168 
f 3184/3215/3169 3183/3214/3168 3210/3241/3195 3212/3243/3197 
f 3184/3215/3169 3212/3243/3197 3214/3245/3199 3185/3216/3170 
f 3185/3216/3170 3214/3245/3199 3215/3246/3200 3186/3217/3171 
f 3218/3249/3203 3187/3218/3172 3186/3217/3171 3215/3246/3200 
f 3220/3251/3205 3188/3219/3173 3187/3218/3172 3218/3249/3203 
f 3190/3221/3175 3173/3204/3158 3188/3219/3173 3220/3251/3205 
s off
f 3235/3266/3220 3234/3265/3219 3233/3264/3218 3231/3262/3216 
f 3233/3264/3218 3232/3263/3217 3231/3262/3216 
f 3231/3262/3216 3230/3261/3215 3229/3260/3214 3227/3258/3212 
f 3229/3260/3214 3228/3259/3213 3227/3258/3212 
f 3227/3258/3212 3226/3257/3211 3225/3256/3210 3224/3255/3209 
f 3227/3258/3212 3224/3255/3209 3223/3254/3208 3231/3262/3216 
f 3235/3266/3220 3231/3262/3216 3223/3254/3208 3222/3253/3207 
f 3236/3267/3221 3235/3266/3220 3222/3253/3207 3221/3252/3206 
# 70 polygons - 18 triangles

#
# object Sphere029
#

v  1.4683 1.3108 3.0739
v  1.4020 1.2240 2.9203
v  1.3710 1.2240 2.9198
v  1.3421 1.2240 2.9311
v  1.3198 1.2240 2.9526
v  1.3074 1.2240 2.9810
v  1.3068 1.2240 3.0120
v  1.3181 1.2240 3.0409
v  1.3396 1.2240 3.0632
v  1.3680 1.2240 3.0756
v  1.3990 1.2240 3.0762
v  1.4279 1.2240 3.0649
v  1.4502 1.2240 3.0434
v  1.4627 1.2240 3.0150
v  1.4633 1.2240 2.9840
v  1.4519 1.2240 2.9551
v  1.4304 1.2240 2.9328
v  1.4395 1.1611 2.7915
v  1.3564 1.1611 2.7864
v  1.2776 1.1611 2.8135
v  1.2151 1.1611 2.8686
v  1.1786 1.1611 2.9435
v  1.1734 1.1611 3.0266
v  1.2005 1.1611 3.1054
v  1.2556 1.1611 3.1679
v  1.3305 1.1611 3.2044
v  1.4136 1.1611 3.2096
v  1.4924 1.1611 3.1825
v  1.5549 1.1611 3.1274
v  1.5915 1.1611 3.0525
v  1.5966 1.1611 2.9694
v  1.5695 1.1611 2.8906
v  1.5144 1.1611 2.8281
v  1.5928 1.0897 2.6996
v  1.6912 1.0897 2.8018
v  1.8277 0.9717 2.8133
v  1.7233 0.9717 2.6579
v  1.5674 0.9717 2.5544
v  1.4628 1.0897 2.6428
v  1.3838 0.9717 2.5183
v  1.3209 1.0897 2.6401
v  1.2003 0.9717 2.5553
v  1.1889 1.0897 2.6918
v  1.0450 0.9717 2.6597
v  1.0866 1.0897 2.7902
v  0.9414 0.9717 2.8156
v  1.0298 1.0897 2.9202
v  0.9053 0.9717 2.9992
v  1.0271 1.0897 3.0621
v  0.9423 0.9717 3.1827
v  1.0788 1.0897 3.1942
v  1.0467 0.9717 3.3380
v  1.1772 1.0897 3.2964
v  1.2026 0.9717 3.4416
v  1.3072 1.0897 3.3532
v  1.3862 0.9717 3.4777
v  1.4491 1.0897 3.3559
v  1.5697 0.9717 3.4407
v  1.5812 1.0897 3.3042
v  1.6834 1.0897 3.2058
v  1.7251 0.9717 3.3363
v  1.8286 0.9717 3.1804
v  1.7402 1.0897 3.0758
v  1.8647 0.9717 2.9968
v  1.7429 1.0897 2.9339
v  1.8440 0.8488 2.8133
v  1.7360 0.8488 2.6525
v  1.5747 0.8488 2.5453
v  1.3847 0.8488 2.5081
v  1.1948 0.8488 2.5463
v  1.0341 0.8488 2.6543
v  0.9269 0.8488 2.8156
v  0.8896 0.8488 3.0057
v  0.9279 0.8488 3.1955
v  1.0359 0.8488 3.3562
v  1.1972 0.8488 3.4634
v  1.3872 0.8488 3.5007
v  1.5771 0.8488 3.4624
v  1.7378 0.8488 3.3544
v  1.8450 0.8488 3.1931
v  1.8823 0.8488 3.0031
# 81 vertices

vn 0.4303 0.8130 0.3923
vn 0.1138 0.7869 -0.6066
vn -0.1142 0.8127 -0.5714
vn -0.3102 0.8246 -0.4731
vn -0.4628 0.8262 -0.3213
vn -0.5609 0.8180 -0.1275
vn -0.5958 0.7975 0.0954
vn -0.5590 0.7583 0.3354
vn -0.4366 0.6900 0.5773
vn -0.2071 0.5863 0.7832
vn 0.1253 0.4698 0.8738
vn 0.4858 0.3898 0.7824
vn 0.7662 0.3775 0.5200
vn 0.8850 0.4368 0.1614
vn 0.8163 0.5465 -0.1870
vn 0.6130 0.6590 -0.4359
vn 0.3621 0.7392 -0.5678
vn 0.1380 0.5160 -0.8454
vn -0.1960 0.5160 -0.8339
vn -0.5002 0.5160 -0.6954
vn -0.7282 0.5160 -0.4510
vn -0.8454 0.5160 -0.1380
vn -0.8339 0.5160 0.1960
vn -0.6954 0.5160 0.5002
vn -0.4510 0.5160 0.7282
vn -0.1380 0.5160 0.8454
vn 0.1960 0.5160 0.8339
vn 0.5002 0.5160 0.6954
vn 0.7282 0.5160 0.4510
vn 0.8454 0.5160 0.1380
vn 0.8339 0.5160 -0.1960
vn 0.6954 0.5160 -0.5002
vn 0.4510 0.5160 -0.7282
vn 0.3859 0.7197 -0.5771
vn 0.5774 0.7197 -0.3855
vn 0.8743 0.3333 -0.3530
vn 0.6744 0.3274 -0.6618
vn 0.3710 0.3230 -0.8706
vn 0.1357 0.7197 -0.6809
vn 0.0105 0.3208 -0.9471
vn -0.1352 0.7197 -0.6810
vn -0.3518 0.3211 -0.8793
vn -0.3855 0.7197 -0.5774
vn -0.6602 0.3239 -0.6776
vn -0.5771 0.7197 -0.3859
vn -0.8675 0.3288 -0.3733
vn -0.6809 0.7197 -0.1357
vn -0.9421 0.3350 -0.0132
vn -0.6810 0.7197 0.1352
vn -0.8733 0.3415 0.3476
vn -0.5774 0.7197 0.3855
vn -0.6719 0.3474 0.6541
vn -0.3859 0.7197 0.5771
vn -0.3692 0.3518 0.8602
vn -0.1357 0.7197 0.6809
vn -0.0110 0.3540 0.9352
vn 0.1352 0.7197 0.6810
vn 0.3486 0.3537 0.8680
vn 0.3855 0.7197 0.5774
vn 0.5771 0.7197 0.3859
vn 0.6556 0.3508 0.6687
vn 0.8635 0.3460 0.3670
vn 0.6809 0.7197 0.1357
vn 0.9405 0.3398 0.0084
vn 0.6810 0.7197 -0.1352
vn 0.7145 -0.6346 -0.2946
vn 0.5442 -0.6393 -0.5432
vn 0.2929 -0.6428 -0.7078
vn -0.0015 -0.6446 -0.7645
vn -0.2952 -0.6443 -0.7055
vn -0.5449 -0.6420 -0.5393
vn -0.7132 -0.6381 -0.2901
vn -0.7740 -0.6332 0.0053
vn -0.7170 -0.6280 0.3027
vn -0.5496 -0.6232 0.5563
vn -0.2969 -0.6198 0.7265
vn 0.0025 -0.6180 0.7862
vn 0.3019 -0.6183 0.7257
vn 0.5545 -0.6205 0.5545
vn 0.7213 -0.6244 0.2997
vn 0.7771 -0.6293 0.0013
# 81 vertex normals

vt 0.7697 0.7169 0.0000
vt 0.6856 0.7548 0.0000
vt 0.6728 0.7436 0.0000
vt 0.6652 0.7282 0.0000
vt 0.6641 0.7111 0.0000
vt 0.6696 0.6949 0.0000
vt 0.6809 0.6821 0.0000
vt 0.6962 0.6745 0.0000
vt 0.7133 0.6734 0.0000
vt 0.7295 0.6789 0.0000
vt 0.7423 0.6902 0.0000
vt 0.7499 0.7055 0.0000
vt 0.7510 0.7226 0.0000
vt 0.7455 0.7388 0.0000
vt 0.7342 0.7516 0.0000
vt 0.7189 0.7592 0.0000
vt 0.7018 0.7603 0.0000
vt 0.6531 0.8213 0.0000
vt 0.6173 0.7925 0.0000
vt 0.5952 0.7522 0.0000
vt 0.5903 0.7065 0.0000
vt 0.6032 0.6624 0.0000
vt 0.6320 0.6266 0.0000
vt 0.6723 0.6045 0.0000
vt 0.7180 0.5996 0.0000
vt 0.7621 0.6125 0.0000
vt 0.7979 0.6413 0.0000
vt 0.8199 0.6816 0.0000
vt 0.8249 0.7273 0.0000
vt 0.8120 0.7714 0.0000
vt 0.7832 0.8072 0.0000
vt 0.7429 0.8292 0.0000
vt 0.6972 0.8342 0.0000
vt 0.6814 0.9157 0.0000
vt 0.7595 0.9106 0.0000
vt 0.8194 0.9566 0.0000
vt 0.7191 0.9812 0.0000
vt 0.6171 0.9655 0.0000
vt 0.6073 0.8905 0.0000
vt 0.5288 0.9119 0.0000
vt 0.5485 0.8390 0.0000
vt 0.4678 0.8287 0.0000
vt 0.5138 0.7688 0.0000
vt 0.4433 0.7284 0.0000
vt 0.5087 0.6907 0.0000
vt 0.4590 0.6264 0.0000
vt 0.5339 0.6166 0.0000
vt 0.5125 0.5381 0.0000
vt 0.5855 0.5578 0.0000
vt 0.5958 0.4771 0.0000
vt 0.6557 0.5232 0.0000
vt 0.6960 0.4526 0.0000
vt 0.7337 0.5180 0.0000
vt 0.7980 0.4683 0.0000
vt 0.8078 0.5432 0.0000
vt 0.8863 0.5218 0.0000
vt 0.8667 0.5948 0.0000
vt 0.9473 0.6051 0.0000
vt 0.9013 0.6650 0.0000
vt 0.9064 0.7430 0.0000
vt 0.9719 0.7053 0.0000
vt 0.9562 0.8074 0.0000
vt 0.8812 0.8171 0.0000
vt 0.9026 0.8956 0.0000
vt 0.8296 0.8760 0.0000
vt 0.8260 0.9627 0.0000
vt 0.7223 0.9881 0.0000
vt 0.6167 0.9719 0.0000
vt 0.5254 0.9164 0.0000
vt 0.4622 0.8303 0.0000
vt 0.4368 0.7266 0.0000
vt 0.4531 0.6210 0.0000
vt 0.5085 0.5297 0.0000
vt 0.5946 0.4665 0.0000
vt 0.6984 0.4411 0.0000
vt 0.8039 0.4574 0.0000
vt 0.8953 0.5128 0.0000
vt 0.9584 0.5989 0.0000
vt 0.9838 0.7027 0.0000
vt 0.9676 0.8082 0.0000
vt 0.9121 0.8996 0.0000
# 81 texture coords

o Sphere029
g Sphere029
usemtl Material__27
s 1
f 3237/3268/3222 3238/3269/3223 3239/3270/3224 
f 3237/3268/3222 3239/3270/3224 3240/3271/3225 
f 3237/3268/3222 3240/3271/3225 3241/3272/3226 
f 3237/3268/3222 3241/3272/3226 3242/3273/3227 
f 3237/3268/3222 3242/3273/3227 3243/3274/3228 
f 3237/3268/3222 3243/3274/3228 3244/3275/3229 
f 3237/3268/3222 3244/3275/3229 3245/3276/3230 
f 3237/3268/3222 3245/3276/3230 3246/3277/3231 
f 3237/3268/3222 3246/3277/3231 3247/3278/3232 
f 3237/3268/3222 3247/3278/3232 3248/3279/3233 
f 3237/3268/3222 3248/3279/3233 3249/3280/3234 
f 3237/3268/3222 3249/3280/3234 3250/3281/3235 
f 3237/3268/3222 3250/3281/3235 3251/3282/3236 
f 3237/3268/3222 3251/3282/3236 3252/3283/3237 
f 3237/3268/3222 3252/3283/3237 3253/3284/3238 
f 3237/3268/3222 3253/3284/3238 3238/3269/3223 
f 3238/3269/3223 3254/3285/3239 3255/3286/3240 3239/3270/3224 
f 3255/3286/3240 3256/3287/3241 3240/3271/3225 3239/3270/3224 
f 3240/3271/3225 3256/3287/3241 3257/3288/3242 3241/3272/3226 
f 3241/3272/3226 3257/3288/3242 3258/3289/3243 3242/3273/3227 
f 3258/3289/3243 3259/3290/3244 3243/3274/3228 3242/3273/3227 
f 3260/3291/3245 3244/3275/3229 3243/3274/3228 3259/3290/3244 
f 3260/3291/3245 3261/3292/3246 3245/3276/3230 3244/3275/3229 
f 3261/3292/3246 3262/3293/3247 3246/3277/3231 3245/3276/3230 
f 3263/3294/3248 3247/3278/3232 3246/3277/3231 3262/3293/3247 
f 3247/3278/3232 3263/3294/3248 3264/3295/3249 3248/3279/3233 
f 3264/3295/3249 3265/3296/3250 3249/3280/3234 3248/3279/3233 
f 3249/3280/3234 3265/3296/3250 3266/3297/3251 3250/3281/3235 
f 3266/3297/3251 3267/3298/3252 3251/3282/3236 3250/3281/3235 
f 3251/3282/3236 3267/3298/3252 3268/3299/3253 3252/3283/3237 
f 3269/3300/3254 3253/3284/3238 3252/3283/3237 3268/3299/3253 
f 3253/3284/3238 3269/3300/3254 3254/3285/3239 3238/3269/3223 
f 3270/3301/3255 3271/3302/3256 3272/3303/3257 3273/3304/3258 
f 3270/3301/3255 3273/3304/3258 3274/3305/3259 3275/3306/3260 
f 3275/3306/3260 3274/3305/3259 3276/3307/3261 3277/3308/3262 
f 3277/3308/3262 3276/3307/3261 3278/3309/3263 3279/3310/3264 
f 3279/3310/3264 3278/3309/3263 3280/3311/3265 3281/3312/3266 
f 3281/3312/3266 3280/3311/3265 3282/3313/3267 3283/3314/3268 
f 3284/3315/3269 3285/3316/3270 3283/3314/3268 3282/3313/3267 
f 3286/3317/3271 3287/3318/3272 3285/3316/3270 3284/3315/3269 
f 3288/3319/3273 3289/3320/3274 3287/3318/3272 3286/3317/3271 
f 3290/3321/3275 3291/3322/3276 3289/3320/3274 3288/3319/3273 
f 3292/3323/3277 3293/3324/3278 3291/3322/3276 3290/3321/3275 
f 3293/3324/3278 3292/3323/3277 3294/3325/3279 3295/3326/3280 
f 3296/3327/3281 3295/3326/3280 3294/3325/3279 3297/3328/3282 
f 3298/3329/3283 3299/3330/3284 3296/3327/3281 3297/3328/3282 
f 3299/3330/3284 3298/3329/3283 3300/3331/3285 3301/3332/3286 
f 3271/3302/3256 3301/3332/3286 3300/3331/3285 3272/3303/3257 
f 3272/3303/3257 3302/3333/3287 3303/3334/3288 3273/3304/3258 
f 3304/3335/3289 3274/3305/3259 3273/3304/3258 3303/3334/3288 
f 3276/3307/3261 3274/3305/3259 3304/3335/3289 3305/3336/3290 
f 3305/3336/3290 3306/3337/3291 3278/3309/3263 3276/3307/3261 
f 3278/3309/3263 3306/3337/3291 3307/3338/3292 3280/3311/3265 
f 3308/3339/3293 3282/3313/3267 3280/3311/3265 3307/3338/3292 
f 3309/3340/3294 3284/3315/3269 3282/3313/3267 3308/3339/3293 
f 3310/3341/3295 3286/3317/3271 3284/3315/3269 3309/3340/3294 
f 3286/3317/3271 3310/3341/3295 3311/3342/3296 3288/3319/3273 
f 3288/3319/3273 3311/3342/3296 3312/3343/3297 3290/3321/3275 
f 3312/3343/3297 3313/3344/3298 3292/3323/3277 3290/3321/3275 
f 3292/3323/3277 3313/3344/3298 3314/3345/3299 3294/3325/3279 
f 3294/3325/3279 3314/3345/3299 3315/3346/3300 3297/3328/3282 
f 3298/3329/3283 3297/3328/3282 3315/3346/3300 3316/3347/3301 
f 3317/3348/3302 3300/3331/3285 3298/3329/3283 3316/3347/3301 
f 3302/3333/3287 3272/3303/3257 3300/3331/3285 3317/3348/3302 
f 3254/3285/3239 3271/3302/3256 3270/3301/3255 3255/3286/3240 
f 3255/3286/3240 3270/3301/3255 3275/3306/3260 3256/3287/3241 
f 3256/3287/3241 3275/3306/3260 3277/3308/3262 3257/3288/3242 
f 3257/3288/3242 3277/3308/3262 3279/3310/3264 3258/3289/3243 
f 3259/3290/3244 3258/3289/3243 3279/3310/3264 3281/3312/3266 
f 3260/3291/3245 3259/3290/3244 3281/3312/3266 3283/3314/3268 
f 3285/3316/3270 3261/3292/3246 3260/3291/3245 3283/3314/3268 
f 3261/3292/3246 3285/3316/3270 3287/3318/3272 3262/3293/3247 
f 3262/3293/3247 3287/3318/3272 3289/3320/3274 3263/3294/3248 
f 3263/3294/3248 3289/3320/3274 3291/3322/3276 3264/3295/3249 
f 3265/3296/3250 3264/3295/3249 3291/3322/3276 3293/3324/3278 
f 3265/3296/3250 3293/3324/3278 3295/3326/3280 3266/3297/3251 
f 3266/3297/3251 3295/3326/3280 3296/3327/3281 3267/3298/3252 
f 3299/3330/3284 3268/3299/3253 3267/3298/3252 3296/3327/3281 
f 3301/3332/3286 3269/3300/3254 3268/3299/3253 3299/3330/3284 
f 3271/3302/3256 3254/3285/3239 3269/3300/3254 3301/3332/3286 
s off
f 3316/3347/3301 3315/3346/3300 3314/3345/3299 3312/3343/3297 
f 3314/3345/3299 3313/3344/3298 3312/3343/3297 
f 3312/3343/3297 3311/3342/3296 3310/3341/3295 3308/3339/3293 
f 3310/3341/3295 3309/3340/3294 3308/3339/3293 
f 3308/3339/3293 3307/3338/3292 3306/3337/3291 3305/3336/3290 
f 3308/3339/3293 3305/3336/3290 3304/3335/3289 3312/3343/3297 
f 3316/3347/3301 3312/3343/3297 3304/3335/3289 3303/3334/3288 
f 3317/3348/3302 3316/3347/3301 3303/3334/3288 3302/3333/3287 
# 70 polygons - 18 triangles

#
# object Sphere030
#

v  2.4666 1.3108 2.3418
v  2.3493 1.2240 2.2226
v  2.3202 1.2240 2.2332
v  2.2973 1.2240 2.2542
v  2.2843 1.2240 2.2823
v  2.2829 1.2240 2.3133
v  2.2936 1.2240 2.3424
v  2.3146 1.2240 2.3653
v  2.3427 1.2240 2.3784
v  2.3737 1.2240 2.3797
v  2.4028 1.2240 2.3690
v  2.4257 1.2240 2.3480
v  2.4387 1.2240 2.3199
v  2.4400 1.2240 2.2889
v  2.4294 1.2240 2.2598
v  2.4084 1.2240 2.2370
v  2.3803 1.2240 2.2239
v  2.3377 1.1611 2.0889
v  2.2583 1.1611 2.1142
v  2.1946 1.1611 2.1679
v  2.1564 1.1611 2.2419
v  2.1493 1.1611 2.3249
v  2.1745 1.1611 2.4043
v  2.2282 1.1611 2.4680
v  2.3022 1.1611 2.5063
v  2.3852 1.1611 2.5133
v  2.4646 1.1611 2.4881
v  2.5283 1.1611 2.4344
v  2.5666 1.1611 2.3604
v  2.5737 1.1611 2.2774
v  2.5484 1.1611 2.1980
v  2.4947 1.1611 2.1343
v  2.4208 1.1611 2.0960
v  2.4475 1.0897 1.9478
v  2.5761 1.0897 2.0076
v  2.7076 0.9717 1.9690
v  2.5541 0.9717 1.8618
v  2.3713 0.9717 1.8215
v  2.3057 1.0897 1.9418
v  2.1871 0.9717 1.8543
v  2.1725 1.0897 1.9905
v  2.0293 0.9717 1.9550
v  2.0680 1.0897 2.0865
v  1.9222 0.9717 2.1085
v  2.0082 1.0897 2.2152
v  1.8819 0.9717 2.2913
v  2.0022 1.0897 2.3569
v  1.9147 0.9717 2.4755
v  2.0509 1.0897 2.4902
v  2.0154 0.9717 2.6333
v  2.1469 1.0897 2.5946
v  2.1689 0.9717 2.7404
v  2.2755 1.0897 2.6544
v  2.3516 0.9717 2.7807
v  2.4173 1.0897 2.6604
v  2.5359 0.9717 2.7480
v  2.5505 1.0897 2.6117
v  2.6936 0.9717 2.6472
v  2.6550 1.0897 2.5158
v  2.7148 1.0897 2.3871
v  2.8008 0.9717 2.4937
v  2.8411 0.9717 2.3110
v  2.7208 1.0897 2.2453
v  2.8083 0.9717 2.1267
v  2.6721 1.0897 2.1121
v  2.7228 0.8488 1.9631
v  2.5640 0.8488 1.8522
v  2.3749 0.8488 1.8105
v  2.1842 0.8488 1.8444
v  2.0210 0.8488 1.9487
v  1.9101 0.8488 2.1074
v  1.8684 0.8488 2.2965
v  1.9023 0.8488 2.4872
v  2.0066 0.8488 2.6504
v  2.1654 0.8488 2.7613
v  2.3545 0.8488 2.8030
v  2.5452 0.8488 2.7691
v  2.7083 0.8488 2.6648
v  2.8192 0.8488 2.5060
v  2.8609 0.8488 2.3169
v  2.8270 0.8488 2.1263
# 81 vertices

vn 0.5429 0.8130 0.2103
vn -0.1130 0.7869 -0.6067
vn -0.3129 0.8127 -0.4916
vn -0.4602 0.8246 -0.3291
vn -0.5476 0.8262 -0.1324
vn -0.5691 0.8180 0.0837
vn -0.5211 0.7975 0.3042
vn -0.4001 0.7583 0.5147
vn -0.1986 0.6900 0.6961
vn 0.0898 0.5863 0.8051
vn 0.4325 0.4698 0.7695
vn 0.7356 0.3898 0.5541
vn 0.9023 0.3775 0.2081
vn 0.8835 0.4368 -0.1692
vn 0.6937 0.5465 -0.4693
vn 0.4141 0.6590 -0.6279
vn 0.1326 0.7392 -0.6603
vn -0.1767 0.5160 -0.8382
vn -0.4840 0.5160 -0.7068
vn -0.7176 0.5160 -0.4677
vn -0.8420 0.5160 -0.1575
vn -0.8382 0.5160 0.1767
vn -0.7068 0.5160 0.4840
vn -0.4677 0.5160 0.7176
vn -0.1575 0.5160 0.8420
vn 0.1767 0.5160 0.8382
vn 0.4840 0.5160 0.7068
vn 0.7176 0.5160 0.4677
vn 0.8420 0.5160 0.1575
vn 0.8382 0.5160 -0.1767
vn 0.7068 0.5160 -0.4840
vn 0.4677 0.5160 -0.7176
vn 0.1575 0.5160 -0.8420
vn 0.1514 0.7197 -0.6776
vn 0.3992 0.7197 -0.5681
vn 0.6877 0.3333 -0.6450
vn 0.3898 0.3274 -0.8608
vn 0.0315 0.3230 -0.9459
vn -0.1194 0.7197 -0.6839
vn -0.3323 0.3208 -0.8869
vn -0.3721 0.7197 -0.5862
vn -0.6457 0.3211 -0.6928
vn -0.5681 0.7197 -0.3992
vn -0.8604 0.3239 -0.3933
vn -0.6776 0.7197 -0.1514
vn -0.9438 0.3288 -0.0347
vn -0.6839 0.7197 0.1194
vn -0.8833 0.3350 0.3281
vn -0.5862 0.7197 0.3721
vn -0.6887 0.3415 0.6395
vn -0.3992 0.7197 0.5681
vn -0.3903 0.3474 0.8526
vn -0.1514 0.7197 0.6776
vn -0.0335 0.3518 0.9355
vn 0.1194 0.7197 0.6839
vn 0.3275 0.3540 0.8760
vn 0.3721 0.7197 0.5862
vn 0.6386 0.3537 0.6835
vn 0.5681 0.7197 0.3992
vn 0.6776 0.7197 0.1514
vn 0.8529 0.3508 0.3867
vn 0.9378 0.3460 0.0303
vn 0.6839 0.7197 -0.1194
vn 0.8800 0.3398 -0.3319
vn 0.5862 0.7197 -0.3721
vn 0.5598 -0.6346 -0.5328
vn 0.3112 -0.6393 -0.7031
vn 0.0174 -0.6428 -0.7658
vn -0.2776 -0.6446 -0.7124
vn -0.5301 -0.6443 -0.5512
vn -0.7029 -0.6420 -0.3060
vn -0.7698 -0.6381 -0.0129
vn -0.7198 -0.6332 0.2845
vn -0.5592 -0.6280 0.5412
vn -0.3116 -0.6232 0.7173
vn -0.0144 -0.6198 0.7847
vn 0.2863 -0.6180 0.7322
vn 0.5436 -0.6183 0.5676
vn 0.7174 -0.6205 0.3168
vn 0.7809 -0.6244 0.0189
vn 0.7251 -0.6293 -0.2795
# 81 vertex normals

vt 0.7697 0.7169 0.0000
vt 0.6856 0.7548 0.0000
vt 0.6728 0.7436 0.0000
vt 0.6652 0.7282 0.0000
vt 0.6641 0.7111 0.0000
vt 0.6696 0.6949 0.0000
vt 0.6809 0.6821 0.0000
vt 0.6962 0.6745 0.0000
vt 0.7133 0.6734 0.0000
vt 0.7295 0.6789 0.0000
vt 0.7423 0.6902 0.0000
vt 0.7499 0.7055 0.0000
vt 0.7510 0.7226 0.0000
vt 0.7455 0.7388 0.0000
vt 0.7342 0.7516 0.0000
vt 0.7189 0.7592 0.0000
vt 0.7018 0.7603 0.0000
vt 0.6531 0.8213 0.0000
vt 0.6173 0.7925 0.0000
vt 0.5952 0.7522 0.0000
vt 0.5903 0.7065 0.0000
vt 0.6032 0.6624 0.0000
vt 0.6320 0.6266 0.0000
vt 0.6723 0.6045 0.0000
vt 0.7180 0.5996 0.0000
vt 0.7621 0.6125 0.0000
vt 0.7979 0.6413 0.0000
vt 0.8199 0.6816 0.0000
vt 0.8249 0.7273 0.0000
vt 0.8120 0.7714 0.0000
vt 0.7832 0.8072 0.0000
vt 0.7429 0.8292 0.0000
vt 0.6972 0.8342 0.0000
vt 0.6814 0.9157 0.0000
vt 0.7595 0.9106 0.0000
vt 0.8194 0.9566 0.0000
vt 0.7191 0.9812 0.0000
vt 0.6171 0.9655 0.0000
vt 0.6073 0.8905 0.0000
vt 0.5288 0.9119 0.0000
vt 0.5485 0.8390 0.0000
vt 0.4678 0.8287 0.0000
vt 0.5138 0.7688 0.0000
vt 0.4433 0.7284 0.0000
vt 0.5087 0.6907 0.0000
vt 0.4590 0.6264 0.0000
vt 0.5339 0.6166 0.0000
vt 0.5125 0.5381 0.0000
vt 0.5855 0.5578 0.0000
vt 0.5958 0.4771 0.0000
vt 0.6557 0.5232 0.0000
vt 0.6960 0.4526 0.0000
vt 0.7337 0.5180 0.0000
vt 0.7980 0.4683 0.0000
vt 0.8078 0.5432 0.0000
vt 0.8863 0.5218 0.0000
vt 0.8667 0.5948 0.0000
vt 0.9473 0.6051 0.0000
vt 0.9013 0.6650 0.0000
vt 0.9064 0.7430 0.0000
vt 0.9719 0.7053 0.0000
vt 0.9562 0.8074 0.0000
vt 0.8812 0.8171 0.0000
vt 0.9026 0.8956 0.0000
vt 0.8296 0.8760 0.0000
vt 0.8260 0.9627 0.0000
vt 0.7223 0.9881 0.0000
vt 0.6167 0.9719 0.0000
vt 0.5254 0.9164 0.0000
vt 0.4622 0.8303 0.0000
vt 0.4368 0.7266 0.0000
vt 0.4531 0.6210 0.0000
vt 0.5085 0.5297 0.0000
vt 0.5946 0.4665 0.0000
vt 0.6984 0.4411 0.0000
vt 0.8039 0.4574 0.0000
vt 0.8953 0.5128 0.0000
vt 0.9584 0.5989 0.0000
vt 0.9838 0.7027 0.0000
vt 0.9676 0.8082 0.0000
vt 0.9121 0.8996 0.0000
# 81 texture coords

o Sphere030
g Sphere030
usemtl Material__27
s 1
f 3318/3349/3303 3319/3350/3304 3320/3351/3305 
f 3318/3349/3303 3320/3351/3305 3321/3352/3306 
f 3318/3349/3303 3321/3352/3306 3322/3353/3307 
f 3318/3349/3303 3322/3353/3307 3323/3354/3308 
f 3318/3349/3303 3323/3354/3308 3324/3355/3309 
f 3318/3349/3303 3324/3355/3309 3325/3356/3310 
f 3318/3349/3303 3325/3356/3310 3326/3357/3311 
f 3318/3349/3303 3326/3357/3311 3327/3358/3312 
f 3318/3349/3303 3327/3358/3312 3328/3359/3313 
f 3318/3349/3303 3328/3359/3313 3329/3360/3314 
f 3318/3349/3303 3329/3360/3314 3330/3361/3315 
f 3318/3349/3303 3330/3361/3315 3331/3362/3316 
f 3318/3349/3303 3331/3362/3316 3332/3363/3317 
f 3318/3349/3303 3332/3363/3317 3333/3364/3318 
f 3318/3349/3303 3333/3364/3318 3334/3365/3319 
f 3318/3349/3303 3334/3365/3319 3319/3350/3304 
f 3319/3350/3304 3335/3366/3320 3336/3367/3321 3320/3351/3305 
f 3336/3367/3321 3337/3368/3322 3321/3352/3306 3320/3351/3305 
f 3321/3352/3306 3337/3368/3322 3338/3369/3323 3322/3353/3307 
f 3322/3353/3307 3338/3369/3323 3339/3370/3324 3323/3354/3308 
f 3339/3370/3324 3340/3371/3325 3324/3355/3309 3323/3354/3308 
f 3341/3372/3326 3325/3356/3310 3324/3355/3309 3340/3371/3325 
f 3341/3372/3326 3342/3373/3327 3326/3357/3311 3325/3356/3310 
f 3342/3373/3327 3343/3374/3328 3327/3358/3312 3326/3357/3311 
f 3344/3375/3329 3328/3359/3313 3327/3358/3312 3343/3374/3328 
f 3328/3359/3313 3344/3375/3329 3345/3376/3330 3329/3360/3314 
f 3345/3376/3330 3346/3377/3331 3330/3361/3315 3329/3360/3314 
f 3330/3361/3315 3346/3377/3331 3347/3378/3332 3331/3362/3316 
f 3347/3378/3332 3348/3379/3333 3332/3363/3317 3331/3362/3316 
f 3332/3363/3317 3348/3379/3333 3349/3380/3334 3333/3364/3318 
f 3350/3381/3335 3334/3365/3319 3333/3364/3318 3349/3380/3334 
f 3334/3365/3319 3350/3381/3335 3335/3366/3320 3319/3350/3304 
f 3351/3382/3336 3352/3383/3337 3353/3384/3338 3354/3385/3339 
f 3351/3382/3336 3354/3385/3339 3355/3386/3340 3356/3387/3341 
f 3356/3387/3341 3355/3386/3340 3357/3388/3342 3358/3389/3343 
f 3358/3389/3343 3357/3388/3342 3359/3390/3344 3360/3391/3345 
f 3360/3391/3345 3359/3390/3344 3361/3392/3346 3362/3393/3347 
f 3362/3393/3347 3361/3392/3346 3363/3394/3348 3364/3395/3349 
f 3365/3396/3350 3366/3397/3351 3364/3395/3349 3363/3394/3348 
f 3367/3398/3352 3368/3399/3353 3366/3397/3351 3365/3396/3350 
f 3369/3400/3354 3370/3401/3355 3368/3399/3353 3367/3398/3352 
f 3371/3402/3356 3372/3403/3357 3370/3401/3355 3369/3400/3354 
f 3373/3404/3358 3374/3405/3359 3372/3403/3357 3371/3402/3356 
f 3374/3405/3359 3373/3404/3358 3375/3406/3360 3376/3407/3361 
f 3377/3408/3362 3376/3407/3361 3375/3406/3360 3378/3409/3363 
f 3379/3410/3364 3380/3411/3365 3377/3408/3362 3378/3409/3363 
f 3380/3411/3365 3379/3410/3364 3381/3412/3366 3382/3413/3367 
f 3352/3383/3337 3382/3413/3367 3381/3412/3366 3353/3384/3338 
f 3353/3384/3338 3383/3414/3368 3384/3415/3369 3354/3385/3339 
f 3385/3416/3370 3355/3386/3340 3354/3385/3339 3384/3415/3369 
f 3357/3388/3342 3355/3386/3340 3385/3416/3370 3386/3417/3371 
f 3386/3417/3371 3387/3418/3372 3359/3390/3344 3357/3388/3342 
f 3359/3390/3344 3387/3418/3372 3388/3419/3373 3361/3392/3346 
f 3389/3420/3374 3363/3394/3348 3361/3392/3346 3388/3419/3373 
f 3390/3421/3375 3365/3396/3350 3363/3394/3348 3389/3420/3374 
f 3391/3422/3376 3367/3398/3352 3365/3396/3350 3390/3421/3375 
f 3367/3398/3352 3391/3422/3376 3392/3423/3377 3369/3400/3354 
f 3369/3400/3354 3392/3423/3377 3393/3424/3378 3371/3402/3356 
f 3393/3424/3378 3394/3425/3379 3373/3404/3358 3371/3402/3356 
f 3373/3404/3358 3394/3425/3379 3395/3426/3380 3375/3406/3360 
f 3375/3406/3360 3395/3426/3380 3396/3427/3381 3378/3409/3363 
f 3379/3410/3364 3378/3409/3363 3396/3427/3381 3397/3428/3382 
f 3398/3429/3383 3381/3412/3366 3379/3410/3364 3397/3428/3382 
f 3383/3414/3368 3353/3384/3338 3381/3412/3366 3398/3429/3383 
f 3335/3366/3320 3352/3383/3337 3351/3382/3336 3336/3367/3321 
f 3336/3367/3321 3351/3382/3336 3356/3387/3341 3337/3368/3322 
f 3337/3368/3322 3356/3387/3341 3358/3389/3343 3338/3369/3323 
f 3338/3369/3323 3358/3389/3343 3360/3391/3345 3339/3370/3324 
f 3340/3371/3325 3339/3370/3324 3360/3391/3345 3362/3393/3347 
f 3341/3372/3326 3340/3371/3325 3362/3393/3347 3364/3395/3349 
f 3366/3397/3351 3342/3373/3327 3341/3372/3326 3364/3395/3349 
f 3342/3373/3327 3366/3397/3351 3368/3399/3353 3343/3374/3328 
f 3343/3374/3328 3368/3399/3353 3370/3401/3355 3344/3375/3329 
f 3344/3375/3329 3370/3401/3355 3372/3403/3357 3345/3376/3330 
f 3346/3377/3331 3345/3376/3330 3372/3403/3357 3374/3405/3359 
f 3346/3377/3331 3374/3405/3359 3376/3407/3361 3347/3378/3332 
f 3347/3378/3332 3376/3407/3361 3377/3408/3362 3348/3379/3333 
f 3380/3411/3365 3349/3380/3334 3348/3379/3333 3377/3408/3362 
f 3382/3413/3367 3350/3381/3335 3349/3380/3334 3380/3411/3365 
f 3352/3383/3337 3335/3366/3320 3350/3381/3335 3382/3413/3367 
s off
f 3397/3428/3382 3396/3427/3381 3395/3426/3380 3393/3424/3378 
f 3395/3426/3380 3394/3425/3379 3393/3424/3378 
f 3393/3424/3378 3392/3423/3377 3391/3422/3376 3389/3420/3374 
f 3391/3422/3376 3390/3421/3375 3389/3420/3374 
f 3389/3420/3374 3388/3419/3373 3387/3418/3372 3386/3417/3371 
f 3389/3420/3374 3386/3417/3371 3385/3416/3370 3393/3424/3378 
f 3397/3428/3382 3393/3424/3378 3385/3416/3370 3384/3415/3369 
f 3398/3429/3383 3397/3428/3382 3384/3415/3369 3383/3414/3368 
# 70 polygons - 18 triangles

#
# object Sphere031
#

v  3.1330 1.3108 1.2986
v  2.9805 1.2240 1.2297
v  2.9572 1.2240 1.2502
v  2.9435 1.2240 1.2780
v  2.9415 1.2240 1.3089
v  2.9515 1.2240 1.3383
v  2.9719 1.2240 1.3616
v  2.9997 1.2240 1.3753
v  3.0307 1.2240 1.3774
v  3.0600 1.2240 1.3674
v  3.0834 1.2240 1.3470
v  3.0971 1.2240 1.3191
v  3.0991 1.2240 1.2882
v  3.0891 1.2240 1.2588
v  3.0687 1.2240 1.2355
v  3.0409 1.2240 1.2218
v  3.0099 1.2240 1.2198
v  2.9215 1.1611 1.1093
v  2.8566 1.1611 1.1615
v  2.8166 1.1611 1.2346
v  2.8076 1.1611 1.3174
v  2.8310 1.1611 1.3974
v  2.8832 1.1611 1.4623
v  2.9563 1.1611 1.5023
v  3.0391 1.1611 1.5113
v  3.1191 1.1611 1.4879
v  3.1840 1.1611 1.4356
v  3.2240 1.1611 1.3625
v  3.2330 1.1611 1.2797
v  3.2096 1.1611 1.1998
v  3.1574 1.1611 1.1348
v  3.0843 1.1611 1.0948
v  3.0015 1.1611 1.0859
v  2.9728 1.0897 0.9381
v  3.1144 1.0897 0.9473
v  3.2230 0.9717 0.8638
v  3.0412 0.9717 0.8193
v  2.8562 0.9717 0.8478
v  2.8385 1.0897 0.9837
v  2.6962 0.9717 0.9449
v  2.7318 1.0897 1.0772
v  2.5856 0.9717 1.0958
v  2.6691 1.0897 1.2045
v  2.5411 0.9717 1.2776
v  2.6598 1.0897 1.3460
v  2.5695 0.9717 1.4626
v  2.7054 1.0897 1.4804
v  2.6666 0.9717 1.6226
v  2.7989 1.0897 1.5870
v  2.8176 0.9717 1.7333
v  2.9262 1.0897 1.6498
v  2.9994 0.9717 1.7778
v  3.0678 1.0897 1.6591
v  3.1844 0.9717 1.7493
v  3.2021 1.0897 1.6135
v  3.3444 0.9717 1.6522
v  3.3088 1.0897 1.5199
v  3.4550 0.9717 1.5013
v  3.3715 1.0897 1.3927
v  3.3808 1.0897 1.2511
v  3.4995 0.9717 1.3195
v  3.4710 0.9717 1.1345
v  3.3352 1.0897 1.1168
v  3.3739 0.9717 0.9745
v  3.2416 1.0897 1.0101
v  3.2350 0.8488 0.8528
v  3.0469 0.8488 0.8068
v  2.8555 0.8488 0.8363
v  2.6900 0.8488 0.9367
v  2.5755 0.8488 1.0929
v  2.5294 0.8488 1.2810
v  2.5589 0.8488 1.4724
v  2.6594 0.8488 1.6380
v  2.8155 0.8488 1.7525
v  3.0036 0.8488 1.7985
v  3.1950 0.8488 1.7690
v  3.3606 0.8488 1.6686
v  3.4751 0.8488 1.5124
v  3.5211 0.8488 1.3243
v  3.4917 0.8488 1.1329
v  3.3912 0.8488 0.9673
# 81 vertices

vn 0.5823 0.8130 -0.0000
vn -0.3246 0.7869 -0.5249
vn -0.4693 0.8127 -0.3454
vn -0.5480 0.8246 -0.1406
vn -0.5584 0.8262 0.0744
vn -0.5004 0.8180 0.2836
vn -0.3760 0.7975 0.4719
vn -0.1871 0.7583 0.6245
vn 0.0663 0.6900 0.7208
vn 0.3746 0.5863 0.7183
vn 0.6813 0.4698 0.5613
vn 0.8861 0.3898 0.2509
vn 0.9166 0.3775 -0.1319
vn 0.7627 0.4368 -0.4769
vn 0.4773 0.5465 -0.6882
vn 0.1593 0.6590 -0.7351
vn -0.1149 0.7392 -0.6636
vn -0.4676 0.5160 -0.7177
vn -0.7066 0.5160 -0.4842
vn -0.8381 0.5160 -0.1769
vn -0.8420 0.5160 0.1573
vn -0.7177 0.5160 0.4676
vn -0.4842 0.5160 0.7066
vn -0.1769 0.5160 0.8381
vn 0.1573 0.5160 0.8420
vn 0.4676 0.5160 0.7177
vn 0.7066 0.5160 0.4842
vn 0.8381 0.5160 0.1769
vn 0.8420 0.5160 -0.1573
vn 0.7177 0.5160 -0.4676
vn 0.4842 0.5160 -0.7066
vn 0.1769 0.5160 -0.8381
vn -0.1573 0.5160 -0.8420
vn -0.1036 0.7197 -0.6865
vn 0.1670 0.7197 -0.6739
vn 0.4083 0.3333 -0.8498
vn 0.0525 0.3274 -0.9434
vn -0.3123 0.3230 -0.8934
vn -0.3584 0.7197 -0.5946
vn -0.6303 0.3208 -0.7070
vn -0.5587 0.7197 -0.4122
vn -0.8523 0.3211 -0.4128
vn -0.6739 0.7197 -0.1670
vn -0.9444 0.3239 -0.0560
vn -0.6865 0.7197 0.1036
vn -0.8926 0.3288 0.3086
vn -0.5946 0.7197 0.3584
vn -0.7051 0.3350 0.6250
vn -0.4122 0.7197 0.5587
vn -0.4112 0.3415 0.8452
vn -0.1670 0.7197 0.6739
vn -0.0559 0.3474 0.9360
vn 0.1036 0.7197 0.6865
vn 0.3066 0.3518 0.8844
vn 0.3584 0.7197 0.5946
vn 0.6219 0.3540 0.6985
vn 0.5587 0.7197 0.4122
vn 0.8424 0.3537 0.4066
vn 0.6739 0.7197 0.1670
vn 0.6865 0.7197 -0.1036
vn 0.9350 0.3508 0.0525
vn 0.8854 0.3460 -0.3105
vn 0.5946 0.7197 -0.3584
vn 0.7007 0.3398 -0.6274
vn 0.4122 0.7197 -0.5587
vn 0.3296 -0.6346 -0.6991
vn 0.0362 -0.6393 -0.7681
vn -0.2604 -0.6428 -0.7204
vn -0.5162 -0.6446 -0.5640
vn -0.6935 -0.6443 -0.3225
vn -0.7660 -0.6420 -0.0314
vn -0.7225 -0.6381 0.2660
vn -0.5684 -0.6332 0.5253
vn -0.3259 -0.6280 0.7067
vn -0.0314 -0.6232 0.7814
vn 0.2700 -0.6198 0.7369
vn 0.5315 -0.6180 0.5793
vn 0.7120 -0.6183 0.3329
vn 0.7833 -0.6205 0.0362
vn 0.7350 -0.6244 -0.2644
vn 0.5752 -0.6293 -0.5226
# 81 vertex normals

vt 0.7697 0.7169 0.0000
vt 0.6856 0.7548 0.0000
vt 0.6728 0.7436 0.0000
vt 0.6652 0.7282 0.0000
vt 0.6641 0.7111 0.0000
vt 0.6696 0.6949 0.0000
vt 0.6809 0.6821 0.0000
vt 0.6962 0.6745 0.0000
vt 0.7133 0.6734 0.0000
vt 0.7295 0.6789 0.0000
vt 0.7423 0.6902 0.0000
vt 0.7499 0.7055 0.0000
vt 0.7510 0.7226 0.0000
vt 0.7455 0.7388 0.0000
vt 0.7342 0.7516 0.0000
vt 0.7189 0.7592 0.0000
vt 0.7018 0.7603 0.0000
vt 0.6531 0.8213 0.0000
vt 0.6173 0.7925 0.0000
vt 0.5952 0.7522 0.0000
vt 0.5903 0.7065 0.0000
vt 0.6032 0.6624 0.0000
vt 0.6320 0.6266 0.0000
vt 0.6723 0.6045 0.0000
vt 0.7180 0.5996 0.0000
vt 0.7621 0.6125 0.0000
vt 0.7979 0.6413 0.0000
vt 0.8199 0.6816 0.0000
vt 0.8249 0.7273 0.0000
vt 0.8120 0.7714 0.0000
vt 0.7832 0.8072 0.0000
vt 0.7429 0.8292 0.0000
vt 0.6972 0.8342 0.0000
vt 0.6814 0.9157 0.0000
vt 0.7595 0.9106 0.0000
vt 0.8194 0.9566 0.0000
vt 0.7191 0.9812 0.0000
vt 0.6171 0.9655 0.0000
vt 0.6073 0.8905 0.0000
vt 0.5288 0.9119 0.0000
vt 0.5485 0.8390 0.0000
vt 0.4678 0.8287 0.0000
vt 0.5138 0.7688 0.0000
vt 0.4433 0.7284 0.0000
vt 0.5087 0.6907 0.0000
vt 0.4590 0.6264 0.0000
vt 0.5339 0.6166 0.0000
vt 0.5125 0.5381 0.0000
vt 0.5855 0.5578 0.0000
vt 0.5958 0.4771 0.0000
vt 0.6557 0.5232 0.0000
vt 0.6960 0.4526 0.0000
vt 0.7337 0.5180 0.0000
vt 0.7980 0.4683 0.0000
vt 0.8078 0.5432 0.0000
vt 0.8863 0.5218 0.0000
vt 0.8667 0.5948 0.0000
vt 0.9473 0.6051 0.0000
vt 0.9013 0.6650 0.0000
vt 0.9064 0.7430 0.0000
vt 0.9719 0.7053 0.0000
vt 0.9562 0.8074 0.0000
vt 0.8812 0.8171 0.0000
vt 0.9026 0.8956 0.0000
vt 0.8296 0.8760 0.0000
vt 0.8260 0.9627 0.0000
vt 0.7223 0.9881 0.0000
vt 0.6167 0.9719 0.0000
vt 0.5254 0.9164 0.0000
vt 0.4622 0.8303 0.0000
vt 0.4368 0.7266 0.0000
vt 0.4531 0.6210 0.0000
vt 0.5085 0.5297 0.0000
vt 0.5946 0.4665 0.0000
vt 0.6984 0.4411 0.0000
vt 0.8039 0.4574 0.0000
vt 0.8953 0.5128 0.0000
vt 0.9584 0.5989 0.0000
vt 0.9838 0.7027 0.0000
vt 0.9676 0.8082 0.0000
vt 0.9121 0.8996 0.0000
# 81 texture coords

o Sphere031
g Sphere031
usemtl Material__27
s 1
f 3399/3430/3384 3400/3431/3385 3401/3432/3386 
f 3399/3430/3384 3401/3432/3386 3402/3433/3387 
f 3399/3430/3384 3402/3433/3387 3403/3434/3388 
f 3399/3430/3384 3403/3434/3388 3404/3435/3389 
f 3399/3430/3384 3404/3435/3389 3405/3436/3390 
f 3399/3430/3384 3405/3436/3390 3406/3437/3391 
f 3399/3430/3384 3406/3437/3391 3407/3438/3392 
f 3399/3430/3384 3407/3438/3392 3408/3439/3393 
f 3399/3430/3384 3408/3439/3393 3409/3440/3394 
f 3399/3430/3384 3409/3440/3394 3410/3441/3395 
f 3399/3430/3384 3410/3441/3395 3411/3442/3396 
f 3399/3430/3384 3411/3442/3396 3412/3443/3397 
f 3399/3430/3384 3412/3443/3397 3413/3444/3398 
f 3399/3430/3384 3413/3444/3398 3414/3445/3399 
f 3399/3430/3384 3414/3445/3399 3415/3446/3400 
f 3399/3430/3384 3415/3446/3400 3400/3431/3385 
f 3400/3431/3385 3416/3447/3401 3417/3448/3402 3401/3432/3386 
f 3417/3448/3402 3418/3449/3403 3402/3433/3387 3401/3432/3386 
f 3402/3433/3387 3418/3449/3403 3419/3450/3404 3403/3434/3388 
f 3403/3434/3388 3419/3450/3404 3420/3451/3405 3404/3435/3389 
f 3420/3451/3405 3421/3452/3406 3405/3436/3390 3404/3435/3389 
f 3422/3453/3407 3406/3437/3391 3405/3436/3390 3421/3452/3406 
f 3422/3453/3407 3423/3454/3408 3407/3438/3392 3406/3437/3391 
f 3423/3454/3408 3424/3455/3409 3408/3439/3393 3407/3438/3392 
f 3425/3456/3410 3409/3440/3394 3408/3439/3393 3424/3455/3409 
f 3409/3440/3394 3425/3456/3410 3426/3457/3411 3410/3441/3395 
f 3426/3457/3411 3427/3458/3412 3411/3442/3396 3410/3441/3395 
f 3411/3442/3396 3427/3458/3412 3428/3459/3413 3412/3443/3397 
f 3428/3459/3413 3429/3460/3414 3413/3444/3398 3412/3443/3397 
f 3413/3444/3398 3429/3460/3414 3430/3461/3415 3414/3445/3399 
f 3431/3462/3416 3415/3446/3400 3414/3445/3399 3430/3461/3415 
f 3415/3446/3400 3431/3462/3416 3416/3447/3401 3400/3431/3385 
f 3432/3463/3417 3433/3464/3418 3434/3465/3419 3435/3466/3420 
f 3432/3463/3417 3435/3466/3420 3436/3467/3421 3437/3468/3422 
f 3437/3468/3422 3436/3467/3421 3438/3469/3423 3439/3470/3424 
f 3439/3470/3424 3438/3469/3423 3440/3471/3425 3441/3472/3426 
f 3441/3472/3426 3440/3471/3425 3442/3473/3427 3443/3474/3428 
f 3443/3474/3428 3442/3473/3427 3444/3475/3429 3445/3476/3430 
f 3446/3477/3431 3447/3478/3432 3445/3476/3430 3444/3475/3429 
f 3448/3479/3433 3449/3480/3434 3447/3478/3432 3446/3477/3431 
f 3450/3481/3435 3451/3482/3436 3449/3480/3434 3448/3479/3433 
f 3452/3483/3437 3453/3484/3438 3451/3482/3436 3450/3481/3435 
f 3454/3485/3439 3455/3486/3440 3453/3484/3438 3452/3483/3437 
f 3455/3486/3440 3454/3485/3439 3456/3487/3441 3457/3488/3442 
f 3458/3489/3443 3457/3488/3442 3456/3487/3441 3459/3490/3444 
f 3460/3491/3445 3461/3492/3446 3458/3489/3443 3459/3490/3444 
f 3461/3492/3446 3460/3491/3445 3462/3493/3447 3463/3494/3448 
f 3433/3464/3418 3463/3494/3448 3462/3493/3447 3434/3465/3419 
f 3434/3465/3419 3464/3495/3449 3465/3496/3450 3435/3466/3420 
f 3466/3497/3451 3436/3467/3421 3435/3466/3420 3465/3496/3450 
f 3438/3469/3423 3436/3467/3421 3466/3497/3451 3467/3498/3452 
f 3467/3498/3452 3468/3499/3453 3440/3471/3425 3438/3469/3423 
f 3440/3471/3425 3468/3499/3453 3469/3500/3454 3442/3473/3427 
f 3470/3501/3455 3444/3475/3429 3442/3473/3427 3469/3500/3454 
f 3471/3502/3456 3446/3477/3431 3444/3475/3429 3470/3501/3455 
f 3472/3503/3457 3448/3479/3433 3446/3477/3431 3471/3502/3456 
f 3448/3479/3433 3472/3503/3457 3473/3504/3458 3450/3481/3435 
f 3450/3481/3435 3473/3504/3458 3474/3505/3459 3452/3483/3437 
f 3474/3505/3459 3475/3506/3460 3454/3485/3439 3452/3483/3437 
f 3454/3485/3439 3475/3506/3460 3476/3507/3461 3456/3487/3441 
f 3456/3487/3441 3476/3507/3461 3477/3508/3462 3459/3490/3444 
f 3460/3491/3445 3459/3490/3444 3477/3508/3462 3478/3509/3463 
f 3479/3510/3464 3462/3493/3447 3460/3491/3445 3478/3509/3463 
f 3464/3495/3449 3434/3465/3419 3462/3493/3447 3479/3510/3464 
f 3416/3447/3401 3433/3464/3418 3432/3463/3417 3417/3448/3402 
f 3417/3448/3402 3432/3463/3417 3437/3468/3422 3418/3449/3403 
f 3418/3449/3403 3437/3468/3422 3439/3470/3424 3419/3450/3404 
f 3419/3450/3404 3439/3470/3424 3441/3472/3426 3420/3451/3405 
f 3421/3452/3406 3420/3451/3405 3441/3472/3426 3443/3474/3428 
f 3422/3453/3407 3421/3452/3406 3443/3474/3428 3445/3476/3430 
f 3447/3478/3432 3423/3454/3408 3422/3453/3407 3445/3476/3430 
f 3423/3454/3408 3447/3478/3432 3449/3480/3434 3424/3455/3409 
f 3424/3455/3409 3449/3480/3434 3451/3482/3436 3425/3456/3410 
f 3425/3456/3410 3451/3482/3436 3453/3484/3438 3426/3457/3411 
f 3427/3458/3412 3426/3457/3411 3453/3484/3438 3455/3486/3440 
f 3427/3458/3412 3455/3486/3440 3457/3488/3442 3428/3459/3413 
f 3428/3459/3413 3457/3488/3442 3458/3489/3443 3429/3460/3414 
f 3461/3492/3446 3430/3461/3415 3429/3460/3414 3458/3489/3443 
f 3463/3494/3448 3431/3462/3416 3430/3461/3415 3461/3492/3446 
f 3433/3464/3418 3416/3447/3401 3431/3462/3416 3463/3494/3448 
s off
f 3478/3509/3463 3477/3508/3462 3476/3507/3461 3474/3505/3459 
f 3476/3507/3461 3475/3506/3460 3474/3505/3459 
f 3474/3505/3459 3473/3504/3458 3472/3503/3457 3470/3501/3455 
f 3472/3503/3457 3471/3502/3456 3470/3501/3455 
f 3470/3501/3455 3469/3500/3454 3468/3499/3453 3467/3498/3452 
f 3470/3501/3455 3467/3498/3452 3466/3497/3451 3474/3505/3459 
f 3478/3509/3463 3474/3505/3459 3466/3497/3451 3465/3496/3450 
f 3479/3510/3464 3478/3509/3463 3465/3496/3450 3464/3495/3449 
# 70 polygons - 18 triangles

#
# object Sphere032
#

v  -1.1442 3.8921 0.1335
v  -1.1449 3.8908 0.1241
v  -1.1818 3.7751 0.1239
v  -1.1783 3.7814 0.1697
v  -1.1420 3.8959 0.1420
v  -1.1679 3.7997 0.2110
v  -1.1515 3.8283 0.2440
v  -1.1387 3.9017 0.1488
v  -1.1345 3.9090 0.1531
v  -1.1308 3.8643 0.2654
v  -1.1078 3.9042 0.2731
v  -1.1298 3.9172 0.1546
v  -1.0846 3.9443 0.2661
v  -1.1251 3.9253 0.1531
v  -1.0633 3.9810 0.2451
v  -1.1208 3.9327 0.1488
v  -1.1174 3.9385 0.1421
v  -1.0463 4.0103 0.2122
v  -1.0354 4.0290 0.1706
v  -1.1152 3.9423 0.1336
v  -1.0317 4.0350 0.1246
v  -1.1144 3.9435 0.1242
v  -1.1151 3.9423 0.1148
v  -1.0356 4.0279 0.0785
v  -1.1173 3.9385 0.1063
v  -1.0464 4.0089 0.0368
v  -1.1206 3.9327 0.0996
v  -1.0629 3.9801 0.0038
v  -1.0836 3.9441 -0.0175
v  -1.1248 3.9253 0.0953
v  -1.1066 3.9042 -0.0249
v  -1.1295 3.9172 0.0937
v  -1.1297 3.8643 -0.0177
v  -1.1342 3.9090 0.0952
v  -1.1505 3.8283 0.0034
v  -1.1385 3.9017 0.0995
v  -1.1672 3.7997 0.0364
v  -1.1419 3.8959 0.1062
v  -1.1779 3.7814 0.0779
v  -1.1441 3.8921 0.1147
v  -1.2135 3.6539 0.2100
v  -1.2202 3.6419 0.1235
v  -1.1936 3.6887 0.2878
v  -1.1625 3.7431 0.3502
v  -1.1232 3.8116 0.3912
v  -1.0795 3.8876 0.4066
v  -1.0350 3.9643 0.3940
v  -0.9936 4.0356 0.3542
v  -0.9602 4.0931 0.2916
v  -0.9390 4.1294 0.2126
v  -0.9326 4.1401 0.1250
v  -0.9409 4.1249 0.0373
v  -0.9623 4.0871 -0.0428
v  -0.9939 4.0319 -0.1054
v  -1.0334 3.9635 -0.1452
v  -1.0772 3.8876 -0.1594
v  -1.1211 3.8116 -0.1460
v  -1.1607 3.7431 -0.1055
v  -1.1923 3.6887 -0.0428
v  -1.2129 3.6539 0.0362
v  -1.1979 3.5066 0.1233
v  -1.1885 3.5224 0.2418
v  -1.1603 3.5696 0.3480
v  -1.1175 3.6444 0.4333
v  -1.0642 3.7393 0.4900
v  -1.0046 3.8441 0.5122
v  -0.9428 3.9496 0.4957
v  -0.8841 4.0487 0.4410
v  -0.8368 4.1299 0.3548
v  -0.8080 4.1814 0.2461
v  -0.8003 4.1954 0.1255
v  -0.8124 4.1721 0.0043
v  -0.8419 4.1181 -0.1042
v  -0.8855 4.0420 -0.1863
v  -0.9407 3.9483 -0.2394
v  -1.0016 3.8441 -0.2604
v  -1.0614 3.7393 -0.2454
v  -1.1150 3.6444 -0.1917
v  -1.1586 3.5696 -0.1054
v  -1.1876 3.5224 0.0033
v  -1.1255 3.3948 0.1237
v  -1.1135 3.4106 0.2628
v  -1.0798 3.4605 0.3869
v  -1.0301 3.5473 0.4851
v  -0.9704 3.6605 0.5516
v  -0.9021 3.7848 0.5788
v  -0.8280 3.9073 0.5610
v  -0.7560 4.0222 0.4970
v  -0.7000 4.1184 0.3957
v  -0.6685 4.1815 0.2678
v  -0.6617 4.1981 0.1260
v  -0.6746 4.1689 -0.0170
v  -0.7064 4.1037 -0.1408
v  -0.7575 4.0147 -0.2335
v  -0.8252 3.9062 -0.2946
v  -0.8986 3.7848 -0.3210
v  -0.9670 3.6605 -0.3064
v  -1.0272 3.5473 -0.2467
v  -1.0777 3.4605 -0.1454
v  -1.1124 3.4106 -0.0176
v  -0.9923 3.3231 0.2713
v  -1.0074 3.3088 0.1244
v  -0.9535 3.3705 0.4008
v  -0.9034 3.4580 0.5029
v  -0.8453 3.5798 0.5713
v  -0.7764 3.7122 0.6001
v  -0.6961 3.8384 0.5823
v  -0.6174 3.9534 0.5166
v  -0.5612 4.0501 0.4101
v  -0.5335 4.1178 0.2757
v  -0.5276 4.1399 0.1265
v  -0.5363 4.1110 -0.0239
v  -0.5636 4.0421 -0.1523
v  -0.6171 3.9489 -0.2482
v  -0.6941 3.8357 -0.3115
v  -0.7746 3.7090 -0.3402
v  -0.8431 3.5775 -0.3263
v  -0.9008 3.4574 -0.2650
v  -0.9513 3.3706 -0.1588
v  -0.9911 3.3232 -0.0244
v  -0.8579 3.2473 0.1252
v  -0.8420 3.2593 0.2658
v  -0.8020 3.3027 0.3894
v  -0.7539 3.3868 0.4864
v  -0.7012 3.5051 0.5500
v  -0.6375 3.6320 0.5763
v  -0.5599 3.7499 0.5590
v  -0.4871 3.8490 0.4974
v  -0.4381 3.9331 0.3967
v  -0.4164 3.9964 0.2688
v  -0.4105 4.0221 0.1270
v  -0.4128 4.0008 -0.0161
v  -0.4314 3.9410 -0.1404
v  -0.4835 3.8502 -0.2339
v  -0.5614 3.7416 -0.2944
v  -0.6403 3.6210 -0.3201
v  -0.7031 3.4960 -0.3057
v  -0.7536 3.3822 -0.2457
v  -0.8003 3.3020 -0.1443
v  -0.8408 3.2594 -0.0165
v  -0.6758 3.2035 0.1268
v  -0.6623 3.2157 0.2463
v  -0.6280 3.2563 0.3521
v  -0.5854 3.3308 0.4352
v  -0.5379 3.4329 0.4892
v  -0.4827 3.5406 0.5102
v  -0.4195 3.6379 0.4948
v  -0.3610 3.7194 0.4423
v  -0.3222 3.7860 0.3568
v  -0.3046 3.8352 0.2481
v  -0.2976 3.8586 0.1274
v  -0.2970 3.8468 0.0068
v  -0.3131 3.7987 -0.1028
v  -0.3567 3.7227 -0.1875
v  -0.4223 3.6281 -0.2412
v  -0.4891 3.5242 -0.2613
v  -0.5430 3.4190 -0.2446
v  -0.5876 3.3227 -0.1892
v  -0.6280 3.2533 -0.1025
v  -0.6615 3.2154 0.0065
v  -0.4967 3.2082 0.1271
v  -0.4883 3.2191 0.2132
v  -0.4652 3.2528 0.2903
v  -0.4330 3.3091 0.3511
v  -0.3960 3.3802 0.3904
v  -0.3548 3.4559 0.4048
v  -0.3117 3.5262 0.3924
v  -0.2726 3.5870 0.3534
v  -0.2441 3.6359 0.2917
v  -0.2280 3.6700 0.2136
v  -0.2215 3.6849 0.1268
v  -0.2237 3.6762 0.0397
v  -0.2388 3.6427 -0.0391
v  -0.2696 3.5889 -0.1016
v  -0.3129 3.5205 -0.1417
v  -0.3586 3.4456 -0.1552
v  -0.3995 3.3706 -0.1409
v  -0.4349 3.3027 -0.1004
v  -0.4657 3.2498 -0.0377
v  -0.4880 3.2184 0.0407
v  -0.3215 3.2571 0.1260
v  -0.3179 3.2633 0.1708
v  -0.3073 3.2813 0.2111
v  -0.2911 3.3094 0.2432
v  -0.2711 3.3448 0.2638
v  -0.2490 3.3836 0.2711
v  -0.2269 3.4214 0.2642
v  -0.2070 3.4552 0.2437
v  -0.1914 3.4820 0.2115
v  -0.1814 3.4996 0.1707
v  -0.1776 3.5063 0.1255
v  -0.1803 3.5010 0.0801
v  -0.1898 3.4836 0.0392
v  -0.2058 3.4557 0.0068
v  -0.2265 3.4202 -0.0140
v  -0.2492 3.3813 -0.0210
v  -0.2713 3.3427 -0.0136
v  -0.2911 3.3080 0.0075
v  -0.3070 3.2806 0.0401
v  -0.3176 3.2631 0.0809
v  -0.2013 3.3523 0.1252
v  -1.2989 3.9816 0.0700
v  -1.2999 3.9871 0.0777
v  -1.2990 3.9944 0.0838
v  -1.2866 3.9796 0.0453
v  -1.2963 4.0027 0.0877
v  -1.2922 4.0111 0.0891
v  -1.2655 4.0067 0.0354
v  -1.2869 4.0189 0.0877
v  -1.2811 4.0254 0.0838
v  -1.2657 4.0310 0.0616
v  -1.2752 4.0298 0.0778
v  -1.2699 4.0317 0.0701
v  -1.2630 4.0278 0.0531
v  -1.2620 4.0222 0.0454
v  -1.2629 4.0150 0.0393
v  -1.2697 3.9982 0.0340
v  -1.2750 3.9904 0.0353
v  -1.2808 3.9840 0.0392
v  -1.2962 3.9783 0.0615
v  -1.2919 3.9776 0.0530
v  -1.1689 3.9064 0.1296
v  -1.1659 3.9030 0.1210
v  -1.1701 3.9121 0.1374
v  -1.1695 3.9195 0.1435
v  -1.1669 3.9278 0.1474
v  -1.1628 3.9363 0.1488
v  -1.1575 3.9441 0.1475
v  -1.1516 3.9505 0.1436
v  -1.1455 3.9547 0.1375
v  -1.1400 3.9566 0.1297
v  -1.1355 3.9557 0.1211
v  -1.1324 3.9522 0.1125
v  -1.1312 3.9466 0.1046
v  -1.1319 3.9392 0.0983
v  -1.1344 3.9309 0.0942
v  -1.1385 3.9224 0.0928
v  -1.1438 3.9146 0.0942
v  -1.1498 3.9082 0.0982
v  -1.1558 3.9039 0.1045
v  -1.1614 3.9021 0.1123
v  -1.2646 3.9600 0.0826
v  -1.2676 3.9635 0.0908
v  -1.2688 3.9692 0.0982
v  -1.2681 3.9765 0.1041
v  -1.2656 3.9849 0.1079
v  -1.2615 3.9933 0.1093
v  -1.2562 4.0011 0.1080
v  -1.2502 4.0075 0.1042
v  -1.2442 4.0118 0.0983
v  -1.2386 4.0136 0.0909
v  -1.2341 4.0127 0.0827
v  -1.2311 4.0093 0.0744
v  -1.2299 4.0036 0.0670
v  -1.2306 3.9963 0.0611
v  -1.2331 3.9879 0.0573
v  -1.2372 3.9794 0.0560
v  -1.2425 3.9716 0.0573
v  -1.2485 3.9653 0.0610
v  -1.2545 3.9610 0.0669
v  -1.2601 3.9592 0.0743
v  -1.2199 3.9359 0.1158
v  -1.2169 3.9325 0.1075
v  -1.2211 3.9416 0.1232
v  -1.2204 3.9489 0.1292
v  -1.2179 3.9572 0.1330
v  -1.2138 3.9657 0.1343
v  -1.2085 3.9735 0.1330
v  -1.2025 3.9799 0.1292
v  -1.1965 3.9842 0.1233
v  -1.1909 3.9860 0.1159
v  -1.1865 3.9852 0.1076
v  -1.1835 3.9817 0.0993
v  -1.1823 3.9761 0.0918
v  -1.1830 3.9687 0.0859
v  -1.1855 3.9604 0.0820
v  -1.1896 3.9519 0.0807
v  -1.1949 3.9441 0.0820
v  -1.2009 3.9377 0.0858
v  -1.2069 3.9334 0.0917
v  -1.2124 3.9316 0.0992
# 281 vertices

vn -0.9352 -0.2681 0.2314
vn -0.9472 -0.3206 0.0038
vn -0.9573 0.2892 -0.0036
vn -0.9520 0.2984 0.0676
vn -0.8898 -0.1594 0.4275
vn -0.9362 0.3256 0.1323
vn -0.9112 0.3687 0.1836
vn -0.8172 -0.0089 0.5763
vn -0.7245 0.1679 0.6685
vn -0.8796 0.4239 0.2158
vn -0.8446 0.4853 0.2262
vn -0.6194 0.3560 0.6997
vn -0.8096 0.5464 0.2146
vn -0.5094 0.5413 0.6690
vn -0.7787 0.6005 0.1819
vn -0.4030 0.7101 0.5773
vn -0.3093 0.8486 0.4291
vn -0.7551 0.6425 0.1304
vn -0.7400 0.6695 0.0654
vn -0.2379 0.9427 0.2338
vn -0.7338 0.6793 -0.0058
vn -0.1977 0.9802 0.0067
vn -0.1959 0.9533 -0.2300
vn -0.7372 0.6713 -0.0761
vn -0.2354 0.8614 -0.4501
vn -0.7513 0.6453 -0.1384
vn -0.3125 0.7128 -0.6279
vn -0.7754 0.6029 -0.1880
vn -0.8070 0.5479 -0.2204
vn -0.4175 0.5231 -0.7430
vn -0.8423 0.4868 -0.2313
vn -0.5378 0.3123 -0.7831
vn -0.8776 0.4257 -0.2203
vn -0.6603 0.1025 -0.7440
vn -0.9096 0.3702 -0.1887
vn -0.7723 -0.0837 -0.6297
vn -0.9351 0.3264 -0.1382
vn -0.8627 -0.2254 -0.4526
vn -0.9515 0.2987 -0.0744
vn -0.9228 -0.3070 -0.2330
vn -0.9879 0.0579 0.1438
vn -0.9992 0.0394 -0.0035
vn -0.9543 0.1112 0.2773
vn -0.9032 0.1974 0.3811
vn -0.8406 0.3095 0.4445
vn -0.7710 0.4358 0.4644
vn -0.7000 0.5608 0.4422
vn -0.6381 0.6706 0.3784
vn -0.5928 0.7573 0.2739
vn -0.5651 0.8137 0.1362
vn -0.5525 0.8334 -0.0156
vn -0.5565 0.8154 -0.1593
vn -0.5788 0.7641 -0.2848
vn -0.6210 0.6793 -0.3911
vn -0.6841 0.5664 -0.4596
vn -0.7592 0.4407 -0.4789
vn -0.8358 0.3150 -0.4496
vn -0.9019 0.2024 -0.3815
vn -0.9534 0.1137 -0.2796
vn -0.9871 0.0589 -0.1488
vn -0.9284 -0.3715 -0.0028
vn -0.9095 -0.3356 0.2453
vn -0.8534 -0.2351 0.4652
vn -0.7682 -0.0951 0.6331
vn -0.6698 0.0875 0.7374
vn -0.5586 0.3010 0.7729
vn -0.4393 0.5128 0.7376
vn -0.3323 0.6942 0.6384
vn -0.2566 0.8436 0.4717
vn -0.2133 0.9483 0.2350
vn -0.1936 0.9805 -0.0333
vn -0.1996 0.9393 -0.2792
vn -0.2311 0.8410 -0.4893
vn -0.2950 0.6936 -0.6572
vn -0.3932 0.5156 -0.7613
vn -0.5174 0.3210 -0.7933
vn -0.6509 0.1124 -0.7508
vn -0.7691 -0.0815 -0.6339
vn -0.8549 -0.2332 -0.4634
vn -0.9090 -0.3355 -0.2475
vn -0.7245 -0.6893 -0.0018
vn -0.7068 -0.6474 0.2851
vn -0.6456 -0.5204 0.5589
vn -0.5458 -0.3360 0.7676
vn -0.4271 -0.1227 0.8959
vn -0.2921 0.1330 0.9471
vn -0.1422 0.3965 0.9069
vn -0.0032 0.6185 0.7858
vn 0.1130 0.7986 0.5912
vn 0.1857 0.9361 0.2986
vn 0.1982 0.9791 -0.0445
vn 0.1657 0.9205 -0.3538
vn 0.1083 0.7885 -0.6054
vn 0.0237 0.6075 -0.7939
vn -0.0887 0.4036 -0.9106
vn -0.2347 0.1811 -0.9551
vn -0.3965 -0.0715 -0.9153
vn -0.5453 -0.3200 -0.7747
vn -0.6478 -0.5249 -0.5522
vn -0.7052 -0.6495 -0.2843
vn -0.4751 -0.8333 0.2827
vn -0.4908 -0.8713 -0.0011
vn -0.4104 -0.7105 0.5716
vn -0.3009 -0.5083 0.8069
vn -0.1646 -0.2802 0.9457
vn -0.0204 -0.0294 0.9994
vn 0.1388 0.2399 0.9608
vn 0.3038 0.4793 0.8234
vn 0.4557 0.6557 0.6020
vn 0.5502 0.7757 0.3092
vn 0.5586 0.8291 -0.0224
vn 0.4991 0.7948 -0.3452
vn 0.3958 0.6706 -0.6273
vn 0.2812 0.4743 -0.8342
vn 0.1582 0.2646 -0.9513
vn 0.0201 0.0441 -0.9988
vn -0.1414 -0.2188 -0.9655
vn -0.2997 -0.4997 -0.8127
vn -0.4110 -0.7200 -0.5591
vn -0.4721 -0.8363 -0.2788
vn -0.3121 -0.9500 -0.0011
vn -0.2893 -0.9215 0.2591
vn -0.2064 -0.8085 0.5511
vn -0.0760 -0.5996 0.7967
vn 0.0595 -0.3689 0.9276
vn 0.1942 -0.1461 0.9700
vn 0.3516 0.1010 0.9307
vn 0.5259 0.3383 0.7803
vn 0.6717 0.5073 0.5399
vn 0.7534 0.5967 0.2763
vn 0.7651 0.6436 0.0199
vn 0.7225 0.6421 -0.2563
vn 0.6224 0.5361 -0.5702
vn 0.4710 0.3315 -0.8175
vn 0.3279 0.1278 -0.9360
vn 0.2042 -0.0774 -0.9759
vn 0.0682 -0.3301 -0.9415
vn -0.0799 -0.6132 -0.7859
vn -0.2119 -0.8233 -0.5266
vn -0.2872 -0.9241 -0.2522
vn -0.1134 -0.9935 0.0015
vn -0.0769 -0.9662 0.2459
vn 0.0240 -0.8581 0.5129
vn 0.1528 -0.6567 0.7386
vn 0.2668 -0.4368 0.8591
vn 0.3820 -0.2407 0.8923
vn 0.5295 -0.0327 0.8476
vn 0.6938 0.1889 0.6950
vn 0.8090 0.3656 0.4603
vn 0.8570 0.4562 0.2397
vn 0.8688 0.4925 0.0508
vn 0.8599 0.4761 -0.1839
vn 0.8015 0.3601 -0.4775
vn 0.6604 0.1742 -0.7305
vn 0.5057 -0.0189 -0.8625
vn 0.3829 -0.2113 -0.8993
vn 0.2730 -0.4418 -0.8546
vn 0.1500 -0.6891 -0.7090
vn 0.0155 -0.8785 -0.4775
vn -0.0784 -0.9703 -0.2288
vn 0.1399 -0.9902 0.0046
vn 0.1727 -0.9580 0.2287
vn 0.2571 -0.8540 0.4523
vn 0.3552 -0.6893 0.6314
vn 0.4467 -0.5071 0.7371
vn 0.5523 -0.3276 0.7666
vn 0.6812 -0.1458 0.7175
vn 0.8086 0.0377 0.5871
vn 0.8932 0.1962 0.4045
vn 0.9301 0.2961 0.2173
vn 0.9446 0.3265 0.0347
vn 0.9422 0.2872 -0.1729
vn 0.8986 0.1768 -0.4016
vn 0.7985 0.0216 -0.6016
vn 0.6721 -0.1475 -0.7256
vn 0.5571 -0.3277 -0.7630
vn 0.4569 -0.5222 -0.7201
vn 0.3580 -0.7126 -0.6033
vn 0.2537 -0.8702 -0.4223
vn 0.1700 -0.9627 -0.2106
vn 0.4388 -0.8986 0.0027
vn 0.4570 -0.8728 0.1715
vn 0.5034 -0.8008 0.3245
vn 0.5639 -0.6937 0.4481
vn 0.6364 -0.5625 0.5278
vn 0.7205 -0.4199 0.5518
vn 0.8099 -0.2779 0.5165
vn 0.8903 -0.1472 0.4310
vn 0.9498 -0.0380 0.3106
vn 0.9851 0.0358 0.1684
vn 0.9981 0.0597 0.0133
vn 0.9885 0.0298 -0.1483
vn 0.9520 -0.0465 -0.3027
vn 0.8893 -0.1538 -0.4308
vn 0.8093 -0.2804 -0.5161
vn 0.7235 -0.4216 -0.5466
vn 0.6408 -0.5675 -0.5171
vn 0.5663 -0.7008 -0.4339
vn 0.5035 -0.8062 -0.3107
vn 0.4568 -0.8746 -0.1624
vn 0.8638 -0.5038 0.0037
vn -0.9645 -0.2475 -0.0925
vn -0.9905 -0.1072 0.0862
vn -0.9716 0.0703 0.2261
vn -0.6509 -0.3256 -0.6858
vn -0.9103 0.2682 0.3152
vn -0.8129 0.4685 0.3460
vn -0.1153 0.3401 -0.9333
vn -0.6881 0.6532 0.3161
vn -0.5471 0.8055 0.2278
vn -0.1554 0.9441 -0.2908
vn -0.4026 0.9111 0.0885
vn -0.2677 0.9593 -0.0897
vn -0.0773 0.8652 -0.4955
vn -0.0422 0.7288 -0.6834
vn -0.0550 0.5477 -0.8349
vn -0.2174 0.1277 -0.9677
vn -0.3504 -0.0670 -0.9342
vn -0.5002 -0.2234 -0.8366
vn -0.8947 -0.3365 -0.2937
vn -0.7869 -0.3640 -0.4983
vn -0.5234 -0.7931 0.3116
vn -0.4997 -0.8662 0.0040
vn -0.4979 -0.6392 0.5861
vn -0.4254 -0.4235 0.7998
vn -0.3130 -0.1701 0.9344
vn -0.1709 0.0964 0.9806
vn -0.0110 0.3530 0.9356
vn 0.1525 0.5775 0.8020
vn 0.3034 0.7488 0.5892
vn 0.4245 0.8487 0.3153
vn 0.5003 0.8658 0.0079
vn 0.5216 0.7986 -0.3003
vn 0.4871 0.6551 -0.5776
vn 0.4022 0.4494 -0.7976
vn 0.2776 0.1998 -0.9397
vn 0.1274 -0.0713 -0.9893
vn -0.0323 -0.3371 -0.9409
vn -0.1865 -0.5703 -0.7999
vn -0.3226 -0.7474 -0.5808
vn -0.4302 -0.8500 -0.3040
vn -0.5019 -0.8649 0.0025
vn -0.5996 -0.7499 0.2797
vn -0.6372 -0.5615 0.5280
vn -0.6121 -0.3197 0.7232
vn -0.5283 -0.0488 0.8476
vn -0.3946 0.2258 0.8907
vn -0.2235 0.4791 0.8488
vn -0.0306 0.6875 0.7255
vn 0.1666 0.8307 0.5311
vn 0.3491 0.8932 0.2834
vn 0.4981 0.8671 0.0064
vn 0.5979 0.7542 -0.2716
vn 0.6381 0.5662 -0.5218
vn 0.6151 0.3232 -0.7192
vn 0.5321 0.0498 -0.8452
vn 0.3976 -0.2276 -0.8889
vn 0.2246 -0.4828 -0.8464
vn 0.0291 -0.6919 -0.7215
vn -0.1703 -0.8339 -0.5249
vn -0.3537 -0.8939 -0.2753
vn -0.5625 -0.7685 0.3049
vn -0.5016 -0.8651 0.0085
vn -0.5685 -0.5955 0.5676
vn -0.5200 -0.3664 0.7716
vn -0.4226 -0.1054 0.9001
vn -0.2860 0.1630 0.9443
vn -0.1218 0.4157 0.9013
vn 0.0558 0.6309 0.7739
vn 0.2303 0.7882 0.5708
vn 0.3837 0.8704 0.3086
vn 0.4983 0.8669 0.0124
vn 0.5607 0.7769 -0.2866
vn 0.5643 0.6100 -0.5563
vn 0.5105 0.3843 -0.7692
vn 0.4070 0.1223 -0.9052
vn 0.2653 -0.1510 -0.9522
vn 0.0993 -0.4106 -0.9064
vn -0.0760 -0.6316 -0.7715
vn -0.2450 -0.7918 -0.5595
vn -0.3919 -0.8730 -0.2903
# 281 vertex normals

vt 0.5025 0.5210 0.0000
vt 0.4967 0.5211 0.0000
vt 0.4959 0.4525 0.0000
vt 0.5122 0.4533 0.0000
vt 0.5082 0.5219 0.0000
vt 0.5285 0.4564 0.0000
vt 0.5448 0.4618 0.0000
vt 0.5138 0.5237 0.0000
vt 0.5190 0.5265 0.0000
vt 0.5612 0.4698 0.0000
vt 0.5766 0.4819 0.0000
vt 0.5232 0.5307 0.0000
vt 0.5910 0.4974 0.0000
vt 0.5266 0.5357 0.0000
vt 0.6037 0.5174 0.0000
vt 0.5289 0.5415 0.0000
vt 0.5300 0.5478 0.0000
vt 0.6132 0.5424 0.0000
vt 0.6170 0.5726 0.0000
vt 0.5294 0.5545 0.0000
vt 0.6115 0.6071 0.0000
vt 0.5270 0.5615 0.0000
vt 0.4626 0.5569 0.0000
vt 0.4650 0.5638 0.0000
vt 0.3770 0.6118 0.0000
vt 0.3725 0.5747 0.0000
vt 0.4621 0.5500 0.0000
vt 0.3771 0.5434 0.0000
vt 0.4632 0.5435 0.0000
vt 0.3869 0.5179 0.0000
vt 0.3998 0.4975 0.0000
vt 0.4662 0.5377 0.0000
vt 0.4150 0.4826 0.0000
vt 0.4696 0.5325 0.0000
vt 0.4310 0.4716 0.0000
vt 0.4744 0.5287 0.0000
vt 0.4470 0.4627 0.0000
vt 0.4797 0.5258 0.0000
vt 0.4634 0.4576 0.0000
vt 0.4854 0.5239 0.0000
vt 0.4796 0.4539 0.0000
vt 0.4910 0.5220 0.0000
vt 0.5176 0.4104 0.0000
vt 0.4966 0.4094 0.0000
vt 0.5389 0.4136 0.0000
vt 0.5609 0.4190 0.0000
vt 0.5839 0.4270 0.0000
vt 0.6077 0.4388 0.0000
vt 0.6330 0.4553 0.0000
vt 0.6602 0.4788 0.0000
vt 0.6881 0.5114 0.0000
vt 0.7134 0.5571 0.0000
vt 0.7292 0.6221 0.0000
vt 0.2508 0.6229 0.0000
vt 0.2744 0.5562 0.0000
vt 0.3028 0.5094 0.0000
vt 0.3308 0.4771 0.0000
vt 0.3577 0.4546 0.0000
vt 0.3837 0.4378 0.0000
vt 0.4082 0.4265 0.0000
vt 0.4312 0.4190 0.0000
vt 0.4536 0.4135 0.0000
vt 0.4753 0.4105 0.0000
vt 0.4968 0.3796 0.0000
vt 0.5200 0.3804 0.0000
vt 0.5437 0.3828 0.0000
vt 0.5688 0.3871 0.0000
vt 0.5957 0.3939 0.0000
vt 0.6245 0.4028 0.0000
vt 0.6572 0.4161 0.0000
vt 0.6960 0.4357 0.0000
vt 0.7407 0.4646 0.0000
vt 0.7910 0.5086 0.0000
vt 0.8461 0.5825 0.0000
vt 0.1340 0.5705 0.0000
vt 0.1991 0.5037 0.0000
vt 0.2527 0.4610 0.0000
vt 0.2966 0.4340 0.0000
vt 0.3344 0.4156 0.0000
vt 0.3677 0.4023 0.0000
vt 0.3968 0.3924 0.0000
vt 0.4236 0.3858 0.0000
vt 0.4491 0.3820 0.0000
vt 0.4733 0.3801 0.0000
vt 0.4969 0.3554 0.0000
vt 0.5216 0.3552 0.0000
vt 0.5463 0.3555 0.0000
vt 0.5730 0.3584 0.0000
vt 0.6021 0.3636 0.0000
vt 0.6343 0.3703 0.0000
vt 0.6715 0.3778 0.0000
vt 0.7181 0.3893 0.0000
vt 0.7741 0.4085 0.0000
vt 0.8414 0.4404 0.0000
vt 0.9336 0.4978 0.0000
vt 0.1515 0.4331 0.0000
vt 0.0591 0.4790 0.0000
vt 0.2203 0.4041 0.0000
vt 0.2746 0.3875 0.0000
vt 0.3201 0.3772 0.0000
vt 0.3584 0.3693 0.0000
vt 0.3908 0.3620 0.0000
vt 0.4195 0.3568 0.0000
vt 0.4464 0.3549 0.0000
vt 0.4718 0.3549 0.0000
vt 0.5229 0.3291 0.0000
vt 0.4971 0.3301 0.0000
vt 0.5483 0.3276 0.0000
vt 0.5750 0.3282 0.0000
vt 0.6053 0.3318 0.0000
vt 0.6393 0.3355 0.0000
vt 0.6785 0.3362 0.0000
vt 0.7267 0.3359 0.0000
vt 0.7871 0.3413 0.0000
vt 0.8656 0.3553 0.0000
vt 0.9800 0.3751 0.0000
vt 0.0200 0.3627 0.0000
vt 0.1307 0.3469 0.0000
vt 0.2074 0.3356 0.0000
vt 0.2642 0.3327 0.0000
vt 0.3138 0.3340 0.0000
vt 0.3544 0.3334 0.0000
vt 0.3885 0.3302 0.0000
vt 0.4178 0.3271 0.0000
vt 0.4448 0.3268 0.0000
vt 0.4710 0.3287 0.0000
vt 0.4974 0.3016 0.0000
vt 0.5231 0.3001 0.0000
vt 0.5483 0.2971 0.0000
vt 0.5746 0.2959 0.0000
vt 0.6049 0.2966 0.0000
vt 0.6388 0.2959 0.0000
vt 0.6768 0.2896 0.0000
vt 0.7200 0.2782 0.0000
vt 0.7759 0.2660 0.0000
vt 0.8531 0.2527 0.0000
vt 0.9617 0.2241 0.0000
vt 0.1434 0.2487 0.0000
vt 0.0397 0.2196 0.0000
vt 0.2162 0.2618 0.0000
vt 0.2719 0.2736 0.0000
vt 0.3183 0.2860 0.0000
vt 0.3583 0.2938 0.0000
vt 0.3910 0.2956 0.0000
vt 0.4196 0.2953 0.0000
vt 0.4458 0.2965 0.0000
vt 0.4715 0.2997 0.0000
vt 0.4978 0.2666 0.0000
vt 0.5215 0.2651 0.0000
vt 0.5450 0.2616 0.0000
vt 0.5698 0.2580 0.0000
vt 0.5981 0.2538 0.0000
vt 0.6290 0.2470 0.0000
vt 0.6603 0.2349 0.0000
vt 0.6940 0.2153 0.0000
vt 0.7359 0.1871 0.0000
vt 0.7895 0.1475 0.0000
vt 0.8565 0.0826 0.0000
vt 0.1397 0.0825 0.0000
vt 0.2024 0.1473 0.0000
vt 0.2556 0.1856 0.0000
vt 0.2994 0.2122 0.0000
vt 0.3367 0.2325 0.0000
vt 0.3703 0.2470 0.0000
vt 0.3994 0.2543 0.0000
vt 0.4259 0.2581 0.0000
vt 0.4502 0.2614 0.0000
vt 0.4739 0.2648 0.0000
vt 0.4980 0.2285 0.0000
vt 0.5180 0.2274 0.0000
vt 0.5383 0.2239 0.0000
vt 0.5593 0.2179 0.0000
vt 0.5817 0.2099 0.0000
vt 0.6048 0.1986 0.0000
vt 0.6271 0.1827 0.0000
vt 0.6490 0.1603 0.0000
vt 0.6708 0.1292 0.0000
vt 0.6929 0.0841 0.0000
vt 0.7098 0.0236 0.0000
vt 0.2843 0.0200 0.0000
vt 0.2995 0.0840 0.0000
vt 0.3213 0.1270 0.0000
vt 0.3454 0.1587 0.0000
vt 0.3696 0.1825 0.0000
vt 0.3932 0.1994 0.0000
vt 0.4155 0.2107 0.0000
vt 0.4370 0.2183 0.0000
vt 0.4578 0.2239 0.0000
vt 0.4780 0.2272 0.0000
vt 0.4979 0.1793 0.0000
vt 0.5113 0.1786 0.0000
vt 0.5246 0.1756 0.0000
vt 0.5377 0.1700 0.0000
vt 0.5505 0.1619 0.0000
vt 0.5625 0.1513 0.0000
vt 0.5730 0.1376 0.0000
vt 0.5812 0.1207 0.0000
vt 0.5860 0.0998 0.0000
vt 0.5855 0.0746 0.0000
vt 0.5777 0.0454 0.0000
vt 0.4182 0.0438 0.0000
vt 0.4093 0.0725 0.0000
vt 0.4091 0.0983 0.0000
vt 0.4142 0.1200 0.0000
vt 0.4228 0.1378 0.0000
vt 0.4335 0.1514 0.0000
vt 0.4453 0.1620 0.0000
vt 0.4580 0.1699 0.0000
vt 0.4711 0.1755 0.0000
vt 0.4845 0.1784 0.0000
vt 0.4980 0.1079 0.0000
vt 0.0939 0.7047 0.0000
vt 0.0847 0.7710 0.0000
vt 0.0639 0.7660 0.0000
vt 0.0856 0.7281 0.0000
vt 0.0932 0.7326 0.0000
vt 0.0463 0.7557 0.0000
vt 0.0803 0.7225 0.0000
vt 0.0327 0.7413 0.0000
vt 0.0769 0.7165 0.0000
vt 0.0238 0.7239 0.0000
vt 0.0750 0.7106 0.0000
vt 0.0200 0.7047 0.0000
vt 0.0744 0.7047 0.0000
vt 0.0238 0.6854 0.0000
vt 0.0750 0.6988 0.0000
vt 0.0327 0.6681 0.0000
vt 0.0769 0.6928 0.0000
vt 0.0463 0.6537 0.0000
vt 0.0803 0.6869 0.0000
vt 0.0639 0.6433 0.0000
vt 0.0856 0.6813 0.0000
vt 0.0847 0.6383 0.0000
vt 0.0932 0.6767 0.0000
vt 0.1068 0.6401 0.0000
vt 0.1031 0.6743 0.0000
vt 0.1277 0.6494 0.0000
vt 0.1146 0.6754 0.0000
vt 0.1438 0.6653 0.0000
vt 0.1257 0.6813 0.0000
vt 0.1528 0.6848 0.0000
vt 0.1338 0.6917 0.0000
vt 0.1549 0.7047 0.0000
vt 0.1367 0.7047 0.0000
vt 0.1528 0.7245 0.0000
vt 0.1338 0.7177 0.0000
vt 0.1438 0.7440 0.0000
vt 0.1257 0.7281 0.0000
vt 0.1146 0.7339 0.0000
vt 0.1277 0.7599 0.0000
vt 0.1068 0.7693 0.0000
vt 0.1031 0.7351 0.0000
vt 0.0938 0.7050 0.0000
vt 0.0939 0.7051 0.0000
vt 0.0937 0.7050 0.0000
vt 0.0936 0.7049 0.0000
vt 0.0935 0.7048 0.0000
vt 0.0935 0.7047 0.0000
vt 0.0935 0.7046 0.0000
vt 0.0936 0.7045 0.0000
vt 0.0937 0.7044 0.0000
vt 0.0938 0.7043 0.0000
vt 0.0939 0.7043 0.0000
vt 0.0940 0.7042 0.0000
vt 0.0941 0.7043 0.0000
vt 0.0943 0.7044 0.0000
vt 0.0943 0.7045 0.0000
vt 0.0944 0.7047 0.0000
vt 0.0943 0.7048 0.0000
vt 0.0943 0.7049 0.0000
vt 0.0941 0.7050 0.0000
vt 0.0940 0.7051 0.0000
# 272 texture coords

o Sphere032
g Sphere032
usemtl Material__26
s 1
f 3480/3511/3465 3481/3512/3466 3482/3513/3467 3483/3514/3468 
f 3484/3515/3469 3480/3511/3465 3483/3514/3468 3485/3516/3470 
f 3485/3516/3470 3486/3517/3471 3487/3518/3472 3484/3515/3469 
f 3488/3519/3473 3487/3518/3472 3486/3517/3471 3489/3520/3474 
f 3489/3520/3474 3490/3521/3475 3491/3522/3476 3488/3519/3473 
f 3491/3522/3476 3490/3521/3475 3492/3523/3477 3493/3524/3478 
f 3492/3523/3477 3494/3525/3479 3495/3526/3480 3493/3524/3478 
f 3496/3527/3481 3495/3526/3480 3494/3525/3479 3497/3528/3482 
f 3497/3528/3482 3498/3529/3483 3499/3530/3484 3496/3527/3481 
f 3499/3530/3484 3498/3529/3483 3500/3531/3485 3501/3532/3486 
f 3502/3533/3487 3501/3534/3486 3500/3535/3485 3503/3536/3488 
f 3504/3537/3489 3502/3533/3487 3503/3536/3488 3505/3538/3490 
f 3506/3539/3491 3504/3537/3489 3505/3538/3490 3507/3540/3492 
f 3508/3541/3493 3509/3542/3494 3506/3539/3491 3507/3540/3492 
f 3508/3541/3493 3510/3543/3495 3511/3544/3496 3509/3542/3494 
f 3511/3544/3496 3510/3543/3495 3512/3545/3497 3513/3546/3498 
f 3512/3545/3497 3514/3547/3499 3515/3548/3500 3513/3546/3498 
f 3514/3547/3499 3516/3549/3501 3517/3550/3502 3515/3548/3500 
f 3516/3549/3501 3518/3551/3503 3519/3552/3504 3517/3550/3502 
f 3519/3552/3504 3518/3551/3503 3482/3513/3467 3481/3512/3466 
f 3520/3553/3505 3483/3514/3468 3482/3513/3467 3521/3554/3506 
f 3522/3555/3507 3485/3516/3470 3483/3514/3468 3520/3553/3505 
f 3522/3555/3507 3523/3556/3508 3486/3517/3471 3485/3516/3470 
f 3523/3556/3508 3524/3557/3509 3489/3520/3474 3486/3517/3471 
f 3490/3521/3475 3489/3520/3474 3524/3557/3509 3525/3558/3510 
f 3526/3559/3511 3492/3523/3477 3490/3521/3475 3525/3558/3510 
f 3526/3559/3511 3527/3560/3512 3494/3525/3479 3492/3523/3477 
f 3528/3561/3513 3497/3528/3482 3494/3525/3479 3527/3560/3512 
f 3529/3562/3514 3498/3529/3483 3497/3528/3482 3528/3561/3513 
f 3529/3562/3514 3530/3563/3515 3500/3531/3485 3498/3529/3483 
f 3500/3535/3485 3530/3564/3515 3531/3565/3516 3503/3536/3488 
f 3503/3536/3488 3531/3565/3516 3532/3566/3517 3505/3538/3490 
f 3532/3566/3517 3533/3567/3518 3507/3540/3492 3505/3538/3490 
f 3507/3540/3492 3533/3567/3518 3534/3568/3519 3508/3541/3493 
f 3508/3541/3493 3534/3568/3519 3535/3569/3520 3510/3543/3495 
f 3536/3570/3521 3512/3545/3497 3510/3543/3495 3535/3569/3520 
f 3536/3570/3521 3537/3571/3522 3514/3547/3499 3512/3545/3497 
f 3537/3571/3522 3538/3572/3523 3516/3549/3501 3514/3547/3499 
f 3538/3572/3523 3539/3573/3524 3518/3551/3503 3516/3549/3501 
f 3521/3554/3506 3482/3513/3467 3518/3551/3503 3539/3573/3524 
f 3521/3554/3506 3540/3574/3525 3541/3575/3526 3520/3553/3505 
f 3520/3553/3505 3541/3575/3526 3542/3576/3527 3522/3555/3507 
f 3542/3576/3527 3543/3577/3528 3523/3556/3508 3522/3555/3507 
f 3523/3556/3508 3543/3577/3528 3544/3578/3529 3524/3557/3509 
f 3524/3557/3509 3544/3578/3529 3545/3579/3530 3525/3558/3510 
f 3525/3558/3510 3545/3579/3530 3546/3580/3531 3526/3559/3511 
f 3527/3560/3512 3526/3559/3511 3546/3580/3531 3547/3581/3532 
f 3548/3582/3533 3528/3561/3513 3527/3560/3512 3547/3581/3532 
f 3528/3561/3513 3548/3582/3533 3549/3583/3534 3529/3562/3514 
f 3529/3562/3514 3549/3583/3534 3550/3584/3535 3530/3563/3515 
f 3531/3565/3516 3530/3564/3515 3550/3585/3535 3551/3586/3536 
f 3531/3565/3516 3551/3586/3536 3552/3587/3537 3532/3566/3517 
f 3532/3566/3517 3552/3587/3537 3553/3588/3538 3533/3567/3518 
f 3533/3567/3518 3553/3588/3538 3554/3589/3539 3534/3568/3519 
f 3534/3568/3519 3554/3589/3539 3555/3590/3540 3535/3569/3520 
f 3535/3569/3520 3555/3590/3540 3556/3591/3541 3536/3570/3521 
f 3536/3570/3521 3556/3591/3541 3557/3592/3542 3537/3571/3522 
f 3537/3571/3522 3557/3592/3542 3558/3593/3543 3538/3572/3523 
f 3538/3572/3523 3558/3593/3543 3559/3594/3544 3539/3573/3524 
f 3540/3574/3525 3521/3554/3506 3539/3573/3524 3559/3594/3544 
f 3540/3574/3525 3560/3595/3545 3561/3596/3546 3541/3575/3526 
f 3541/3575/3526 3561/3596/3546 3562/3597/3547 3542/3576/3527 
f 3562/3597/3547 3563/3598/3548 3543/3577/3528 3542/3576/3527 
f 3564/3599/3549 3544/3578/3529 3543/3577/3528 3563/3598/3548 
f 3565/3600/3550 3545/3579/3530 3544/3578/3529 3564/3599/3549 
f 3565/3600/3550 3566/3601/3551 3546/3580/3531 3545/3579/3530 
f 3546/3580/3531 3566/3601/3551 3567/3602/3552 3547/3581/3532 
f 3547/3581/3532 3567/3602/3552 3568/3603/3553 3548/3582/3533 
f 3569/3604/3554 3549/3583/3534 3548/3582/3533 3568/3603/3553 
f 3549/3583/3534 3569/3604/3554 3570/3605/3555 3550/3584/3535 
f 3571/3606/3556 3551/3586/3536 3550/3585/3535 3570/3607/3555 
f 3551/3586/3536 3571/3606/3556 3572/3608/3557 3552/3587/3537 
f 3552/3587/3537 3572/3608/3557 3573/3609/3558 3553/3588/3538 
f 3553/3588/3538 3573/3609/3558 3574/3610/3559 3554/3589/3539 
f 3554/3589/3539 3574/3610/3559 3575/3611/3560 3555/3590/3540 
f 3555/3590/3540 3575/3611/3560 3576/3612/3561 3556/3591/3541 
f 3556/3591/3541 3576/3612/3561 3577/3613/3562 3557/3592/3542 
f 3557/3592/3542 3577/3613/3562 3578/3614/3563 3558/3593/3543 
f 3579/3615/3564 3559/3594/3544 3558/3593/3543 3578/3614/3563 
f 3560/3595/3545 3540/3574/3525 3559/3594/3544 3579/3615/3564 
f 3580/3616/3565 3561/3596/3546 3560/3595/3545 3581/3617/3566 
f 3580/3616/3565 3582/3618/3567 3562/3597/3547 3561/3596/3546 
f 3582/3618/3567 3583/3619/3568 3563/3598/3548 3562/3597/3547 
f 3563/3598/3548 3583/3619/3568 3584/3620/3569 3564/3599/3549 
f 3584/3620/3569 3585/3621/3570 3565/3600/3550 3564/3599/3549 
f 3565/3600/3550 3585/3621/3570 3586/3622/3571 3566/3601/3551 
f 3586/3622/3571 3587/3623/3572 3567/3602/3552 3566/3601/3551 
f 3587/3623/3572 3588/3624/3573 3568/3603/3553 3567/3602/3552 
f 3568/3603/3553 3588/3624/3573 3589/3625/3574 3569/3604/3554 
f 3590/3626/3575 3570/3605/3555 3569/3604/3554 3589/3625/3574 
f 3590/3627/3575 3591/3628/3576 3571/3606/3556 3570/3607/3555 
f 3571/3606/3556 3591/3628/3576 3592/3629/3577 3572/3608/3557 
f 3593/3630/3578 3573/3609/3558 3572/3608/3557 3592/3629/3577 
f 3593/3630/3578 3594/3631/3579 3574/3610/3559 3573/3609/3558 
f 3594/3631/3579 3595/3632/3580 3575/3611/3560 3574/3610/3559 
f 3575/3611/3560 3595/3632/3580 3596/3633/3581 3576/3612/3561 
f 3576/3612/3561 3596/3633/3581 3597/3634/3582 3577/3613/3562 
f 3598/3635/3583 3578/3614/3563 3577/3613/3562 3597/3634/3582 
f 3598/3635/3583 3599/3636/3584 3579/3615/3564 3578/3614/3563 
f 3581/3617/3566 3560/3595/3545 3579/3615/3564 3599/3636/3584 
f 3600/3637/3585 3601/3638/3586 3580/3616/3565 3581/3617/3566 
f 3580/3616/3565 3601/3638/3586 3602/3639/3587 3582/3618/3567 
f 3582/3618/3567 3602/3639/3587 3603/3640/3588 3583/3619/3568 
f 3604/3641/3589 3584/3620/3569 3583/3619/3568 3603/3640/3588 
f 3604/3641/3589 3605/3642/3590 3585/3621/3570 3584/3620/3569 
f 3585/3621/3570 3605/3642/3590 3606/3643/3591 3586/3622/3571 
f 3586/3622/3571 3606/3643/3591 3607/3644/3592 3587/3623/3572 
f 3607/3644/3592 3608/3645/3593 3588/3624/3573 3587/3623/3572 
f 3589/3625/3574 3588/3624/3573 3608/3645/3593 3609/3646/3594 
f 3590/3626/3575 3589/3625/3574 3609/3646/3594 3610/3647/3595 
f 3611/3648/3596 3591/3628/3576 3590/3627/3575 3610/3649/3595 
f 3612/3650/3597 3592/3629/3577 3591/3628/3576 3611/3648/3596 
f 3612/3650/3597 3613/3651/3598 3593/3630/3578 3592/3629/3577 
f 3593/3630/3578 3613/3651/3598 3614/3652/3599 3594/3631/3579 
f 3594/3631/3579 3614/3652/3599 3615/3653/3600 3595/3632/3580 
f 3616/3654/3601 3596/3633/3581 3595/3632/3580 3615/3653/3600 
f 3616/3654/3601 3617/3655/3602 3597/3634/3582 3596/3633/3581 
f 3617/3655/3602 3618/3656/3603 3598/3635/3583 3597/3634/3582 
f 3598/3635/3583 3618/3656/3603 3619/3657/3604 3599/3636/3584 
f 3600/3637/3585 3581/3617/3566 3599/3636/3584 3619/3657/3604 
f 3600/3637/3585 3620/3658/3605 3621/3659/3606 3601/3638/3586 
f 3621/3659/3606 3622/3660/3607 3602/3639/3587 3601/3638/3586 
f 3602/3639/3587 3622/3660/3607 3623/3661/3608 3603/3640/3588 
f 3623/3661/3608 3624/3662/3609 3604/3641/3589 3603/3640/3588 
f 3624/3662/3609 3625/3663/3610 3605/3642/3590 3604/3641/3589 
f 3625/3663/3610 3626/3664/3611 3606/3643/3591 3605/3642/3590 
f 3626/3664/3611 3627/3665/3612 3607/3644/3592 3606/3643/3591 
f 3627/3665/3612 3628/3666/3613 3608/3645/3593 3607/3644/3592 
f 3608/3645/3593 3628/3666/3613 3629/3667/3614 3609/3646/3594 
f 3609/3646/3594 3629/3667/3614 3630/3668/3615 3610/3647/3595 
f 3630/3669/3615 3631/3670/3616 3611/3648/3596 3610/3649/3595 
f 3611/3648/3596 3631/3670/3616 3632/3671/3617 3612/3650/3597 
f 3612/3650/3597 3632/3671/3617 3633/3672/3618 3613/3651/3598 
f 3613/3651/3598 3633/3672/3618 3634/3673/3619 3614/3652/3599 
f 3615/3653/3600 3614/3652/3599 3634/3673/3619 3635/3674/3620 
f 3636/3675/3621 3616/3654/3601 3615/3653/3600 3635/3674/3620 
f 3616/3654/3601 3636/3675/3621 3637/3676/3622 3617/3655/3602 
f 3617/3655/3602 3637/3676/3622 3638/3677/3623 3618/3656/3603 
f 3619/3657/3604 3618/3656/3603 3638/3677/3623 3639/3678/3624 
f 3600/3637/3585 3619/3657/3604 3639/3678/3624 3620/3658/3605 
f 3620/3658/3605 3640/3679/3625 3641/3680/3626 3621/3659/3606 
f 3621/3659/3606 3641/3680/3626 3642/3681/3627 3622/3660/3607 
f 3622/3660/3607 3642/3681/3627 3643/3682/3628 3623/3661/3608 
f 3623/3661/3608 3643/3682/3628 3644/3683/3629 3624/3662/3609 
f 3624/3662/3609 3644/3683/3629 3645/3684/3630 3625/3663/3610 
f 3625/3663/3610 3645/3684/3630 3646/3685/3631 3626/3664/3611 
f 3626/3664/3611 3646/3685/3631 3647/3686/3632 3627/3665/3612 
f 3627/3665/3612 3647/3686/3632 3648/3687/3633 3628/3666/3613 
f 3628/3666/3613 3648/3687/3633 3649/3688/3634 3629/3667/3614 
f 3629/3667/3614 3649/3688/3634 3650/3689/3635 3630/3668/3615 
f 3650/3690/3635 3651/3691/3636 3631/3670/3616 3630/3669/3615 
f 3652/3692/3637 3632/3671/3617 3631/3670/3616 3651/3691/3636 
f 3653/3693/3638 3633/3672/3618 3632/3671/3617 3652/3692/3637 
f 3653/3693/3638 3654/3694/3639 3634/3673/3619 3633/3672/3618 
f 3634/3673/3619 3654/3694/3639 3655/3695/3640 3635/3674/3620 
f 3635/3674/3620 3655/3695/3640 3656/3696/3641 3636/3675/3621 
f 3657/3697/3642 3637/3676/3622 3636/3675/3621 3656/3696/3641 
f 3637/3676/3622 3657/3697/3642 3658/3698/3643 3638/3677/3623 
f 3659/3699/3644 3639/3678/3624 3638/3677/3623 3658/3698/3643 
f 3640/3679/3625 3620/3658/3605 3639/3678/3624 3659/3699/3644 
f 3640/3679/3625 3660/3700/3645 3661/3701/3646 3641/3680/3626 
f 3641/3680/3626 3661/3701/3646 3662/3702/3647 3642/3681/3627 
f 3642/3681/3627 3662/3702/3647 3663/3703/3648 3643/3682/3628 
f 3643/3682/3628 3663/3703/3648 3664/3704/3649 3644/3683/3629 
f 3644/3683/3629 3664/3704/3649 3665/3705/3650 3645/3684/3630 
f 3645/3684/3630 3665/3705/3650 3666/3706/3651 3646/3685/3631 
f 3667/3707/3652 3647/3686/3632 3646/3685/3631 3666/3706/3651 
f 3667/3707/3652 3668/3708/3653 3648/3687/3633 3647/3686/3632 
f 3669/3709/3654 3649/3688/3634 3648/3687/3633 3668/3708/3653 
f 3669/3709/3654 3670/3710/3655 3650/3689/3635 3649/3688/3634 
f 3670/3711/3655 3671/3712/3656 3651/3691/3636 3650/3690/3635 
f 3651/3691/3636 3671/3712/3656 3672/3713/3657 3652/3692/3637 
f 3672/3713/3657 3673/3714/3658 3653/3693/3638 3652/3692/3637 
f 3653/3693/3638 3673/3714/3658 3674/3715/3659 3654/3694/3639 
f 3674/3715/3659 3675/3716/3660 3655/3695/3640 3654/3694/3639 
f 3675/3716/3660 3676/3717/3661 3656/3696/3641 3655/3695/3640 
f 3656/3696/3641 3676/3717/3661 3677/3718/3662 3657/3697/3642 
f 3678/3719/3663 3658/3698/3643 3657/3697/3642 3677/3718/3662 
f 3678/3719/3663 3679/3720/3664 3659/3699/3644 3658/3698/3643 
f 3659/3699/3644 3679/3720/3664 3660/3700/3645 3640/3679/3625 
f 3680/3721/3665 3661/3701/3646 3660/3700/3645 
f 3680/3721/3665 3662/3702/3647 3661/3701/3646 
f 3680/3721/3665 3663/3703/3648 3662/3702/3647 
f 3680/3721/3665 3664/3704/3649 3663/3703/3648 
f 3680/3721/3665 3665/3705/3650 3664/3704/3649 
f 3680/3721/3665 3666/3706/3651 3665/3705/3650 
f 3680/3721/3665 3667/3707/3652 3666/3706/3651 
f 3680/3721/3665 3668/3708/3653 3667/3707/3652 
f 3680/3721/3665 3669/3709/3654 3668/3708/3653 
f 3680/3721/3665 3670/3710/3655 3669/3709/3654 
f 3680/3721/3665 3671/3712/3656 3670/3711/3655 
f 3680/3721/3665 3672/3713/3657 3671/3712/3656 
f 3680/3721/3665 3673/3714/3658 3672/3713/3657 
f 3680/3721/3665 3674/3715/3659 3673/3714/3658 
f 3680/3721/3665 3675/3716/3660 3674/3715/3659 
f 3680/3721/3665 3676/3717/3661 3675/3716/3660 
f 3680/3721/3665 3677/3718/3662 3676/3717/3661 
f 3680/3721/3665 3678/3719/3663 3677/3718/3662 
f 3680/3721/3665 3679/3720/3664 3678/3719/3663 
f 3680/3721/3665 3660/3700/3645 3679/3720/3664 
f 3681/3722/3666 3682/3722/3667 3683/3722/3668 3684/3722/3669 
f 3683/3722/3668 3685/3722/3670 3686/3722/3671 3687/3722/3672 
f 3686/3722/3671 3688/3722/3673 3689/3722/3674 3690/3722/3675 
f 3689/3722/3674 3691/3722/3676 3692/3722/3677 3690/3722/3675 
f 3693/3722/3678 3694/3722/3679 3695/3722/3680 3687/3722/3672 
f 3690/3722/3675 3693/3722/3678 3687/3722/3672 3686/3722/3671 
f 3696/3722/3681 3697/3722/3682 3698/3722/3683 3684/3722/3669 
f 3687/3722/3672 3696/3722/3681 3684/3722/3669 3683/3722/3668 
f 3699/3722/3684 3681/3722/3666 3684/3722/3669 3700/3722/3685 
s 2
f 3481/3723/3466 3480/3724/3465 3701/3725/3686 3702/3726/3687 
f 3484/3727/3469 3703/3728/3688 3701/3725/3686 3480/3724/3465 
f 3703/3728/3688 3484/3727/3469 3487/3729/3472 3704/3730/3689 
f 3487/3729/3472 3488/3731/3473 3705/3732/3690 3704/3730/3689 
f 3705/3732/3690 3488/3731/3473 3491/3733/3476 3706/3734/3691 
f 3706/3734/3691 3491/3733/3476 3493/3735/3478 3707/3736/3692 
f 3707/3736/3692 3493/3735/3478 3495/3737/3480 3708/3738/3693 
f 3495/3737/3480 3496/3739/3481 3709/3740/3694 3708/3738/3693 
f 3499/3741/3484 3710/3742/3695 3709/3740/3694 3496/3739/3481 
f 3710/3742/3695 3499/3741/3484 3501/3743/3486 3711/3744/3696 
f 3502/3745/3487 3712/3746/3697 3711/3744/3696 3501/3743/3486 
f 3502/3745/3487 3504/3747/3489 3713/3748/3698 3712/3746/3697 
f 3713/3748/3698 3504/3747/3489 3506/3749/3491 3714/3750/3699 
f 3506/3749/3491 3509/3751/3494 3715/3752/3700 3714/3750/3699 
f 3511/3753/3496 3716/3754/3701 3715/3752/3700 3509/3751/3494 
f 3513/3755/3498 3717/3756/3702 3716/3754/3701 3511/3753/3496 
f 3513/3755/3498 3515/3757/3500 3718/3758/3703 3717/3756/3702 
f 3719/3759/3704 3718/3758/3703 3515/3757/3500 3517/3760/3502 
f 3519/3761/3504 3720/3762/3705 3719/3759/3704 3517/3760/3502 
f 3481/3723/3466 3702/3726/3687 3720/3762/3705 3519/3761/3504 
f 3699/3722/3684 3721/3722/3706 3722/3722/3707 3681/3722/3666 
f 3723/3722/3708 3682/3722/3667 3681/3722/3666 3722/3722/3707 
f 3682/3722/3667 3723/3722/3708 3724/3722/3709 3683/3722/3668 
f 3685/3722/3670 3683/3722/3668 3724/3722/3709 3725/3722/3710 
f 3686/3722/3671 3685/3722/3670 3725/3722/3710 3726/3722/3711 
f 3686/3722/3671 3726/3722/3711 3727/3722/3712 3688/3722/3673 
f 3728/3722/3713 3689/3722/3674 3688/3722/3673 3727/3722/3712 
f 3689/3722/3674 3728/3722/3713 3729/3722/3714 3691/3722/3676 
f 3692/3722/3677 3691/3722/3676 3729/3722/3714 3730/3722/3715 
f 3690/3722/3675 3692/3722/3677 3730/3722/3715 3731/3722/3716 
f 3693/3722/3678 3690/3722/3675 3731/3722/3716 3732/3722/3717 
f 3693/3722/3678 3732/3722/3717 3733/3722/3718 3694/3722/3679 
f 3733/3722/3718 3734/3722/3719 3695/3722/3680 3694/3722/3679 
f 3687/3722/3672 3695/3722/3680 3734/3722/3719 3735/3722/3720 
f 3687/3722/3672 3735/3722/3720 3736/3722/3721 3696/3722/3681 
f 3696/3722/3681 3736/3722/3721 3737/3722/3722 3697/3722/3682 
f 3738/3722/3723 3698/3722/3683 3697/3722/3682 3737/3722/3722 
f 3698/3722/3683 3738/3722/3723 3739/3722/3724 3684/3722/3669 
f 3684/3722/3669 3739/3722/3724 3740/3722/3725 3700/3722/3685 
f 3700/3722/3685 3740/3722/3725 3721/3722/3706 3699/3722/3684 
f 3702/3726/3687 3701/3725/3686 3741/3763/3726 3742/3764/3727 
f 3703/3728/3688 3743/3765/3728 3741/3763/3726 3701/3725/3686 
f 3744/3766/3729 3743/3765/3728 3703/3728/3688 3704/3730/3689 
f 3745/3767/3730 3744/3766/3729 3704/3730/3689 3705/3732/3690 
f 3706/3734/3691 3746/3768/3731 3745/3767/3730 3705/3732/3690 
f 3707/3736/3692 3747/3769/3732 3746/3768/3731 3706/3734/3691 
f 3747/3769/3732 3707/3736/3692 3708/3738/3693 3748/3770/3733 
f 3749/3771/3734 3748/3770/3733 3708/3738/3693 3709/3740/3694 
f 3749/3771/3734 3709/3740/3694 3710/3742/3695 3750/3772/3735 
f 3750/3772/3735 3710/3742/3695 3711/3744/3696 3751/3773/3736 
f 3752/3774/3737 3751/3773/3736 3711/3744/3696 3712/3746/3697 
f 3753/3775/3738 3752/3774/3737 3712/3746/3697 3713/3748/3698 
f 3754/3776/3739 3753/3775/3738 3713/3748/3698 3714/3750/3699 
f 3714/3750/3699 3715/3752/3700 3755/3777/3740 3754/3776/3739 
f 3755/3777/3740 3715/3752/3700 3716/3754/3701 3756/3778/3741 
f 3717/3756/3702 3757/3779/3742 3756/3778/3741 3716/3754/3701 
f 3757/3779/3742 3717/3756/3702 3718/3758/3703 3758/3780/3743 
f 3758/3780/3743 3718/3758/3703 3719/3759/3704 3759/3781/3744 
f 3760/3782/3745 3759/3781/3744 3719/3759/3704 3720/3762/3705 
f 3760/3782/3745 3720/3762/3705 3702/3726/3687 3742/3764/3727 
f 3741/3763/3726 3722/3722/3707 3721/3722/3706 3742/3764/3727 
f 3723/3722/3708 3722/3722/3707 3741/3763/3726 3743/3765/3728 
f 3723/3722/3708 3743/3765/3728 3744/3766/3729 3724/3722/3709 
f 3745/3767/3730 3725/3722/3710 3724/3722/3709 3744/3766/3729 
f 3725/3722/3710 3745/3767/3730 3746/3768/3731 3726/3722/3711 
f 3747/3769/3732 3727/3722/3712 3726/3722/3711 3746/3768/3731 
f 3727/3722/3712 3747/3769/3732 3748/3770/3733 3728/3722/3713 
f 3728/3722/3713 3748/3770/3733 3749/3771/3734 3729/3722/3714 
f 3750/3772/3735 3730/3722/3715 3729/3722/3714 3749/3771/3734 
f 3751/3773/3736 3731/3722/3716 3730/3722/3715 3750/3772/3735 
f 3752/3774/3737 3732/3722/3717 3731/3722/3716 3751/3773/3736 
f 3753/3775/3738 3733/3722/3718 3732/3722/3717 3752/3774/3737 
f 3754/3776/3739 3734/3722/3719 3733/3722/3718 3753/3775/3738 
f 3755/3777/3740 3735/3722/3720 3734/3722/3719 3754/3776/3739 
f 3736/3722/3721 3735/3722/3720 3755/3777/3740 3756/3778/3741 
f 3736/3722/3721 3756/3778/3741 3757/3779/3742 3737/3722/3722 
f 3738/3722/3723 3737/3722/3722 3757/3779/3742 3758/3780/3743 
f 3739/3722/3724 3738/3722/3723 3758/3780/3743 3759/3781/3744 
f 3760/3782/3745 3740/3722/3725 3739/3722/3724 3759/3781/3744 
f 3740/3722/3725 3760/3782/3745 3742/3764/3727 3721/3722/3706 
# 269 polygons - 20 triangles

#
# object Sphere050
#

v  -0.1687 3.4419 2.2785
v  -0.1549 3.4419 2.2979
v  -0.0287 3.5157 2.2734
v  -0.1740 3.4419 2.2553
v  -0.1701 3.4419 2.2318
v  -0.1574 3.4419 2.2116
v  -0.1380 3.4419 2.1978
v  -0.1148 3.4419 2.1924
v  -0.0913 3.4419 2.1964
v  -0.0711 3.4419 2.2091
v  -0.0573 3.4419 2.2285
v  -0.0519 3.4419 2.2517
v  -0.0559 3.4419 2.2752
v  -0.0685 3.4419 2.2954
v  -0.0880 3.4419 2.3092
v  -0.1112 3.4419 2.3145
v  -0.1347 3.4419 2.3106
v  -0.2596 3.3884 2.3270
v  -0.2204 3.3884 2.3775
v  -0.2766 3.3884 2.2652
v  -0.2686 3.3884 2.2017
v  -0.2370 3.3884 2.1461
v  -0.1865 3.3884 2.1068
v  -0.1247 3.3884 2.0898
v  -0.0612 3.3884 2.0978
v  -0.0056 3.3884 2.1295
v  0.0337 3.3884 2.1800
v  0.0507 3.3884 2.2417
v  0.0427 3.3884 2.3052
v  0.0110 3.3884 2.3609
v  -0.0395 3.3884 2.4001
v  -0.1012 3.3884 2.4171
v  -0.1647 3.3884 2.4091
v  -0.0384 3.2274 2.6144
v  -0.1048 3.3277 2.5327
v  -0.2123 3.3277 2.5146
v  -0.1822 3.2274 2.6154
v  -0.3154 3.2274 2.5614
v  -0.3046 3.3277 2.4567
v  -0.4179 3.2274 2.4605
v  -0.3678 3.3277 2.3679
v  -0.4739 3.2274 2.3280
v  -0.3922 3.3277 2.2616
v  -0.4749 3.2274 2.1843
v  -0.3741 3.3277 2.1542
v  -0.4209 3.2274 2.0510
v  -0.3162 3.3277 2.0618
v  -0.2274 3.3277 1.9986
v  -0.3200 3.2274 1.9486
v  -0.1211 3.3277 1.9742
v  -0.1875 3.2274 1.8926
v  -0.0137 3.3277 1.9924
v  -0.0438 3.2274 1.8915
v  0.0787 3.3277 2.0503
v  0.0895 3.2274 1.9455
v  0.1419 3.3277 2.1391
v  0.1919 3.2274 2.0465
v  0.2479 3.2274 2.1789
v  0.1663 3.3277 2.2453
v  0.1481 3.3277 2.3528
v  0.2490 3.2274 2.3227
v  0.0902 3.3277 2.4452
v  0.1950 3.2274 2.4559
v  0.0014 3.3277 2.5083
v  0.0940 3.2274 2.5584
v  -0.1801 3.1229 2.6258
v  -0.0314 3.1229 2.6247
v  -0.3180 3.1229 2.5699
v  -0.4240 3.1229 2.4655
v  -0.4819 3.1229 2.3285
v  -0.4830 3.1229 2.1797
v  -0.4271 3.1229 2.0418
v  -0.3227 3.1229 1.9358
v  -0.1857 3.1229 1.8779
v  -0.0369 3.1229 1.8768
v  0.1010 3.1229 1.9327
v  0.2070 3.1229 2.0371
v  0.2649 3.1229 2.1741
v  0.2660 3.1229 2.3229
v  0.2101 3.1229 2.4608
v  0.1057 3.1229 2.5668
# 81 vertices

vn -0.5363 0.8127 0.2279
vn -0.4368 0.7869 0.4359
vn 0.5666 0.8130 0.1342
vn -0.5656 0.8246 0.0105
vn -0.5263 0.8262 -0.2011
vn -0.4216 0.8180 -0.3913
vn -0.2571 0.7975 -0.5458
vn -0.0382 0.7583 -0.6508
vn 0.2306 0.6900 -0.6861
vn 0.5300 0.5863 -0.6127
vn 0.7923 0.4698 -0.3892
vn 0.9200 0.3898 -0.0400
vn 0.8615 0.3775 0.3396
vn 0.6323 0.4368 0.6399
vn 0.3058 0.5465 0.7796
vn -0.0144 0.6590 0.7520
vn -0.2647 0.7392 0.6192
vn -0.7992 0.5160 0.3083
vn -0.6204 0.5160 0.5907
vn -0.8563 0.5160 -0.0210
vn -0.7831 0.5160 -0.3471
vn -0.5907 0.5160 -0.6204
vn -0.3083 0.5160 -0.7992
vn 0.0210 0.5160 -0.8563
vn 0.3471 0.5160 -0.7831
vn 0.6204 0.5160 -0.5907
vn 0.7992 0.5160 -0.3083
vn 0.8563 0.5160 0.0210
vn 0.7831 0.5160 0.3471
vn 0.5907 0.5160 0.6204
vn 0.3083 0.5160 0.7992
vn -0.0210 0.5160 0.8563
vn -0.3471 0.5160 0.7831
vn 0.2014 0.3333 0.9211
vn 0.0072 0.7197 0.6943
vn -0.2590 0.7197 0.6442
vn -0.1663 0.3274 0.9301
vn -0.5098 0.3230 0.7973
vn -0.4858 0.7197 0.4960
vn -0.7763 0.3208 0.5427
vn -0.6387 0.7197 0.2723
vn -0.9245 0.3211 0.2052
vn -0.6943 0.7197 0.0072
vn -0.9319 0.3239 -0.1632
vn -0.6442 0.7197 -0.2590
vn -0.7974 0.3288 -0.5060
vn -0.4960 0.7197 -0.4858
vn -0.2723 0.7197 -0.6387
vn -0.5421 0.3350 -0.7707
vn -0.0072 0.7197 -0.6943
vn -0.2053 0.3415 -0.9172
vn 0.2590 0.7197 -0.6442
vn 0.1613 0.3474 -0.9237
vn 0.4858 0.7197 -0.4960
vn 0.5022 0.3518 -0.7899
vn 0.6387 0.7197 -0.2723
vn 0.7661 0.3540 -0.5364
vn 0.9134 0.3537 -0.2015
vn 0.6943 0.7197 -0.0072
vn 0.6442 0.7197 0.2590
vn 0.9219 0.3508 0.1644
vn 0.4960 0.7197 0.4858
vn 0.7900 0.3460 0.5062
vn 0.2723 0.7197 0.6387
vn 0.5372 0.3398 0.7720
vn -0.1418 -0.6393 0.7558
vn 0.1596 -0.6346 0.7562
vn -0.4194 -0.6428 0.6410
vn -0.6322 -0.6446 0.4298
vn -0.7491 -0.6443 0.1540
vn -0.7526 -0.6420 -0.1460
vn -0.6417 -0.6381 -0.4254
vn -0.4320 -0.6332 -0.6422
vn -0.1543 -0.6280 -0.7628
vn 0.1495 -0.6232 -0.7676
vn 0.4326 -0.6198 -0.6548
vn 0.6507 -0.6180 -0.4412
vn 0.7695 -0.6183 -0.1599
vn 0.7706 -0.6205 0.1453
vn 0.6542 -0.6244 0.4267
vn 0.4393 -0.6293 0.6411
# 81 vertex normals

vt 0.6252 0.1794 0.0000
vt 0.6266 0.1806 0.0000
vt 0.6354 0.1766 0.0000
vt 0.6244 0.1778 0.0000
vt 0.6243 0.1760 0.0000
vt 0.6249 0.1743 0.0000
vt 0.6260 0.1730 0.0000
vt 0.6277 0.1722 0.0000
vt 0.6295 0.1721 0.0000
vt 0.6312 0.1726 0.0000
vt 0.6325 0.1738 0.0000
vt 0.6333 0.1754 0.0000
vt 0.6334 0.1772 0.0000
vt 0.6328 0.1789 0.0000
vt 0.6317 0.1803 0.0000
vt 0.6300 0.1811 0.0000
vt 0.6283 0.1812 0.0000
vt 0.6194 0.1846 0.0000
vt 0.6231 0.1876 0.0000
vt 0.6171 0.1803 0.0000
vt 0.6165 0.1755 0.0000
vt 0.6179 0.1709 0.0000
vt 0.6209 0.1672 0.0000
vt 0.6251 0.1648 0.0000
vt 0.6299 0.1643 0.0000
vt 0.6346 0.1657 0.0000
vt 0.6383 0.1687 0.0000
vt 0.6406 0.1729 0.0000
vt 0.6412 0.1777 0.0000
vt 0.6398 0.1824 0.0000
vt 0.6368 0.1861 0.0000
vt 0.6326 0.1884 0.0000
vt 0.6278 0.1890 0.0000
vt 0.6406 0.2018 0.0000
vt 0.6343 0.1970 0.0000
vt 0.6261 0.1975 0.0000
vt 0.6301 0.2044 0.0000
vt 0.6194 0.2027 0.0000
vt 0.6183 0.1949 0.0000
vt 0.6101 0.1971 0.0000
vt 0.6121 0.1895 0.0000
vt 0.6037 0.1884 0.0000
vt 0.6085 0.1821 0.0000
vt 0.6011 0.1778 0.0000
vt 0.6080 0.1739 0.0000
vt 0.6027 0.1671 0.0000
vt 0.6106 0.1661 0.0000
vt 0.6160 0.1599 0.0000
vt 0.6084 0.1579 0.0000
vt 0.6234 0.1563 0.0000
vt 0.6171 0.1515 0.0000
vt 0.6316 0.1558 0.0000
vt 0.6276 0.1489 0.0000
vt 0.6394 0.1584 0.0000
vt 0.6384 0.1505 0.0000
vt 0.6456 0.1638 0.0000
vt 0.6476 0.1562 0.0000
vt 0.6540 0.1649 0.0000
vt 0.6492 0.1712 0.0000
vt 0.6497 0.1794 0.0000
vt 0.6566 0.1754 0.0000
vt 0.6471 0.1872 0.0000
vt 0.6550 0.1861 0.0000
vt 0.6417 0.1933 0.0000
vt 0.6493 0.1954 0.0000
vt 0.6304 0.2051 0.0000
vt 0.6413 0.2024 0.0000
vt 0.6193 0.2034 0.0000
vt 0.6097 0.1976 0.0000
vt 0.6031 0.1885 0.0000
vt 0.6004 0.1777 0.0000
vt 0.6021 0.1666 0.0000
vt 0.6079 0.1570 0.0000
vt 0.6170 0.1503 0.0000
vt 0.6279 0.1477 0.0000
vt 0.6390 0.1494 0.0000
vt 0.6486 0.1552 0.0000
vt 0.6552 0.1642 0.0000
vt 0.6579 0.1751 0.0000
vt 0.6562 0.1862 0.0000
vt 0.6503 0.1958 0.0000
# 81 texture coords

o Sphere050
g Sphere050
usemtl Material__28
s 1
f 3761/3783/3746 3762/3784/3747 3763/3785/3748 
f 3764/3786/3749 3761/3783/3746 3763/3785/3748 
f 3765/3787/3750 3764/3786/3749 3763/3785/3748 
f 3766/3788/3751 3765/3787/3750 3763/3785/3748 
f 3767/3789/3752 3766/3788/3751 3763/3785/3748 
f 3768/3790/3753 3767/3789/3752 3763/3785/3748 
f 3769/3791/3754 3768/3790/3753 3763/3785/3748 
f 3770/3792/3755 3769/3791/3754 3763/3785/3748 
f 3771/3793/3756 3770/3792/3755 3763/3785/3748 
f 3772/3794/3757 3771/3793/3756 3763/3785/3748 
f 3773/3795/3758 3772/3794/3757 3763/3785/3748 
f 3774/3796/3759 3773/3795/3758 3763/3785/3748 
f 3775/3797/3760 3774/3796/3759 3763/3785/3748 
f 3776/3798/3761 3775/3797/3760 3763/3785/3748 
f 3777/3799/3762 3776/3798/3761 3763/3785/3748 
f 3762/3784/3747 3777/3799/3762 3763/3785/3748 
f 3761/3783/3746 3778/3800/3763 3779/3801/3764 3762/3784/3747 
f 3764/3786/3749 3780/3802/3765 3778/3800/3763 3761/3783/3746 
f 3781/3803/3766 3780/3802/3765 3764/3786/3749 3765/3787/3750 
f 3766/3788/3751 3782/3804/3767 3781/3803/3766 3765/3787/3750 
f 3783/3805/3768 3782/3804/3767 3766/3788/3751 3767/3789/3752 
f 3783/3805/3768 3767/3789/3752 3768/3790/3753 3784/3806/3769 
f 3769/3791/3754 3785/3807/3770 3784/3806/3769 3768/3790/3753 
f 3770/3792/3755 3786/3808/3771 3785/3807/3770 3769/3791/3754 
f 3786/3808/3771 3770/3792/3755 3771/3793/3756 3787/3809/3772 
f 3788/3810/3773 3787/3809/3772 3771/3793/3756 3772/3794/3757 
f 3773/3795/3758 3789/3811/3774 3788/3810/3773 3772/3794/3757 
f 3774/3796/3759 3790/3812/3775 3789/3811/3774 3773/3795/3758 
f 3791/3813/3776 3790/3812/3775 3774/3796/3759 3775/3797/3760 
f 3776/3798/3761 3792/3814/3777 3791/3813/3776 3775/3797/3760 
f 3776/3798/3761 3777/3799/3762 3793/3815/3778 3792/3814/3777 
f 3762/3784/3747 3779/3801/3764 3793/3815/3778 3777/3799/3762 
f 3794/3816/3779 3795/3817/3780 3796/3818/3781 3797/3819/3782 
f 3798/3820/3783 3797/3819/3782 3796/3818/3781 3799/3821/3784 
f 3800/3822/3785 3798/3820/3783 3799/3821/3784 3801/3823/3786 
f 3802/3824/3787 3800/3822/3785 3801/3823/3786 3803/3825/3788 
f 3804/3826/3789 3802/3824/3787 3803/3825/3788 3805/3827/3790 
f 3806/3828/3791 3804/3826/3789 3805/3827/3790 3807/3829/3792 
f 3807/3829/3792 3808/3830/3793 3809/3831/3794 3806/3828/3791 
f 3808/3830/3793 3810/3832/3795 3811/3833/3796 3809/3831/3794 
f 3810/3832/3795 3812/3834/3797 3813/3835/3798 3811/3833/3796 
f 3812/3834/3797 3814/3836/3799 3815/3837/3800 3813/3835/3798 
f 3814/3836/3799 3816/3838/3801 3817/3839/3802 3815/3837/3800 
f 3818/3840/3803 3817/3839/3802 3816/3838/3801 3819/3841/3804 
f 3818/3840/3803 3819/3841/3804 3820/3842/3805 3821/3843/3806 
f 3820/3842/3805 3822/3844/3807 3823/3845/3808 3821/3843/3806 
f 3824/3846/3809 3825/3847/3810 3823/3845/3808 3822/3844/3807 
f 3825/3847/3810 3824/3846/3809 3795/3817/3780 3794/3816/3779 
f 3797/3819/3782 3826/3848/3811 3827/3849/3812 3794/3816/3779 
f 3826/3848/3811 3797/3819/3782 3798/3820/3783 3828/3850/3813 
f 3828/3850/3813 3798/3820/3783 3800/3822/3785 3829/3851/3814 
f 3802/3824/3787 3830/3852/3815 3829/3851/3814 3800/3822/3785 
f 3804/3826/3789 3831/3853/3816 3830/3852/3815 3802/3824/3787 
f 3804/3826/3789 3806/3828/3791 3832/3854/3817 3831/3853/3816 
f 3832/3854/3817 3806/3828/3791 3809/3831/3794 3833/3855/3818 
f 3833/3855/3818 3809/3831/3794 3811/3833/3796 3834/3856/3819 
f 3813/3835/3798 3835/3857/3820 3834/3856/3819 3811/3833/3796 
f 3836/3858/3821 3835/3857/3820 3813/3835/3798 3815/3837/3800 
f 3817/3839/3802 3837/3859/3822 3836/3858/3821 3815/3837/3800 
f 3838/3860/3823 3837/3859/3822 3817/3839/3802 3818/3840/3803 
f 3839/3861/3824 3838/3860/3823 3818/3840/3803 3821/3843/3806 
f 3839/3861/3824 3821/3843/3806 3823/3845/3808 3840/3862/3825 
f 3823/3845/3808 3825/3847/3810 3841/3863/3826 3840/3862/3825 
f 3825/3847/3810 3794/3816/3779 3827/3849/3812 3841/3863/3826 
f 3796/3818/3781 3795/3817/3780 3779/3801/3764 3778/3800/3763 
f 3780/3802/3765 3799/3821/3784 3796/3818/3781 3778/3800/3763 
f 3801/3823/3786 3799/3821/3784 3780/3802/3765 3781/3803/3766 
f 3782/3804/3767 3803/3825/3788 3801/3823/3786 3781/3803/3766 
f 3803/3825/3788 3782/3804/3767 3783/3805/3768 3805/3827/3790 
f 3805/3827/3790 3783/3805/3768 3784/3806/3769 3807/3829/3792 
f 3784/3806/3769 3785/3807/3770 3808/3830/3793 3807/3829/3792 
f 3810/3832/3795 3808/3830/3793 3785/3807/3770 3786/3808/3771 
f 3787/3809/3772 3812/3834/3797 3810/3832/3795 3786/3808/3771 
f 3788/3810/3773 3814/3836/3799 3812/3834/3797 3787/3809/3772 
f 3814/3836/3799 3788/3810/3773 3789/3811/3774 3816/3838/3801 
f 3790/3812/3775 3819/3841/3804 3816/3838/3801 3789/3811/3774 
f 3791/3813/3776 3820/3842/3805 3819/3841/3804 3790/3812/3775 
f 3791/3813/3776 3792/3814/3777 3822/3844/3807 3820/3842/3805 
f 3822/3844/3807 3792/3814/3777 3793/3815/3778 3824/3846/3809 
f 3793/3815/3778 3779/3801/3764 3795/3817/3780 3824/3846/3809 
s off
f 3828/3850/3813 3829/3851/3814 3830/3852/3815 3831/3853/3816 
f 3831/3853/3816 3832/3854/3817 3833/3855/3818 3828/3850/3813 
f 3833/3855/3818 3834/3856/3819 3835/3857/3820 3837/3859/3822 
f 3835/3857/3820 3836/3858/3821 3837/3859/3822 
f 3837/3859/3822 3838/3860/3823 3839/3861/3824 3840/3862/3825 
f 3833/3855/3818 3837/3859/3822 3840/3862/3825 3828/3850/3813 
f 3826/3848/3811 3828/3850/3813 3840/3862/3825 3841/3863/3826 
f 3826/3848/3811 3841/3863/3826 3827/3849/3812 
# 70 polygons - 18 triangles

#
# object Sphere051
#

v  0.6723 3.4419 2.1741
v  0.6922 3.4419 2.1872
v  0.8010 3.5157 2.1188
v  0.6589 3.4419 2.1543
v  0.6541 3.4419 2.1310
v  0.6586 3.4419 2.1076
v  0.6718 3.4419 2.0877
v  0.6915 3.4419 2.0743
v  0.7148 3.4419 2.0695
v  0.7382 3.4419 2.0741
v  0.7581 3.4419 2.0872
v  0.7715 3.4419 2.1069
v  0.7763 3.4419 2.1302
v  0.7718 3.4419 2.1536
v  0.7586 3.4419 2.1735
v  0.7389 3.4419 2.1869
v  0.7156 3.4419 2.1917
v  0.6050 3.3884 2.2521
v  0.6599 3.3884 2.2850
v  0.5669 3.3884 2.2007
v  0.5513 3.3884 2.1386
v  0.5608 3.3884 2.0753
v  0.5937 3.3884 2.0204
v  0.6451 3.3884 1.9823
v  0.7072 3.3884 1.9668
v  0.7705 3.3884 1.9762
v  0.8254 3.3884 2.0091
v  0.8635 3.3884 2.0605
v  0.8791 3.3884 2.1226
v  0.8696 3.3884 2.1859
v  0.8367 3.3884 2.2408
v  0.7853 3.3884 2.2789
v  0.7232 3.3884 2.2945
v  0.9151 3.2274 2.4402
v  0.8237 3.3277 2.3880
v  0.7169 3.3277 2.4100
v  0.7814 3.2274 2.4931
v  0.6376 3.2274 2.4909
v  0.6099 3.3277 2.3894
v  0.5057 3.2274 2.4338
v  0.5189 3.3277 2.3294
v  0.4056 3.2274 2.3305
v  0.4578 3.3277 2.2391
v  0.3527 3.2274 2.1968
v  0.4359 3.3277 2.1323
v  0.3549 3.2274 2.0531
v  0.4565 3.3277 2.0253
v  0.5165 3.3277 1.9343
v  0.4120 3.2274 1.9211
v  0.6067 3.3277 1.8732
v  0.5153 3.2274 1.8210
v  0.7135 3.3277 1.8513
v  0.6490 3.2274 1.7681
v  0.8205 3.3277 1.8719
v  0.7928 3.2274 1.7703
v  0.9115 3.3277 1.9319
v  0.9247 3.2274 1.8274
v  1.0248 3.2274 1.9307
v  0.9726 3.3277 2.0221
v  0.9945 3.3277 2.1289
v  1.0777 3.2274 2.0644
v  0.9739 3.3277 2.2359
v  1.0755 3.2274 2.2082
v  0.9139 3.3277 2.3269
v  1.0184 3.2274 2.3401
v  0.7871 3.1229 2.5021
v  0.9254 3.1229 2.4473
v  0.6383 3.1229 2.4998
v  0.5018 3.1229 2.4407
v  0.3982 3.1229 2.3338
v  0.3435 3.1229 2.1955
v  0.3458 3.1229 2.0467
v  0.4049 3.1229 1.9102
v  0.5117 3.1229 1.8066
v  0.6501 3.1229 1.7519
v  0.7988 3.1229 1.7542
v  0.9354 3.1229 1.8133
v  1.0389 3.1229 1.9201
v  1.0937 3.1229 2.0585
v  1.0913 3.1229 2.2072
v  1.0323 3.1229 2.3438
# 81 vertices

vn -0.4177 0.8127 0.4062
vn -0.2498 0.7869 0.5643
vn 0.5768 0.8130 -0.0795
vn -0.5236 0.8246 0.2141
vn -0.5634 0.8262 0.0026
vn -0.5345 0.8180 -0.2126
vn -0.4369 0.7975 -0.4161
vn -0.2707 0.7583 -0.5931
vn -0.0328 0.6900 -0.7231
vn 0.2729 0.5863 -0.7628
vn 0.5983 0.4698 -0.6491
vn 0.8435 0.3898 -0.3696
vn 0.9260 0.3775 0.0054
vn 0.8207 0.4368 0.3683
vn 0.5668 0.5465 0.6165
vn 0.2582 0.6590 0.7065
vn -0.0232 0.7392 0.6730
vn -0.6339 0.5160 0.5762
vn -0.3651 0.5160 0.7749
vn -0.8061 0.5160 0.2898
vn -0.8556 0.5160 -0.0408
vn -0.7749 0.5160 -0.3651
vn -0.5762 0.5160 -0.6339
vn -0.2898 0.5160 -0.8061
vn 0.0408 0.5160 -0.8556
vn 0.3651 0.5160 -0.7749
vn 0.6339 0.5160 -0.5762
vn 0.8061 0.5160 -0.2898
vn 0.8556 0.5160 0.0408
vn 0.7749 0.5160 0.3651
vn 0.5762 0.5160 0.6339
vn 0.2897 0.5160 0.8061
vn -0.0408 0.5160 0.8556
vn 0.5206 0.3333 0.7861
vn 0.2575 0.7197 0.6448
vn -0.0088 0.7197 0.6942
vn 0.1809 0.3274 0.9274
vn -0.1874 0.3230 0.9277
vn -0.2738 0.7197 0.6380
vn -0.5278 0.3208 0.7865
vn -0.4972 0.7197 0.4846
vn -0.7880 0.3211 0.5253
vn -0.6448 0.7197 0.2575
vn -0.9279 0.3239 0.1844
vn -0.6942 0.7197 -0.0088
vn -0.9263 0.3288 -0.1838
vn -0.6380 0.7197 -0.2738
vn -0.4846 0.7197 -0.4972
vn -0.7839 0.3350 -0.5228
vn -0.2575 0.7197 -0.6448
vn -0.5228 0.3415 -0.7811
vn 0.0088 0.7197 -0.6942
vn -0.1833 0.3474 -0.9196
vn 0.2738 0.7197 -0.6380
vn 0.1830 0.3518 -0.9180
vn 0.4972 0.7197 -0.4846
vn 0.5206 0.3540 -0.7770
vn 0.7789 0.3537 -0.5179
vn 0.6448 0.7197 -0.2575
vn 0.6942 0.7197 0.0088
vn 0.9190 0.3508 -0.1797
vn 0.6380 0.7197 0.2738
vn 0.9195 0.3460 0.1866
vn 0.4846 0.7197 0.4972
vn 0.7798 0.3398 0.5258
vn 0.1408 -0.6393 0.7559
vn 0.4220 -0.6346 0.6475
vn -0.1595 -0.6428 0.7492
vn -0.4343 -0.6446 0.6292
vn -0.6429 -0.6443 0.4142
vn -0.7545 -0.6420 0.1358
vn -0.7521 -0.6381 -0.1648
vn -0.6348 -0.6332 -0.4428
vn -0.4194 -0.6280 -0.6556
vn -0.1379 -0.6232 -0.7698
vn 0.1668 -0.6198 -0.7669
vn 0.4474 -0.6180 -0.6465
vn 0.6598 -0.6183 -0.4270
vn 0.7710 -0.6205 -0.1429
vn 0.7642 -0.6244 0.1615
vn 0.6412 -0.6293 0.4391
# 81 vertex normals

vt 0.6252 0.1794 0.0000
vt 0.6266 0.1806 0.0000
vt 0.6354 0.1766 0.0000
vt 0.6244 0.1778 0.0000
vt 0.6243 0.1760 0.0000
vt 0.6249 0.1743 0.0000
vt 0.6260 0.1730 0.0000
vt 0.6277 0.1722 0.0000
vt 0.6295 0.1721 0.0000
vt 0.6312 0.1726 0.0000
vt 0.6325 0.1738 0.0000
vt 0.6333 0.1754 0.0000
vt 0.6334 0.1772 0.0000
vt 0.6328 0.1789 0.0000
vt 0.6317 0.1803 0.0000
vt 0.6300 0.1811 0.0000
vt 0.6283 0.1812 0.0000
vt 0.6194 0.1846 0.0000
vt 0.6231 0.1876 0.0000
vt 0.6171 0.1803 0.0000
vt 0.6165 0.1755 0.0000
vt 0.6179 0.1709 0.0000
vt 0.6209 0.1672 0.0000
vt 0.6251 0.1648 0.0000
vt 0.6299 0.1643 0.0000
vt 0.6346 0.1657 0.0000
vt 0.6383 0.1687 0.0000
vt 0.6406 0.1729 0.0000
vt 0.6412 0.1777 0.0000
vt 0.6398 0.1824 0.0000
vt 0.6368 0.1861 0.0000
vt 0.6326 0.1884 0.0000
vt 0.6278 0.1890 0.0000
vt 0.6406 0.2018 0.0000
vt 0.6343 0.1970 0.0000
vt 0.6261 0.1975 0.0000
vt 0.6301 0.2044 0.0000
vt 0.6194 0.2027 0.0000
vt 0.6183 0.1949 0.0000
vt 0.6101 0.1971 0.0000
vt 0.6121 0.1895 0.0000
vt 0.6037 0.1884 0.0000
vt 0.6085 0.1821 0.0000
vt 0.6011 0.1778 0.0000
vt 0.6080 0.1739 0.0000
vt 0.6027 0.1671 0.0000
vt 0.6106 0.1661 0.0000
vt 0.6160 0.1599 0.0000
vt 0.6084 0.1579 0.0000
vt 0.6234 0.1563 0.0000
vt 0.6171 0.1515 0.0000
vt 0.6316 0.1558 0.0000
vt 0.6276 0.1489 0.0000
vt 0.6394 0.1584 0.0000
vt 0.6384 0.1505 0.0000
vt 0.6456 0.1638 0.0000
vt 0.6476 0.1562 0.0000
vt 0.6540 0.1649 0.0000
vt 0.6492 0.1712 0.0000
vt 0.6497 0.1794 0.0000
vt 0.6566 0.1754 0.0000
vt 0.6471 0.1872 0.0000
vt 0.6550 0.1861 0.0000
vt 0.6417 0.1933 0.0000
vt 0.6493 0.1954 0.0000
vt 0.6304 0.2051 0.0000
vt 0.6413 0.2024 0.0000
vt 0.6193 0.2034 0.0000
vt 0.6097 0.1976 0.0000
vt 0.6031 0.1885 0.0000
vt 0.6004 0.1777 0.0000
vt 0.6021 0.1666 0.0000
vt 0.6079 0.1570 0.0000
vt 0.6170 0.1503 0.0000
vt 0.6279 0.1477 0.0000
vt 0.6390 0.1494 0.0000
vt 0.6486 0.1552 0.0000
vt 0.6552 0.1642 0.0000
vt 0.6579 0.1751 0.0000
vt 0.6562 0.1862 0.0000
vt 0.6503 0.1958 0.0000
# 81 texture coords

o Sphere051
g Sphere051
usemtl Material__28
s 1
f 3842/3864/3827 3843/3865/3828 3844/3866/3829 
f 3845/3867/3830 3842/3864/3827 3844/3866/3829 
f 3846/3868/3831 3845/3867/3830 3844/3866/3829 
f 3847/3869/3832 3846/3868/3831 3844/3866/3829 
f 3848/3870/3833 3847/3869/3832 3844/3866/3829 
f 3849/3871/3834 3848/3870/3833 3844/3866/3829 
f 3850/3872/3835 3849/3871/3834 3844/3866/3829 
f 3851/3873/3836 3850/3872/3835 3844/3866/3829 
f 3852/3874/3837 3851/3873/3836 3844/3866/3829 
f 3853/3875/3838 3852/3874/3837 3844/3866/3829 
f 3854/3876/3839 3853/3875/3838 3844/3866/3829 
f 3855/3877/3840 3854/3876/3839 3844/3866/3829 
f 3856/3878/3841 3855/3877/3840 3844/3866/3829 
f 3857/3879/3842 3856/3878/3841 3844/3866/3829 
f 3858/3880/3843 3857/3879/3842 3844/3866/3829 
f 3843/3865/3828 3858/3880/3843 3844/3866/3829 
f 3842/3864/3827 3859/3881/3844 3860/3882/3845 3843/3865/3828 
f 3845/3867/3830 3861/3883/3846 3859/3881/3844 3842/3864/3827 
f 3862/3884/3847 3861/3883/3846 3845/3867/3830 3846/3868/3831 
f 3847/3869/3832 3863/3885/3848 3862/3884/3847 3846/3868/3831 
f 3864/3886/3849 3863/3885/3848 3847/3869/3832 3848/3870/3833 
f 3864/3886/3849 3848/3870/3833 3849/3871/3834 3865/3887/3850 
f 3850/3872/3835 3866/3888/3851 3865/3887/3850 3849/3871/3834 
f 3851/3873/3836 3867/3889/3852 3866/3888/3851 3850/3872/3835 
f 3867/3889/3852 3851/3873/3836 3852/3874/3837 3868/3890/3853 
f 3869/3891/3854 3868/3890/3853 3852/3874/3837 3853/3875/3838 
f 3854/3876/3839 3870/3892/3855 3869/3891/3854 3853/3875/3838 
f 3855/3877/3840 3871/3893/3856 3870/3892/3855 3854/3876/3839 
f 3872/3894/3857 3871/3893/3856 3855/3877/3840 3856/3878/3841 
f 3857/3879/3842 3873/3895/3858 3872/3894/3857 3856/3878/3841 
f 3857/3879/3842 3858/3880/3843 3874/3896/3859 3873/3895/3858 
f 3843/3865/3828 3860/3882/3845 3874/3896/3859 3858/3880/3843 
f 3875/3897/3860 3876/3898/3861 3877/3899/3862 3878/3900/3863 
f 3879/3901/3864 3878/3900/3863 3877/3899/3862 3880/3902/3865 
f 3881/3903/3866 3879/3901/3864 3880/3902/3865 3882/3904/3867 
f 3883/3905/3868 3881/3903/3866 3882/3904/3867 3884/3906/3869 
f 3885/3907/3870 3883/3905/3868 3884/3906/3869 3886/3908/3871 
f 3887/3909/3872 3885/3907/3870 3886/3908/3871 3888/3910/3873 
f 3888/3910/3873 3889/3911/3874 3890/3912/3875 3887/3909/3872 
f 3889/3911/3874 3891/3913/3876 3892/3914/3877 3890/3912/3875 
f 3891/3913/3876 3893/3915/3878 3894/3916/3879 3892/3914/3877 
f 3893/3915/3878 3895/3917/3880 3896/3918/3881 3894/3916/3879 
f 3895/3917/3880 3897/3919/3882 3898/3920/3883 3896/3918/3881 
f 3899/3921/3884 3898/3920/3883 3897/3919/3882 3900/3922/3885 
f 3899/3921/3884 3900/3922/3885 3901/3923/3886 3902/3924/3887 
f 3901/3923/3886 3903/3925/3888 3904/3926/3889 3902/3924/3887 
f 3905/3927/3890 3906/3928/3891 3904/3926/3889 3903/3925/3888 
f 3906/3928/3891 3905/3927/3890 3876/3898/3861 3875/3897/3860 
f 3878/3900/3863 3907/3929/3892 3908/3930/3893 3875/3897/3860 
f 3907/3929/3892 3878/3900/3863 3879/3901/3864 3909/3931/3894 
f 3909/3931/3894 3879/3901/3864 3881/3903/3866 3910/3932/3895 
f 3883/3905/3868 3911/3933/3896 3910/3932/3895 3881/3903/3866 
f 3885/3907/3870 3912/3934/3897 3911/3933/3896 3883/3905/3868 
f 3885/3907/3870 3887/3909/3872 3913/3935/3898 3912/3934/3897 
f 3913/3935/3898 3887/3909/3872 3890/3912/3875 3914/3936/3899 
f 3914/3936/3899 3890/3912/3875 3892/3914/3877 3915/3937/3900 
f 3894/3916/3879 3916/3938/3901 3915/3937/3900 3892/3914/3877 
f 3917/3939/3902 3916/3938/3901 3894/3916/3879 3896/3918/3881 
f 3898/3920/3883 3918/3940/3903 3917/3939/3902 3896/3918/3881 
f 3919/3941/3904 3918/3940/3903 3898/3920/3883 3899/3921/3884 
f 3920/3942/3905 3919/3941/3904 3899/3921/3884 3902/3924/3887 
f 3920/3942/3905 3902/3924/3887 3904/3926/3889 3921/3943/3906 
f 3904/3926/3889 3906/3928/3891 3922/3944/3907 3921/3943/3906 
f 3906/3928/3891 3875/3897/3860 3908/3930/3893 3922/3944/3907 
f 3877/3899/3862 3876/3898/3861 3860/3882/3845 3859/3881/3844 
f 3861/3883/3846 3880/3902/3865 3877/3899/3862 3859/3881/3844 
f 3882/3904/3867 3880/3902/3865 3861/3883/3846 3862/3884/3847 
f 3863/3885/3848 3884/3906/3869 3882/3904/3867 3862/3884/3847 
f 3884/3906/3869 3863/3885/3848 3864/3886/3849 3886/3908/3871 
f 3886/3908/3871 3864/3886/3849 3865/3887/3850 3888/3910/3873 
f 3865/3887/3850 3866/3888/3851 3889/3911/3874 3888/3910/3873 
f 3891/3913/3876 3889/3911/3874 3866/3888/3851 3867/3889/3852 
f 3868/3890/3853 3893/3915/3878 3891/3913/3876 3867/3889/3852 
f 3869/3891/3854 3895/3917/3880 3893/3915/3878 3868/3890/3853 
f 3895/3917/3880 3869/3891/3854 3870/3892/3855 3897/3919/3882 
f 3871/3893/3856 3900/3922/3885 3897/3919/3882 3870/3892/3855 
f 3872/3894/3857 3901/3923/3886 3900/3922/3885 3871/3893/3856 
f 3872/3894/3857 3873/3895/3858 3903/3925/3888 3901/3923/3886 
f 3903/3925/3888 3873/3895/3858 3874/3896/3859 3905/3927/3890 
f 3874/3896/3859 3860/3882/3845 3876/3898/3861 3905/3927/3890 
s off
f 3909/3931/3894 3910/3932/3895 3911/3933/3896 3912/3934/3897 
f 3912/3934/3897 3913/3935/3898 3914/3936/3899 3909/3931/3894 
f 3914/3936/3899 3915/3937/3900 3916/3938/3901 3918/3940/3903 
f 3916/3938/3901 3917/3939/3902 3918/3940/3903 
f 3918/3940/3903 3919/3941/3904 3920/3942/3905 3921/3943/3906 
f 3914/3936/3899 3918/3940/3903 3921/3943/3906 3909/3931/3894 
f 3907/3929/3892 3909/3931/3894 3921/3943/3906 3922/3944/3907 
f 3907/3929/3892 3922/3944/3907 3908/3930/3893 
# 70 polygons - 18 triangles

#
# object Sphere052
#

v  1.4187 3.4419 1.7729
v  1.4420 3.4419 1.7779
v  1.5188 3.5157 1.6749
v  1.3992 3.4419 1.7593
v  1.3863 3.4419 1.7393
v  1.3820 3.4419 1.7158
v  1.3870 3.4419 1.6926
v  1.4006 3.4419 1.6730
v  1.4207 3.4419 1.6601
v  1.4441 3.4419 1.6558
v  1.4674 3.4419 1.6609
v  1.4870 3.4419 1.6744
v  1.4999 3.4419 1.6945
v  1.5041 3.4419 1.7179
v  1.4991 3.4419 1.7412
v  1.4855 3.4419 1.7608
v  1.4655 3.4419 1.7737
v  1.3842 3.3884 1.8700
v  1.4473 3.3884 1.8809
v  1.3301 3.3884 1.8358
v  1.2932 3.3884 1.7835
v  1.2791 3.3884 1.7211
v  1.2899 3.3884 1.6580
v  1.3241 3.3884 1.6039
v  1.3764 3.3884 1.5670
v  1.4389 3.3884 1.5529
v  1.5019 3.3884 1.5638
v  1.5561 3.3884 1.5980
v  1.5930 3.3884 1.6502
v  1.6071 3.3884 1.7127
v  1.5962 3.3884 1.7758
v  1.5620 3.3884 1.8299
v  1.5097 3.3884 1.8668
v  1.7413 3.2274 1.9333
v  1.6372 3.3277 1.9177
v  1.5456 3.3277 1.9767
v  1.6358 3.2274 2.0310
v  1.5009 3.2274 2.0808
v  1.4383 3.3277 1.9962
v  1.3572 3.2274 2.0753
v  1.3318 3.3277 1.9731
v  1.2266 3.2274 2.0151
v  1.2422 3.3277 1.9110
v  1.1289 3.2274 1.9096
v  1.1832 3.3277 1.8194
v  1.0791 3.2274 1.7747
v  1.1637 3.3277 1.7121
v  1.1868 3.3277 1.6056
v  1.0847 3.2274 1.6310
v  1.2489 3.3277 1.5160
v  1.1448 3.2274 1.5004
v  1.3406 3.3277 1.4570
v  1.2504 3.2274 1.4028
v  1.4478 3.3277 1.4376
v  1.3852 3.2274 1.3529
v  1.5543 3.3277 1.4606
v  1.5289 3.2274 1.3585
v  1.6595 3.2274 1.4186
v  1.6439 3.3277 1.5227
v  1.7029 3.3277 1.6144
v  1.7572 3.2274 1.5242
v  1.7224 3.3277 1.7216
v  1.8070 3.2274 1.6591
v  1.6993 3.3277 1.8282
v  1.8014 3.2274 1.8027
v  1.6443 3.1229 2.0373
v  1.7535 3.1229 1.9363
v  1.5047 3.1229 2.0889
v  1.3561 3.1229 2.0831
v  1.2209 3.1229 2.0209
v  1.1199 3.1229 1.9117
v  1.0683 3.1229 1.7721
v  1.0741 3.1229 1.6234
v  1.1363 3.1229 1.4883
v  1.2455 3.1229 1.3872
v  1.3851 3.1229 1.3357
v  1.5337 3.1229 1.3414
v  1.6689 3.1229 1.4037
v  1.7699 3.1229 1.5129
v  1.8215 3.1229 1.6524
v  1.8157 3.1229 1.8011
# 81 vertices

vn -0.2428 0.8127 0.5297
vn -0.0291 0.7869 0.6164
vn 0.5091 0.8130 -0.2825
vn -0.4109 0.8246 0.3888
vn -0.5244 0.8262 0.2060
vn -0.5752 0.8180 -0.0052
vn -0.5577 0.7975 -0.2302
vn -0.4666 0.7583 -0.4552
vn -0.2918 0.6900 -0.6624
vn -0.0210 0.5863 -0.8098
vn 0.3234 0.4698 -0.8214
vn 0.6530 0.3898 -0.6494
vn 0.8654 0.3775 -0.3294
vn 0.8983 0.4368 0.0469
vn 0.7513 0.5465 0.3701
vn 0.4960 0.6590 0.5655
vn 0.2215 0.7392 0.6360
vn -0.3829 0.5160 0.7662
vn -0.0605 0.5160 0.8545
vn -0.6470 0.5160 0.5614
vn -0.8126 0.5160 0.2711
vn -0.8545 0.5160 -0.0605
vn -0.7662 0.5160 -0.3829
vn -0.5614 0.5160 -0.6470
vn -0.2711 0.5160 -0.8126
vn 0.0605 0.5160 -0.8545
vn 0.3829 0.5160 -0.7662
vn 0.6470 0.5160 -0.5614
vn 0.8126 0.5160 -0.2711
vn 0.8545 0.5160 0.0605
vn 0.7662 0.5160 0.3829
vn 0.5614 0.5160 0.6470
vn 0.2711 0.5160 0.8126
vn 0.7694 0.3333 0.5450
vn 0.4730 0.7197 0.5082
vn 0.2425 0.7197 0.6506
vn 0.5037 0.3274 0.7994
vn 0.1604 0.3230 0.9327
vn -0.0249 0.7197 0.6938
vn -0.2081 0.3208 0.9240
vn -0.2885 0.7197 0.6315
vn -0.5450 0.3211 0.7745
vn -0.5082 0.7197 0.4730
vn -0.7986 0.3239 0.5072
vn -0.6506 0.7197 0.2425
vn -0.9302 0.3288 0.1633
vn -0.6938 0.7197 -0.0249
vn -0.6315 0.7197 -0.2885
vn -0.9198 0.3350 -0.2043
vn -0.4730 0.7197 -0.5082
vn -0.7696 0.3415 -0.5395
vn -0.2425 0.7197 -0.6506
vn -0.5031 0.3474 -0.7913
vn 0.0249 0.7197 -0.6938
vn -0.1610 0.3518 -0.9221
vn 0.2885 0.7197 -0.6315
vn 0.2048 0.3540 -0.9126
vn 0.5393 0.3537 -0.7643
vn 0.5082 0.7197 -0.4730
vn 0.6506 0.7197 -0.2425
vn 0.7920 0.3508 -0.4996
vn 0.6938 0.7197 0.0249
vn 0.9248 0.3460 -0.1582
vn 0.6315 0.7197 0.2885
vn 0.9171 0.3398 0.2086
vn 0.4044 -0.6393 0.6540
vn 0.6274 -0.6346 0.4513
vn 0.1219 -0.6428 0.7562
vn -0.1776 -0.6446 0.7436
vn -0.4499 -0.6443 0.6184
vn -0.6545 -0.6420 0.3992
vn -0.7608 -0.6381 0.1180
vn -0.7519 -0.6332 -0.1835
vn -0.6279 -0.6280 -0.4598
vn -0.4066 -0.6232 -0.6680
vn -0.1214 -0.6198 -0.7753
vn 0.1836 -0.6180 -0.7644
vn 0.4610 -0.6183 -0.6366
vn 0.6674 -0.6205 -0.4118
vn 0.7710 -0.6244 -0.1254
vn 0.7565 -0.6293 0.1778
# 81 vertex normals

vt 0.6252 0.1794 0.0000
vt 0.6266 0.1806 0.0000
vt 0.6354 0.1766 0.0000
vt 0.6244 0.1778 0.0000
vt 0.6243 0.1760 0.0000
vt 0.6249 0.1743 0.0000
vt 0.6260 0.1730 0.0000
vt 0.6277 0.1722 0.0000
vt 0.6295 0.1721 0.0000
vt 0.6312 0.1726 0.0000
vt 0.6325 0.1738 0.0000
vt 0.6333 0.1754 0.0000
vt 0.6334 0.1772 0.0000
vt 0.6328 0.1789 0.0000
vt 0.6317 0.1803 0.0000
vt 0.6300 0.1811 0.0000
vt 0.6283 0.1812 0.0000
vt 0.6194 0.1846 0.0000
vt 0.6231 0.1876 0.0000
vt 0.6171 0.1803 0.0000
vt 0.6165 0.1755 0.0000
vt 0.6179 0.1709 0.0000
vt 0.6209 0.1672 0.0000
vt 0.6251 0.1648 0.0000
vt 0.6299 0.1643 0.0000
vt 0.6346 0.1657 0.0000
vt 0.6383 0.1687 0.0000
vt 0.6406 0.1729 0.0000
vt 0.6412 0.1777 0.0000
vt 0.6398 0.1824 0.0000
vt 0.6368 0.1861 0.0000
vt 0.6326 0.1884 0.0000
vt 0.6278 0.1890 0.0000
vt 0.6406 0.2018 0.0000
vt 0.6343 0.1970 0.0000
vt 0.6261 0.1975 0.0000
vt 0.6301 0.2044 0.0000
vt 0.6194 0.2027 0.0000
vt 0.6183 0.1949 0.0000
vt 0.6101 0.1971 0.0000
vt 0.6121 0.1895 0.0000
vt 0.6037 0.1884 0.0000
vt 0.6085 0.1821 0.0000
vt 0.6011 0.1778 0.0000
vt 0.6080 0.1739 0.0000
vt 0.6027 0.1671 0.0000
vt 0.6106 0.1661 0.0000
vt 0.6160 0.1599 0.0000
vt 0.6084 0.1579 0.0000
vt 0.6234 0.1563 0.0000
vt 0.6171 0.1515 0.0000
vt 0.6316 0.1558 0.0000
vt 0.6276 0.1489 0.0000
vt 0.6394 0.1584 0.0000
vt 0.6384 0.1505 0.0000
vt 0.6456 0.1638 0.0000
vt 0.6476 0.1562 0.0000
vt 0.6540 0.1649 0.0000
vt 0.6492 0.1712 0.0000
vt 0.6497 0.1794 0.0000
vt 0.6566 0.1754 0.0000
vt 0.6471 0.1872 0.0000
vt 0.6550 0.1861 0.0000
vt 0.6417 0.1933 0.0000
vt 0.6493 0.1954 0.0000
vt 0.6304 0.2051 0.0000
vt 0.6413 0.2024 0.0000
vt 0.6193 0.2034 0.0000
vt 0.6097 0.1976 0.0000
vt 0.6031 0.1885 0.0000
vt 0.6004 0.1777 0.0000
vt 0.6021 0.1666 0.0000
vt 0.6079 0.1570 0.0000
vt 0.6170 0.1503 0.0000
vt 0.6279 0.1477 0.0000
vt 0.6390 0.1494 0.0000
vt 0.6486 0.1552 0.0000
vt 0.6552 0.1642 0.0000
vt 0.6579 0.1751 0.0000
vt 0.6562 0.1862 0.0000
vt 0.6503 0.1958 0.0000
# 81 texture coords

o Sphere052
g Sphere052
usemtl Material__28
s 1
f 3923/3945/3908 3924/3946/3909 3925/3947/3910 
f 3926/3948/3911 3923/3945/3908 3925/3947/3910 
f 3927/3949/3912 3926/3948/3911 3925/3947/3910 
f 3928/3950/3913 3927/3949/3912 3925/3947/3910 
f 3929/3951/3914 3928/3950/3913 3925/3947/3910 
f 3930/3952/3915 3929/3951/3914 3925/3947/3910 
f 3931/3953/3916 3930/3952/3915 3925/3947/3910 
f 3932/3954/3917 3931/3953/3916 3925/3947/3910 
f 3933/3955/3918 3932/3954/3917 3925/3947/3910 
f 3934/3956/3919 3933/3955/3918 3925/3947/3910 
f 3935/3957/3920 3934/3956/3919 3925/3947/3910 
f 3936/3958/3921 3935/3957/3920 3925/3947/3910 
f 3937/3959/3922 3936/3958/3921 3925/3947/3910 
f 3938/3960/3923 3937/3959/3922 3925/3947/3910 
f 3939/3961/3924 3938/3960/3923 3925/3947/3910 
f 3924/3946/3909 3939/3961/3924 3925/3947/3910 
f 3923/3945/3908 3940/3962/3925 3941/3963/3926 3924/3946/3909 
f 3926/3948/3911 3942/3964/3927 3940/3962/3925 3923/3945/3908 
f 3943/3965/3928 3942/3964/3927 3926/3948/3911 3927/3949/3912 
f 3928/3950/3913 3944/3966/3929 3943/3965/3928 3927/3949/3912 
f 3945/3967/3930 3944/3966/3929 3928/3950/3913 3929/3951/3914 
f 3945/3967/3930 3929/3951/3914 3930/3952/3915 3946/3968/3931 
f 3931/3953/3916 3947/3969/3932 3946/3968/3931 3930/3952/3915 
f 3932/3954/3917 3948/3970/3933 3947/3969/3932 3931/3953/3916 
f 3948/3970/3933 3932/3954/3917 3933/3955/3918 3949/3971/3934 
f 3950/3972/3935 3949/3971/3934 3933/3955/3918 3934/3956/3919 
f 3935/3957/3920 3951/3973/3936 3950/3972/3935 3934/3956/3919 
f 3936/3958/3921 3952/3974/3937 3951/3973/3936 3935/3957/3920 
f 3953/3975/3938 3952/3974/3937 3936/3958/3921 3937/3959/3922 
f 3938/3960/3923 3954/3976/3939 3953/3975/3938 3937/3959/3922 
f 3938/3960/3923 3939/3961/3924 3955/3977/3940 3954/3976/3939 
f 3924/3946/3909 3941/3963/3926 3955/3977/3940 3939/3961/3924 
f 3956/3978/3941 3957/3979/3942 3958/3980/3943 3959/3981/3944 
f 3960/3982/3945 3959/3981/3944 3958/3980/3943 3961/3983/3946 
f 3962/3984/3947 3960/3982/3945 3961/3983/3946 3963/3985/3948 
f 3964/3986/3949 3962/3984/3947 3963/3985/3948 3965/3987/3950 
f 3966/3988/3951 3964/3986/3949 3965/3987/3950 3967/3989/3952 
f 3968/3990/3953 3966/3988/3951 3967/3989/3952 3969/3991/3954 
f 3969/3991/3954 3970/3992/3955 3971/3993/3956 3968/3990/3953 
f 3970/3992/3955 3972/3994/3957 3973/3995/3958 3971/3993/3956 
f 3972/3994/3957 3974/3996/3959 3975/3997/3960 3973/3995/3958 
f 3974/3996/3959 3976/3998/3961 3977/3999/3962 3975/3997/3960 
f 3976/3998/3961 3978/4000/3963 3979/4001/3964 3977/3999/3962 
f 3980/4002/3965 3979/4001/3964 3978/4000/3963 3981/4003/3966 
f 3980/4002/3965 3981/4003/3966 3982/4004/3967 3983/4005/3968 
f 3982/4004/3967 3984/4006/3969 3985/4007/3970 3983/4005/3968 
f 3986/4008/3971 3987/4009/3972 3985/4007/3970 3984/4006/3969 
f 3987/4009/3972 3986/4008/3971 3957/3979/3942 3956/3978/3941 
f 3959/3981/3944 3988/4010/3973 3989/4011/3974 3956/3978/3941 
f 3988/4010/3973 3959/3981/3944 3960/3982/3945 3990/4012/3975 
f 3990/4012/3975 3960/3982/3945 3962/3984/3947 3991/4013/3976 
f 3964/3986/3949 3992/4014/3977 3991/4013/3976 3962/3984/3947 
f 3966/3988/3951 3993/4015/3978 3992/4014/3977 3964/3986/3949 
f 3966/3988/3951 3968/3990/3953 3994/4016/3979 3993/4015/3978 
f 3994/4016/3979 3968/3990/3953 3971/3993/3956 3995/4017/3980 
f 3995/4017/3980 3971/3993/3956 3973/3995/3958 3996/4018/3981 
f 3975/3997/3960 3997/4019/3982 3996/4018/3981 3973/3995/3958 
f 3998/4020/3983 3997/4019/3982 3975/3997/3960 3977/3999/3962 
f 3979/4001/3964 3999/4021/3984 3998/4020/3983 3977/3999/3962 
f 4000/4022/3985 3999/4021/3984 3979/4001/3964 3980/4002/3965 
f 4001/4023/3986 4000/4022/3985 3980/4002/3965 3983/4005/3968 
f 4001/4023/3986 3983/4005/3968 3985/4007/3970 4002/4024/3987 
f 3985/4007/3970 3987/4009/3972 4003/4025/3988 4002/4024/3987 
f 3987/4009/3972 3956/3978/3941 3989/4011/3974 4003/4025/3988 
f 3958/3980/3943 3957/3979/3942 3941/3963/3926 3940/3962/3925 
f 3942/3964/3927 3961/3983/3946 3958/3980/3943 3940/3962/3925 
f 3963/3985/3948 3961/3983/3946 3942/3964/3927 3943/3965/3928 
f 3944/3966/3929 3965/3987/3950 3963/3985/3948 3943/3965/3928 
f 3965/3987/3950 3944/3966/3929 3945/3967/3930 3967/3989/3952 
f 3967/3989/3952 3945/3967/3930 3946/3968/3931 3969/3991/3954 
f 3946/3968/3931 3947/3969/3932 3970/3992/3955 3969/3991/3954 
f 3972/3994/3957 3970/3992/3955 3947/3969/3932 3948/3970/3933 
f 3949/3971/3934 3974/3996/3959 3972/3994/3957 3948/3970/3933 
f 3950/3972/3935 3976/3998/3961 3974/3996/3959 3949/3971/3934 
f 3976/3998/3961 3950/3972/3935 3951/3973/3936 3978/4000/3963 
f 3952/3974/3937 3981/4003/3966 3978/4000/3963 3951/3973/3936 
f 3953/3975/3938 3982/4004/3967 3981/4003/3966 3952/3974/3937 
f 3953/3975/3938 3954/3976/3939 3984/4006/3969 3982/4004/3967 
f 3984/4006/3969 3954/3976/3939 3955/3977/3940 3986/4008/3971 
f 3955/3977/3940 3941/3963/3926 3957/3979/3942 3986/4008/3971 
s off
f 3990/4012/3975 3991/4013/3976 3992/4014/3977 3993/4015/3978 
f 3993/4015/3978 3994/4016/3979 3995/4017/3980 3990/4012/3975 
f 3995/4017/3980 3996/4018/3981 3997/4019/3982 3999/4021/3984 
f 3997/4019/3982 3998/4020/3983 3999/4021/3984 
f 3999/4021/3984 4000/4022/3985 4001/4023/3986 4002/4024/3987 
f 3995/4017/3980 3999/4021/3984 4002/4024/3987 3990/4012/3975 
f 3988/4010/3973 3990/4012/3975 4002/4024/3987 4003/4025/3988 
f 3988/4010/3973 4003/4025/3988 3989/4011/3974 
# 70 polygons - 18 triangles

#
# object Sphere053
#

v  1.9699 3.4419 1.1292
v  1.9934 3.4419 1.1255
v  2.0277 3.5157 1.0016
v  1.9467 3.4419 1.1236
v  1.9274 3.4419 1.1096
v  1.9150 3.4419 1.0892
v  1.9113 3.4419 1.0657
v  1.9169 3.4419 1.0425
v  1.9309 3.4419 1.0233
v  1.9512 3.4419 1.0108
v  1.9748 3.4419 1.0071
v  1.9979 3.4419 1.0127
v  2.0172 3.4419 1.0267
v  2.0296 3.4419 1.0471
v  2.0333 3.4419 1.0706
v  2.0278 3.4419 1.0938
v  2.0137 3.4419 1.1130
v  1.9727 3.3884 1.2322
v  2.0355 3.3884 1.2196
v  1.9099 3.3884 1.2199
v  1.8566 3.3884 1.1844
v  1.8209 3.3884 1.1313
v  1.8083 3.3884 1.0686
v  1.8206 3.3884 1.0058
v  1.8560 3.3884 0.9524
v  1.9092 3.3884 0.9168
v  1.9719 3.3884 0.9041
v  2.0347 3.3884 0.9164
v  2.0880 3.3884 0.9519
v  2.1237 3.3884 1.0050
v  2.1364 3.3884 1.0678
v  2.1240 3.3884 1.1306
v  2.0886 3.3884 1.1839
v  2.3286 3.2274 1.1623
v  2.2259 3.3277 1.1853
v  2.1618 3.3277 1.2734
v  2.2655 3.2274 1.2915
v  2.1577 3.2274 1.3866
v  2.0688 3.3277 1.3303
v  2.0217 3.2274 1.4334
v  1.9611 3.3277 1.3473
v  1.8782 3.2274 1.4245
v  1.8552 3.3277 1.3218
v  1.7490 3.2274 1.3613
v  1.7670 3.3277 1.2576
v  1.6538 3.2274 1.2536
v  1.7102 3.3277 1.1646
v  1.6932 3.3277 1.0570
v  1.6071 3.2274 1.1176
v  1.7187 3.3277 0.9510
v  1.6160 3.2274 0.9740
v  1.7829 3.3277 0.8629
v  1.6791 3.2274 0.8449
v  1.8758 3.3277 0.8060
v  1.7869 3.2274 0.7497
v  1.9835 3.3277 0.7890
v  1.9229 3.2274 0.7030
v  2.0664 3.2274 0.7119
v  2.0895 3.3277 0.8146
v  2.1776 3.3277 0.8787
v  2.1956 3.2274 0.7750
v  2.2345 3.3277 0.9717
v  2.2908 3.2274 0.8828
v  2.2514 3.3277 1.0793
v  2.3375 3.2274 1.0187
v  2.2757 3.1229 1.2942
v  2.3410 3.1229 1.1606
v  2.1642 3.1229 1.3927
v  2.0235 3.1229 1.4411
v  1.8750 3.1229 1.4319
v  1.7413 3.1229 1.3665
v  1.6428 3.1229 1.2550
v  1.5945 3.1229 1.1143
v  1.6037 3.1229 0.9658
v  1.6690 3.1229 0.8321
v  1.7805 3.1229 0.7337
v  1.9212 3.1229 0.6853
v  2.0697 3.1229 0.6945
v  2.2034 3.1229 0.7599
v  2.3019 3.1229 0.8714
v  2.3502 3.1229 1.0121
# 81 vertices

vn -0.0350 0.8127 0.5816
vn 0.1955 0.7869 0.5853
vn 0.3727 0.8130 -0.4474
vn -0.2427 0.8246 0.5110
vn -0.4146 0.8262 0.3815
vn -0.5382 0.8180 0.2030
vn -0.6032 0.7975 -0.0131
vn -0.5996 0.7583 -0.2559
vn -0.5114 0.6900 -0.5123
vn -0.3122 0.5863 -0.7476
vn 0.0048 0.4698 -0.8828
vn 0.3743 0.3898 -0.8414
vn 0.6880 0.3775 -0.6198
vn 0.8546 0.4368 -0.2808
vn 0.8342 0.5465 0.0737
vn 0.6668 0.6590 0.3481
vn 0.4363 0.7392 0.5130
vn -0.0803 0.5160 0.8528
vn 0.2522 0.5160 0.8186
vn -0.4005 0.5160 0.7572
vn -0.6598 0.5160 0.5463
vn -0.8186 0.5160 0.2522
vn -0.8528 0.5160 -0.0803
vn -0.7572 0.5160 -0.4005
vn -0.5463 0.5160 -0.6598
vn -0.2522 0.5160 -0.8186
vn 0.0803 0.5160 -0.8528
vn 0.4005 0.5160 -0.7572
vn 0.6598 0.5160 -0.5463
vn 0.8186 0.5160 -0.2522
vn 0.8528 0.5160 0.0803
vn 0.7572 0.5160 0.4005
vn 0.5463 0.5160 0.6598
vn 0.9143 0.3333 0.2302
vn 0.6247 0.7197 0.3030
vn 0.4612 0.7197 0.5190
vn 0.7585 0.3274 0.5635
vn 0.4865 0.3230 0.8118
vn 0.2274 0.7197 0.6560
vn 0.1398 0.3208 0.9368
vn -0.0409 0.7197 0.6931
vn -0.2284 0.3211 0.9191
vn -0.3030 0.7197 0.6247
vn -0.5615 0.3239 0.7614
vn -0.5190 0.7197 0.4612
vn -0.8084 0.3288 0.4883
vn -0.6560 0.7197 0.2274
vn -0.6931 0.7197 -0.0409
vn -0.9315 0.3350 0.1417
vn -0.6247 0.7197 -0.3030
vn -0.9125 0.3415 -0.2250
vn -0.4612 0.7197 -0.5190
vn -0.7550 0.3474 -0.5561
vn -0.2274 0.7197 -0.6560
vn -0.4833 0.3518 -0.8017
vn 0.0409 0.7197 -0.6931
vn -0.1387 0.3540 -0.9249
vn 0.2267 0.3537 -0.9075
vn 0.3030 0.7197 -0.6247
vn 0.5190 0.7197 -0.4612
vn 0.5581 0.3508 -0.7520
vn 0.6560 0.7197 -0.2274
vn 0.8052 0.3460 -0.4816
vn 0.6931 0.7197 0.0409
vn 0.9305 0.3398 -0.1368
vn 0.6133 -0.6393 0.4638
vn 0.7481 -0.6346 0.1942
vn 0.3868 -0.6428 0.6611
vn 0.1030 -0.6446 0.7576
vn -0.1961 -0.6443 0.7392
vn -0.4661 -0.6420 0.6087
vn -0.6668 -0.6381 0.3848
vn -0.7674 -0.6332 0.1005
vn -0.7516 -0.6280 -0.2019
vn -0.6205 -0.6232 -0.4760
vn -0.3933 -0.6198 -0.6791
vn -0.1049 -0.6180 -0.7791
vn 0.1999 -0.6183 -0.7601
vn 0.4735 -0.6205 -0.6251
vn 0.6736 -0.6244 -0.3955
vn 0.7697 -0.6293 -0.1075
# 81 vertex normals

vt 0.6252 0.1794 0.0000
vt 0.6266 0.1806 0.0000
vt 0.6354 0.1766 0.0000
vt 0.6244 0.1778 0.0000
vt 0.6243 0.1760 0.0000
vt 0.6249 0.1743 0.0000
vt 0.6260 0.1730 0.0000
vt 0.6277 0.1722 0.0000
vt 0.6295 0.1721 0.0000
vt 0.6312 0.1726 0.0000
vt 0.6325 0.1738 0.0000
vt 0.6333 0.1754 0.0000
vt 0.6334 0.1772 0.0000
vt 0.6328 0.1789 0.0000
vt 0.6317 0.1803 0.0000
vt 0.6300 0.1811 0.0000
vt 0.6283 0.1812 0.0000
vt 0.6194 0.1846 0.0000
vt 0.6231 0.1876 0.0000
vt 0.6171 0.1803 0.0000
vt 0.6165 0.1755 0.0000
vt 0.6179 0.1709 0.0000
vt 0.6209 0.1672 0.0000
vt 0.6251 0.1648 0.0000
vt 0.6299 0.1643 0.0000
vt 0.6346 0.1657 0.0000
vt 0.6383 0.1687 0.0000
vt 0.6406 0.1729 0.0000
vt 0.6412 0.1777 0.0000
vt 0.6398 0.1824 0.0000
vt 0.6368 0.1861 0.0000
vt 0.6326 0.1884 0.0000
vt 0.6278 0.1890 0.0000
vt 0.6406 0.2018 0.0000
vt 0.6343 0.1970 0.0000
vt 0.6261 0.1975 0.0000
vt 0.6301 0.2044 0.0000
vt 0.6194 0.2027 0.0000
vt 0.6183 0.1949 0.0000
vt 0.6101 0.1971 0.0000
vt 0.6121 0.1895 0.0000
vt 0.6037 0.1884 0.0000
vt 0.6085 0.1821 0.0000
vt 0.6011 0.1778 0.0000
vt 0.6080 0.1739 0.0000
vt 0.6027 0.1671 0.0000
vt 0.6106 0.1661 0.0000
vt 0.6160 0.1599 0.0000
vt 0.6084 0.1579 0.0000
vt 0.6234 0.1563 0.0000
vt 0.6171 0.1515 0.0000
vt 0.6316 0.1558 0.0000
vt 0.6276 0.1489 0.0000
vt 0.6394 0.1584 0.0000
vt 0.6384 0.1505 0.0000
vt 0.6456 0.1638 0.0000
vt 0.6476 0.1562 0.0000
vt 0.6540 0.1649 0.0000
vt 0.6492 0.1712 0.0000
vt 0.6497 0.1794 0.0000
vt 0.6566 0.1754 0.0000
vt 0.6471 0.1872 0.0000
vt 0.6550 0.1861 0.0000
vt 0.6417 0.1933 0.0000
vt 0.6493 0.1954 0.0000
vt 0.6304 0.2051 0.0000
vt 0.6413 0.2024 0.0000
vt 0.6193 0.2034 0.0000
vt 0.6097 0.1976 0.0000
vt 0.6031 0.1885 0.0000
vt 0.6004 0.1777 0.0000
vt 0.6021 0.1666 0.0000
vt 0.6079 0.1570 0.0000
vt 0.6170 0.1503 0.0000
vt 0.6279 0.1477 0.0000
vt 0.6390 0.1494 0.0000
vt 0.6486 0.1552 0.0000
vt 0.6552 0.1642 0.0000
vt 0.6579 0.1751 0.0000
vt 0.6562 0.1862 0.0000
vt 0.6503 0.1958 0.0000
# 81 texture coords

o Sphere053
g Sphere053
usemtl Material__28
s 1
f 4004/4026/3989 4005/4027/3990 4006/4028/3991 
f 4007/4029/3992 4004/4026/3989 4006/4028/3991 
f 4008/4030/3993 4007/4029/3992 4006/4028/3991 
f 4009/4031/3994 4008/4030/3993 4006/4028/3991 
f 4010/4032/3995 4009/4031/3994 4006/4028/3991 
f 4011/4033/3996 4010/4032/3995 4006/4028/3991 
f 4012/4034/3997 4011/4033/3996 4006/4028/3991 
f 4013/4035/3998 4012/4034/3997 4006/4028/3991 
f 4014/4036/3999 4013/4035/3998 4006/4028/3991 
f 4015/4037/4000 4014/4036/3999 4006/4028/3991 
f 4016/4038/4001 4015/4037/4000 4006/4028/3991 
f 4017/4039/4002 4016/4038/4001 4006/4028/3991 
f 4018/4040/4003 4017/4039/4002 4006/4028/3991 
f 4019/4041/4004 4018/4040/4003 4006/4028/3991 
f 4020/4042/4005 4019/4041/4004 4006/4028/3991 
f 4005/4027/3990 4020/4042/4005 4006/4028/3991 
f 4004/4026/3989 4021/4043/4006 4022/4044/4007 4005/4027/3990 
f 4007/4029/3992 4023/4045/4008 4021/4043/4006 4004/4026/3989 
f 4024/4046/4009 4023/4045/4008 4007/4029/3992 4008/4030/3993 
f 4009/4031/3994 4025/4047/4010 4024/4046/4009 4008/4030/3993 
f 4026/4048/4011 4025/4047/4010 4009/4031/3994 4010/4032/3995 
f 4026/4048/4011 4010/4032/3995 4011/4033/3996 4027/4049/4012 
f 4012/4034/3997 4028/4050/4013 4027/4049/4012 4011/4033/3996 
f 4013/4035/3998 4029/4051/4014 4028/4050/4013 4012/4034/3997 
f 4029/4051/4014 4013/4035/3998 4014/4036/3999 4030/4052/4015 
f 4031/4053/4016 4030/4052/4015 4014/4036/3999 4015/4037/4000 
f 4016/4038/4001 4032/4054/4017 4031/4053/4016 4015/4037/4000 
f 4017/4039/4002 4033/4055/4018 4032/4054/4017 4016/4038/4001 
f 4034/4056/4019 4033/4055/4018 4017/4039/4002 4018/4040/4003 
f 4019/4041/4004 4035/4057/4020 4034/4056/4019 4018/4040/4003 
f 4019/4041/4004 4020/4042/4005 4036/4058/4021 4035/4057/4020 
f 4005/4027/3990 4022/4044/4007 4036/4058/4021 4020/4042/4005 
f 4037/4059/4022 4038/4060/4023 4039/4061/4024 4040/4062/4025 
f 4041/4063/4026 4040/4062/4025 4039/4061/4024 4042/4064/4027 
f 4043/4065/4028 4041/4063/4026 4042/4064/4027 4044/4066/4029 
f 4045/4067/4030 4043/4065/4028 4044/4066/4029 4046/4068/4031 
f 4047/4069/4032 4045/4067/4030 4046/4068/4031 4048/4070/4033 
f 4049/4071/4034 4047/4069/4032 4048/4070/4033 4050/4072/4035 
f 4050/4072/4035 4051/4073/4036 4052/4074/4037 4049/4071/4034 
f 4051/4073/4036 4053/4075/4038 4054/4076/4039 4052/4074/4037 
f 4053/4075/4038 4055/4077/4040 4056/4078/4041 4054/4076/4039 
f 4055/4077/4040 4057/4079/4042 4058/4080/4043 4056/4078/4041 
f 4057/4079/4042 4059/4081/4044 4060/4082/4045 4058/4080/4043 
f 4061/4083/4046 4060/4082/4045 4059/4081/4044 4062/4084/4047 
f 4061/4083/4046 4062/4084/4047 4063/4085/4048 4064/4086/4049 
f 4063/4085/4048 4065/4087/4050 4066/4088/4051 4064/4086/4049 
f 4067/4089/4052 4068/4090/4053 4066/4088/4051 4065/4087/4050 
f 4068/4090/4053 4067/4089/4052 4038/4060/4023 4037/4059/4022 
f 4040/4062/4025 4069/4091/4054 4070/4092/4055 4037/4059/4022 
f 4069/4091/4054 4040/4062/4025 4041/4063/4026 4071/4093/4056 
f 4071/4093/4056 4041/4063/4026 4043/4065/4028 4072/4094/4057 
f 4045/4067/4030 4073/4095/4058 4072/4094/4057 4043/4065/4028 
f 4047/4069/4032 4074/4096/4059 4073/4095/4058 4045/4067/4030 
f 4047/4069/4032 4049/4071/4034 4075/4097/4060 4074/4096/4059 
f 4075/4097/4060 4049/4071/4034 4052/4074/4037 4076/4098/4061 
f 4076/4098/4061 4052/4074/4037 4054/4076/4039 4077/4099/4062 
f 4056/4078/4041 4078/4100/4063 4077/4099/4062 4054/4076/4039 
f 4079/4101/4064 4078/4100/4063 4056/4078/4041 4058/4080/4043 
f 4060/4082/4045 4080/4102/4065 4079/4101/4064 4058/4080/4043 
f 4081/4103/4066 4080/4102/4065 4060/4082/4045 4061/4083/4046 
f 4082/4104/4067 4081/4103/4066 4061/4083/4046 4064/4086/4049 
f 4082/4104/4067 4064/4086/4049 4066/4088/4051 4083/4105/4068 
f 4066/4088/4051 4068/4090/4053 4084/4106/4069 4083/4105/4068 
f 4068/4090/4053 4037/4059/4022 4070/4092/4055 4084/4106/4069 
f 4039/4061/4024 4038/4060/4023 4022/4044/4007 4021/4043/4006 
f 4023/4045/4008 4042/4064/4027 4039/4061/4024 4021/4043/4006 
f 4044/4066/4029 4042/4064/4027 4023/4045/4008 4024/4046/4009 
f 4025/4047/4010 4046/4068/4031 4044/4066/4029 4024/4046/4009 
f 4046/4068/4031 4025/4047/4010 4026/4048/4011 4048/4070/4033 
f 4048/4070/4033 4026/4048/4011 4027/4049/4012 4050/4072/4035 
f 4027/4049/4012 4028/4050/4013 4051/4073/4036 4050/4072/4035 
f 4053/4075/4038 4051/4073/4036 4028/4050/4013 4029/4051/4014 
f 4030/4052/4015 4055/4077/4040 4053/4075/4038 4029/4051/4014 
f 4031/4053/4016 4057/4079/4042 4055/4077/4040 4030/4052/4015 
f 4057/4079/4042 4031/4053/4016 4032/4054/4017 4059/4081/4044 
f 4033/4055/4018 4062/4084/4047 4059/4081/4044 4032/4054/4017 
f 4034/4056/4019 4063/4085/4048 4062/4084/4047 4033/4055/4018 
f 4034/4056/4019 4035/4057/4020 4065/4087/4050 4063/4085/4048 
f 4065/4087/4050 4035/4057/4020 4036/4058/4021 4067/4089/4052 
f 4036/4058/4021 4022/4044/4007 4038/4060/4023 4067/4089/4052 
s off
f 4071/4093/4056 4072/4094/4057 4073/4095/4058 4074/4096/4059 
f 4074/4096/4059 4075/4097/4060 4076/4098/4061 4071/4093/4056 
f 4076/4098/4061 4077/4099/4062 4078/4100/4063 4080/4102/4065 
f 4078/4100/4063 4079/4101/4064 4080/4102/4065 
f 4080/4102/4065 4081/4103/4066 4082/4104/4067 4083/4105/4068 
f 4076/4098/4061 4080/4102/4065 4083/4105/4068 4071/4093/4056 
f 4069/4091/4054 4071/4093/4056 4083/4105/4068 4084/4106/4069 
f 4069/4091/4054 4084/4106/4069 4070/4092/4055 
# 70 polygons - 18 triangles

#
# object Sphere054
#

v  2.2512 3.4419 0.3298
v  2.2719 3.4419 0.3179
v  2.2591 3.5157 0.1900
v  2.2276 3.4419 0.3330
v  2.2046 3.4419 0.3269
v  2.1857 3.4419 0.3124
v  2.1737 3.4419 0.2918
v  2.1705 3.4419 0.2682
v  2.1767 3.4419 0.2452
v  2.1911 3.4419 0.2262
v  2.2117 3.4419 0.2143
v  2.2353 3.4419 0.2111
v  2.2584 3.4419 0.2172
v  2.2773 3.4419 0.2317
v  2.2893 3.4419 0.2523
v  2.2924 3.4419 0.2759
v  2.2863 3.4419 0.2989
v  2.2911 3.3884 0.4249
v  2.3451 3.3884 0.3904
v  2.2281 3.3884 0.4361
v  2.1656 3.3884 0.4223
v  2.1131 3.3884 0.3856
v  2.0787 3.3884 0.3317
v  2.0675 3.3884 0.2687
v  2.0813 3.3884 0.2062
v  2.1179 3.3884 0.1537
v  2.1718 3.3884 0.1192
v  2.2349 3.3884 0.1080
v  2.2974 3.3884 0.1218
v  2.3499 3.3884 0.1585
v  2.3843 3.3884 0.2124
v  2.3955 3.3884 0.2754
v  2.3817 3.3884 0.3379
v  2.5977 3.2274 0.2311
v  2.5103 3.3277 0.2897
v  2.4823 3.3277 0.3950
v  2.5855 3.2274 0.3744
v  2.5194 3.2274 0.5021
v  2.4162 3.3277 0.4817
v  2.4095 3.2274 0.5947
v  2.3219 3.3277 0.5364
v  2.2724 3.2274 0.6383
v  2.2139 3.3277 0.5508
v  2.1292 3.2274 0.6261
v  2.1085 3.3277 0.5229
v  2.0015 3.2274 0.5600
v  2.0219 3.3277 0.4567
v  1.9672 3.3277 0.3624
v  1.9088 3.2274 0.4500
v  1.9527 3.3277 0.2544
v  1.8652 3.2274 0.3130
v  1.9807 3.3277 0.1491
v  1.8774 3.2274 0.1697
v  2.0468 3.3277 0.0624
v  1.9436 3.2274 0.0420
v  2.1411 3.3277 0.0077
v  2.0535 3.2274 -0.0506
v  2.1905 3.2274 -0.0942
v  2.2491 3.3277 -0.0068
v  2.3545 3.3277 0.0212
v  2.3338 3.2274 -0.0820
v  2.4411 3.3277 0.0874
v  2.4615 3.2274 -0.0159
v  2.4958 3.3277 0.1816
v  2.5542 3.2274 0.0941
v  2.5961 3.1229 0.3733
v  2.6087 3.1229 0.2250
v  2.5277 3.1229 0.5054
v  2.4139 3.1229 0.6013
v  2.2721 3.1229 0.6464
v  2.1239 3.1229 0.6337
v  1.9917 3.1229 0.5653
v  1.8958 3.1229 0.4516
v  1.8508 3.1229 0.3098
v  1.8634 3.1229 0.1615
v  1.9318 3.1229 0.0294
v  2.0456 3.1229 -0.0665
v  2.1874 3.1229 -0.1115
v  2.3356 3.1229 -0.0989
v  2.4677 3.1229 -0.0305
v  2.5636 3.1229 0.0832
# 81 vertices

vn 0.1774 0.8127 0.5550
vn 0.3938 0.7869 0.4752
vn 0.1859 0.8130 -0.5518
vn -0.0417 0.8246 0.5642
vn -0.2488 0.8262 0.5055
vn -0.4286 0.8180 0.3837
vn -0.5672 0.7975 0.2057
vn -0.6515 0.7583 -0.0220
vn -0.6619 0.6900 -0.2929
vn -0.5611 0.5863 -0.5843
vn -0.3144 0.4698 -0.8249
vn 0.0451 0.3898 -0.9198
vn 0.4176 0.3775 -0.8265
vn 0.6955 0.4368 -0.5705
vn 0.8045 0.5465 -0.2326
vn 0.7475 0.6590 0.0837
vn 0.5922 0.7392 0.3207
vn 0.2332 0.5160 0.8242
vn 0.5309 0.5160 0.6722
vn -0.0999 0.5160 0.8508
vn -0.4179 0.5160 0.7477
vn -0.6722 0.5160 0.5309
vn -0.8242 0.5160 0.2332
vn -0.8508 0.5160 -0.0999
vn -0.7477 0.5160 -0.4179
vn -0.5309 0.5160 -0.6722
vn -0.2332 0.5160 -0.8242
vn 0.0999 0.5160 -0.8508
vn 0.4179 0.5160 -0.7477
vn 0.6722 0.5160 -0.5309
vn 0.8242 0.5160 -0.2332
vn 0.8508 0.5160 0.0999
vn 0.7477 0.5160 0.4179
vn 0.9357 0.3333 -0.1156
vn 0.6920 0.7197 0.0569
vn 0.6175 0.7197 0.3174
vn 0.9108 0.3274 0.2514
vn 0.7469 0.3230 0.5812
vn 0.4491 0.7197 0.5295
vn 0.4688 0.3208 0.8230
vn 0.2122 0.7197 0.6611
vn 0.1190 0.3211 0.9395
vn -0.0569 0.7197 0.6920
vn -0.2485 0.3239 0.9129
vn -0.3174 0.7197 0.6175
vn -0.5774 0.3288 0.7473
vn -0.5295 0.7197 0.4491
vn -0.6611 0.7197 0.2122
vn -0.8174 0.3350 0.4687
vn -0.6920 0.7197 -0.0569
vn -0.9322 0.3415 0.1198
vn -0.6175 0.7197 -0.3174
vn -0.9049 0.3474 -0.2458
vn -0.4491 0.7197 -0.5295
vn -0.7402 0.3518 -0.5730
vn -0.2122 0.7197 -0.6611
vn -0.4634 0.3540 -0.8123
vn -0.1164 0.3537 -0.9281
vn 0.0569 0.7197 -0.6920
vn 0.3174 0.7197 -0.6175
vn 0.2487 0.3508 -0.9028
vn 0.5295 0.7197 -0.4491
vn 0.5769 0.3460 -0.7399
vn 0.6611 0.7197 -0.2122
vn 0.8183 0.3398 -0.4637
vn 0.7394 -0.6393 0.2109
vn 0.7677 -0.6346 -0.0891
vn 0.5996 -0.6428 0.4768
vn 0.3697 -0.6446 0.6692
vn 0.0842 -0.6443 0.7601
vn -0.2148 -0.6420 0.7360
vn -0.4828 -0.6381 0.5997
vn -0.6793 -0.6332 0.3709
vn -0.7738 -0.6280 0.0833
vn -0.7505 -0.6232 -0.2197
vn -0.6121 -0.6198 -0.4912
vn -0.3793 -0.6180 -0.6886
vn -0.0882 -0.6183 -0.7810
vn 0.2158 -0.6205 -0.7539
vn 0.4852 -0.6244 -0.6121
vn 0.6789 -0.6293 -0.3783
# 81 vertex normals

vt 0.6252 0.1794 0.0000
vt 0.6266 0.1806 0.0000
vt 0.6354 0.1766 0.0000
vt 0.6244 0.1778 0.0000
vt 0.6243 0.1760 0.0000
vt 0.6249 0.1743 0.0000
vt 0.6260 0.1730 0.0000
vt 0.6277 0.1722 0.0000
vt 0.6295 0.1721 0.0000
vt 0.6312 0.1726 0.0000
vt 0.6325 0.1738 0.0000
vt 0.6333 0.1754 0.0000
vt 0.6334 0.1772 0.0000
vt 0.6328 0.1789 0.0000
vt 0.6317 0.1803 0.0000
vt 0.6300 0.1811 0.0000
vt 0.6283 0.1812 0.0000
vt 0.6194 0.1846 0.0000
vt 0.6231 0.1876 0.0000
vt 0.6171 0.1803 0.0000
vt 0.6165 0.1755 0.0000
vt 0.6179 0.1709 0.0000
vt 0.6209 0.1672 0.0000
vt 0.6251 0.1648 0.0000
vt 0.6299 0.1643 0.0000
vt 0.6346 0.1657 0.0000
vt 0.6383 0.1687 0.0000
vt 0.6406 0.1729 0.0000
vt 0.6412 0.1777 0.0000
vt 0.6398 0.1824 0.0000
vt 0.6368 0.1861 0.0000
vt 0.6326 0.1884 0.0000
vt 0.6278 0.1890 0.0000
vt 0.6406 0.2018 0.0000
vt 0.6343 0.1970 0.0000
vt 0.6261 0.1975 0.0000
vt 0.6301 0.2044 0.0000
vt 0.6194 0.2027 0.0000
vt 0.6183 0.1949 0.0000
vt 0.6101 0.1971 0.0000
vt 0.6121 0.1895 0.0000
vt 0.6037 0.1884 0.0000
vt 0.6085 0.1821 0.0000
vt 0.6011 0.1778 0.0000
vt 0.6080 0.1739 0.0000
vt 0.6027 0.1671 0.0000
vt 0.6106 0.1661 0.0000
vt 0.6160 0.1599 0.0000
vt 0.6084 0.1579 0.0000
vt 0.6234 0.1563 0.0000
vt 0.6171 0.1515 0.0000
vt 0.6316 0.1558 0.0000
vt 0.6276 0.1489 0.0000
vt 0.6394 0.1584 0.0000
vt 0.6384 0.1505 0.0000
vt 0.6456 0.1638 0.0000
vt 0.6476 0.1562 0.0000
vt 0.6540 0.1649 0.0000
vt 0.6492 0.1712 0.0000
vt 0.6497 0.1794 0.0000
vt 0.6566 0.1754 0.0000
vt 0.6471 0.1872 0.0000
vt 0.6550 0.1861 0.0000
vt 0.6417 0.1933 0.0000
vt 0.6493 0.1954 0.0000
vt 0.6304 0.2051 0.0000
vt 0.6413 0.2024 0.0000
vt 0.6193 0.2034 0.0000
vt 0.6097 0.1976 0.0000
vt 0.6031 0.1885 0.0000
vt 0.6004 0.1777 0.0000
vt 0.6021 0.1666 0.0000
vt 0.6079 0.1570 0.0000
vt 0.6170 0.1503 0.0000
vt 0.6279 0.1477 0.0000
vt 0.6390 0.1494 0.0000
vt 0.6486 0.1552 0.0000
vt 0.6552 0.1642 0.0000
vt 0.6579 0.1751 0.0000
vt 0.6562 0.1862 0.0000
vt 0.6503 0.1958 0.0000
# 81 texture coords

o Sphere054
g Sphere054
usemtl Material__28
s 1
f 4085/4107/4070 4086/4108/4071 4087/4109/4072 
f 4088/4110/4073 4085/4107/4070 4087/4109/4072 
f 4089/4111/4074 4088/4110/4073 4087/4109/4072 
f 4090/4112/4075 4089/4111/4074 4087/4109/4072 
f 4091/4113/4076 4090/4112/4075 4087/4109/4072 
f 4092/4114/4077 4091/4113/4076 4087/4109/4072 
f 4093/4115/4078 4092/4114/4077 4087/4109/4072 
f 4094/4116/4079 4093/4115/4078 4087/4109/4072 
f 4095/4117/4080 4094/4116/4079 4087/4109/4072 
f 4096/4118/4081 4095/4117/4080 4087/4109/4072 
f 4097/4119/4082 4096/4118/4081 4087/4109/4072 
f 4098/4120/4083 4097/4119/4082 4087/4109/4072 
f 4099/4121/4084 4098/4120/4083 4087/4109/4072 
f 4100/4122/4085 4099/4121/4084 4087/4109/4072 
f 4101/4123/4086 4100/4122/4085 4087/4109/4072 
f 4086/4108/4071 4101/4123/4086 4087/4109/4072 
f 4085/4107/4070 4102/4124/4087 4103/4125/4088 4086/4108/4071 
f 4088/4110/4073 4104/4126/4089 4102/4124/4087 4085/4107/4070 
f 4105/4127/4090 4104/4126/4089 4088/4110/4073 4089/4111/4074 
f 4090/4112/4075 4106/4128/4091 4105/4127/4090 4089/4111/4074 
f 4107/4129/4092 4106/4128/4091 4090/4112/4075 4091/4113/4076 
f 4107/4129/4092 4091/4113/4076 4092/4114/4077 4108/4130/4093 
f 4093/4115/4078 4109/4131/4094 4108/4130/4093 4092/4114/4077 
f 4094/4116/4079 4110/4132/4095 4109/4131/4094 4093/4115/4078 
f 4110/4132/4095 4094/4116/4079 4095/4117/4080 4111/4133/4096 
f 4112/4134/4097 4111/4133/4096 4095/4117/4080 4096/4118/4081 
f 4097/4119/4082 4113/4135/4098 4112/4134/4097 4096/4118/4081 
f 4098/4120/4083 4114/4136/4099 4113/4135/4098 4097/4119/4082 
f 4115/4137/4100 4114/4136/4099 4098/4120/4083 4099/4121/4084 
f 4100/4122/4085 4116/4138/4101 4115/4137/4100 4099/4121/4084 
f 4100/4122/4085 4101/4123/4086 4117/4139/4102 4116/4138/4101 
f 4086/4108/4071 4103/4125/4088 4117/4139/4102 4101/4123/4086 
f 4118/4140/4103 4119/4141/4104 4120/4142/4105 4121/4143/4106 
f 4122/4144/4107 4121/4143/4106 4120/4142/4105 4123/4145/4108 
f 4124/4146/4109 4122/4144/4107 4123/4145/4108 4125/4147/4110 
f 4126/4148/4111 4124/4146/4109 4125/4147/4110 4127/4149/4112 
f 4128/4150/4113 4126/4148/4111 4127/4149/4112 4129/4151/4114 
f 4130/4152/4115 4128/4150/4113 4129/4151/4114 4131/4153/4116 
f 4131/4153/4116 4132/4154/4117 4133/4155/4118 4130/4152/4115 
f 4132/4154/4117 4134/4156/4119 4135/4157/4120 4133/4155/4118 
f 4134/4156/4119 4136/4158/4121 4137/4159/4122 4135/4157/4120 
f 4136/4158/4121 4138/4160/4123 4139/4161/4124 4137/4159/4122 
f 4138/4160/4123 4140/4162/4125 4141/4163/4126 4139/4161/4124 
f 4142/4164/4127 4141/4163/4126 4140/4162/4125 4143/4165/4128 
f 4142/4164/4127 4143/4165/4128 4144/4166/4129 4145/4167/4130 
f 4144/4166/4129 4146/4168/4131 4147/4169/4132 4145/4167/4130 
f 4148/4170/4133 4149/4171/4134 4147/4169/4132 4146/4168/4131 
f 4149/4171/4134 4148/4170/4133 4119/4141/4104 4118/4140/4103 
f 4121/4143/4106 4150/4172/4135 4151/4173/4136 4118/4140/4103 
f 4150/4172/4135 4121/4143/4106 4122/4144/4107 4152/4174/4137 
f 4152/4174/4137 4122/4144/4107 4124/4146/4109 4153/4175/4138 
f 4126/4148/4111 4154/4176/4139 4153/4175/4138 4124/4146/4109 
f 4128/4150/4113 4155/4177/4140 4154/4176/4139 4126/4148/4111 
f 4128/4150/4113 4130/4152/4115 4156/4178/4141 4155/4177/4140 
f 4156/4178/4141 4130/4152/4115 4133/4155/4118 4157/4179/4142 
f 4157/4179/4142 4133/4155/4118 4135/4157/4120 4158/4180/4143 
f 4137/4159/4122 4159/4181/4144 4158/4180/4143 4135/4157/4120 
f 4160/4182/4145 4159/4181/4144 4137/4159/4122 4139/4161/4124 
f 4141/4163/4126 4161/4183/4146 4160/4182/4145 4139/4161/4124 
f 4162/4184/4147 4161/4183/4146 4141/4163/4126 4142/4164/4127 
f 4163/4185/4148 4162/4184/4147 4142/4164/4127 4145/4167/4130 
f 4163/4185/4148 4145/4167/4130 4147/4169/4132 4164/4186/4149 
f 4147/4169/4132 4149/4171/4134 4165/4187/4150 4164/4186/4149 
f 4149/4171/4134 4118/4140/4103 4151/4173/4136 4165/4187/4150 
f 4120/4142/4105 4119/4141/4104 4103/4125/4088 4102/4124/4087 
f 4104/4126/4089 4123/4145/4108 4120/4142/4105 4102/4124/4087 
f 4125/4147/4110 4123/4145/4108 4104/4126/4089 4105/4127/4090 
f 4106/4128/4091 4127/4149/4112 4125/4147/4110 4105/4127/4090 
f 4127/4149/4112 4106/4128/4091 4107/4129/4092 4129/4151/4114 
f 4129/4151/4114 4107/4129/4092 4108/4130/4093 4131/4153/4116 
f 4108/4130/4093 4109/4131/4094 4132/4154/4117 4131/4153/4116 
f 4134/4156/4119 4132/4154/4117 4109/4131/4094 4110/4132/4095 
f 4111/4133/4096 4136/4158/4121 4134/4156/4119 4110/4132/4095 
f 4112/4134/4097 4138/4160/4123 4136/4158/4121 4111/4133/4096 
f 4138/4160/4123 4112/4134/4097 4113/4135/4098 4140/4162/4125 
f 4114/4136/4099 4143/4165/4128 4140/4162/4125 4113/4135/4098 
f 4115/4137/4100 4144/4166/4129 4143/4165/4128 4114/4136/4099 
f 4115/4137/4100 4116/4138/4101 4146/4168/4131 4144/4166/4129 
f 4146/4168/4131 4116/4138/4101 4117/4139/4102 4148/4170/4133 
f 4117/4139/4102 4103/4125/4088 4119/4141/4104 4148/4170/4133 
s off
f 4152/4174/4137 4153/4175/4138 4154/4176/4139 4155/4177/4140 
f 4155/4177/4140 4156/4178/4141 4157/4179/4142 4152/4174/4137 
f 4157/4179/4142 4158/4180/4143 4159/4181/4144 4161/4183/4146 
f 4159/4181/4144 4160/4182/4145 4161/4183/4146 
f 4161/4183/4146 4162/4184/4147 4163/4185/4148 4164/4186/4149 
f 4157/4179/4142 4161/4183/4146 4164/4186/4149 4152/4174/4137 
f 4150/4172/4135 4152/4174/4137 4164/4186/4149 4165/4187/4150 
f 4150/4172/4135 4165/4187/4150 4151/4173/4136 
# 70 polygons - 18 triangles

#
# object Sphere055
#

v  2.2249 3.4419 -0.5172
v  2.2398 3.4419 -0.5358
v  2.1817 3.5157 -0.6504
v  2.2040 3.4419 -0.5057
v  2.1803 3.4419 -0.5031
v  2.1574 3.4419 -0.5097
v  2.1388 3.4419 -0.5246
v  2.1273 3.4419 -0.5455
v  2.1247 3.4419 -0.5692
v  2.1314 3.4419 -0.5921
v  2.1463 3.4419 -0.6107
v  2.1671 3.4419 -0.6221
v  2.1908 3.4419 -0.6248
v  2.2137 3.4419 -0.6181
v  2.2323 3.4419 -0.6032
v  2.2438 3.4419 -0.5823
v  2.2464 3.4419 -0.5587
v  2.2964 3.3884 -0.4430
v  2.3342 3.3884 -0.4946
v  2.2417 3.3884 -0.4098
v  2.1784 3.3884 -0.4000
v  2.1162 3.3884 -0.4153
v  2.0646 3.3884 -0.4531
v  2.0314 3.3884 -0.5078
v  2.0217 3.3884 -0.5711
v  2.0369 3.3884 -0.6333
v  2.0747 3.3884 -0.6849
v  2.1295 3.3884 -0.7181
v  2.1927 3.3884 -0.7278
v  2.2549 3.3884 -0.7126
v  2.3065 3.3884 -0.6747
v  2.3397 3.3884 -0.6200
v  2.3495 3.3884 -0.5568
v  2.5123 3.2274 -0.7344
v  2.4519 3.3277 -0.6482
v  2.4639 3.3277 -0.5399
v  2.5527 3.2274 -0.5964
v  2.5371 3.2274 -0.4535
v  2.4335 3.3277 -0.4352
v  2.4681 3.2274 -0.3273
v  2.3653 3.3277 -0.3501
v  2.3561 3.2274 -0.2372
v  2.2698 3.3277 -0.2976
v  2.2181 3.2274 -0.1968
v  2.1615 3.3277 -0.2856
v  2.0751 3.2274 -0.2124
v  2.0568 3.3277 -0.3160
v  1.9717 3.3277 -0.3841
v  1.9490 3.2274 -0.2814
v  1.9192 3.3277 -0.4797
v  1.8588 3.2274 -0.3934
v  1.9073 3.3277 -0.5880
v  1.8185 3.2274 -0.5314
v  1.9376 3.3277 -0.6927
v  1.8340 3.2274 -0.6744
v  2.0058 3.3277 -0.7777
v  1.9030 3.2274 -0.8005
v  2.0151 3.2274 -0.8906
v  2.1013 3.3277 -0.8303
v  2.2096 3.3277 -0.8422
v  2.1531 3.2274 -0.9310
v  2.3143 3.3277 -0.8118
v  2.2960 3.2274 -0.9155
v  2.3994 3.3277 -0.7437
v  2.4222 3.2274 -0.8465
v  2.5621 3.1229 -0.6012
v  2.5203 3.1229 -0.7440
v  2.5460 3.1229 -0.4533
v  2.4746 3.1229 -0.3228
v  2.3587 3.1229 -0.2296
v  2.2159 3.1229 -0.1878
v  2.0680 3.1229 -0.2038
v  1.9374 3.1229 -0.2753
v  1.8442 3.1229 -0.3912
v  1.8024 3.1229 -0.5340
v  1.8185 3.1229 -0.6819
v  1.8899 3.1229 -0.8124
v  2.0058 3.1229 -0.9057
v  2.1486 3.1229 -0.9475
v  2.2966 3.1229 -0.9314
v  2.4271 3.1229 -0.8600
# 81 vertices

vn 0.3660 0.8127 0.4534
vn 0.5388 0.7869 0.3008
vn -0.0260 0.8130 -0.5817
vn 0.1649 0.8246 0.5412
vn -0.0494 0.8262 0.5612
vn -0.2610 0.8180 0.5126
vn -0.4546 0.7975 0.3967
vn -0.6155 0.7583 0.2148
vn -0.7230 0.6900 -0.0340
vn -0.7343 0.5863 -0.3421
vn -0.5912 0.4698 -0.6556
vn -0.2902 0.3898 -0.8740
vn 0.0908 0.3775 -0.9215
vn 0.4424 0.4368 -0.7832
vn 0.6662 0.5465 -0.5075
vn 0.7273 0.6590 -0.1920
vn 0.6680 0.7392 0.0852
vn 0.5152 0.5160 0.6843
vn 0.7379 0.5160 0.4351
vn 0.2141 0.5160 0.8294
vn -0.1196 0.5160 0.8482
vn -0.4351 0.5160 0.7379
vn -0.6843 0.5160 0.5152
vn -0.8294 0.5160 0.2141
vn -0.8482 0.5160 -0.1196
vn -0.7379 0.5160 -0.4351
vn -0.5152 0.5160 -0.6843
vn -0.2141 0.5160 -0.8294
vn 0.1196 0.5160 -0.8482
vn 0.4351 0.5160 -0.7379
vn 0.6843 0.5160 -0.5152
vn 0.8294 0.5160 -0.2141
vn 0.8482 0.5160 0.1196
vn 0.8308 0.3333 -0.4458
vn 0.6658 0.7197 -0.1969
vn 0.6905 0.7197 0.0729
vn 0.9402 0.3274 -0.0946
vn 0.9064 0.3230 0.2722
vn 0.6100 0.7197 0.3315
vn 0.7344 0.3208 0.5981
vn 0.4367 0.7197 0.5398
vn 0.4504 0.3211 0.8331
vn 0.1969 0.7197 0.6658
vn 0.0980 0.3239 0.9410
vn -0.0729 0.7197 0.6905
vn -0.2684 0.3288 0.9054
vn -0.3315 0.7197 0.6100
vn -0.5398 0.7197 0.4367
vn -0.5929 0.3350 0.7323
vn -0.6658 0.7197 0.1969
vn -0.8260 0.3415 0.4485
vn -0.6905 0.7197 -0.0729
vn -0.9326 0.3474 0.0977
vn -0.6100 0.7197 -0.3315
vn -0.8972 0.3518 -0.2669
vn -0.4367 0.7197 -0.5398
vn -0.7256 0.3540 -0.5901
vn -0.4438 0.3537 -0.8234
vn -0.1969 0.7197 -0.6658
vn 0.0729 0.7197 -0.6905
vn -0.0942 0.3508 -0.9317
vn 0.3315 0.7197 -0.6100
vn 0.2706 0.3460 -0.8984
vn 0.5398 0.7197 -0.4367
vn 0.5955 0.3398 -0.7280
vn 0.7657 -0.6393 -0.0705
vn 0.6837 -0.6346 -0.3604
vn 0.7313 -0.6428 0.2280
vn 0.5865 -0.6446 0.4905
vn 0.3531 -0.6443 0.6784
vn 0.0656 -0.6420 0.7639
vn -0.2335 -0.6381 0.7336
vn -0.4995 -0.6332 0.5913
vn -0.6915 -0.6280 0.3572
vn -0.7792 -0.6232 0.0663
vn -0.7482 -0.6198 -0.2369
vn -0.6024 -0.6180 -0.5051
vn -0.3643 -0.6183 -0.6964
vn -0.0711 -0.6205 -0.7809
vn 0.2314 -0.6244 -0.7460
vn 0.4964 -0.6293 -0.5979
# 81 vertex normals

vt 0.6252 0.1794 0.0000
vt 0.6266 0.1806 0.0000
vt 0.6354 0.1766 0.0000
vt 0.6244 0.1778 0.0000
vt 0.6243 0.1760 0.0000
vt 0.6249 0.1743 0.0000
vt 0.6260 0.1730 0.0000
vt 0.6277 0.1722 0.0000
vt 0.6295 0.1721 0.0000
vt 0.6312 0.1726 0.0000
vt 0.6325 0.1738 0.0000
vt 0.6333 0.1754 0.0000
vt 0.6334 0.1772 0.0000
vt 0.6328 0.1789 0.0000
vt 0.6317 0.1803 0.0000
vt 0.6300 0.1811 0.0000
vt 0.6283 0.1812 0.0000
vt 0.6194 0.1846 0.0000
vt 0.6231 0.1876 0.0000
vt 0.6171 0.1803 0.0000
vt 0.6165 0.1755 0.0000
vt 0.6179 0.1709 0.0000
vt 0.6209 0.1672 0.0000
vt 0.6251 0.1648 0.0000
vt 0.6299 0.1643 0.0000
vt 0.6346 0.1657 0.0000
vt 0.6383 0.1687 0.0000
vt 0.6406 0.1729 0.0000
vt 0.6412 0.1777 0.0000
vt 0.6398 0.1824 0.0000
vt 0.6368 0.1861 0.0000
vt 0.6326 0.1884 0.0000
vt 0.6278 0.1890 0.0000
vt 0.6406 0.2018 0.0000
vt 0.6343 0.1970 0.0000
vt 0.6261 0.1975 0.0000
vt 0.6301 0.2044 0.0000
vt 0.6194 0.2027 0.0000
vt 0.6183 0.1949 0.0000
vt 0.6101 0.1971 0.0000
vt 0.6121 0.1895 0.0000
vt 0.6037 0.1884 0.0000
vt 0.6085 0.1821 0.0000
vt 0.6011 0.1778 0.0000
vt 0.6080 0.1739 0.0000
vt 0.6027 0.1671 0.0000
vt 0.6106 0.1661 0.0000
vt 0.6160 0.1599 0.0000
vt 0.6084 0.1579 0.0000
vt 0.6234 0.1563 0.0000
vt 0.6171 0.1515 0.0000
vt 0.6316 0.1558 0.0000
vt 0.6276 0.1489 0.0000
vt 0.6394 0.1584 0.0000
vt 0.6384 0.1505 0.0000
vt 0.6456 0.1638 0.0000
vt 0.6476 0.1562 0.0000
vt 0.6540 0.1649 0.0000
vt 0.6492 0.1712 0.0000
vt 0.6497 0.1794 0.0000
vt 0.6566 0.1754 0.0000
vt 0.6471 0.1872 0.0000
vt 0.6550 0.1861 0.0000
vt 0.6417 0.1933 0.0000
vt 0.6493 0.1954 0.0000
vt 0.6304 0.2051 0.0000
vt 0.6413 0.2024 0.0000
vt 0.6193 0.2034 0.0000
vt 0.6097 0.1976 0.0000
vt 0.6031 0.1885 0.0000
vt 0.6004 0.1777 0.0000
vt 0.6021 0.1666 0.0000
vt 0.6079 0.1570 0.0000
vt 0.6170 0.1503 0.0000
vt 0.6279 0.1477 0.0000
vt 0.6390 0.1494 0.0000
vt 0.6486 0.1552 0.0000
vt 0.6552 0.1642 0.0000
vt 0.6579 0.1751 0.0000
vt 0.6562 0.1862 0.0000
vt 0.6503 0.1958 0.0000
# 81 texture coords

o Sphere055
g Sphere055
usemtl Material__28
s 1
f 4166/4188/4151 4167/4189/4152 4168/4190/4153 
f 4169/4191/4154 4166/4188/4151 4168/4190/4153 
f 4170/4192/4155 4169/4191/4154 4168/4190/4153 
f 4171/4193/4156 4170/4192/4155 4168/4190/4153 
f 4172/4194/4157 4171/4193/4156 4168/4190/4153 
f 4173/4195/4158 4172/4194/4157 4168/4190/4153 
f 4174/4196/4159 4173/4195/4158 4168/4190/4153 
f 4175/4197/4160 4174/4196/4159 4168/4190/4153 
f 4176/4198/4161 4175/4197/4160 4168/4190/4153 
f 4177/4199/4162 4176/4198/4161 4168/4190/4153 
f 4178/4200/4163 4177/4199/4162 4168/4190/4153 
f 4179/4201/4164 4178/4200/4163 4168/4190/4153 
f 4180/4202/4165 4179/4201/4164 4168/4190/4153 
f 4181/4203/4166 4180/4202/4165 4168/4190/4153 
f 4182/4204/4167 4181/4203/4166 4168/4190/4153 
f 4167/4189/4152 4182/4204/4167 4168/4190/4153 
f 4166/4188/4151 4183/4205/4168 4184/4206/4169 4167/4189/4152 
f 4169/4191/4154 4185/4207/4170 4183/4205/4168 4166/4188/4151 
f 4186/4208/4171 4185/4207/4170 4169/4191/4154 4170/4192/4155 
f 4171/4193/4156 4187/4209/4172 4186/4208/4171 4170/4192/4155 
f 4188/4210/4173 4187/4209/4172 4171/4193/4156 4172/4194/4157 
f 4188/4210/4173 4172/4194/4157 4173/4195/4158 4189/4211/4174 
f 4174/4196/4159 4190/4212/4175 4189/4211/4174 4173/4195/4158 
f 4175/4197/4160 4191/4213/4176 4190/4212/4175 4174/4196/4159 
f 4191/4213/4176 4175/4197/4160 4176/4198/4161 4192/4214/4177 
f 4193/4215/4178 4192/4214/4177 4176/4198/4161 4177/4199/4162 
f 4178/4200/4163 4194/4216/4179 4193/4215/4178 4177/4199/4162 
f 4179/4201/4164 4195/4217/4180 4194/4216/4179 4178/4200/4163 
f 4196/4218/4181 4195/4217/4180 4179/4201/4164 4180/4202/4165 
f 4181/4203/4166 4197/4219/4182 4196/4218/4181 4180/4202/4165 
f 4181/4203/4166 4182/4204/4167 4198/4220/4183 4197/4219/4182 
f 4167/4189/4152 4184/4206/4169 4198/4220/4183 4182/4204/4167 
f 4199/4221/4184 4200/4222/4185 4201/4223/4186 4202/4224/4187 
f 4203/4225/4188 4202/4224/4187 4201/4223/4186 4204/4226/4189 
f 4205/4227/4190 4203/4225/4188 4204/4226/4189 4206/4228/4191 
f 4207/4229/4192 4205/4227/4190 4206/4228/4191 4208/4230/4193 
f 4209/4231/4194 4207/4229/4192 4208/4230/4193 4210/4232/4195 
f 4211/4233/4196 4209/4231/4194 4210/4232/4195 4212/4234/4197 
f 4212/4234/4197 4213/4235/4198 4214/4236/4199 4211/4233/4196 
f 4213/4235/4198 4215/4237/4200 4216/4238/4201 4214/4236/4199 
f 4215/4237/4200 4217/4239/4202 4218/4240/4203 4216/4238/4201 
f 4217/4239/4202 4219/4241/4204 4220/4242/4205 4218/4240/4203 
f 4219/4241/4204 4221/4243/4206 4222/4244/4207 4220/4242/4205 
f 4223/4245/4208 4222/4244/4207 4221/4243/4206 4224/4246/4209 
f 4223/4245/4208 4224/4246/4209 4225/4247/4210 4226/4248/4211 
f 4225/4247/4210 4227/4249/4212 4228/4250/4213 4226/4248/4211 
f 4229/4251/4214 4230/4252/4215 4228/4250/4213 4227/4249/4212 
f 4230/4252/4215 4229/4251/4214 4200/4222/4185 4199/4221/4184 
f 4202/4224/4187 4231/4253/4216 4232/4254/4217 4199/4221/4184 
f 4231/4253/4216 4202/4224/4187 4203/4225/4188 4233/4255/4218 
f 4233/4255/4218 4203/4225/4188 4205/4227/4190 4234/4256/4219 
f 4207/4229/4192 4235/4257/4220 4234/4256/4219 4205/4227/4190 
f 4209/4231/4194 4236/4258/4221 4235/4257/4220 4207/4229/4192 
f 4209/4231/4194 4211/4233/4196 4237/4259/4222 4236/4258/4221 
f 4237/4259/4222 4211/4233/4196 4214/4236/4199 4238/4260/4223 
f 4238/4260/4223 4214/4236/4199 4216/4238/4201 4239/4261/4224 
f 4218/4240/4203 4240/4262/4225 4239/4261/4224 4216/4238/4201 
f 4241/4263/4226 4240/4262/4225 4218/4240/4203 4220/4242/4205 
f 4222/4244/4207 4242/4264/4227 4241/4263/4226 4220/4242/4205 
f 4243/4265/4228 4242/4264/4227 4222/4244/4207 4223/4245/4208 
f 4244/4266/4229 4243/4265/4228 4223/4245/4208 4226/4248/4211 
f 4244/4266/4229 4226/4248/4211 4228/4250/4213 4245/4267/4230 
f 4228/4250/4213 4230/4252/4215 4246/4268/4231 4245/4267/4230 
f 4230/4252/4215 4199/4221/4184 4232/4254/4217 4246/4268/4231 
f 4201/4223/4186 4200/4222/4185 4184/4206/4169 4183/4205/4168 
f 4185/4207/4170 4204/4226/4189 4201/4223/4186 4183/4205/4168 
f 4206/4228/4191 4204/4226/4189 4185/4207/4170 4186/4208/4171 
f 4187/4209/4172 4208/4230/4193 4206/4228/4191 4186/4208/4171 
f 4208/4230/4193 4187/4209/4172 4188/4210/4173 4210/4232/4195 
f 4210/4232/4195 4188/4210/4173 4189/4211/4174 4212/4234/4197 
f 4189/4211/4174 4190/4212/4175 4213/4235/4198 4212/4234/4197 
f 4215/4237/4200 4213/4235/4198 4190/4212/4175 4191/4213/4176 
f 4192/4214/4177 4217/4239/4202 4215/4237/4200 4191/4213/4176 
f 4193/4215/4178 4219/4241/4204 4217/4239/4202 4192/4214/4177 
f 4219/4241/4204 4193/4215/4178 4194/4216/4179 4221/4243/4206 
f 4195/4217/4180 4224/4246/4209 4221/4243/4206 4194/4216/4179 
f 4196/4218/4181 4225/4247/4210 4224/4246/4209 4195/4217/4180 
f 4196/4218/4181 4197/4219/4182 4227/4249/4212 4225/4247/4210 
f 4227/4249/4212 4197/4219/4182 4198/4220/4183 4229/4251/4214 
f 4198/4220/4183 4184/4206/4169 4200/4222/4185 4229/4251/4214 
s off
f 4233/4255/4218 4234/4256/4219 4235/4257/4220 4236/4258/4221 
f 4236/4258/4221 4237/4259/4222 4238/4260/4223 4233/4255/4218 
f 4238/4260/4223 4239/4261/4224 4240/4262/4225 4242/4264/4227 
f 4240/4262/4225 4241/4263/4226 4242/4264/4227 
f 4242/4264/4227 4243/4265/4228 4244/4266/4229 4245/4267/4230 
f 4238/4260/4223 4242/4264/4227 4245/4267/4230 4233/4255/4218 
f 4231/4253/4216 4233/4255/4218 4245/4267/4230 4246/4268/4231 
f 4231/4253/4216 4246/4268/4231 4232/4254/4217 
# 70 polygons - 18 triangles

#
# object Sphere056
#

v  1.8943 3.4419 -1.2975
v  1.9015 3.4419 -1.3202
v  1.8059 3.5157 -1.4061
v  1.8790 3.4419 -1.2792
v  1.8578 3.4419 -1.2682
v  1.8341 3.4419 -1.2662
v  1.8114 3.4419 -1.2733
v  1.7931 3.4419 -1.2886
v  1.7821 3.4419 -1.3098
v  1.7801 3.4419 -1.3335
v  1.7872 3.4419 -1.3563
v  1.8025 3.4419 -1.3745
v  1.8237 3.4419 -1.3855
v  1.8474 3.4419 -1.3876
v  1.8701 3.4419 -1.3804
v  1.8884 3.4419 -1.3651
v  1.8994 3.4419 -1.3439
v  1.9878 3.3884 -1.2541
v  2.0044 3.3884 -1.3159
v  1.9487 3.3884 -1.2034
v  1.8933 3.3884 -1.1714
v  1.8298 3.3884 -1.1632
v  1.7680 3.3884 -1.1798
v  1.7173 3.3884 -1.2189
v  1.6853 3.3884 -1.2743
v  1.6771 3.3884 -1.3378
v  1.6937 3.3884 -1.3996
v  1.7328 3.3884 -1.4503
v  1.7882 3.3884 -1.4823
v  1.8517 3.3884 -1.4905
v  1.9135 3.3884 -1.4739
v  1.9642 3.3884 -1.4349
v  1.9962 3.3884 -1.3794
v  2.0838 3.2274 -1.6039
v  2.0587 3.3277 -1.5016
v  2.1090 3.3277 -1.4050
v  2.1713 3.2274 -1.4898
v  2.2085 3.2274 -1.3509
v  2.1184 3.3277 -1.2964
v  2.1897 3.2274 -1.2083
v  2.0856 3.3277 -1.1924
v  2.1178 3.2274 -1.0838
v  2.0156 3.3277 -1.1089
v  2.0037 3.2274 -0.9963
v  1.9189 3.3277 -1.0586
v  1.8648 3.2274 -0.9591
v  1.8103 3.3277 -1.0492
v  1.7063 3.3277 -1.0820
v  1.7222 3.2274 -0.9779
v  1.6228 3.3277 -1.1521
v  1.5977 3.2274 -1.0499
v  1.5725 3.3277 -1.2488
v  1.5102 3.2274 -1.1640
v  1.5631 3.3277 -1.3573
v  1.4730 3.2274 -1.3029
v  1.5959 3.3277 -1.4613
v  1.4918 3.2274 -1.4454
v  1.5638 3.2274 -1.5699
v  1.6660 3.3277 -1.5448
v  1.7627 3.3277 -1.5951
v  1.6779 3.2274 -1.6574
v  1.8712 3.3277 -1.6045
v  1.8168 3.2274 -1.6946
v  1.9752 3.3277 -1.5717
v  1.9593 3.2274 -1.6758
v  2.1784 3.1229 -1.4977
v  2.0878 3.1229 -1.6157
v  2.2168 3.1229 -1.3539
v  2.1974 3.1229 -1.2064
v  2.1230 3.1229 -1.0776
v  2.0049 3.1229 -0.9871
v  1.8612 3.1229 -0.9486
v  1.7137 3.1229 -0.9681
v  1.5848 3.1229 -1.0425
v  1.4943 3.1229 -1.1606
v  1.4558 3.1229 -1.3043
v  1.4753 3.1229 -1.4518
v  1.5497 3.1229 -1.5806
v  1.6678 3.1229 -1.6712
v  1.8115 3.1229 -1.7096
v  1.9590 3.1229 -1.6902
# 81 vertices

vn 0.5050 0.8127 0.2906
vn 0.6111 0.7869 0.0859
vn -0.2344 0.8130 -0.5330
vn 0.3493 0.8246 0.4450
vn 0.1567 0.8262 0.5412
vn -0.0582 0.8180 0.5723
vn -0.2806 0.7975 0.5341
vn -0.4963 0.7583 0.4226
vn -0.6865 0.6900 0.2295
vn -0.8083 0.5863 -0.0538
vn -0.7881 0.4698 -0.3978
vn -0.5863 0.3898 -0.7101
vn -0.2482 0.3775 -0.8921
vn 0.1296 0.4368 -0.8902
vn 0.4379 0.5465 -0.7139
vn 0.6088 0.6590 -0.4417
vn 0.6537 0.7392 -0.1619
vn 0.7276 0.5160 0.4520
vn 0.8452 0.5160 0.1391
vn 0.4993 0.5160 0.6960
vn 0.1949 0.5160 0.8341
vn -0.1391 0.5160 0.8452
vn -0.4520 0.5160 0.7276
vn -0.6960 0.5160 0.4993
vn -0.8341 0.5160 0.1949
vn -0.8452 0.5160 -0.1391
vn -0.7276 0.5160 -0.4520
vn -0.4993 0.5160 -0.6960
vn -0.1949 0.5160 -0.8341
vn 0.1391 0.5160 -0.8452
vn 0.4520 0.5160 -0.7276
vn 0.6960 0.5160 -0.4993
vn 0.8341 0.5160 -0.1949
vn 0.6136 0.3333 -0.7158
vn 0.5497 0.7197 -0.4241
vn 0.6702 0.7197 -0.1815
vn 0.8425 0.3274 -0.4278
vn 0.9435 0.3230 -0.0736
vn 0.6886 0.7197 0.0888
vn 0.9009 0.3208 0.2924
vn 0.6022 0.7197 0.3455
vn 0.7209 0.3211 0.6141
vn 0.4241 0.7197 0.5497
vn 0.4313 0.3239 0.8420
vn 0.1815 0.7197 0.6702
vn 0.0768 0.3288 0.9413
vn -0.0888 0.7197 0.6886
vn -0.3455 0.7197 0.6022
vn -0.2883 0.3350 0.8970
vn -0.5497 0.7197 0.4241
vn -0.6082 0.3415 0.7166
vn -0.6702 0.7197 0.1815
vn -0.8344 0.3474 0.4280
vn -0.6886 0.7197 -0.0888
vn -0.9330 0.3518 0.0753
vn -0.6022 0.7197 -0.3455
vn -0.8898 0.3540 -0.2881
vn -0.7113 0.3537 -0.6075
vn -0.4241 0.7197 -0.5497
vn -0.1815 0.7197 -0.6702
vn -0.4244 0.3508 -0.8348
vn 0.0888 0.7197 -0.6886
vn -0.0722 0.3460 -0.9355
vn 0.3455 0.7197 -0.6022
vn 0.2923 0.3398 -0.8939
vn 0.6885 -0.6393 -0.3423
vn 0.5073 -0.6346 -0.5831
vn 0.7643 -0.6428 -0.0516
vn 0.7240 -0.6446 0.2455
vn 0.5743 -0.6443 0.5050
vn 0.3371 -0.6420 0.6886
vn 0.0473 -0.6381 0.7685
vn -0.2521 -0.6332 0.7318
vn -0.5157 -0.6280 0.5828
vn -0.7027 -0.6232 0.3433
vn -0.7832 -0.6198 0.0494
vn -0.7442 -0.6180 -0.2534
vn -0.5913 -0.6183 -0.5178
vn -0.3484 -0.6205 -0.7025
vn -0.0538 -0.6244 -0.7792
vn 0.2469 -0.6293 -0.7369
# 81 vertex normals

vt 0.6252 0.1794 0.0000
vt 0.6266 0.1806 0.0000
vt 0.6354 0.1766 0.0000
vt 0.6244 0.1778 0.0000
vt 0.6243 0.1760 0.0000
vt 0.6249 0.1743 0.0000
vt 0.6260 0.1730 0.0000
vt 0.6277 0.1722 0.0000
vt 0.6295 0.1721 0.0000
vt 0.6312 0.1726 0.0000
vt 0.6325 0.1738 0.0000
vt 0.6333 0.1754 0.0000
vt 0.6334 0.1772 0.0000
vt 0.6328 0.1789 0.0000
vt 0.6317 0.1803 0.0000
vt 0.6300 0.1811 0.0000
vt 0.6283 0.1812 0.0000
vt 0.6194 0.1846 0.0000
vt 0.6231 0.1876 0.0000
vt 0.6171 0.1803 0.0000
vt 0.6165 0.1755 0.0000
vt 0.6179 0.1709 0.0000
vt 0.6209 0.1672 0.0000
vt 0.6251 0.1648 0.0000
vt 0.6299 0.1643 0.0000
vt 0.6346 0.1657 0.0000
vt 0.6383 0.1687 0.0000
vt 0.6406 0.1729 0.0000
vt 0.6412 0.1777 0.0000
vt 0.6398 0.1824 0.0000
vt 0.6368 0.1861 0.0000
vt 0.6326 0.1884 0.0000
vt 0.6278 0.1890 0.0000
vt 0.6406 0.2018 0.0000
vt 0.6343 0.1970 0.0000
vt 0.6261 0.1975 0.0000
vt 0.6301 0.2044 0.0000
vt 0.6194 0.2027 0.0000
vt 0.6183 0.1949 0.0000
vt 0.6101 0.1971 0.0000
vt 0.6121 0.1895 0.0000
vt 0.6037 0.1884 0.0000
vt 0.6085 0.1821 0.0000
vt 0.6011 0.1778 0.0000
vt 0.6080 0.1739 0.0000
vt 0.6027 0.1671 0.0000
vt 0.6106 0.1661 0.0000
vt 0.6160 0.1599 0.0000
vt 0.6084 0.1579 0.0000
vt 0.6234 0.1563 0.0000
vt 0.6171 0.1515 0.0000
vt 0.6316 0.1558 0.0000
vt 0.6276 0.1489 0.0000
vt 0.6394 0.1584 0.0000
vt 0.6384 0.1505 0.0000
vt 0.6456 0.1638 0.0000
vt 0.6476 0.1562 0.0000
vt 0.6540 0.1649 0.0000
vt 0.6492 0.1712 0.0000
vt 0.6497 0.1794 0.0000
vt 0.6566 0.1754 0.0000
vt 0.6471 0.1872 0.0000
vt 0.6550 0.1861 0.0000
vt 0.6417 0.1933 0.0000
vt 0.6493 0.1954 0.0000
vt 0.6304 0.2051 0.0000
vt 0.6413 0.2024 0.0000
vt 0.6193 0.2034 0.0000
vt 0.6097 0.1976 0.0000
vt 0.6031 0.1885 0.0000
vt 0.6004 0.1777 0.0000
vt 0.6021 0.1666 0.0000
vt 0.6079 0.1570 0.0000
vt 0.6170 0.1503 0.0000
vt 0.6279 0.1477 0.0000
vt 0.6390 0.1494 0.0000
vt 0.6486 0.1552 0.0000
vt 0.6552 0.1642 0.0000
vt 0.6579 0.1751 0.0000
vt 0.6562 0.1862 0.0000
vt 0.6503 0.1958 0.0000
# 81 texture coords

o Sphere056
g Sphere056
usemtl Material__28
s 1
f 4247/4269/4232 4248/4270/4233 4249/4271/4234 
f 4250/4272/4235 4247/4269/4232 4249/4271/4234 
f 4251/4273/4236 4250/4272/4235 4249/4271/4234 
f 4252/4274/4237 4251/4273/4236 4249/4271/4234 
f 4253/4275/4238 4252/4274/4237 4249/4271/4234 
f 4254/4276/4239 4253/4275/4238 4249/4271/4234 
f 4255/4277/4240 4254/4276/4239 4249/4271/4234 
f 4256/4278/4241 4255/4277/4240 4249/4271/4234 
f 4257/4279/4242 4256/4278/4241 4249/4271/4234 
f 4258/4280/4243 4257/4279/4242 4249/4271/4234 
f 4259/4281/4244 4258/4280/4243 4249/4271/4234 
f 4260/4282/4245 4259/4281/4244 4249/4271/4234 
f 4261/4283/4246 4260/4282/4245 4249/4271/4234 
f 4262/4284/4247 4261/4283/4246 4249/4271/4234 
f 4263/4285/4248 4262/4284/4247 4249/4271/4234 
f 4248/4270/4233 4263/4285/4248 4249/4271/4234 
f 4247/4269/4232 4264/4286/4249 4265/4287/4250 4248/4270/4233 
f 4250/4272/4235 4266/4288/4251 4264/4286/4249 4247/4269/4232 
f 4267/4289/4252 4266/4288/4251 4250/4272/4235 4251/4273/4236 
f 4252/4274/4237 4268/4290/4253 4267/4289/4252 4251/4273/4236 
f 4269/4291/4254 4268/4290/4253 4252/4274/4237 4253/4275/4238 
f 4269/4291/4254 4253/4275/4238 4254/4276/4239 4270/4292/4255 
f 4255/4277/4240 4271/4293/4256 4270/4292/4255 4254/4276/4239 
f 4256/4278/4241 4272/4294/4257 4271/4293/4256 4255/4277/4240 
f 4272/4294/4257 4256/4278/4241 4257/4279/4242 4273/4295/4258 
f 4274/4296/4259 4273/4295/4258 4257/4279/4242 4258/4280/4243 
f 4259/4281/4244 4275/4297/4260 4274/4296/4259 4258/4280/4243 
f 4260/4282/4245 4276/4298/4261 4275/4297/4260 4259/4281/4244 
f 4277/4299/4262 4276/4298/4261 4260/4282/4245 4261/4283/4246 
f 4262/4284/4247 4278/4300/4263 4277/4299/4262 4261/4283/4246 
f 4262/4284/4247 4263/4285/4248 4279/4301/4264 4278/4300/4263 
f 4248/4270/4233 4265/4287/4250 4279/4301/4264 4263/4285/4248 
f 4280/4302/4265 4281/4303/4266 4282/4304/4267 4283/4305/4268 
f 4284/4306/4269 4283/4305/4268 4282/4304/4267 4285/4307/4270 
f 4286/4308/4271 4284/4306/4269 4285/4307/4270 4287/4309/4272 
f 4288/4310/4273 4286/4308/4271 4287/4309/4272 4289/4311/4274 
f 4290/4312/4275 4288/4310/4273 4289/4311/4274 4291/4313/4276 
f 4292/4314/4277 4290/4312/4275 4291/4313/4276 4293/4315/4278 
f 4293/4315/4278 4294/4316/4279 4295/4317/4280 4292/4314/4277 
f 4294/4316/4279 4296/4318/4281 4297/4319/4282 4295/4317/4280 
f 4296/4318/4281 4298/4320/4283 4299/4321/4284 4297/4319/4282 
f 4298/4320/4283 4300/4322/4285 4301/4323/4286 4299/4321/4284 
f 4300/4322/4285 4302/4324/4287 4303/4325/4288 4301/4323/4286 
f 4304/4326/4289 4303/4325/4288 4302/4324/4287 4305/4327/4290 
f 4304/4326/4289 4305/4327/4290 4306/4328/4291 4307/4329/4292 
f 4306/4328/4291 4308/4330/4293 4309/4331/4294 4307/4329/4292 
f 4310/4332/4295 4311/4333/4296 4309/4331/4294 4308/4330/4293 
f 4311/4333/4296 4310/4332/4295 4281/4303/4266 4280/4302/4265 
f 4283/4305/4268 4312/4334/4297 4313/4335/4298 4280/4302/4265 
f 4312/4334/4297 4283/4305/4268 4284/4306/4269 4314/4336/4299 
f 4314/4336/4299 4284/4306/4269 4286/4308/4271 4315/4337/4300 
f 4288/4310/4273 4316/4338/4301 4315/4337/4300 4286/4308/4271 
f 4290/4312/4275 4317/4339/4302 4316/4338/4301 4288/4310/4273 
f 4290/4312/4275 4292/4314/4277 4318/4340/4303 4317/4339/4302 
f 4318/4340/4303 4292/4314/4277 4295/4317/4280 4319/4341/4304 
f 4319/4341/4304 4295/4317/4280 4297/4319/4282 4320/4342/4305 
f 4299/4321/4284 4321/4343/4306 4320/4342/4305 4297/4319/4282 
f 4322/4344/4307 4321/4343/4306 4299/4321/4284 4301/4323/4286 
f 4303/4325/4288 4323/4345/4308 4322/4344/4307 4301/4323/4286 
f 4324/4346/4309 4323/4345/4308 4303/4325/4288 4304/4326/4289 
f 4325/4347/4310 4324/4346/4309 4304/4326/4289 4307/4329/4292 
f 4325/4347/4310 4307/4329/4292 4309/4331/4294 4326/4348/4311 
f 4309/4331/4294 4311/4333/4296 4327/4349/4312 4326/4348/4311 
f 4311/4333/4296 4280/4302/4265 4313/4335/4298 4327/4349/4312 
f 4282/4304/4267 4281/4303/4266 4265/4287/4250 4264/4286/4249 
f 4266/4288/4251 4285/4307/4270 4282/4304/4267 4264/4286/4249 
f 4287/4309/4272 4285/4307/4270 4266/4288/4251 4267/4289/4252 
f 4268/4290/4253 4289/4311/4274 4287/4309/4272 4267/4289/4252 
f 4289/4311/4274 4268/4290/4253 4269/4291/4254 4291/4313/4276 
f 4291/4313/4276 4269/4291/4254 4270/4292/4255 4293/4315/4278 
f 4270/4292/4255 4271/4293/4256 4294/4316/4279 4293/4315/4278 
f 4296/4318/4281 4294/4316/4279 4271/4293/4256 4272/4294/4257 
f 4273/4295/4258 4298/4320/4283 4296/4318/4281 4272/4294/4257 
f 4274/4296/4259 4300/4322/4285 4298/4320/4283 4273/4295/4258 
f 4300/4322/4285 4274/4296/4259 4275/4297/4260 4302/4324/4287 
f 4276/4298/4261 4305/4327/4290 4302/4324/4287 4275/4297/4260 
f 4277/4299/4262 4306/4328/4291 4305/4327/4290 4276/4298/4261 
f 4277/4299/4262 4278/4300/4263 4308/4330/4293 4306/4328/4291 
f 4308/4330/4293 4278/4300/4263 4279/4301/4264 4310/4332/4295 
f 4279/4301/4264 4265/4287/4250 4281/4303/4266 4310/4332/4295 
s off
f 4314/4336/4299 4315/4337/4300 4316/4338/4301 4317/4339/4302 
f 4317/4339/4302 4318/4340/4303 4319/4341/4304 4314/4336/4299 
f 4319/4341/4304 4320/4342/4305 4321/4343/4306 4323/4345/4308 
f 4321/4343/4306 4322/4344/4307 4323/4345/4308 
f 4323/4345/4308 4324/4346/4309 4325/4347/4310 4326/4348/4311 
f 4319/4341/4304 4323/4345/4308 4326/4348/4311 4314/4336/4299 
f 4312/4334/4297 4314/4336/4299 4326/4348/4311 4327/4349/4312 
f 4312/4334/4297 4327/4349/4312 4313/4335/4298 
# 70 polygons - 18 triangles

#
# object Sphere057
#

v  1.3042 3.4419 -1.9056
v  1.3026 3.4419 -1.9294
v  1.1825 3.5157 -1.9750
v  1.2965 3.4419 -1.8831
v  1.2807 3.4419 -1.8652
v  1.2593 3.4419 -1.8547
v  1.2356 3.4419 -1.8532
v  1.2130 3.4419 -1.8609
v  1.1951 3.4419 -1.8766
v  1.1846 3.4419 -1.8980
v  1.1831 3.4419 -1.9218
v  1.1908 3.4419 -1.9443
v  1.2065 3.4419 -1.9622
v  1.2279 3.4419 -1.9727
v  1.2517 3.4419 -1.9742
v  1.2742 3.4419 -1.9666
v  1.2921 3.4419 -1.9508
v  1.4070 3.3884 -1.8990
v  1.4002 3.3884 -1.9626
v  1.3889 3.3884 -1.8376
v  1.3487 3.3884 -1.7878
v  1.2925 3.3884 -1.7571
v  1.2289 3.3884 -1.7503
v  1.1675 3.3884 -1.7684
v  1.1177 3.3884 -1.8086
v  1.0870 3.3884 -1.8648
v  1.0802 3.3884 -1.9284
v  1.0983 3.3884 -1.9898
v  1.1385 3.3884 -2.0397
v  1.1947 3.3884 -2.0703
v  1.2584 3.3884 -2.0771
v  1.3198 3.3884 -2.0590
v  1.3696 3.3884 -2.0188
v  1.3702 3.2274 -2.2598
v  1.3837 3.3277 -2.1554
v  1.4655 3.3277 -2.0834
v  1.4930 3.2274 -2.1850
v  1.5779 3.2274 -2.0689
v  1.5136 3.3277 -1.9856
v  1.6118 3.2274 -1.9292
v  1.5205 3.3277 -1.8768
v  1.5897 3.2274 -1.7871
v  1.4853 3.3277 -1.7737
v  1.5149 3.2274 -1.6643
v  1.4133 3.3277 -1.6918
v  1.3989 3.2274 -1.5795
v  1.3155 3.3277 -1.6438
v  1.2067 3.3277 -1.6368
v  1.2591 3.2274 -1.5455
v  1.1036 3.3277 -1.6720
v  1.1170 3.2274 -1.5676
v  1.0217 3.3277 -1.7440
v  0.9942 3.2274 -1.6424
v  0.9737 3.3277 -1.8418
v  0.9094 3.2274 -1.7585
v  0.9667 3.3277 -1.9506
v  0.8754 3.2274 -1.8982
v  0.8975 3.2274 -2.0403
v  1.0019 3.3277 -2.0538
v  1.0739 3.3277 -2.1356
v  0.9723 3.2274 -2.1631
v  1.1718 3.3277 -2.1837
v  1.0884 3.2274 -2.2480
v  1.2805 3.3277 -2.1906
v  1.2281 3.2274 -2.2819
v  1.4968 3.1229 -2.1949
v  1.3697 3.1229 -2.2723
v  1.5845 3.1229 -2.0748
v  1.6197 3.1229 -1.9303
v  1.5968 3.1229 -1.7832
v  1.5194 3.1229 -1.6562
v  1.3993 3.1229 -1.5684
v  1.2547 3.1229 -1.5332
v  1.1077 3.1229 -1.5561
v  0.9806 3.1229 -1.6335
v  0.8929 3.1229 -1.7536
v  0.8577 3.1229 -1.8982
v  0.8806 3.1229 -2.0452
v  0.9580 3.1229 -2.1723
v  1.0781 3.1229 -2.2601
v  1.2227 3.1229 -2.2952
# 81 vertices

vn 0.5759 0.8127 0.0885
vn 0.6009 0.7869 -0.1407
vn -0.4111 0.8130 -0.4124
vn 0.4864 0.8246 0.2888
vn 0.3416 0.8262 0.4480
vn 0.1524 0.8180 0.5547
vn -0.0687 0.7975 0.5994
vn -0.3101 0.7583 0.5734
vn -0.5573 0.6900 0.4620
vn -0.7732 0.5863 0.2419
vn -0.8785 0.4698 -0.0862
vn -0.8033 0.3898 -0.4504
vn -0.5537 0.3775 -0.7422
vn -0.2007 0.4368 -0.8769
vn 0.1504 0.5465 -0.8239
vn 0.4081 0.6590 -0.6318
vn 0.5511 0.7392 -0.3871
vn 0.8418 0.5160 0.1586
vn 0.8384 0.5160 -0.1756
vn 0.7170 0.5160 0.4687
vn 0.4831 0.5160 0.7074
vn 0.1756 0.5160 0.8384
vn -0.1586 0.5160 0.8418
vn -0.4687 0.5160 0.7170
vn -0.7074 0.5160 0.4831
vn -0.8384 0.5160 0.1756
vn -0.8418 0.5160 -0.1586
vn -0.7170 0.5160 -0.4687
vn -0.4831 0.5160 -0.7074
vn -0.1756 0.5160 -0.8384
vn 0.1586 0.5160 -0.8418
vn 0.4687 0.5160 -0.7170
vn 0.7074 0.5160 -0.4831
vn 0.3136 0.3333 -0.8891
vn 0.3594 0.7197 -0.5941
vn 0.5593 0.7197 -0.4113
vn 0.6311 0.3274 -0.7033
vn 0.8532 0.3230 -0.4095
vn 0.6742 0.7197 -0.1660
vn 0.9457 0.3208 -0.0528
vn 0.6864 0.7197 0.1047
vn 0.8941 0.3211 0.3122
vn 0.5941 0.7197 0.3594
vn 0.7064 0.3239 0.6293
vn 0.4113 0.7197 0.5593
vn 0.4116 0.3288 0.8500
vn 0.1660 0.7197 0.6742
vn -0.1047 0.7197 0.6864
vn 0.0552 0.3350 0.9406
vn -0.3594 0.7197 0.5941
vn -0.3082 0.3415 0.8879
vn -0.5593 0.7197 0.4113
vn -0.6234 0.3474 0.7005
vn -0.6742 0.7197 0.1660
vn -0.8428 0.3518 0.4072
vn -0.6864 0.7197 -0.1047
vn -0.9338 0.3540 0.0528
vn -0.8827 0.3537 -0.3095
vn -0.5941 0.7197 -0.3594
vn -0.4113 0.7197 -0.5593
vn -0.6973 0.3508 -0.6251
vn -0.1659 0.7197 -0.6742
vn -0.4052 0.3460 -0.8462
vn 0.1047 0.7197 -0.6864
vn -0.0503 0.3398 -0.9391
vn 0.5184 -0.6393 -0.5679
vn 0.2624 -0.6346 -0.7269
vn 0.6940 -0.6428 -0.3242
vn 0.7638 -0.6446 -0.0326
vn 0.7179 -0.6443 0.2635
vn 0.5631 -0.6420 0.5203
vn 0.3217 -0.6381 0.6995
vn 0.0292 -0.6332 0.7734
vn -0.2704 -0.6280 0.7298
vn -0.5312 -0.6232 0.5739
vn -0.7125 -0.6198 0.3290
vn -0.7855 -0.6180 0.0326
vn -0.7384 -0.6183 -0.2692
vn -0.5787 -0.6205 -0.5292
vn -0.3316 -0.6244 -0.7072
vn -0.0360 -0.6293 -0.7763
# 81 vertex normals

vt 0.6252 0.1794 0.0000
vt 0.6266 0.1806 0.0000
vt 0.6354 0.1766 0.0000
vt 0.6244 0.1778 0.0000
vt 0.6243 0.1760 0.0000
vt 0.6249 0.1743 0.0000
vt 0.6260 0.1730 0.0000
vt 0.6277 0.1722 0.0000
vt 0.6295 0.1721 0.0000
vt 0.6312 0.1726 0.0000
vt 0.6325 0.1738 0.0000
vt 0.6333 0.1754 0.0000
vt 0.6334 0.1772 0.0000
vt 0.6328 0.1789 0.0000
vt 0.6317 0.1803 0.0000
vt 0.6300 0.1811 0.0000
vt 0.6283 0.1812 0.0000
vt 0.6194 0.1846 0.0000
vt 0.6231 0.1876 0.0000
vt 0.6171 0.1803 0.0000
vt 0.6165 0.1755 0.0000
vt 0.6179 0.1709 0.0000
vt 0.6209 0.1672 0.0000
vt 0.6251 0.1648 0.0000
vt 0.6299 0.1643 0.0000
vt 0.6346 0.1657 0.0000
vt 0.6383 0.1687 0.0000
vt 0.6406 0.1729 0.0000
vt 0.6412 0.1777 0.0000
vt 0.6398 0.1824 0.0000
vt 0.6368 0.1861 0.0000
vt 0.6326 0.1884 0.0000
vt 0.6278 0.1890 0.0000
vt 0.6406 0.2018 0.0000
vt 0.6343 0.1970 0.0000
vt 0.6261 0.1975 0.0000
vt 0.6301 0.2044 0.0000
vt 0.6194 0.2027 0.0000
vt 0.6183 0.1949 0.0000
vt 0.6101 0.1971 0.0000
vt 0.6121 0.1895 0.0000
vt 0.6037 0.1884 0.0000
vt 0.6085 0.1821 0.0000
vt 0.6011 0.1778 0.0000
vt 0.6080 0.1739 0.0000
vt 0.6027 0.1671 0.0000
vt 0.6106 0.1661 0.0000
vt 0.6160 0.1599 0.0000
vt 0.6084 0.1579 0.0000
vt 0.6234 0.1563 0.0000
vt 0.6171 0.1515 0.0000
vt 0.6316 0.1558 0.0000
vt 0.6276 0.1489 0.0000
vt 0.6394 0.1584 0.0000
vt 0.6384 0.1505 0.0000
vt 0.6456 0.1638 0.0000
vt 0.6476 0.1562 0.0000
vt 0.6540 0.1649 0.0000
vt 0.6492 0.1712 0.0000
vt 0.6497 0.1794 0.0000
vt 0.6566 0.1754 0.0000
vt 0.6471 0.1872 0.0000
vt 0.6550 0.1861 0.0000
vt 0.6417 0.1933 0.0000
vt 0.6493 0.1954 0.0000
vt 0.6304 0.2051 0.0000
vt 0.6413 0.2024 0.0000
vt 0.6193 0.2034 0.0000
vt 0.6097 0.1976 0.0000
vt 0.6031 0.1885 0.0000
vt 0.6004 0.1777 0.0000
vt 0.6021 0.1666 0.0000
vt 0.6079 0.1570 0.0000
vt 0.6170 0.1503 0.0000
vt 0.6279 0.1477 0.0000
vt 0.6390 0.1494 0.0000
vt 0.6486 0.1552 0.0000
vt 0.6552 0.1642 0.0000
vt 0.6579 0.1751 0.0000
vt 0.6562 0.1862 0.0000
vt 0.6503 0.1958 0.0000
# 81 texture coords

o Sphere057
g Sphere057
usemtl Material__28
s 1
f 4328/4350/4313 4329/4351/4314 4330/4352/4315 
f 4331/4353/4316 4328/4350/4313 4330/4352/4315 
f 4332/4354/4317 4331/4353/4316 4330/4352/4315 
f 4333/4355/4318 4332/4354/4317 4330/4352/4315 
f 4334/4356/4319 4333/4355/4318 4330/4352/4315 
f 4335/4357/4320 4334/4356/4319 4330/4352/4315 
f 4336/4358/4321 4335/4357/4320 4330/4352/4315 
f 4337/4359/4322 4336/4358/4321 4330/4352/4315 
f 4338/4360/4323 4337/4359/4322 4330/4352/4315 
f 4339/4361/4324 4338/4360/4323 4330/4352/4315 
f 4340/4362/4325 4339/4361/4324 4330/4352/4315 
f 4341/4363/4326 4340/4362/4325 4330/4352/4315 
f 4342/4364/4327 4341/4363/4326 4330/4352/4315 
f 4343/4365/4328 4342/4364/4327 4330/4352/4315 
f 4344/4366/4329 4343/4365/4328 4330/4352/4315 
f 4329/4351/4314 4344/4366/4329 4330/4352/4315 
f 4328/4350/4313 4345/4367/4330 4346/4368/4331 4329/4351/4314 
f 4331/4353/4316 4347/4369/4332 4345/4367/4330 4328/4350/4313 
f 4348/4370/4333 4347/4369/4332 4331/4353/4316 4332/4354/4317 
f 4333/4355/4318 4349/4371/4334 4348/4370/4333 4332/4354/4317 
f 4350/4372/4335 4349/4371/4334 4333/4355/4318 4334/4356/4319 
f 4350/4372/4335 4334/4356/4319 4335/4357/4320 4351/4373/4336 
f 4336/4358/4321 4352/4374/4337 4351/4373/4336 4335/4357/4320 
f 4337/4359/4322 4353/4375/4338 4352/4374/4337 4336/4358/4321 
f 4353/4375/4338 4337/4359/4322 4338/4360/4323 4354/4376/4339 
f 4355/4377/4340 4354/4376/4339 4338/4360/4323 4339/4361/4324 
f 4340/4362/4325 4356/4378/4341 4355/4377/4340 4339/4361/4324 
f 4341/4363/4326 4357/4379/4342 4356/4378/4341 4340/4362/4325 
f 4358/4380/4343 4357/4379/4342 4341/4363/4326 4342/4364/4327 
f 4343/4365/4328 4359/4381/4344 4358/4380/4343 4342/4364/4327 
f 4343/4365/4328 4344/4366/4329 4360/4382/4345 4359/4381/4344 
f 4329/4351/4314 4346/4368/4331 4360/4382/4345 4344/4366/4329 
f 4361/4383/4346 4362/4384/4347 4363/4385/4348 4364/4386/4349 
f 4365/4387/4350 4364/4386/4349 4363/4385/4348 4366/4388/4351 
f 4367/4389/4352 4365/4387/4350 4366/4388/4351 4368/4390/4353 
f 4369/4391/4354 4367/4389/4352 4368/4390/4353 4370/4392/4355 
f 4371/4393/4356 4369/4391/4354 4370/4392/4355 4372/4394/4357 
f 4373/4395/4358 4371/4393/4356 4372/4394/4357 4374/4396/4359 
f 4374/4396/4359 4375/4397/4360 4376/4398/4361 4373/4395/4358 
f 4375/4397/4360 4377/4399/4362 4378/4400/4363 4376/4398/4361 
f 4377/4399/4362 4379/4401/4364 4380/4402/4365 4378/4400/4363 
f 4379/4401/4364 4381/4403/4366 4382/4404/4367 4380/4402/4365 
f 4381/4403/4366 4383/4405/4368 4384/4406/4369 4382/4404/4367 
f 4385/4407/4370 4384/4406/4369 4383/4405/4368 4386/4408/4371 
f 4385/4407/4370 4386/4408/4371 4387/4409/4372 4388/4410/4373 
f 4387/4409/4372 4389/4411/4374 4390/4412/4375 4388/4410/4373 
f 4391/4413/4376 4392/4414/4377 4390/4412/4375 4389/4411/4374 
f 4392/4414/4377 4391/4413/4376 4362/4384/4347 4361/4383/4346 
f 4364/4386/4349 4393/4415/4378 4394/4416/4379 4361/4383/4346 
f 4393/4415/4378 4364/4386/4349 4365/4387/4350 4395/4417/4380 
f 4395/4417/4380 4365/4387/4350 4367/4389/4352 4396/4418/4381 
f 4369/4391/4354 4397/4419/4382 4396/4418/4381 4367/4389/4352 
f 4371/4393/4356 4398/4420/4383 4397/4419/4382 4369/4391/4354 
f 4371/4393/4356 4373/4395/4358 4399/4421/4384 4398/4420/4383 
f 4399/4421/4384 4373/4395/4358 4376/4398/4361 4400/4422/4385 
f 4400/4422/4385 4376/4398/4361 4378/4400/4363 4401/4423/4386 
f 4380/4402/4365 4402/4424/4387 4401/4423/4386 4378/4400/4363 
f 4403/4425/4388 4402/4424/4387 4380/4402/4365 4382/4404/4367 
f 4384/4406/4369 4404/4426/4389 4403/4425/4388 4382/4404/4367 
f 4405/4427/4390 4404/4426/4389 4384/4406/4369 4385/4407/4370 
f 4406/4428/4391 4405/4427/4390 4385/4407/4370 4388/4410/4373 
f 4406/4428/4391 4388/4410/4373 4390/4412/4375 4407/4429/4392 
f 4390/4412/4375 4392/4414/4377 4408/4430/4393 4407/4429/4392 
f 4392/4414/4377 4361/4383/4346 4394/4416/4379 4408/4430/4393 
f 4363/4385/4348 4362/4384/4347 4346/4368/4331 4345/4367/4330 
f 4347/4369/4332 4366/4388/4351 4363/4385/4348 4345/4367/4330 
f 4368/4390/4353 4366/4388/4351 4347/4369/4332 4348/4370/4333 
f 4349/4371/4334 4370/4392/4355 4368/4390/4353 4348/4370/4333 
f 4370/4392/4355 4349/4371/4334 4350/4372/4335 4372/4394/4357 
f 4372/4394/4357 4350/4372/4335 4351/4373/4336 4374/4396/4359 
f 4351/4373/4336 4352/4374/4337 4375/4397/4360 4374/4396/4359 
f 4377/4399/4362 4375/4397/4360 4352/4374/4337 4353/4375/4338 
f 4354/4376/4339 4379/4401/4364 4377/4399/4362 4353/4375/4338 
f 4355/4377/4340 4381/4403/4366 4379/4401/4364 4354/4376/4339 
f 4381/4403/4366 4355/4377/4340 4356/4378/4341 4383/4405/4368 
f 4357/4379/4342 4386/4408/4371 4383/4405/4368 4356/4378/4341 
f 4358/4380/4343 4387/4409/4372 4386/4408/4371 4357/4379/4342 
f 4358/4380/4343 4359/4381/4344 4389/4411/4374 4387/4409/4372 
f 4389/4411/4374 4359/4381/4344 4360/4382/4345 4391/4413/4376 
f 4360/4382/4345 4346/4368/4331 4362/4384/4347 4391/4413/4376 
s off
f 4395/4417/4380 4396/4418/4381 4397/4419/4382 4398/4420/4383 
f 4398/4420/4383 4399/4421/4384 4400/4422/4385 4395/4417/4380 
f 4400/4422/4385 4401/4423/4386 4402/4424/4387 4404/4426/4389 
f 4402/4424/4387 4403/4425/4388 4404/4426/4389 
f 4404/4426/4389 4405/4427/4390 4406/4428/4391 4407/4429/4392 
f 4400/4422/4385 4404/4426/4389 4407/4429/4392 4395/4417/4380 
f 4393/4415/4378 4395/4417/4380 4407/4429/4392 4408/4430/4393 
f 4393/4415/4378 4408/4430/4393 4394/4416/4379 
# 70 polygons - 18 triangles

#
# object Sphere058
#

v  0.5342 3.4419 -2.2596
v  0.5242 3.4419 -2.2812
v  0.3957 3.5157 -2.2803
v  0.5352 3.4419 -2.2358
v  0.5269 3.4419 -2.2134
v  0.5108 3.4419 -2.1959
v  0.4892 3.4419 -2.1859
v  0.4654 3.4419 -2.1849
v  0.4430 3.4419 -2.1931
v  0.4255 3.4419 -2.2093
v  0.4155 3.4419 -2.2309
v  0.4145 3.4419 -2.2547
v  0.4227 3.4419 -2.2771
v  0.4389 3.4419 -2.2946
v  0.4605 3.4419 -2.3046
v  0.4843 3.4419 -2.3056
v  0.5067 3.4419 -2.2973
v  0.6325 3.3884 -2.2905
v  0.6032 3.3884 -2.3474
v  0.6378 3.3884 -2.2267
v  0.6183 3.3884 -2.1658
v  0.5770 3.3884 -2.1169
v  0.5201 3.3884 -2.0876
v  0.4563 3.3884 -2.0822
v  0.3954 3.3884 -2.1017
v  0.3465 3.3884 -2.1431
v  0.3172 3.3884 -2.2000
v  0.3118 3.3884 -2.2637
v  0.3313 3.3884 -2.3247
v  0.3727 3.3884 -2.3736
v  0.4295 3.3884 -2.4029
v  0.4933 3.3884 -2.4082
v  0.5543 3.3884 -2.3887
v  0.4678 3.2274 -2.6137
v  0.5181 3.3277 -2.5212
v  0.6204 3.3277 -2.4836
v  0.6094 3.2274 -2.5883
v  0.7304 3.2274 -2.5107
v  0.7006 3.3277 -2.4098
v  0.8126 3.2274 -2.3927
v  0.7464 3.3277 -2.3109
v  0.8433 3.2274 -2.2522
v  0.7508 3.3277 -2.2020
v  0.8179 3.2274 -2.1107
v  0.7132 3.3277 -2.0996
v  0.7403 3.2274 -1.9896
v  0.6394 3.3277 -2.0195
v  0.5405 3.3277 -1.9737
v  0.6223 3.2274 -1.9075
v  0.4315 3.3277 -1.9693
v  0.4818 3.2274 -1.8768
v  0.3292 3.3277 -2.0068
v  0.3403 3.2274 -1.9021
v  0.2491 3.3277 -2.0807
v  0.2192 3.2274 -1.9797
v  0.2033 3.3277 -2.1796
v  0.1371 3.2274 -2.0978
v  0.1064 3.2274 -2.2382
v  0.1988 3.3277 -2.2885
v  0.2364 3.3277 -2.3908
v  0.1317 3.2274 -2.3798
v  0.3103 3.3277 -2.4710
v  0.2093 3.2274 -2.5008
v  0.4092 3.3277 -2.5168
v  0.3274 3.2274 -2.5830
v  0.6093 3.1229 -2.5989
v  0.4628 3.1229 -2.6252
v  0.7345 3.1229 -2.5186
v  0.8195 3.1229 -2.3965
v  0.8513 3.1229 -2.2512
v  0.8250 3.1229 -2.1047
v  0.7447 3.1229 -1.9795
v  0.6226 3.1229 -1.8945
v  0.4773 3.1229 -1.8627
v  0.3308 3.1229 -1.8889
v  0.2056 3.1229 -1.9692
v  0.1206 3.1229 -2.0913
v  0.0888 3.1229 -2.2367
v  0.1150 3.1229 -2.3831
v  0.1954 3.1229 -2.5084
v  0.3175 3.1229 -2.5934
# 81 vertices

vn 0.5690 0.8127 -0.1255
vn 0.5095 0.7869 -0.3483
vn -0.5323 0.8130 -0.2360
vn 0.5579 0.8246 0.0936
vn 0.4804 0.8262 0.2944
vn 0.3425 0.8180 0.4621
vn 0.1525 0.7975 0.5838
vn -0.0821 0.7583 0.6467
vn -0.3528 0.6900 0.6321
vn -0.6336 0.5863 0.5048
vn -0.8504 0.4698 0.2370
vn -0.9117 0.3898 -0.1298
vn -0.7844 0.3775 -0.4921
vn -0.5039 0.4368 -0.7452
vn -0.1574 0.5465 -0.8226
vn 0.1523 0.6590 -0.7366
vn 0.3740 0.7392 -0.5600
vn 0.8422 0.5160 -0.1562
vn 0.7184 0.5160 -0.4666
vn 0.8379 0.5160 0.1780
vn 0.7060 0.5160 0.4851
vn 0.4666 0.5160 0.7184
vn 0.1562 0.5160 0.8422
vn -0.1780 0.5160 0.8379
vn -0.4851 0.5160 0.7060
vn -0.7184 0.5160 0.4666
vn -0.8422 0.5160 0.1562
vn -0.8379 0.5160 -0.1780
vn -0.7060 0.5160 -0.4851
vn -0.4666 0.5160 -0.7184
vn -0.1562 0.5160 -0.8422
vn 0.1780 0.5160 -0.8379
vn 0.4851 0.5160 -0.7060
vn -0.0288 0.3333 -0.9424
vn 0.1205 0.7197 -0.6838
vn 0.3730 0.7197 -0.5856
vn 0.3344 0.3274 -0.8837
vn 0.6477 0.3230 -0.6901
vn 0.5687 0.7197 -0.3983
vn 0.8628 0.3208 -0.3908
vn 0.6778 0.7197 -0.1503
vn 0.9465 0.3211 -0.0318
vn 0.6838 0.7197 0.1205
vn 0.8860 0.3239 0.3317
vn 0.5856 0.7197 0.3730
vn 0.6909 0.3288 0.6439
vn 0.3983 0.7197 0.5687
vn 0.1503 0.7197 0.6778
vn 0.3913 0.3350 0.8572
vn -0.1205 0.7197 0.6838
vn 0.0333 0.3415 0.9393
vn -0.3730 0.7197 0.5856
vn -0.3283 0.3474 0.8784
vn -0.5687 0.7197 0.3983
vn -0.6388 0.3518 0.6842
vn -0.6778 0.7197 0.1503
vn -0.8516 0.3540 0.3865
vn -0.9349 0.3537 0.0303
vn -0.6838 0.7197 -0.1205
vn -0.5856 0.7197 -0.3730
vn -0.8760 0.3508 -0.3310
vn -0.3983 0.7197 -0.5687
vn -0.6835 0.3460 -0.6427
vn -0.1503 0.7197 -0.6778
vn -0.3862 0.3398 -0.8575
vn 0.2782 -0.6393 -0.7168
vn -0.0179 -0.6346 -0.7726
vn 0.5300 -0.6428 -0.5530
vn 0.7005 -0.6446 -0.3064
vn 0.7646 -0.6443 -0.0137
vn 0.7130 -0.6420 0.2818
vn 0.5526 -0.6381 0.5361
vn 0.3067 -0.6332 0.7107
vn 0.0115 -0.6280 0.7782
vn -0.2880 -0.6232 0.7271
vn -0.5455 -0.6198 0.5642
vn -0.7207 -0.6180 0.3141
vn -0.7858 -0.6183 0.0157
vn -0.7308 -0.6205 -0.2844
vn -0.5647 -0.6244 -0.5396
vn -0.3140 -0.6293 -0.7109
# 81 vertex normals

vt 0.6252 0.1794 0.0000
vt 0.6266 0.1806 0.0000
vt 0.6354 0.1766 0.0000
vt 0.6244 0.1778 0.0000
vt 0.6243 0.1760 0.0000
vt 0.6249 0.1743 0.0000
vt 0.6260 0.1730 0.0000
vt 0.6277 0.1722 0.0000
vt 0.6295 0.1721 0.0000
vt 0.6312 0.1726 0.0000
vt 0.6325 0.1738 0.0000
vt 0.6333 0.1754 0.0000
vt 0.6334 0.1772 0.0000
vt 0.6328 0.1789 0.0000
vt 0.6317 0.1803 0.0000
vt 0.6300 0.1811 0.0000
vt 0.6283 0.1812 0.0000
vt 0.6194 0.1846 0.0000
vt 0.6231 0.1876 0.0000
vt 0.6171 0.1803 0.0000
vt 0.6165 0.1755 0.0000
vt 0.6179 0.1709 0.0000
vt 0.6209 0.1672 0.0000
vt 0.6251 0.1648 0.0000
vt 0.6299 0.1643 0.0000
vt 0.6346 0.1657 0.0000
vt 0.6383 0.1687 0.0000
vt 0.6406 0.1729 0.0000
vt 0.6412 0.1777 0.0000
vt 0.6398 0.1824 0.0000
vt 0.6368 0.1861 0.0000
vt 0.6326 0.1884 0.0000
vt 0.6278 0.1890 0.0000
vt 0.6406 0.2018 0.0000
vt 0.6343 0.1970 0.0000
vt 0.6261 0.1975 0.0000
vt 0.6301 0.2044 0.0000
vt 0.6194 0.2027 0.0000
vt 0.6183 0.1949 0.0000
vt 0.6101 0.1971 0.0000
vt 0.6121 0.1895 0.0000
vt 0.6037 0.1884 0.0000
vt 0.6085 0.1821 0.0000
vt 0.6011 0.1778 0.0000
vt 0.6080 0.1739 0.0000
vt 0.6027 0.1671 0.0000
vt 0.6106 0.1661 0.0000
vt 0.6160 0.1599 0.0000
vt 0.6084 0.1579 0.0000
vt 0.6234 0.1563 0.0000
vt 0.6171 0.1515 0.0000
vt 0.6316 0.1558 0.0000
vt 0.6276 0.1489 0.0000
vt 0.6394 0.1584 0.0000
vt 0.6384 0.1505 0.0000
vt 0.6456 0.1638 0.0000
vt 0.6476 0.1562 0.0000
vt 0.6540 0.1649 0.0000
vt 0.6492 0.1712 0.0000
vt 0.6497 0.1794 0.0000
vt 0.6566 0.1754 0.0000
vt 0.6471 0.1872 0.0000
vt 0.6550 0.1861 0.0000
vt 0.6417 0.1933 0.0000
vt 0.6493 0.1954 0.0000
vt 0.6304 0.2051 0.0000
vt 0.6413 0.2024 0.0000
vt 0.6193 0.2034 0.0000
vt 0.6097 0.1976 0.0000
vt 0.6031 0.1885 0.0000
vt 0.6004 0.1777 0.0000
vt 0.6021 0.1666 0.0000
vt 0.6079 0.1570 0.0000
vt 0.6170 0.1503 0.0000
vt 0.6279 0.1477 0.0000
vt 0.6390 0.1494 0.0000
vt 0.6486 0.1552 0.0000
vt 0.6552 0.1642 0.0000
vt 0.6579 0.1751 0.0000
vt 0.6562 0.1862 0.0000
vt 0.6503 0.1958 0.0000
# 81 texture coords

o Sphere058
g Sphere058
usemtl Material__28
s 1
f 4409/4431/4394 4410/4432/4395 4411/4433/4396 
f 4412/4434/4397 4409/4431/4394 4411/4433/4396 
f 4413/4435/4398 4412/4434/4397 4411/4433/4396 
f 4414/4436/4399 4413/4435/4398 4411/4433/4396 
f 4415/4437/4400 4414/4436/4399 4411/4433/4396 
f 4416/4438/4401 4415/4437/4400 4411/4433/4396 
f 4417/4439/4402 4416/4438/4401 4411/4433/4396 
f 4418/4440/4403 4417/4439/4402 4411/4433/4396 
f 4419/4441/4404 4418/4440/4403 4411/4433/4396 
f 4420/4442/4405 4419/4441/4404 4411/4433/4396 
f 4421/4443/4406 4420/4442/4405 4411/4433/4396 
f 4422/4444/4407 4421/4443/4406 4411/4433/4396 
f 4423/4445/4408 4422/4444/4407 4411/4433/4396 
f 4424/4446/4409 4423/4445/4408 4411/4433/4396 
f 4425/4447/4410 4424/4446/4409 4411/4433/4396 
f 4410/4432/4395 4425/4447/4410 4411/4433/4396 
f 4409/4431/4394 4426/4448/4411 4427/4449/4412 4410/4432/4395 
f 4412/4434/4397 4428/4450/4413 4426/4448/4411 4409/4431/4394 
f 4429/4451/4414 4428/4450/4413 4412/4434/4397 4413/4435/4398 
f 4414/4436/4399 4430/4452/4415 4429/4451/4414 4413/4435/4398 
f 4431/4453/4416 4430/4452/4415 4414/4436/4399 4415/4437/4400 
f 4431/4453/4416 4415/4437/4400 4416/4438/4401 4432/4454/4417 
f 4417/4439/4402 4433/4455/4418 4432/4454/4417 4416/4438/4401 
f 4418/4440/4403 4434/4456/4419 4433/4455/4418 4417/4439/4402 
f 4434/4456/4419 4418/4440/4403 4419/4441/4404 4435/4457/4420 
f 4436/4458/4421 4435/4457/4420 4419/4441/4404 4420/4442/4405 
f 4421/4443/4406 4437/4459/4422 4436/4458/4421 4420/4442/4405 
f 4422/4444/4407 4438/4460/4423 4437/4459/4422 4421/4443/4406 
f 4439/4461/4424 4438/4460/4423 4422/4444/4407 4423/4445/4408 
f 4424/4446/4409 4440/4462/4425 4439/4461/4424 4423/4445/4408 
f 4424/4446/4409 4425/4447/4410 4441/4463/4426 4440/4462/4425 
f 4410/4432/4395 4427/4449/4412 4441/4463/4426 4425/4447/4410 
f 4442/4464/4427 4443/4465/4428 4444/4466/4429 4445/4467/4430 
f 4446/4468/4431 4445/4467/4430 4444/4466/4429 4447/4469/4432 
f 4448/4470/4433 4446/4468/4431 4447/4469/4432 4449/4471/4434 
f 4450/4472/4435 4448/4470/4433 4449/4471/4434 4451/4473/4436 
f 4452/4474/4437 4450/4472/4435 4451/4473/4436 4453/4475/4438 
f 4454/4476/4439 4452/4474/4437 4453/4475/4438 4455/4477/4440 
f 4455/4477/4440 4456/4478/4441 4457/4479/4442 4454/4476/4439 
f 4456/4478/4441 4458/4480/4443 4459/4481/4444 4457/4479/4442 
f 4458/4480/4443 4460/4482/4445 4461/4483/4446 4459/4481/4444 
f 4460/4482/4445 4462/4484/4447 4463/4485/4448 4461/4483/4446 
f 4462/4484/4447 4464/4486/4449 4465/4487/4450 4463/4485/4448 
f 4466/4488/4451 4465/4487/4450 4464/4486/4449 4467/4489/4452 
f 4466/4488/4451 4467/4489/4452 4468/4490/4453 4469/4491/4454 
f 4468/4490/4453 4470/4492/4455 4471/4493/4456 4469/4491/4454 
f 4472/4494/4457 4473/4495/4458 4471/4493/4456 4470/4492/4455 
f 4473/4495/4458 4472/4494/4457 4443/4465/4428 4442/4464/4427 
f 4445/4467/4430 4474/4496/4459 4475/4497/4460 4442/4464/4427 
f 4474/4496/4459 4445/4467/4430 4446/4468/4431 4476/4498/4461 
f 4476/4498/4461 4446/4468/4431 4448/4470/4433 4477/4499/4462 
f 4450/4472/4435 4478/4500/4463 4477/4499/4462 4448/4470/4433 
f 4452/4474/4437 4479/4501/4464 4478/4500/4463 4450/4472/4435 
f 4452/4474/4437 4454/4476/4439 4480/4502/4465 4479/4501/4464 
f 4480/4502/4465 4454/4476/4439 4457/4479/4442 4481/4503/4466 
f 4481/4503/4466 4457/4479/4442 4459/4481/4444 4482/4504/4467 
f 4461/4483/4446 4483/4505/4468 4482/4504/4467 4459/4481/4444 
f 4484/4506/4469 4483/4505/4468 4461/4483/4446 4463/4485/4448 
f 4465/4487/4450 4485/4507/4470 4484/4506/4469 4463/4485/4448 
f 4486/4508/4471 4485/4507/4470 4465/4487/4450 4466/4488/4451 
f 4487/4509/4472 4486/4508/4471 4466/4488/4451 4469/4491/4454 
f 4487/4509/4472 4469/4491/4454 4471/4493/4456 4488/4510/4473 
f 4471/4493/4456 4473/4495/4458 4489/4511/4474 4488/4510/4473 
f 4473/4495/4458 4442/4464/4427 4475/4497/4460 4489/4511/4474 
f 4444/4466/4429 4443/4465/4428 4427/4449/4412 4426/4448/4411 
f 4428/4450/4413 4447/4469/4432 4444/4466/4429 4426/4448/4411 
f 4449/4471/4434 4447/4469/4432 4428/4450/4413 4429/4451/4414 
f 4430/4452/4415 4451/4473/4436 4449/4471/4434 4429/4451/4414 
f 4451/4473/4436 4430/4452/4415 4431/4453/4416 4453/4475/4438 
f 4453/4475/4438 4431/4453/4416 4432/4454/4417 4455/4477/4440 
f 4432/4454/4417 4433/4455/4418 4456/4478/4441 4455/4477/4440 
f 4458/4480/4443 4456/4478/4441 4433/4455/4418 4434/4456/4419 
f 4435/4457/4420 4460/4482/4445 4458/4480/4443 4434/4456/4419 
f 4436/4458/4421 4462/4484/4447 4460/4482/4445 4435/4457/4420 
f 4462/4484/4447 4436/4458/4421 4437/4459/4422 4464/4486/4449 
f 4438/4460/4423 4467/4489/4452 4464/4486/4449 4437/4459/4422 
f 4439/4461/4424 4468/4490/4453 4467/4489/4452 4438/4460/4423 
f 4439/4461/4424 4440/4462/4425 4470/4492/4455 4468/4490/4453 
f 4470/4492/4455 4440/4462/4425 4441/4463/4426 4472/4494/4457 
f 4441/4463/4426 4427/4449/4412 4443/4465/4428 4472/4494/4457 
s off
f 4476/4498/4461 4477/4499/4462 4478/4500/4463 4479/4501/4464 
f 4479/4501/4464 4480/4502/4465 4481/4503/4466 4476/4498/4461 
f 4481/4503/4466 4482/4504/4467 4483/4505/4468 4485/4507/4470 
f 4483/4505/4468 4484/4506/4469 4485/4507/4470 
f 4485/4507/4470 4486/4508/4471 4487/4509/4472 4488/4510/4473 
f 4481/4503/4466 4485/4507/4470 4488/4510/4473 4476/4498/4461 
f 4474/4496/4459 4476/4498/4461 4488/4510/4473 4489/4511/4474 
f 4474/4496/4459 4489/4511/4474 4475/4497/4460 
# 70 polygons - 18 triangles

#
# object Sphere059
#

v  -0.3116 3.4419 -2.3115
v  -0.3288 3.4419 -2.3280
v  -0.4483 3.5157 -2.2808
v  -0.3021 3.4419 -2.2896
v  -0.3017 3.4419 -2.2658
v  -0.3104 3.4419 -2.2436
v  -0.3270 3.4419 -2.2265
v  -0.3488 3.4419 -2.2170
v  -0.3727 3.4419 -2.2165
v  -0.3948 3.4419 -2.2253
v  -0.4120 3.4419 -2.2418
v  -0.4215 3.4419 -2.2637
v  -0.4219 3.4419 -2.2875
v  -0.4132 3.4419 -2.3097
v  -0.3966 3.4419 -2.3268
v  -0.3748 3.4419 -2.3363
v  -0.3510 3.4419 -2.3367
v  -0.2311 3.3884 -2.3758
v  -0.2791 3.3884 -2.4183
v  -0.2031 3.3884 -2.3183
v  -0.1993 3.3884 -2.2544
v  -0.2202 3.3884 -2.1939
v  -0.2626 3.3884 -2.1460
v  -0.3202 3.3884 -2.1180
v  -0.3841 3.3884 -2.1141
v  -0.4446 3.3884 -2.1350
v  -0.4925 3.3884 -2.1775
v  -0.5205 3.3884 -2.2350
v  -0.5243 3.3884 -2.2989
v  -0.5035 3.3884 -2.3594
v  -0.4610 3.3884 -2.4073
v  -0.4034 3.3884 -2.4353
v  -0.3396 3.3884 -2.4392
v  -0.5014 3.2274 -2.6177
v  -0.4212 3.3277 -2.5496
v  -0.3122 3.3277 -2.5515
v  -0.3603 3.2274 -2.6452
v  -0.2194 3.2274 -2.6165
v  -0.2107 3.3277 -2.5116
v  -0.1002 3.2274 -2.5361
v  -0.1323 3.3277 -2.4359
v  -0.0208 3.2274 -2.4163
v  -0.0888 3.3277 -2.3360
v  0.0067 3.2274 -2.2751
v  -0.0869 3.3277 -2.2270
v  -0.0219 3.2274 -2.1342
v  -0.1268 3.3277 -2.1256
v  -0.2025 3.3277 -2.0471
v  -0.1023 3.2274 -2.0150
v  -0.3025 3.3277 -2.0037
v  -0.2222 3.2274 -1.9356
v  -0.4115 3.3277 -2.0017
v  -0.3633 3.2274 -1.9081
v  -0.5129 3.3277 -2.0417
v  -0.5042 3.2274 -1.9368
v  -0.5913 3.3277 -2.1174
v  -0.6235 3.2274 -2.0171
v  -0.7029 3.2274 -2.1370
v  -0.6348 3.3277 -2.2173
v  -0.6367 3.3277 -2.3263
v  -0.7303 3.2274 -2.2782
v  -0.5968 3.3277 -2.4277
v  -0.7017 3.2274 -2.4191
v  -0.5211 3.3277 -2.5061
v  -0.6213 3.2274 -2.5383
v  -0.3642 3.1229 -2.6550
v  -0.5103 3.1229 -2.6266
v  -0.2184 3.1229 -2.6254
v  -0.0951 3.1229 -2.5422
v  -0.0129 3.1229 -2.4182
v  0.0155 3.1229 -2.2721
v  -0.0141 3.1229 -2.1263
v  -0.0973 3.1229 -2.0029
v  -0.2213 3.1229 -1.9208
v  -0.3674 3.1229 -1.8924
v  -0.5132 3.1229 -1.9220
v  -0.6365 3.1229 -2.0052
v  -0.7187 3.1229 -2.1292
v  -0.7471 3.1229 -2.2753
v  -0.7175 3.1229 -2.4211
v  -0.6343 3.1229 -2.5444
# 81 vertices

vn 0.4853 0.8127 -0.3226
vn 0.3493 0.7869 -0.5088
vn -0.5816 0.8130 -0.0278
vn 0.5541 0.8246 -0.1143
vn 0.5543 0.8262 0.1009
vn 0.4863 0.8180 0.3072
vn 0.3530 0.7975 0.4893
vn 0.1571 0.7583 0.6327
vn -0.1006 0.6900 0.7168
vn -0.4084 0.5863 0.6996
vn -0.7073 0.4698 0.5281
vn -0.8970 0.3898 0.2083
vn -0.9092 0.3775 -0.1755
vn -0.7391 0.4368 -0.5128
vn -0.4439 0.5465 -0.7102
vn -0.1240 0.6590 -0.7419
vn 0.1464 0.7392 -0.6573
vn 0.7289 0.5160 -0.4499
vn 0.5013 0.5160 -0.6946
vn 0.8456 0.5160 -0.1367
vn 0.8336 0.5160 0.1973
vn 0.6946 0.5160 0.5013
vn 0.4499 0.5160 0.7289
vn 0.1367 0.5160 0.8456
vn -0.1973 0.5160 0.8336
vn -0.5013 0.5160 0.6946
vn -0.7289 0.5160 0.4499
vn -0.8456 0.5160 0.1367
vn -0.8336 0.5160 -0.1973
vn -0.6946 0.5160 -0.5013
vn -0.4499 0.5160 -0.7289
vn -0.1367 0.5160 -0.8456
vn 0.1973 0.5160 -0.8336
vn -0.3673 0.3333 -0.8684
vn -0.1346 0.7197 -0.6811
vn 0.1363 0.7197 -0.6808
vn -0.0074 0.3274 -0.9449
vn 0.3546 0.3230 -0.8774
vn 0.3864 0.7197 -0.5768
vn 0.6633 0.3208 -0.6761
vn 0.5777 0.7197 -0.3850
vn 0.8711 0.3211 -0.3716
vn 0.6811 0.7197 -0.1346
vn 0.9460 0.3239 -0.0108
vn 0.6808 0.7197 0.1363
vn 0.8768 0.3288 0.3508
vn 0.5768 0.7197 0.3864
vn 0.3850 0.7197 0.5777
vn 0.6745 0.3350 0.6579
vn 0.1346 0.7197 0.6811
vn 0.3704 0.3415 0.8638
vn -0.1363 0.7197 0.6808
vn 0.0112 0.3474 0.9376
vn -0.3864 0.7197 0.5768
vn -0.3485 0.3518 0.8688
vn -0.5777 0.7197 0.3850
vn -0.6545 0.3540 0.6681
vn -0.8608 0.3537 0.3659
vn -0.6811 0.7197 0.1346
vn -0.6808 0.7197 -0.1363
vn -0.9364 0.3508 0.0078
vn -0.5768 0.7197 -0.3864
vn -0.8696 0.3460 -0.3524
vn -0.3850 0.7197 -0.5777
vn -0.6699 0.3398 -0.6601
vn 0.0005 -0.6393 -0.7689
vn -0.2958 -0.6346 -0.7140
vn 0.2945 -0.6428 -0.7071
vn 0.5425 -0.6446 -0.5387
vn 0.7081 -0.6443 -0.2890
vn 0.7666 -0.6420 0.0052
vn 0.7090 -0.6381 0.3002
vn 0.5427 -0.6332 0.5519
vn 0.2918 -0.6280 0.7215
vn -0.0059 -0.6232 0.7820
vn -0.3049 -0.6198 0.7231
vn -0.5585 -0.6180 0.5533
vn -0.7270 -0.6183 0.2985
vn -0.7842 -0.6205 -0.0012
vn -0.7215 -0.6244 -0.2992
vn -0.5496 -0.6293 -0.5494
# 81 vertex normals

vt 0.6252 0.1794 0.0000
vt 0.6266 0.1806 0.0000
vt 0.6354 0.1766 0.0000
vt 0.6244 0.1778 0.0000
vt 0.6243 0.1760 0.0000
vt 0.6249 0.1743 0.0000
vt 0.6260 0.1730 0.0000
vt 0.6277 0.1722 0.0000
vt 0.6295 0.1721 0.0000
vt 0.6312 0.1726 0.0000
vt 0.6325 0.1738 0.0000
vt 0.6333 0.1754 0.0000
vt 0.6334 0.1772 0.0000
vt 0.6328 0.1789 0.0000
vt 0.6317 0.1803 0.0000
vt 0.6300 0.1811 0.0000
vt 0.6283 0.1812 0.0000
vt 0.6194 0.1846 0.0000
vt 0.6231 0.1876 0.0000
vt 0.6171 0.1803 0.0000
vt 0.6165 0.1755 0.0000
vt 0.6179 0.1709 0.0000
vt 0.6209 0.1672 0.0000
vt 0.6251 0.1648 0.0000
vt 0.6299 0.1643 0.0000
vt 0.6346 0.1657 0.0000
vt 0.6383 0.1687 0.0000
vt 0.6406 0.1729 0.0000
vt 0.6412 0.1777 0.0000
vt 0.6398 0.1824 0.0000
vt 0.6368 0.1861 0.0000
vt 0.6326 0.1884 0.0000
vt 0.6278 0.1890 0.0000
vt 0.6406 0.2018 0.0000
vt 0.6343 0.1970 0.0000
vt 0.6261 0.1975 0.0000
vt 0.6301 0.2044 0.0000
vt 0.6194 0.2027 0.0000
vt 0.6183 0.1949 0.0000
vt 0.6101 0.1971 0.0000
vt 0.6121 0.1895 0.0000
vt 0.6037 0.1884 0.0000
vt 0.6085 0.1821 0.0000
vt 0.6011 0.1778 0.0000
vt 0.6080 0.1739 0.0000
vt 0.6027 0.1671 0.0000
vt 0.6106 0.1661 0.0000
vt 0.6160 0.1599 0.0000
vt 0.6084 0.1579 0.0000
vt 0.6234 0.1563 0.0000
vt 0.6171 0.1515 0.0000
vt 0.6316 0.1558 0.0000
vt 0.6276 0.1489 0.0000
vt 0.6394 0.1584 0.0000
vt 0.6384 0.1505 0.0000
vt 0.6456 0.1638 0.0000
vt 0.6476 0.1562 0.0000
vt 0.6540 0.1649 0.0000
vt 0.6492 0.1712 0.0000
vt 0.6497 0.1794 0.0000
vt 0.6566 0.1754 0.0000
vt 0.6471 0.1872 0.0000
vt 0.6550 0.1861 0.0000
vt 0.6417 0.1933 0.0000
vt 0.6493 0.1954 0.0000
vt 0.6304 0.2051 0.0000
vt 0.6413 0.2024 0.0000
vt 0.6193 0.2034 0.0000
vt 0.6097 0.1976 0.0000
vt 0.6031 0.1885 0.0000
vt 0.6004 0.1777 0.0000
vt 0.6021 0.1666 0.0000
vt 0.6079 0.1570 0.0000
vt 0.6170 0.1503 0.0000
vt 0.6279 0.1477 0.0000
vt 0.6390 0.1494 0.0000
vt 0.6486 0.1552 0.0000
vt 0.6552 0.1642 0.0000
vt 0.6579 0.1751 0.0000
vt 0.6562 0.1862 0.0000
vt 0.6503 0.1958 0.0000
# 81 texture coords

o Sphere059
g Sphere059
usemtl Material__28
s 1
f 4490/4512/4475 4491/4513/4476 4492/4514/4477 
f 4493/4515/4478 4490/4512/4475 4492/4514/4477 
f 4494/4516/4479 4493/4515/4478 4492/4514/4477 
f 4495/4517/4480 4494/4516/4479 4492/4514/4477 
f 4496/4518/4481 4495/4517/4480 4492/4514/4477 
f 4497/4519/4482 4496/4518/4481 4492/4514/4477 
f 4498/4520/4483 4497/4519/4482 4492/4514/4477 
f 4499/4521/4484 4498/4520/4483 4492/4514/4477 
f 4500/4522/4485 4499/4521/4484 4492/4514/4477 
f 4501/4523/4486 4500/4522/4485 4492/4514/4477 
f 4502/4524/4487 4501/4523/4486 4492/4514/4477 
f 4503/4525/4488 4502/4524/4487 4492/4514/4477 
f 4504/4526/4489 4503/4525/4488 4492/4514/4477 
f 4505/4527/4490 4504/4526/4489 4492/4514/4477 
f 4506/4528/4491 4505/4527/4490 4492/4514/4477 
f 4491/4513/4476 4506/4528/4491 4492/4514/4477 
f 4490/4512/4475 4507/4529/4492 4508/4530/4493 4491/4513/4476 
f 4493/4515/4478 4509/4531/4494 4507/4529/4492 4490/4512/4475 
f 4510/4532/4495 4509/4531/4494 4493/4515/4478 4494/4516/4479 
f 4495/4517/4480 4511/4533/4496 4510/4532/4495 4494/4516/4479 
f 4512/4534/4497 4511/4533/4496 4495/4517/4480 4496/4518/4481 
f 4512/4534/4497 4496/4518/4481 4497/4519/4482 4513/4535/4498 
f 4498/4520/4483 4514/4536/4499 4513/4535/4498 4497/4519/4482 
f 4499/4521/4484 4515/4537/4500 4514/4536/4499 4498/4520/4483 
f 4515/4537/4500 4499/4521/4484 4500/4522/4485 4516/4538/4501 
f 4517/4539/4502 4516/4538/4501 4500/4522/4485 4501/4523/4486 
f 4502/4524/4487 4518/4540/4503 4517/4539/4502 4501/4523/4486 
f 4503/4525/4488 4519/4541/4504 4518/4540/4503 4502/4524/4487 
f 4520/4542/4505 4519/4541/4504 4503/4525/4488 4504/4526/4489 
f 4505/4527/4490 4521/4543/4506 4520/4542/4505 4504/4526/4489 
f 4505/4527/4490 4506/4528/4491 4522/4544/4507 4521/4543/4506 
f 4491/4513/4476 4508/4530/4493 4522/4544/4507 4506/4528/4491 
f 4523/4545/4508 4524/4546/4509 4525/4547/4510 4526/4548/4511 
f 4527/4549/4512 4526/4548/4511 4525/4547/4510 4528/4550/4513 
f 4529/4551/4514 4527/4549/4512 4528/4550/4513 4530/4552/4515 
f 4531/4553/4516 4529/4551/4514 4530/4552/4515 4532/4554/4517 
f 4533/4555/4518 4531/4553/4516 4532/4554/4517 4534/4556/4519 
f 4535/4557/4520 4533/4555/4518 4534/4556/4519 4536/4558/4521 
f 4536/4558/4521 4537/4559/4522 4538/4560/4523 4535/4557/4520 
f 4537/4559/4522 4539/4561/4524 4540/4562/4525 4538/4560/4523 
f 4539/4561/4524 4541/4563/4526 4542/4564/4527 4540/4562/4525 
f 4541/4563/4526 4543/4565/4528 4544/4566/4529 4542/4564/4527 
f 4543/4565/4528 4545/4567/4530 4546/4568/4531 4544/4566/4529 
f 4547/4569/4532 4546/4568/4531 4545/4567/4530 4548/4570/4533 
f 4547/4569/4532 4548/4570/4533 4549/4571/4534 4550/4572/4535 
f 4549/4571/4534 4551/4573/4536 4552/4574/4537 4550/4572/4535 
f 4553/4575/4538 4554/4576/4539 4552/4574/4537 4551/4573/4536 
f 4554/4576/4539 4553/4575/4538 4524/4546/4509 4523/4545/4508 
f 4526/4548/4511 4555/4577/4540 4556/4578/4541 4523/4545/4508 
f 4555/4577/4540 4526/4548/4511 4527/4549/4512 4557/4579/4542 
f 4557/4579/4542 4527/4549/4512 4529/4551/4514 4558/4580/4543 
f 4531/4553/4516 4559/4581/4544 4558/4580/4543 4529/4551/4514 
f 4533/4555/4518 4560/4582/4545 4559/4581/4544 4531/4553/4516 
f 4533/4555/4518 4535/4557/4520 4561/4583/4546 4560/4582/4545 
f 4561/4583/4546 4535/4557/4520 4538/4560/4523 4562/4584/4547 
f 4562/4584/4547 4538/4560/4523 4540/4562/4525 4563/4585/4548 
f 4542/4564/4527 4564/4586/4549 4563/4585/4548 4540/4562/4525 
f 4565/4587/4550 4564/4586/4549 4542/4564/4527 4544/4566/4529 
f 4546/4568/4531 4566/4588/4551 4565/4587/4550 4544/4566/4529 
f 4567/4589/4552 4566/4588/4551 4546/4568/4531 4547/4569/4532 
f 4568/4590/4553 4567/4589/4552 4547/4569/4532 4550/4572/4535 
f 4568/4590/4553 4550/4572/4535 4552/4574/4537 4569/4591/4554 
f 4552/4574/4537 4554/4576/4539 4570/4592/4555 4569/4591/4554 
f 4554/4576/4539 4523/4545/4508 4556/4578/4541 4570/4592/4555 
f 4525/4547/4510 4524/4546/4509 4508/4530/4493 4507/4529/4492 
f 4509/4531/4494 4528/4550/4513 4525/4547/4510 4507/4529/4492 
f 4530/4552/4515 4528/4550/4513 4509/4531/4494 4510/4532/4495 
f 4511/4533/4496 4532/4554/4517 4530/4552/4515 4510/4532/4495 
f 4532/4554/4517 4511/4533/4496 4512/4534/4497 4534/4556/4519 
f 4534/4556/4519 4512/4534/4497 4513/4535/4498 4536/4558/4521 
f 4513/4535/4498 4514/4536/4499 4537/4559/4522 4536/4558/4521 
f 4539/4561/4524 4537/4559/4522 4514/4536/4499 4515/4537/4500 
f 4516/4538/4501 4541/4563/4526 4539/4561/4524 4515/4537/4500 
f 4517/4539/4502 4543/4565/4528 4541/4563/4526 4516/4538/4501 
f 4543/4565/4528 4517/4539/4502 4518/4540/4503 4545/4567/4530 
f 4519/4541/4504 4548/4570/4533 4545/4567/4530 4518/4540/4503 
f 4520/4542/4505 4549/4571/4534 4548/4570/4533 4519/4541/4504 
f 4520/4542/4505 4521/4543/4506 4551/4573/4536 4549/4571/4534 
f 4551/4573/4536 4521/4543/4506 4522/4544/4507 4553/4575/4538 
f 4522/4544/4507 4508/4530/4493 4524/4546/4509 4553/4575/4538 
s off
f 4557/4579/4542 4558/4580/4543 4559/4581/4544 4560/4582/4545 
f 4560/4582/4545 4561/4583/4546 4562/4584/4547 4557/4579/4542 
f 4562/4584/4547 4563/4585/4548 4564/4586/4549 4566/4588/4551 
f 4564/4586/4549 4565/4587/4550 4566/4588/4551 
f 4566/4588/4551 4567/4589/4552 4568/4590/4553 4569/4591/4554 
f 4562/4584/4547 4566/4588/4551 4569/4591/4554 4557/4579/4542 
f 4555/4577/4540 4557/4579/4542 4569/4591/4554 4570/4592/4555 
f 4555/4577/4540 4570/4592/4555 4556/4578/4541 
# 70 polygons - 18 triangles

#
# object Sphere060
#

v  -1.1191 3.4419 -2.0543
v  -1.1411 3.4419 -2.0635
v  -1.2354 3.5157 -1.9763
v  -1.1024 3.4419 -2.0373
v  -1.0934 3.4419 -2.0153
v  -1.0935 3.4419 -1.9915
v  -1.1027 3.4419 -1.9695
v  -1.1197 3.4419 -1.9527
v  -1.1417 3.4419 -1.9437
v  -1.1655 3.4419 -1.9439
v  -1.1875 3.4419 -1.9531
v  -1.2043 3.4419 -1.9700
v  -1.2133 3.4419 -1.9921
v  -1.2131 3.4419 -2.0159
v  -1.2039 3.4419 -2.0379
v  -1.1870 3.4419 -2.0547
v  -1.1649 3.4419 -2.0637
v  -1.0673 3.3884 -2.1434
v  -1.1273 3.3884 -2.1657
v  -1.0204 3.3884 -2.0998
v  -0.9937 3.3884 -2.0416
v  -0.9913 3.3884 -1.9777
v  -1.0136 3.3884 -1.9177
v  -1.0572 3.3884 -1.8708
v  -1.1154 3.3884 -1.8441
v  -1.1793 3.3884 -1.8417
v  -1.2393 3.3884 -1.8640
v  -1.2862 3.3884 -1.9076
v  -1.3129 3.3884 -1.9657
v  -1.3153 3.3884 -2.0297
v  -1.2930 3.3884 -2.0897
v  -1.2494 3.3884 -2.1366
v  -1.1913 3.3884 -2.1633
v  -1.4067 3.2274 -2.2713
v  -1.3073 3.3277 -2.2368
v  -1.2063 3.3277 -2.2780
v  -1.2850 3.2274 -2.3479
v  -1.1433 3.2274 -2.3721
v  -1.0973 3.3277 -2.2774
v  -1.0031 3.2274 -2.3402
v  -0.9969 3.3277 -2.2351
v  -0.8857 3.2274 -2.2571
v  -0.9202 3.3277 -2.1576
v  -0.8091 3.2274 -2.1354
v  -0.8790 3.3277 -2.0567
v  -0.7849 3.2274 -1.9937
v  -0.8796 3.3277 -1.9477
v  -0.9219 3.3277 -1.8472
v  -0.8168 3.2274 -1.8534
v  -0.9994 3.3277 -1.7706
v  -0.8999 3.2274 -1.7361
v  -1.1003 3.3277 -1.7294
v  -1.0216 3.2274 -1.6595
v  -1.2093 3.3277 -1.7300
v  -1.1633 3.2274 -1.6353
v  -1.3098 3.3277 -1.7723
v  -1.3036 3.2274 -1.6672
v  -1.4209 3.2274 -1.7503
v  -1.3864 3.3277 -1.8498
v  -1.4276 3.3277 -1.9507
v  -1.4975 3.2274 -1.8720
v  -1.4270 3.3277 -2.0597
v  -1.5217 3.2274 -2.0137
v  -1.3847 3.3277 -2.1602
v  -1.4898 3.2274 -2.1539
v  -1.2922 3.1229 -2.3556
v  -1.4181 3.1229 -2.2764
v  -1.1456 3.1229 -2.3807
v  -1.0005 3.1229 -2.3477
v  -0.8791 3.1229 -2.2617
v  -0.7998 3.1229 -2.1358
v  -0.7748 3.1229 -1.9891
v  -0.8078 3.1229 -1.8440
v  -0.8938 3.1229 -1.7226
v  -1.0197 3.1229 -1.6434
v  -1.1663 3.1229 -1.6183
v  -1.3114 3.1229 -1.6513
v  -1.4328 3.1229 -1.7373
v  -1.5121 3.1229 -1.8632
v  -1.5371 3.1229 -2.0099
v  -1.5041 3.1229 -2.1550
# 81 vertices

vn 0.3360 0.8127 -0.4761
vn 0.1419 0.7869 -0.6006
vn -0.5524 0.8130 0.1842
vn 0.4754 0.8246 -0.3067
vn 0.5533 0.8262 -0.1061
vn 0.5645 0.8180 0.1108
vn 0.5060 0.7975 0.3287
vn 0.3750 0.7583 0.5332
vn 0.1651 0.6900 0.7047
vn -0.1281 0.5863 0.7999
vn -0.4688 0.4698 0.7480
vn -0.7612 0.3898 0.5183
vn -0.9112 0.3775 0.1648
vn -0.8744 0.4368 -0.2112
vn -0.6705 0.5465 -0.5019
vn -0.3837 0.6590 -0.6470
vn -0.1009 0.7392 -0.6658
vn 0.5172 0.5160 -0.6828
vn 0.2165 0.5160 -0.8288
vn 0.7391 0.5160 -0.4329
vn 0.8486 0.5160 -0.1171
vn 0.8288 0.5160 0.2165
vn 0.6828 0.5160 0.5172
vn 0.4329 0.5160 0.7391
vn 0.1171 0.5160 0.8486
vn -0.2165 0.5160 0.8288
vn -0.5172 0.5160 0.6828
vn -0.7391 0.5160 0.4329
vn -0.8486 0.5160 0.1171
vn -0.8288 0.5160 -0.2165
vn -0.6828 0.5160 -0.5172
vn -0.4329 0.5160 -0.7391
vn -0.1171 0.5160 -0.8486
vn -0.6561 0.3333 -0.6771
vn -0.3716 0.7197 -0.5865
vn -0.1189 0.7197 -0.6840
vn -0.3482 0.3274 -0.8784
vn 0.0137 0.3230 -0.9463
vn 0.1520 0.7197 -0.6775
vn 0.3743 0.3208 -0.8701
vn 0.3996 0.7197 -0.5677
vn 0.6780 0.3211 -0.6612
vn 0.5865 0.7197 -0.3716
vn 0.8782 0.3239 -0.3518
vn 0.6840 0.7197 -0.1189
vn 0.9443 0.3288 0.0104
vn 0.6775 0.7197 0.1519
vn 0.5677 0.7197 0.3996
vn 0.8666 0.3350 0.3699
vn 0.3716 0.7197 0.5865
vn 0.6574 0.3415 0.6717
vn 0.1189 0.7197 0.6840
vn 0.3491 0.3474 0.8703
vn -0.1520 0.7197 0.6775
vn -0.0112 0.3518 0.9360
vn -0.3996 0.7197 0.5677
vn -0.3690 0.3540 0.8594
vn -0.6705 0.3537 0.6522
vn -0.5865 0.7197 0.3716
vn -0.6840 0.7197 0.1189
vn -0.8703 0.3508 0.3456
vn -0.6775 0.7197 -0.1520
vn -0.9381 0.3460 -0.0145
vn -0.5677 0.7197 -0.3996
vn -0.8631 0.3398 -0.3735
vn -0.2773 -0.6393 -0.7172
vn -0.5338 -0.6346 -0.5589
vn 0.0191 -0.6428 -0.7658
vn 0.3113 -0.6446 -0.6983
vn 0.5559 -0.6443 -0.5252
vn 0.7167 -0.6420 -0.2721
vn 0.7696 -0.6381 0.0238
vn 0.7054 -0.6332 0.3186
vn 0.5327 -0.6280 0.5673
vn 0.2770 -0.6232 0.7313
vn -0.0231 -0.6198 0.7845
vn -0.3210 -0.6180 0.7177
vn -0.5701 -0.6183 0.5410
vn -0.7317 -0.6205 0.2821
vn -0.7809 -0.6244 -0.0184
vn -0.7110 -0.6293 -0.3138
# 81 vertex normals

vt 0.6252 0.1794 0.0000
vt 0.6266 0.1806 0.0000
vt 0.6354 0.1766 0.0000
vt 0.6244 0.1778 0.0000
vt 0.6243 0.1760 0.0000
vt 0.6249 0.1743 0.0000
vt 0.6260 0.1730 0.0000
vt 0.6277 0.1722 0.0000
vt 0.6295 0.1721 0.0000
vt 0.6312 0.1726 0.0000
vt 0.6325 0.1738 0.0000
vt 0.6333 0.1754 0.0000
vt 0.6334 0.1772 0.0000
vt 0.6328 0.1789 0.0000
vt 0.6317 0.1803 0.0000
vt 0.6300 0.1811 0.0000
vt 0.6283 0.1812 0.0000
vt 0.6194 0.1846 0.0000
vt 0.6231 0.1876 0.0000
vt 0.6171 0.1803 0.0000
vt 0.6165 0.1755 0.0000
vt 0.6179 0.1709 0.0000
vt 0.6209 0.1672 0.0000
vt 0.6251 0.1648 0.0000
vt 0.6299 0.1643 0.0000
vt 0.6346 0.1657 0.0000
vt 0.6383 0.1687 0.0000
vt 0.6406 0.1729 0.0000
vt 0.6412 0.1777 0.0000
vt 0.6398 0.1824 0.0000
vt 0.6368 0.1861 0.0000
vt 0.6326 0.1884 0.0000
vt 0.6278 0.1890 0.0000
vt 0.6406 0.2018 0.0000
vt 0.6343 0.1970 0.0000
vt 0.6261 0.1975 0.0000
vt 0.6301 0.2044 0.0000
vt 0.6194 0.2027 0.0000
vt 0.6183 0.1949 0.0000
vt 0.6101 0.1971 0.0000
vt 0.6121 0.1895 0.0000
vt 0.6037 0.1884 0.0000
vt 0.6085 0.1821 0.0000
vt 0.6011 0.1778 0.0000
vt 0.6080 0.1739 0.0000
vt 0.6027 0.1671 0.0000
vt 0.6106 0.1661 0.0000
vt 0.6160 0.1599 0.0000
vt 0.6084 0.1579 0.0000
vt 0.6234 0.1563 0.0000
vt 0.6171 0.1515 0.0000
vt 0.6316 0.1558 0.0000
vt 0.6276 0.1489 0.0000
vt 0.6394 0.1584 0.0000
vt 0.6384 0.1505 0.0000
vt 0.6456 0.1638 0.0000
vt 0.6476 0.1562 0.0000
vt 0.6540 0.1649 0.0000
vt 0.6492 0.1712 0.0000
vt 0.6497 0.1794 0.0000
vt 0.6566 0.1754 0.0000
vt 0.6471 0.1872 0.0000
vt 0.6550 0.1861 0.0000
vt 0.6417 0.1933 0.0000
vt 0.6493 0.1954 0.0000
vt 0.6304 0.2051 0.0000
vt 0.6413 0.2024 0.0000
vt 0.6193 0.2034 0.0000
vt 0.6097 0.1976 0.0000
vt 0.6031 0.1885 0.0000
vt 0.6004 0.1777 0.0000
vt 0.6021 0.1666 0.0000
vt 0.6079 0.1570 0.0000
vt 0.6170 0.1503 0.0000
vt 0.6279 0.1477 0.0000
vt 0.6390 0.1494 0.0000
vt 0.6486 0.1552 0.0000
vt 0.6552 0.1642 0.0000
vt 0.6579 0.1751 0.0000
vt 0.6562 0.1862 0.0000
vt 0.6503 0.1958 0.0000
# 81 texture coords

o Sphere060
g Sphere060
usemtl Material__28
s 1
f 4571/4593/4556 4572/4594/4557 4573/4595/4558 
f 4574/4596/4559 4571/4593/4556 4573/4595/4558 
f 4575/4597/4560 4574/4596/4559 4573/4595/4558 
f 4576/4598/4561 4575/4597/4560 4573/4595/4558 
f 4577/4599/4562 4576/4598/4561 4573/4595/4558 
f 4578/4600/4563 4577/4599/4562 4573/4595/4558 
f 4579/4601/4564 4578/4600/4563 4573/4595/4558 
f 4580/4602/4565 4579/4601/4564 4573/4595/4558 
f 4581/4603/4566 4580/4602/4565 4573/4595/4558 
f 4582/4604/4567 4581/4603/4566 4573/4595/4558 
f 4583/4605/4568 4582/4604/4567 4573/4595/4558 
f 4584/4606/4569 4583/4605/4568 4573/4595/4558 
f 4585/4607/4570 4584/4606/4569 4573/4595/4558 
f 4586/4608/4571 4585/4607/4570 4573/4595/4558 
f 4587/4609/4572 4586/4608/4571 4573/4595/4558 
f 4572/4594/4557 4587/4609/4572 4573/4595/4558 
f 4571/4593/4556 4588/4610/4573 4589/4611/4574 4572/4594/4557 
f 4574/4596/4559 4590/4612/4575 4588/4610/4573 4571/4593/4556 
f 4591/4613/4576 4590/4612/4575 4574/4596/4559 4575/4597/4560 
f 4576/4598/4561 4592/4614/4577 4591/4613/4576 4575/4597/4560 
f 4593/4615/4578 4592/4614/4577 4576/4598/4561 4577/4599/4562 
f 4593/4615/4578 4577/4599/4562 4578/4600/4563 4594/4616/4579 
f 4579/4601/4564 4595/4617/4580 4594/4616/4579 4578/4600/4563 
f 4580/4602/4565 4596/4618/4581 4595/4617/4580 4579/4601/4564 
f 4596/4618/4581 4580/4602/4565 4581/4603/4566 4597/4619/4582 
f 4598/4620/4583 4597/4619/4582 4581/4603/4566 4582/4604/4567 
f 4583/4605/4568 4599/4621/4584 4598/4620/4583 4582/4604/4567 
f 4584/4606/4569 4600/4622/4585 4599/4621/4584 4583/4605/4568 
f 4601/4623/4586 4600/4622/4585 4584/4606/4569 4585/4607/4570 
f 4586/4608/4571 4602/4624/4587 4601/4623/4586 4585/4607/4570 
f 4586/4608/4571 4587/4609/4572 4603/4625/4588 4602/4624/4587 
f 4572/4594/4557 4589/4611/4574 4603/4625/4588 4587/4609/4572 
f 4604/4626/4589 4605/4627/4590 4606/4628/4591 4607/4629/4592 
f 4608/4630/4593 4607/4629/4592 4606/4628/4591 4609/4631/4594 
f 4610/4632/4595 4608/4630/4593 4609/4631/4594 4611/4633/4596 
f 4612/4634/4597 4610/4632/4595 4611/4633/4596 4613/4635/4598 
f 4614/4636/4599 4612/4634/4597 4613/4635/4598 4615/4637/4600 
f 4616/4638/4601 4614/4636/4599 4615/4637/4600 4617/4639/4602 
f 4617/4639/4602 4618/4640/4603 4619/4641/4604 4616/4638/4601 
f 4618/4640/4603 4620/4642/4605 4621/4643/4606 4619/4641/4604 
f 4620/4642/4605 4622/4644/4607 4623/4645/4608 4621/4643/4606 
f 4622/4644/4607 4624/4646/4609 4625/4647/4610 4623/4645/4608 
f 4624/4646/4609 4626/4648/4611 4627/4649/4612 4625/4647/4610 
f 4628/4650/4613 4627/4649/4612 4626/4648/4611 4629/4651/4614 
f 4628/4650/4613 4629/4651/4614 4630/4652/4615 4631/4653/4616 
f 4630/4652/4615 4632/4654/4617 4633/4655/4618 4631/4653/4616 
f 4634/4656/4619 4635/4657/4620 4633/4655/4618 4632/4654/4617 
f 4635/4657/4620 4634/4656/4619 4605/4627/4590 4604/4626/4589 
f 4607/4629/4592 4636/4658/4621 4637/4659/4622 4604/4626/4589 
f 4636/4658/4621 4607/4629/4592 4608/4630/4593 4638/4660/4623 
f 4638/4660/4623 4608/4630/4593 4610/4632/4595 4639/4661/4624 
f 4612/4634/4597 4640/4662/4625 4639/4661/4624 4610/4632/4595 
f 4614/4636/4599 4641/4663/4626 4640/4662/4625 4612/4634/4597 
f 4614/4636/4599 4616/4638/4601 4642/4664/4627 4641/4663/4626 
f 4642/4664/4627 4616/4638/4601 4619/4641/4604 4643/4665/4628 
f 4643/4665/4628 4619/4641/4604 4621/4643/4606 4644/4666/4629 
f 4623/4645/4608 4645/4667/4630 4644/4666/4629 4621/4643/4606 
f 4646/4668/4631 4645/4667/4630 4623/4645/4608 4625/4647/4610 
f 4627/4649/4612 4647/4669/4632 4646/4668/4631 4625/4647/4610 
f 4648/4670/4633 4647/4669/4632 4627/4649/4612 4628/4650/4613 
f 4649/4671/4634 4648/4670/4633 4628/4650/4613 4631/4653/4616 
f 4649/4671/4634 4631/4653/4616 4633/4655/4618 4650/4672/4635 
f 4633/4655/4618 4635/4657/4620 4651/4673/4636 4650/4672/4635 
f 4635/4657/4620 4604/4626/4589 4637/4659/4622 4651/4673/4636 
f 4606/4628/4591 4605/4627/4590 4589/4611/4574 4588/4610/4573 
f 4590/4612/4575 4609/4631/4594 4606/4628/4591 4588/4610/4573 
f 4611/4633/4596 4609/4631/4594 4590/4612/4575 4591/4613/4576 
f 4592/4614/4577 4613/4635/4598 4611/4633/4596 4591/4613/4576 
f 4613/4635/4598 4592/4614/4577 4593/4615/4578 4615/4637/4600 
f 4615/4637/4600 4593/4615/4578 4594/4616/4579 4617/4639/4602 
f 4594/4616/4579 4595/4617/4580 4618/4640/4603 4617/4639/4602 
f 4620/4642/4605 4618/4640/4603 4595/4617/4580 4596/4618/4581 
f 4597/4619/4582 4622/4644/4607 4620/4642/4605 4596/4618/4581 
f 4598/4620/4583 4624/4646/4609 4622/4644/4607 4597/4619/4582 
f 4624/4646/4609 4598/4620/4583 4599/4621/4584 4626/4648/4611 
f 4600/4622/4585 4629/4651/4614 4626/4648/4611 4599/4621/4584 
f 4601/4623/4586 4630/4652/4615 4629/4651/4614 4600/4622/4585 
f 4601/4623/4586 4602/4624/4587 4632/4654/4617 4630/4652/4615 
f 4632/4654/4617 4602/4624/4587 4603/4625/4588 4634/4656/4619 
f 4603/4625/4588 4589/4611/4574 4605/4627/4590 4634/4656/4619 
s off
f 4638/4660/4623 4639/4661/4624 4640/4662/4625 4641/4663/4626 
f 4641/4663/4626 4642/4664/4627 4643/4665/4628 4638/4660/4623 
f 4643/4665/4628 4644/4666/4629 4645/4667/4630 4647/4669/4632 
f 4645/4667/4630 4646/4668/4631 4647/4669/4632 
f 4647/4669/4632 4648/4670/4633 4649/4671/4634 4650/4672/4635 
f 4643/4665/4628 4647/4669/4632 4650/4672/4635 4638/4660/4623 
f 4636/4658/4621 4638/4660/4623 4650/4672/4635 4651/4673/4636 
f 4636/4658/4621 4651/4673/4636 4637/4659/4622 
# 70 polygons - 18 triangles

#
# object Sphere061
#

v  -1.7791 3.4419 -1.5228
v  -1.8030 3.4419 -1.5235
v  -1.8594 3.5157 -1.4081
v  -1.7574 3.4419 -1.5131
v  -1.7410 3.4419 -1.4957
v  -1.7325 3.4419 -1.4735
v  -1.7332 3.4419 -1.4496
v  -1.7430 3.4419 -1.4279
v  -1.7603 3.4419 -1.4115
v  -1.7826 3.4419 -1.4031
v  -1.8064 3.4419 -1.4037
v  -1.8281 3.4419 -1.4135
v  -1.8445 3.4419 -1.4308
v  -1.8530 3.4419 -1.4531
v  -1.8523 3.4419 -1.4769
v  -1.8425 3.4419 -1.4986
v  -1.8252 3.4419 -1.5150
v  -1.7630 3.3884 -1.6246
v  -1.8270 3.3884 -1.6237
v  -1.7035 3.3884 -1.6009
v  -1.6576 3.3884 -1.5563
v  -1.6323 3.3884 -1.4975
v  -1.6314 3.3884 -1.4335
v  -1.6551 3.3884 -1.3740
v  -1.6997 3.3884 -1.3282
v  -1.7585 3.3884 -1.3028
v  -1.8225 3.3884 -1.3019
v  -1.8820 3.3884 -1.3256
v  -1.9279 3.3884 -1.3702
v  -1.9532 3.3884 -1.4290
v  -1.9541 3.3884 -1.4930
v  -1.9304 3.3884 -1.5525
v  -1.8858 3.3884 -1.5984
v  -2.1257 3.2274 -1.6212
v  -2.0205 3.3277 -1.6250
v  -1.9413 3.3277 -1.6999
v  -2.0399 3.2274 -1.7366
v  -1.9165 3.2274 -1.8104
v  -1.8394 3.3277 -1.7387
v  -1.7742 3.2274 -1.8313
v  -1.7305 3.3277 -1.7356
v  -1.6348 3.2274 -1.7962
v  -1.6310 3.3277 -1.6910
v  -1.5194 3.2274 -1.7104
v  -1.5562 3.3277 -1.6118
v  -1.4456 3.2274 -1.5870
v  -1.5173 3.3277 -1.5099
v  -1.5204 3.3277 -1.4010
v  -1.4247 3.2274 -1.4447
v  -1.5650 3.3277 -1.3015
v  -1.4598 3.2274 -1.3053
v  -1.6442 3.3277 -1.2267
v  -1.5456 3.2274 -1.1899
v  -1.7461 3.3277 -1.1878
v  -1.6690 3.2274 -1.1161
v  -1.8550 3.3277 -1.1909
v  -1.8113 3.2274 -1.0952
v  -1.9507 3.2274 -1.1303
v  -1.9545 3.3277 -1.2355
v  -2.0294 3.3277 -1.3147
v  -2.0661 3.2274 -1.2161
v  -2.0682 3.3277 -1.4166
v  -2.1399 3.2274 -1.3395
v  -2.0651 3.3277 -1.5256
v  -2.1608 3.2274 -1.4818
v  -2.0494 3.1229 -1.7413
v  -2.1382 3.1229 -1.6219
v  -1.9217 3.1229 -1.8176
v  -1.7745 3.1229 -1.8392
v  -1.6302 3.1229 -1.8029
v  -1.5109 3.1229 -1.7141
v  -1.4345 3.1229 -1.5864
v  -1.4129 3.1229 -1.4392
v  -1.4492 3.1229 -1.2949
v  -1.5380 3.1229 -1.1755
v  -1.6657 3.1229 -1.0992
v  -1.8129 3.1229 -1.0776
v  -1.9572 3.1229 -1.1139
v  -2.0766 3.1229 -1.2027
v  -2.1529 3.1229 -1.3304
v  -2.1745 3.1229 -1.4776
# 81 vertices

vn 0.1413 0.8127 -0.5653
vn -0.0847 0.7869 -0.6113
vn -0.4485 0.8130 0.3713
vn 0.3325 0.8246 -0.4577
vn 0.4776 0.8262 -0.2988
vn 0.5664 0.8180 -0.1006
vn 0.5905 0.7975 0.1237
vn 0.5423 0.7583 0.3617
vn 0.4086 0.6900 0.5975
vn 0.1695 0.5863 0.7922
vn -0.1669 0.4698 0.8668
vn -0.5226 0.3898 0.7583
vn -0.7901 0.3775 0.4829
vn -0.8917 0.4368 0.1189
vn -0.8065 0.5465 -0.2258
vn -0.5915 0.6590 -0.4647
vn -0.3346 0.7392 -0.5844
vn 0.2356 0.5160 -0.8236
vn -0.0975 0.5160 -0.8510
vn 0.5328 0.5160 -0.6707
vn 0.7489 0.5160 -0.4158
vn 0.8510 0.5160 -0.0975
vn 0.8236 0.5160 0.2356
vn 0.6707 0.5160 0.5328
vn 0.4158 0.5160 0.7489
vn 0.0975 0.5160 0.8510
vn -0.2356 0.5160 0.8236
vn -0.5328 0.5160 0.6707
vn -0.7489 0.5160 0.4158
vn -0.8510 0.5160 0.0975
vn -0.8236 0.5160 -0.2356
vn -0.6707 0.5160 -0.5328
vn -0.4158 0.5160 -0.7489
vn -0.8564 0.3333 -0.3943
vn -0.5584 0.7197 -0.4126
vn -0.3579 0.7197 -0.5949
vn -0.6420 0.3274 -0.6933
vn -0.3290 0.3230 -0.8874
vn -0.1030 0.7197 -0.6866
vn 0.0347 0.3208 -0.9465
vn 0.1676 0.7197 -0.6738
vn 0.3934 0.3211 -0.8615
vn 0.4126 0.7197 -0.5584
vn 0.6918 0.3239 -0.6453
vn 0.5949 0.7197 -0.3579
vn 0.8843 0.3288 -0.3314
vn 0.6866 0.7197 -0.1030
vn 0.6738 0.7197 0.1676
vn 0.9417 0.3350 0.0318
vn 0.5584 0.7197 0.4126
vn 0.8557 0.3415 0.3888
vn 0.3579 0.7197 0.5949
vn 0.6399 0.3474 0.6854
vn 0.1030 0.7197 0.6866
vn 0.3277 0.3518 0.8768
vn -0.1676 0.7197 0.6738
vn -0.0336 0.3540 0.9346
vn -0.3896 0.3537 0.8504
vn -0.4126 0.7197 0.5584
vn -0.5949 0.7197 0.3579
vn -0.6867 0.3508 0.6366
vn -0.6866 0.7197 0.1030
vn -0.8800 0.3460 0.3254
vn -0.6738 0.7197 -0.1676
vn -0.9398 0.3398 -0.0365
vn -0.5177 -0.6393 -0.5686
vn -0.6996 -0.6346 -0.3284
vn -0.2588 -0.6428 -0.7210
vn 0.0380 -0.6446 -0.7636
vn 0.3286 -0.6443 -0.6906
vn 0.5700 -0.6420 -0.5127
vn 0.7262 -0.6381 -0.2558
vn 0.7728 -0.6332 0.0423
vn 0.7017 -0.6280 0.3366
vn 0.5225 -0.6232 0.5819
vn 0.2618 -0.6198 0.7398
vn -0.0400 -0.6180 0.7851
vn -0.3362 -0.6183 0.7104
vn -0.5803 -0.6205 0.5274
vn -0.7348 -0.6244 0.2650
vn -0.7763 -0.6293 -0.0358
# 81 vertex normals

vt 0.6252 0.1794 0.0000
vt 0.6266 0.1806 0.0000
vt 0.6354 0.1766 0.0000
vt 0.6244 0.1778 0.0000
vt 0.6243 0.1760 0.0000
vt 0.6249 0.1743 0.0000
vt 0.6260 0.1730 0.0000
vt 0.6277 0.1722 0.0000
vt 0.6295 0.1721 0.0000
vt 0.6312 0.1726 0.0000
vt 0.6325 0.1738 0.0000
vt 0.6333 0.1754 0.0000
vt 0.6334 0.1772 0.0000
vt 0.6328 0.1789 0.0000
vt 0.6317 0.1803 0.0000
vt 0.6300 0.1811 0.0000
vt 0.6283 0.1812 0.0000
vt 0.6194 0.1846 0.0000
vt 0.6231 0.1876 0.0000
vt 0.6171 0.1803 0.0000
vt 0.6165 0.1755 0.0000
vt 0.6179 0.1709 0.0000
vt 0.6209 0.1672 0.0000
vt 0.6251 0.1648 0.0000
vt 0.6299 0.1643 0.0000
vt 0.6346 0.1657 0.0000
vt 0.6383 0.1687 0.0000
vt 0.6406 0.1729 0.0000
vt 0.6412 0.1777 0.0000
vt 0.6398 0.1824 0.0000
vt 0.6368 0.1861 0.0000
vt 0.6326 0.1884 0.0000
vt 0.6278 0.1890 0.0000
vt 0.6406 0.2018 0.0000
vt 0.6343 0.1970 0.0000
vt 0.6261 0.1975 0.0000
vt 0.6301 0.2044 0.0000
vt 0.6194 0.2027 0.0000
vt 0.6183 0.1949 0.0000
vt 0.6101 0.1971 0.0000
vt 0.6121 0.1895 0.0000
vt 0.6037 0.1884 0.0000
vt 0.6085 0.1821 0.0000
vt 0.6011 0.1778 0.0000
vt 0.6080 0.1739 0.0000
vt 0.6027 0.1671 0.0000
vt 0.6106 0.1661 0.0000
vt 0.6160 0.1599 0.0000
vt 0.6084 0.1579 0.0000
vt 0.6234 0.1563 0.0000
vt 0.6171 0.1515 0.0000
vt 0.6316 0.1558 0.0000
vt 0.6276 0.1489 0.0000
vt 0.6394 0.1584 0.0000
vt 0.6384 0.1505 0.0000
vt 0.6456 0.1638 0.0000
vt 0.6476 0.1562 0.0000
vt 0.6540 0.1649 0.0000
vt 0.6492 0.1712 0.0000
vt 0.6497 0.1794 0.0000
vt 0.6566 0.1754 0.0000
vt 0.6471 0.1872 0.0000
vt 0.6550 0.1861 0.0000
vt 0.6417 0.1933 0.0000
vt 0.6493 0.1954 0.0000
vt 0.6304 0.2051 0.0000
vt 0.6413 0.2024 0.0000
vt 0.6193 0.2034 0.0000
vt 0.6097 0.1976 0.0000
vt 0.6031 0.1885 0.0000
vt 0.6004 0.1777 0.0000
vt 0.6021 0.1666 0.0000
vt 0.6079 0.1570 0.0000
vt 0.6170 0.1503 0.0000
vt 0.6279 0.1477 0.0000
vt 0.6390 0.1494 0.0000
vt 0.6486 0.1552 0.0000
vt 0.6552 0.1642 0.0000
vt 0.6579 0.1751 0.0000
vt 0.6562 0.1862 0.0000
vt 0.6503 0.1958 0.0000
# 81 texture coords

o Sphere061
g Sphere061
usemtl Material__28
s 1
f 4652/4674/4637 4653/4675/4638 4654/4676/4639 
f 4655/4677/4640 4652/4674/4637 4654/4676/4639 
f 4656/4678/4641 4655/4677/4640 4654/4676/4639 
f 4657/4679/4642 4656/4678/4641 4654/4676/4639 
f 4658/4680/4643 4657/4679/4642 4654/4676/4639 
f 4659/4681/4644 4658/4680/4643 4654/4676/4639 
f 4660/4682/4645 4659/4681/4644 4654/4676/4639 
f 4661/4683/4646 4660/4682/4645 4654/4676/4639 
f 4662/4684/4647 4661/4683/4646 4654/4676/4639 
f 4663/4685/4648 4662/4684/4647 4654/4676/4639 
f 4664/4686/4649 4663/4685/4648 4654/4676/4639 
f 4665/4687/4650 4664/4686/4649 4654/4676/4639 
f 4666/4688/4651 4665/4687/4650 4654/4676/4639 
f 4667/4689/4652 4666/4688/4651 4654/4676/4639 
f 4668/4690/4653 4667/4689/4652 4654/4676/4639 
f 4653/4675/4638 4668/4690/4653 4654/4676/4639 
f 4652/4674/4637 4669/4691/4654 4670/4692/4655 4653/4675/4638 
f 4655/4677/4640 4671/4693/4656 4669/4691/4654 4652/4674/4637 
f 4672/4694/4657 4671/4693/4656 4655/4677/4640 4656/4678/4641 
f 4657/4679/4642 4673/4695/4658 4672/4694/4657 4656/4678/4641 
f 4674/4696/4659 4673/4695/4658 4657/4679/4642 4658/4680/4643 
f 4674/4696/4659 4658/4680/4643 4659/4681/4644 4675/4697/4660 
f 4660/4682/4645 4676/4698/4661 4675/4697/4660 4659/4681/4644 
f 4661/4683/4646 4677/4699/4662 4676/4698/4661 4660/4682/4645 
f 4677/4699/4662 4661/4683/4646 4662/4684/4647 4678/4700/4663 
f 4679/4701/4664 4678/4700/4663 4662/4684/4647 4663/4685/4648 
f 4664/4686/4649 4680/4702/4665 4679/4701/4664 4663/4685/4648 
f 4665/4687/4650 4681/4703/4666 4680/4702/4665 4664/4686/4649 
f 4682/4704/4667 4681/4703/4666 4665/4687/4650 4666/4688/4651 
f 4667/4689/4652 4683/4705/4668 4682/4704/4667 4666/4688/4651 
f 4667/4689/4652 4668/4690/4653 4684/4706/4669 4683/4705/4668 
f 4653/4675/4638 4670/4692/4655 4684/4706/4669 4668/4690/4653 
f 4685/4707/4670 4686/4708/4671 4687/4709/4672 4688/4710/4673 
f 4689/4711/4674 4688/4710/4673 4687/4709/4672 4690/4712/4675 
f 4691/4713/4676 4689/4711/4674 4690/4712/4675 4692/4714/4677 
f 4693/4715/4678 4691/4713/4676 4692/4714/4677 4694/4716/4679 
f 4695/4717/4680 4693/4715/4678 4694/4716/4679 4696/4718/4681 
f 4697/4719/4682 4695/4717/4680 4696/4718/4681 4698/4720/4683 
f 4698/4720/4683 4699/4721/4684 4700/4722/4685 4697/4719/4682 
f 4699/4721/4684 4701/4723/4686 4702/4724/4687 4700/4722/4685 
f 4701/4723/4686 4703/4725/4688 4704/4726/4689 4702/4724/4687 
f 4703/4725/4688 4705/4727/4690 4706/4728/4691 4704/4726/4689 
f 4705/4727/4690 4707/4729/4692 4708/4730/4693 4706/4728/4691 
f 4709/4731/4694 4708/4730/4693 4707/4729/4692 4710/4732/4695 
f 4709/4731/4694 4710/4732/4695 4711/4733/4696 4712/4734/4697 
f 4711/4733/4696 4713/4735/4698 4714/4736/4699 4712/4734/4697 
f 4715/4737/4700 4716/4738/4701 4714/4736/4699 4713/4735/4698 
f 4716/4738/4701 4715/4737/4700 4686/4708/4671 4685/4707/4670 
f 4688/4710/4673 4717/4739/4702 4718/4740/4703 4685/4707/4670 
f 4717/4739/4702 4688/4710/4673 4689/4711/4674 4719/4741/4704 
f 4719/4741/4704 4689/4711/4674 4691/4713/4676 4720/4742/4705 
f 4693/4715/4678 4721/4743/4706 4720/4742/4705 4691/4713/4676 
f 4695/4717/4680 4722/4744/4707 4721/4743/4706 4693/4715/4678 
f 4695/4717/4680 4697/4719/4682 4723/4745/4708 4722/4744/4707 
f 4723/4745/4708 4697/4719/4682 4700/4722/4685 4724/4746/4709 
f 4724/4746/4709 4700/4722/4685 4702/4724/4687 4725/4747/4710 
f 4704/4726/4689 4726/4748/4711 4725/4747/4710 4702/4724/4687 
f 4727/4749/4712 4726/4748/4711 4704/4726/4689 4706/4728/4691 
f 4708/4730/4693 4728/4750/4713 4727/4749/4712 4706/4728/4691 
f 4729/4751/4714 4728/4750/4713 4708/4730/4693 4709/4731/4694 
f 4730/4752/4715 4729/4751/4714 4709/4731/4694 4712/4734/4697 
f 4730/4752/4715 4712/4734/4697 4714/4736/4699 4731/4753/4716 
f 4714/4736/4699 4716/4738/4701 4732/4754/4717 4731/4753/4716 
f 4716/4738/4701 4685/4707/4670 4718/4740/4703 4732/4754/4717 
f 4687/4709/4672 4686/4708/4671 4670/4692/4655 4669/4691/4654 
f 4671/4693/4656 4690/4712/4675 4687/4709/4672 4669/4691/4654 
f 4692/4714/4677 4690/4712/4675 4671/4693/4656 4672/4694/4657 
f 4673/4695/4658 4694/4716/4679 4692/4714/4677 4672/4694/4657 
f 4694/4716/4679 4673/4695/4658 4674/4696/4659 4696/4718/4681 
f 4696/4718/4681 4674/4696/4659 4675/4697/4660 4698/4720/4683 
f 4675/4697/4660 4676/4698/4661 4699/4721/4684 4698/4720/4683 
f 4701/4723/4686 4699/4721/4684 4676/4698/4661 4677/4699/4662 
f 4678/4700/4663 4703/4725/4688 4701/4723/4686 4677/4699/4662 
f 4679/4701/4664 4705/4727/4690 4703/4725/4688 4678/4700/4663 
f 4705/4727/4690 4679/4701/4664 4680/4702/4665 4707/4729/4692 
f 4681/4703/4666 4710/4732/4695 4707/4729/4692 4680/4702/4665 
f 4682/4704/4667 4711/4733/4696 4710/4732/4695 4681/4703/4666 
f 4682/4704/4667 4683/4705/4668 4713/4735/4698 4711/4733/4696 
f 4713/4735/4698 4683/4705/4668 4684/4706/4669 4715/4737/4700 
f 4684/4706/4669 4670/4692/4655 4686/4708/4671 4715/4737/4700 
s off
f 4719/4741/4704 4720/4742/4705 4721/4743/4706 4722/4744/4707 
f 4722/4744/4707 4723/4745/4708 4724/4746/4709 4719/4741/4704 
f 4724/4746/4709 4725/4747/4710 4726/4748/4711 4728/4750/4713 
f 4726/4748/4711 4727/4749/4712 4728/4750/4713 
f 4728/4750/4713 4729/4751/4714 4730/4752/4715 4731/4753/4716 
f 4724/4746/4709 4728/4750/4713 4731/4753/4716 4719/4741/4704 
f 4717/4739/4702 4719/4741/4704 4731/4753/4716 4732/4754/4717 
f 4717/4739/4702 4732/4754/4717 4718/4740/4703 
# 70 polygons - 18 triangles

#
# object Sphere062
#

v  -2.2026 3.4419 -0.7888
v  -2.2251 3.4419 -0.7808
v  -2.2360 3.5157 -0.6528
v  -2.1788 3.4419 -0.7875
v  -2.1573 3.4419 -0.7773
v  -2.1413 3.4419 -0.7596
v  -2.1334 3.4419 -0.7371
v  -2.1346 3.4419 -0.7133
v  -2.1448 3.4419 -0.6918
v  -2.1625 3.4419 -0.6759
v  -2.1850 3.4419 -0.6679
v  -2.2088 3.4419 -0.6691
v  -2.2303 3.4419 -0.6794
v  -2.2463 3.4419 -0.6971
v  -2.2542 3.4419 -0.7195
v  -2.2530 3.4419 -0.7433
v  -2.2428 3.4419 -0.7648
v  -2.2243 3.3884 -0.8895
v  -2.2837 3.3884 -0.8656
v  -2.1603 3.3884 -0.8889
v  -2.1014 3.3884 -0.8639
v  -2.0566 3.3884 -0.8182
v  -2.0326 3.3884 -0.7589
v  -2.0332 3.3884 -0.6949
v  -2.0582 3.3884 -0.6360
v  -2.1039 3.3884 -0.5911
v  -2.1633 3.3884 -0.5672
v  -2.2273 3.3884 -0.5677
v  -2.2862 3.3884 -0.5928
v  -2.3310 3.3884 -0.6384
v  -2.3550 3.3884 -0.6978
v  -2.3544 3.3884 -0.7618
v  -2.3294 3.3884 -0.8207
v  -2.5613 3.2274 -0.7554
v  -2.4646 3.3277 -0.7969
v  -2.4178 3.3277 -0.8953
v  -2.5230 3.2274 -0.8940
v  -2.4346 3.2274 -1.0073
v  -2.3368 3.3277 -0.9683
v  -2.3095 3.2274 -1.0782
v  -2.2341 3.3277 -1.0048
v  -2.1668 3.2274 -1.0959
v  -2.1252 3.3277 -0.9991
v  -2.0282 3.2274 -1.0575
v  -2.0268 3.3277 -0.9523
v  -1.9148 3.2274 -0.9691
v  -1.9538 3.3277 -0.8713
v  -1.9174 3.3277 -0.7686
v  -1.8439 3.2274 -0.8440
v  -1.9230 3.3277 -0.6598
v  -1.8263 3.2274 -0.7013
v  -1.9698 3.3277 -0.5614
v  -1.8646 3.2274 -0.5627
v  -2.0508 3.3277 -0.4884
v  -1.9530 3.2274 -0.4493
v  -2.1535 3.3277 -0.4519
v  -2.0781 3.2274 -0.3784
v  -2.2208 3.2274 -0.3608
v  -2.2624 3.3277 -0.4575
v  -2.3608 3.3277 -0.5044
v  -2.3594 3.2274 -0.3991
v  -2.4338 3.3277 -0.5853
v  -2.4728 3.2274 -0.4876
v  -2.4702 3.3277 -0.6880
v  -2.5437 3.2274 -0.6127
v  -2.5336 3.1229 -0.8948
v  -2.5732 3.1229 -0.7514
v  -2.4421 3.1229 -1.0121
v  -2.3126 3.1229 -1.0855
v  -2.1650 3.1229 -1.1037
v  -2.0216 3.1229 -1.0641
v  -1.9042 3.1229 -0.9726
v  -1.8309 3.1229 -0.8431
v  -1.8126 3.1229 -0.6955
v  -1.8523 3.1229 -0.5521
v  -1.9438 3.1229 -0.4348
v  -2.0732 3.1229 -0.3614
v  -2.2209 3.1229 -0.3432
v  -2.3643 3.1229 -0.3828
v  -2.4816 3.1229 -0.4743
v  -2.5550 3.1229 -0.6038
# 81 vertices

vn -0.0724 0.8127 -0.5782
vn -0.2998 0.7869 -0.5394
vn -0.2841 0.8130 0.5082
vn 0.1447 0.8246 -0.5469
vn 0.3374 0.8262 -0.4512
vn 0.4918 0.8180 -0.2984
vn 0.5954 0.7975 -0.0979
vn 0.6364 0.7583 0.1414
vn 0.5968 0.6900 0.4096
vn 0.4442 0.5863 0.6775
vn 0.1575 0.4698 0.8686
vn -0.2133 0.3898 0.8959
vn -0.5624 0.3775 0.7357
vn -0.7885 0.4368 0.4330
vn -0.8336 0.5465 0.0808
vn -0.7194 0.6590 -0.2197
vn -0.5231 0.7392 -0.4241
vn -0.0778 0.5160 -0.8531
vn -0.3983 0.5160 -0.7583
vn 0.2546 0.5160 -0.8179
vn 0.5482 0.5160 -0.6582
vn 0.7583 0.5160 -0.3983
vn 0.8531 0.5160 -0.0778
vn 0.8179 0.5160 0.2546
vn 0.6582 0.5160 0.5482
vn 0.3983 0.5160 0.7583
vn 0.0778 0.5160 0.8531
vn -0.2546 0.5160 0.8179
vn -0.5482 0.5160 0.6582
vn -0.7583 0.5160 0.3983
vn -0.8531 0.5160 0.0778
vn -0.8179 0.5160 -0.2546
vn -0.6582 0.5160 -0.5482
vn -0.9410 0.3333 -0.0583
vn -0.6697 0.7197 -0.1831
vn -0.5487 0.7197 -0.4254
vn -0.8491 0.3274 -0.4145
vn -0.6274 0.3230 -0.7086
vn -0.3441 0.7197 -0.6030
vn -0.3095 0.3208 -0.8951
vn -0.0872 0.7197 -0.6888
vn 0.0556 0.3211 -0.9454
vn 0.1831 0.7197 -0.6697
vn 0.4120 0.3239 -0.8517
vn 0.4254 0.7197 -0.5487
vn 0.7049 0.3288 -0.6285
vn 0.6030 0.7197 -0.3441
vn 0.6888 0.7197 -0.0872
vn 0.8896 0.3350 -0.3105
vn 0.6697 0.7197 0.1831
vn 0.9384 0.3415 0.0535
vn 0.5487 0.7197 0.4254
vn 0.8443 0.3474 0.4079
vn 0.3441 0.7197 0.6030
vn 0.6223 0.3518 0.6992
vn 0.0872 0.7197 0.6888
vn 0.3063 0.3540 0.8837
vn -0.0561 0.3537 0.9337
vn -0.1831 0.7197 0.6697
vn -0.4254 0.7197 0.5487
vn -0.4104 0.3508 0.8417
vn -0.6030 0.7197 0.3441
vn -0.7030 0.3460 0.6213
vn -0.6888 0.7197 0.0872
vn -0.8895 0.3398 0.3054
vn -0.6881 -0.6393 -0.3432
vn -0.7710 -0.6346 -0.0535
vn -0.5017 -0.6428 -0.5788
vn -0.2404 -0.6446 -0.7257
vn 0.0569 -0.6443 -0.7626
vn 0.3464 -0.6420 -0.6840
vn 0.5848 -0.6381 -0.5008
vn 0.7359 -0.6332 -0.2398
vn 0.7759 -0.6280 0.0603
vn 0.6974 -0.6232 0.3539
vn 0.5114 -0.6198 0.5953
vn 0.2463 -0.6180 0.7466
vn -0.0568 -0.6183 0.7839
vn -0.3506 -0.6205 0.7014
vn -0.5895 -0.6244 0.5125
vn -0.7368 -0.6293 0.2471
# 81 vertex normals

vt 0.6252 0.1794 0.0000
vt 0.6266 0.1806 0.0000
vt 0.6354 0.1766 0.0000
vt 0.6244 0.1778 0.0000
vt 0.6243 0.1760 0.0000
vt 0.6249 0.1743 0.0000
vt 0.6260 0.1730 0.0000
vt 0.6277 0.1722 0.0000
vt 0.6295 0.1721 0.0000
vt 0.6312 0.1726 0.0000
vt 0.6325 0.1738 0.0000
vt 0.6333 0.1754 0.0000
vt 0.6334 0.1772 0.0000
vt 0.6328 0.1789 0.0000
vt 0.6317 0.1803 0.0000
vt 0.6300 0.1811 0.0000
vt 0.6283 0.1812 0.0000
vt 0.6194 0.1846 0.0000
vt 0.6231 0.1876 0.0000
vt 0.6171 0.1803 0.0000
vt 0.6165 0.1755 0.0000
vt 0.6179 0.1709 0.0000
vt 0.6209 0.1672 0.0000
vt 0.6251 0.1648 0.0000
vt 0.6299 0.1643 0.0000
vt 0.6346 0.1657 0.0000
vt 0.6383 0.1687 0.0000
vt 0.6406 0.1729 0.0000
vt 0.6412 0.1777 0.0000
vt 0.6398 0.1824 0.0000
vt 0.6368 0.1861 0.0000
vt 0.6326 0.1884 0.0000
vt 0.6278 0.1890 0.0000
vt 0.6406 0.2018 0.0000
vt 0.6343 0.1970 0.0000
vt 0.6261 0.1975 0.0000
vt 0.6301 0.2044 0.0000
vt 0.6194 0.2027 0.0000
vt 0.6183 0.1949 0.0000
vt 0.6101 0.1971 0.0000
vt 0.6121 0.1895 0.0000
vt 0.6037 0.1884 0.0000
vt 0.6085 0.1821 0.0000
vt 0.6011 0.1778 0.0000
vt 0.6080 0.1739 0.0000
vt 0.6027 0.1671 0.0000
vt 0.6106 0.1661 0.0000
vt 0.6160 0.1599 0.0000
vt 0.6084 0.1579 0.0000
vt 0.6234 0.1563 0.0000
vt 0.6171 0.1515 0.0000
vt 0.6316 0.1558 0.0000
vt 0.6276 0.1489 0.0000
vt 0.6394 0.1584 0.0000
vt 0.6384 0.1505 0.0000
vt 0.6456 0.1638 0.0000
vt 0.6476 0.1562 0.0000
vt 0.6540 0.1649 0.0000
vt 0.6492 0.1712 0.0000
vt 0.6497 0.1794 0.0000
vt 0.6566 0.1754 0.0000
vt 0.6471 0.1872 0.0000
vt 0.6550 0.1861 0.0000
vt 0.6417 0.1933 0.0000
vt 0.6493 0.1954 0.0000
vt 0.6304 0.2051 0.0000
vt 0.6413 0.2024 0.0000
vt 0.6193 0.2034 0.0000
vt 0.6097 0.1976 0.0000
vt 0.6031 0.1885 0.0000
vt 0.6004 0.1777 0.0000
vt 0.6021 0.1666 0.0000
vt 0.6079 0.1570 0.0000
vt 0.6170 0.1503 0.0000
vt 0.6279 0.1477 0.0000
vt 0.6390 0.1494 0.0000
vt 0.6486 0.1552 0.0000
vt 0.6552 0.1642 0.0000
vt 0.6579 0.1751 0.0000
vt 0.6562 0.1862 0.0000
vt 0.6503 0.1958 0.0000
# 81 texture coords

o Sphere062
g Sphere062
usemtl Material__28
s 1
f 4733/4755/4718 4734/4756/4719 4735/4757/4720 
f 4736/4758/4721 4733/4755/4718 4735/4757/4720 
f 4737/4759/4722 4736/4758/4721 4735/4757/4720 
f 4738/4760/4723 4737/4759/4722 4735/4757/4720 
f 4739/4761/4724 4738/4760/4723 4735/4757/4720 
f 4740/4762/4725 4739/4761/4724 4735/4757/4720 
f 4741/4763/4726 4740/4762/4725 4735/4757/4720 
f 4742/4764/4727 4741/4763/4726 4735/4757/4720 
f 4743/4765/4728 4742/4764/4727 4735/4757/4720 
f 4744/4766/4729 4743/4765/4728 4735/4757/4720 
f 4745/4767/4730 4744/4766/4729 4735/4757/4720 
f 4746/4768/4731 4745/4767/4730 4735/4757/4720 
f 4747/4769/4732 4746/4768/4731 4735/4757/4720 
f 4748/4770/4733 4747/4769/4732 4735/4757/4720 
f 4749/4771/4734 4748/4770/4733 4735/4757/4720 
f 4734/4756/4719 4749/4771/4734 4735/4757/4720 
f 4733/4755/4718 4750/4772/4735 4751/4773/4736 4734/4756/4719 
f 4736/4758/4721 4752/4774/4737 4750/4772/4735 4733/4755/4718 
f 4753/4775/4738 4752/4774/4737 4736/4758/4721 4737/4759/4722 
f 4738/4760/4723 4754/4776/4739 4753/4775/4738 4737/4759/4722 
f 4755/4777/4740 4754/4776/4739 4738/4760/4723 4739/4761/4724 
f 4755/4777/4740 4739/4761/4724 4740/4762/4725 4756/4778/4741 
f 4741/4763/4726 4757/4779/4742 4756/4778/4741 4740/4762/4725 
f 4742/4764/4727 4758/4780/4743 4757/4779/4742 4741/4763/4726 
f 4758/4780/4743 4742/4764/4727 4743/4765/4728 4759/4781/4744 
f 4760/4782/4745 4759/4781/4744 4743/4765/4728 4744/4766/4729 
f 4745/4767/4730 4761/4783/4746 4760/4782/4745 4744/4766/4729 
f 4746/4768/4731 4762/4784/4747 4761/4783/4746 4745/4767/4730 
f 4763/4785/4748 4762/4784/4747 4746/4768/4731 4747/4769/4732 
f 4748/4770/4733 4764/4786/4749 4763/4785/4748 4747/4769/4732 
f 4748/4770/4733 4749/4771/4734 4765/4787/4750 4764/4786/4749 
f 4734/4756/4719 4751/4773/4736 4765/4787/4750 4749/4771/4734 
f 4766/4788/4751 4767/4789/4752 4768/4790/4753 4769/4791/4754 
f 4770/4792/4755 4769/4791/4754 4768/4790/4753 4771/4793/4756 
f 4772/4794/4757 4770/4792/4755 4771/4793/4756 4773/4795/4758 
f 4774/4796/4759 4772/4794/4757 4773/4795/4758 4775/4797/4760 
f 4776/4798/4761 4774/4796/4759 4775/4797/4760 4777/4799/4762 
f 4778/4800/4763 4776/4798/4761 4777/4799/4762 4779/4801/4764 
f 4779/4801/4764 4780/4802/4765 4781/4803/4766 4778/4800/4763 
f 4780/4802/4765 4782/4804/4767 4783/4805/4768 4781/4803/4766 
f 4782/4804/4767 4784/4806/4769 4785/4807/4770 4783/4805/4768 
f 4784/4806/4769 4786/4808/4771 4787/4809/4772 4785/4807/4770 
f 4786/4808/4771 4788/4810/4773 4789/4811/4774 4787/4809/4772 
f 4790/4812/4775 4789/4811/4774 4788/4810/4773 4791/4813/4776 
f 4790/4812/4775 4791/4813/4776 4792/4814/4777 4793/4815/4778 
f 4792/4814/4777 4794/4816/4779 4795/4817/4780 4793/4815/4778 
f 4796/4818/4781 4797/4819/4782 4795/4817/4780 4794/4816/4779 
f 4797/4819/4782 4796/4818/4781 4767/4789/4752 4766/4788/4751 
f 4769/4791/4754 4798/4820/4783 4799/4821/4784 4766/4788/4751 
f 4798/4820/4783 4769/4791/4754 4770/4792/4755 4800/4822/4785 
f 4800/4822/4785 4770/4792/4755 4772/4794/4757 4801/4823/4786 
f 4774/4796/4759 4802/4824/4787 4801/4823/4786 4772/4794/4757 
f 4776/4798/4761 4803/4825/4788 4802/4824/4787 4774/4796/4759 
f 4776/4798/4761 4778/4800/4763 4804/4826/4789 4803/4825/4788 
f 4804/4826/4789 4778/4800/4763 4781/4803/4766 4805/4827/4790 
f 4805/4827/4790 4781/4803/4766 4783/4805/4768 4806/4828/4791 
f 4785/4807/4770 4807/4829/4792 4806/4828/4791 4783/4805/4768 
f 4808/4830/4793 4807/4829/4792 4785/4807/4770 4787/4809/4772 
f 4789/4811/4774 4809/4831/4794 4808/4830/4793 4787/4809/4772 
f 4810/4832/4795 4809/4831/4794 4789/4811/4774 4790/4812/4775 
f 4811/4833/4796 4810/4832/4795 4790/4812/4775 4793/4815/4778 
f 4811/4833/4796 4793/4815/4778 4795/4817/4780 4812/4834/4797 
f 4795/4817/4780 4797/4819/4782 4813/4835/4798 4812/4834/4797 
f 4797/4819/4782 4766/4788/4751 4799/4821/4784 4813/4835/4798 
f 4768/4790/4753 4767/4789/4752 4751/4773/4736 4750/4772/4735 
f 4752/4774/4737 4771/4793/4756 4768/4790/4753 4750/4772/4735 
f 4773/4795/4758 4771/4793/4756 4752/4774/4737 4753/4775/4738 
f 4754/4776/4739 4775/4797/4760 4773/4795/4758 4753/4775/4738 
f 4775/4797/4760 4754/4776/4739 4755/4777/4740 4777/4799/4762 
f 4777/4799/4762 4755/4777/4740 4756/4778/4741 4779/4801/4764 
f 4756/4778/4741 4757/4779/4742 4780/4802/4765 4779/4801/4764 
f 4782/4804/4767 4780/4802/4765 4757/4779/4742 4758/4780/4743 
f 4759/4781/4744 4784/4806/4769 4782/4804/4767 4758/4780/4743 
f 4760/4782/4745 4786/4808/4771 4784/4806/4769 4759/4781/4744 
f 4786/4808/4771 4760/4782/4745 4761/4783/4746 4788/4810/4773 
f 4762/4784/4747 4791/4813/4776 4788/4810/4773 4761/4783/4746 
f 4763/4785/4748 4792/4814/4777 4791/4813/4776 4762/4784/4747 
f 4763/4785/4748 4764/4786/4749 4794/4816/4779 4792/4814/4777 
f 4794/4816/4779 4764/4786/4749 4765/4787/4750 4796/4818/4781 
f 4765/4787/4750 4751/4773/4736 4767/4789/4752 4796/4818/4781 
s off
f 4800/4822/4785 4801/4823/4786 4802/4824/4787 4803/4825/4788 
f 4803/4825/4788 4804/4826/4789 4805/4827/4790 4800/4822/4785 
f 4805/4827/4790 4806/4828/4791 4807/4829/4792 4809/4831/4794 
f 4807/4829/4792 4808/4830/4793 4809/4831/4794 
f 4809/4831/4794 4810/4832/4795 4811/4833/4796 4812/4834/4797 
f 4805/4827/4790 4809/4831/4794 4812/4834/4797 4800/4822/4785 
f 4798/4820/4783 4800/4822/4785 4812/4834/4797 4813/4835/4798 
f 4798/4820/4783 4813/4835/4798 4799/4821/4784 
# 70 polygons - 18 triangles

#
# object Sphere063
#

v  -2.3323 3.4419 0.0487
v  -2.3504 3.4419 0.0642
v  -2.3144 3.5157 0.1876
v  -2.3097 3.4419 0.0412
v  -2.2859 3.4419 0.0430
v  -2.2646 3.4419 0.0537
v  -2.2491 3.4419 0.0718
v  -2.2416 3.4419 0.0944
v  -2.2434 3.4419 0.1182
v  -2.2542 3.4419 0.1395
v  -2.2722 3.4419 0.1550
v  -2.2949 3.4419 0.1625
v  -2.3186 3.4419 0.1607
v  -2.3399 3.4419 0.1500
v  -2.3554 3.4419 0.1319
v  -2.3629 3.4419 0.1093
v  -2.3611 3.4419 0.0855
v  -2.3890 3.3884 -0.0374
v  -2.4357 3.3884 0.0064
v  -2.3291 3.3884 -0.0600
v  -2.2651 3.3884 -0.0579
v  -2.2068 3.3884 -0.0316
v  -2.1630 3.3884 0.0151
v  -2.1404 3.3884 0.0750
v  -2.1425 3.3884 0.1390
v  -2.1689 3.3884 0.1973
v  -2.2156 3.3884 0.2411
v  -2.2755 3.3884 0.2637
v  -2.3394 3.3884 0.2616
v  -2.3977 3.3884 0.2352
v  -2.4415 3.3884 0.1886
v  -2.4641 3.3884 0.1287
v  -2.4620 3.3884 0.0647
v  -2.6547 3.2274 0.2094
v  -2.5796 3.3277 0.1357
v  -2.5714 3.3277 0.0270
v  -2.6691 3.2274 0.0663
v  -2.6276 3.2274 -0.0713
v  -2.5223 3.3277 -0.0703
v  -2.5365 3.2274 -0.1826
v  -2.4397 3.3277 -0.1414
v  -2.4098 3.2274 -0.2506
v  -2.3362 3.3277 -0.1754
v  -2.2667 3.2274 -0.2650
v  -2.2275 3.3277 -0.1673
v  -2.1291 3.2274 -0.2234
v  -2.1302 3.3277 -0.1182
v  -2.0591 3.3277 -0.0356
v  -2.0178 3.2274 -0.1324
v  -2.0250 3.3277 0.0680
v  -1.9498 3.2274 -0.0057
v  -2.0331 3.3277 0.1766
v  -1.9355 3.2274 0.1374
v  -2.0822 3.3277 0.2740
v  -1.9770 3.2274 0.2750
v  -2.1648 3.3277 0.3451
v  -2.0680 3.2274 0.3863
v  -2.1947 3.2274 0.4543
v  -2.2684 3.3277 0.3791
v  -2.3771 3.3277 0.3710
v  -2.3378 3.2274 0.4687
v  -2.4744 3.3277 0.3219
v  -2.4755 3.2274 0.4271
v  -2.5455 3.3277 0.2393
v  -2.5868 3.2274 0.3361
v  -2.6792 3.1229 0.0693
v  -2.6644 3.1229 0.2174
v  -2.6363 3.1229 -0.0731
v  -2.5421 3.1229 -0.1883
v  -2.4110 3.1229 -0.2586
v  -2.2629 3.1229 -0.2735
v  -2.1205 3.1229 -0.2305
v  -2.0053 3.1229 -0.1363
v  -1.9350 3.1229 -0.0052
v  -1.9201 3.1229 0.1428
v  -1.9631 3.1229 0.2853
v  -2.0573 3.1229 0.4004
v  -2.1884 3.1229 0.4708
v  -2.3364 3.1229 0.4856
v  -2.4789 3.1229 0.4427
v  -2.5941 3.1229 0.3485
# 81 vertices

vn -0.2764 0.8127 -0.5130
vn -0.4744 0.7869 -0.3947
vn -0.0813 0.8130 0.5765
vn -0.0627 0.8246 -0.5622
vn 0.1517 0.8262 -0.5426
vn 0.3508 0.8180 -0.4559
vn 0.5198 0.7975 -0.3064
vn 0.6445 0.7583 -0.0981
vn 0.7045 0.6900 0.1663
vn 0.6590 0.5863 0.4713
vn 0.4606 0.4698 0.7531
vn 0.1247 0.3898 0.9124
vn -0.2586 0.3775 0.8892
vn -0.5788 0.4368 0.6886
vn -0.7481 0.5465 0.3765
vn -0.7502 0.6590 0.0551
vn -0.6410 0.7392 -0.2065
vn -0.3807 0.5160 -0.7673
vn -0.6454 0.5160 -0.5632
vn -0.0581 0.5160 -0.8546
vn 0.2734 0.5160 -0.8118
vn 0.5632 0.5160 -0.6454
vn 0.7673 0.5160 -0.3807
vn 0.8546 0.5160 -0.0581
vn 0.8118 0.5160 0.2734
vn 0.6454 0.5160 0.5632
vn 0.3807 0.5160 0.7673
vn 0.0581 0.5160 0.8546
vn -0.2734 0.5160 0.8118
vn -0.5632 0.5160 0.6454
vn -0.7673 0.5160 0.3807
vn -0.8546 0.5160 0.0581
vn -0.8118 0.5160 -0.2734
vn -0.8985 0.3333 0.2856
vn -0.6906 0.7197 0.0712
vn -0.6653 0.7197 -0.1985
vn -0.9415 0.3274 -0.0798
vn -0.8410 0.3230 -0.4341
vn -0.5387 0.7197 -0.4380
vn -0.6120 0.3208 -0.7229
vn -0.3301 0.7197 -0.6108
vn -0.2896 0.3211 -0.9017
vn -0.0712 0.7197 -0.6906
vn 0.0765 0.3239 -0.9430
vn 0.1985 0.7197 -0.6653
vn 0.4302 0.3288 -0.8407
vn 0.4380 0.7197 -0.5387
vn 0.6108 0.7197 -0.3301
vn 0.7174 0.3350 -0.6109
vn 0.6906 0.7197 -0.0712
vn 0.8943 0.3415 -0.2891
vn 0.6653 0.7197 0.1985
vn 0.9347 0.3474 0.0754
vn 0.5387 0.7197 0.4380
vn 0.8329 0.3518 0.4272
vn 0.3301 0.7197 0.6108
vn 0.6048 0.3540 0.7134
vn 0.2849 0.3537 0.8909
vn 0.0712 0.7197 0.6906
vn -0.1985 0.7197 0.6653
vn -0.0786 0.3508 0.9331
vn -0.4380 0.7197 0.5387
vn -0.4311 0.3460 0.8333
vn -0.6108 0.7197 0.3301
vn -0.7191 0.3398 0.6061
vn -0.7656 -0.6393 -0.0714
vn -0.7382 -0.6346 0.2287
vn -0.6769 -0.6428 -0.3585
vn -0.4864 -0.6446 -0.5899
vn -0.2224 -0.6443 -0.7317
vn 0.0759 -0.6420 -0.7629
vn 0.3644 -0.6381 -0.6782
vn 0.5996 -0.6332 -0.4894
vn 0.7453 -0.6280 -0.2240
vn 0.7781 -0.6232 0.0781
vn 0.6919 -0.6198 0.3703
vn 0.4994 -0.6180 0.6072
vn 0.2302 -0.6183 0.7515
vn -0.0736 -0.6205 0.7807
vn -0.3645 -0.6244 0.6908
vn -0.5978 -0.6293 0.4966
# 81 vertex normals

vt 0.6252 0.1794 0.0000
vt 0.6266 0.1806 0.0000
vt 0.6354 0.1766 0.0000
vt 0.6244 0.1778 0.0000
vt 0.6243 0.1760 0.0000
vt 0.6249 0.1743 0.0000
vt 0.6260 0.1730 0.0000
vt 0.6277 0.1722 0.0000
vt 0.6295 0.1721 0.0000
vt 0.6312 0.1726 0.0000
vt 0.6325 0.1738 0.0000
vt 0.6333 0.1754 0.0000
vt 0.6334 0.1772 0.0000
vt 0.6328 0.1789 0.0000
vt 0.6317 0.1803 0.0000
vt 0.6300 0.1811 0.0000
vt 0.6283 0.1812 0.0000
vt 0.6194 0.1846 0.0000
vt 0.6231 0.1876 0.0000
vt 0.6171 0.1803 0.0000
vt 0.6165 0.1755 0.0000
vt 0.6179 0.1709 0.0000
vt 0.6209 0.1672 0.0000
vt 0.6251 0.1648 0.0000
vt 0.6299 0.1643 0.0000
vt 0.6346 0.1657 0.0000
vt 0.6383 0.1687 0.0000
vt 0.6406 0.1729 0.0000
vt 0.6412 0.1777 0.0000
vt 0.6398 0.1824 0.0000
vt 0.6368 0.1861 0.0000
vt 0.6326 0.1884 0.0000
vt 0.6278 0.1890 0.0000
vt 0.6406 0.2018 0.0000
vt 0.6343 0.1970 0.0000
vt 0.6261 0.1975 0.0000
vt 0.6301 0.2044 0.0000
vt 0.6194 0.2027 0.0000
vt 0.6183 0.1949 0.0000
vt 0.6101 0.1971 0.0000
vt 0.6121 0.1895 0.0000
vt 0.6037 0.1884 0.0000
vt 0.6085 0.1821 0.0000
vt 0.6011 0.1778 0.0000
vt 0.6080 0.1739 0.0000
vt 0.6027 0.1671 0.0000
vt 0.6106 0.1661 0.0000
vt 0.6160 0.1599 0.0000
vt 0.6084 0.1579 0.0000
vt 0.6234 0.1563 0.0000
vt 0.6171 0.1515 0.0000
vt 0.6316 0.1558 0.0000
vt 0.6276 0.1489 0.0000
vt 0.6394 0.1584 0.0000
vt 0.6384 0.1505 0.0000
vt 0.6456 0.1638 0.0000
vt 0.6476 0.1562 0.0000
vt 0.6540 0.1649 0.0000
vt 0.6492 0.1712 0.0000
vt 0.6497 0.1794 0.0000
vt 0.6566 0.1754 0.0000
vt 0.6471 0.1872 0.0000
vt 0.6550 0.1861 0.0000
vt 0.6417 0.1933 0.0000
vt 0.6493 0.1954 0.0000
vt 0.6304 0.2051 0.0000
vt 0.6413 0.2024 0.0000
vt 0.6193 0.2034 0.0000
vt 0.6097 0.1976 0.0000
vt 0.6031 0.1885 0.0000
vt 0.6004 0.1777 0.0000
vt 0.6021 0.1666 0.0000
vt 0.6079 0.1570 0.0000
vt 0.6170 0.1503 0.0000
vt 0.6279 0.1477 0.0000
vt 0.6390 0.1494 0.0000
vt 0.6486 0.1552 0.0000
vt 0.6552 0.1642 0.0000
vt 0.6579 0.1751 0.0000
vt 0.6562 0.1862 0.0000
vt 0.6503 0.1958 0.0000
# 81 texture coords

o Sphere063
g Sphere063
usemtl Material__28
s 1
f 4814/4836/4799 4815/4837/4800 4816/4838/4801 
f 4817/4839/4802 4814/4836/4799 4816/4838/4801 
f 4818/4840/4803 4817/4839/4802 4816/4838/4801 
f 4819/4841/4804 4818/4840/4803 4816/4838/4801 
f 4820/4842/4805 4819/4841/4804 4816/4838/4801 
f 4821/4843/4806 4820/4842/4805 4816/4838/4801 
f 4822/4844/4807 4821/4843/4806 4816/4838/4801 
f 4823/4845/4808 4822/4844/4807 4816/4838/4801 
f 4824/4846/4809 4823/4845/4808 4816/4838/4801 
f 4825/4847/4810 4824/4846/4809 4816/4838/4801 
f 4826/4848/4811 4825/4847/4810 4816/4838/4801 
f 4827/4849/4812 4826/4848/4811 4816/4838/4801 
f 4828/4850/4813 4827/4849/4812 4816/4838/4801 
f 4829/4851/4814 4828/4850/4813 4816/4838/4801 
f 4830/4852/4815 4829/4851/4814 4816/4838/4801 
f 4815/4837/4800 4830/4852/4815 4816/4838/4801 
f 4814/4836/4799 4831/4853/4816 4832/4854/4817 4815/4837/4800 
f 4817/4839/4802 4833/4855/4818 4831/4853/4816 4814/4836/4799 
f 4834/4856/4819 4833/4855/4818 4817/4839/4802 4818/4840/4803 
f 4819/4841/4804 4835/4857/4820 4834/4856/4819 4818/4840/4803 
f 4836/4858/4821 4835/4857/4820 4819/4841/4804 4820/4842/4805 
f 4836/4858/4821 4820/4842/4805 4821/4843/4806 4837/4859/4822 
f 4822/4844/4807 4838/4860/4823 4837/4859/4822 4821/4843/4806 
f 4823/4845/4808 4839/4861/4824 4838/4860/4823 4822/4844/4807 
f 4839/4861/4824 4823/4845/4808 4824/4846/4809 4840/4862/4825 
f 4841/4863/4826 4840/4862/4825 4824/4846/4809 4825/4847/4810 
f 4826/4848/4811 4842/4864/4827 4841/4863/4826 4825/4847/4810 
f 4827/4849/4812 4843/4865/4828 4842/4864/4827 4826/4848/4811 
f 4844/4866/4829 4843/4865/4828 4827/4849/4812 4828/4850/4813 
f 4829/4851/4814 4845/4867/4830 4844/4866/4829 4828/4850/4813 
f 4829/4851/4814 4830/4852/4815 4846/4868/4831 4845/4867/4830 
f 4815/4837/4800 4832/4854/4817 4846/4868/4831 4830/4852/4815 
f 4847/4869/4832 4848/4870/4833 4849/4871/4834 4850/4872/4835 
f 4851/4873/4836 4850/4872/4835 4849/4871/4834 4852/4874/4837 
f 4853/4875/4838 4851/4873/4836 4852/4874/4837 4854/4876/4839 
f 4855/4877/4840 4853/4875/4838 4854/4876/4839 4856/4878/4841 
f 4857/4879/4842 4855/4877/4840 4856/4878/4841 4858/4880/4843 
f 4859/4881/4844 4857/4879/4842 4858/4880/4843 4860/4882/4845 
f 4860/4882/4845 4861/4883/4846 4862/4884/4847 4859/4881/4844 
f 4861/4883/4846 4863/4885/4848 4864/4886/4849 4862/4884/4847 
f 4863/4885/4848 4865/4887/4850 4866/4888/4851 4864/4886/4849 
f 4865/4887/4850 4867/4889/4852 4868/4890/4853 4866/4888/4851 
f 4867/4889/4852 4869/4891/4854 4870/4892/4855 4868/4890/4853 
f 4871/4893/4856 4870/4892/4855 4869/4891/4854 4872/4894/4857 
f 4871/4893/4856 4872/4894/4857 4873/4895/4858 4874/4896/4859 
f 4873/4895/4858 4875/4897/4860 4876/4898/4861 4874/4896/4859 
f 4877/4899/4862 4878/4900/4863 4876/4898/4861 4875/4897/4860 
f 4878/4900/4863 4877/4899/4862 4848/4870/4833 4847/4869/4832 
f 4850/4872/4835 4879/4901/4864 4880/4902/4865 4847/4869/4832 
f 4879/4901/4864 4850/4872/4835 4851/4873/4836 4881/4903/4866 
f 4881/4903/4866 4851/4873/4836 4853/4875/4838 4882/4904/4867 
f 4855/4877/4840 4883/4905/4868 4882/4904/4867 4853/4875/4838 
f 4857/4879/4842 4884/4906/4869 4883/4905/4868 4855/4877/4840 
f 4857/4879/4842 4859/4881/4844 4885/4907/4870 4884/4906/4869 
f 4885/4907/4870 4859/4881/4844 4862/4884/4847 4886/4908/4871 
f 4886/4908/4871 4862/4884/4847 4864/4886/4849 4887/4909/4872 
f 4866/4888/4851 4888/4910/4873 4887/4909/4872 4864/4886/4849 
f 4889/4911/4874 4888/4910/4873 4866/4888/4851 4868/4890/4853 
f 4870/4892/4855 4890/4912/4875 4889/4911/4874 4868/4890/4853 
f 4891/4913/4876 4890/4912/4875 4870/4892/4855 4871/4893/4856 
f 4892/4914/4877 4891/4913/4876 4871/4893/4856 4874/4896/4859 
f 4892/4914/4877 4874/4896/4859 4876/4898/4861 4893/4915/4878 
f 4876/4898/4861 4878/4900/4863 4894/4916/4879 4893/4915/4878 
f 4878/4900/4863 4847/4869/4832 4880/4902/4865 4894/4916/4879 
f 4849/4871/4834 4848/4870/4833 4832/4854/4817 4831/4853/4816 
f 4833/4855/4818 4852/4874/4837 4849/4871/4834 4831/4853/4816 
f 4854/4876/4839 4852/4874/4837 4833/4855/4818 4834/4856/4819 
f 4835/4857/4820 4856/4878/4841 4854/4876/4839 4834/4856/4819 
f 4856/4878/4841 4835/4857/4820 4836/4858/4821 4858/4880/4843 
f 4858/4880/4843 4836/4858/4821 4837/4859/4822 4860/4882/4845 
f 4837/4859/4822 4838/4860/4823 4861/4883/4846 4860/4882/4845 
f 4863/4885/4848 4861/4883/4846 4838/4860/4823 4839/4861/4824 
f 4840/4862/4825 4865/4887/4850 4863/4885/4848 4839/4861/4824 
f 4841/4863/4826 4867/4889/4852 4865/4887/4850 4840/4862/4825 
f 4867/4889/4852 4841/4863/4826 4842/4864/4827 4869/4891/4854 
f 4843/4865/4828 4872/4894/4857 4869/4891/4854 4842/4864/4827 
f 4844/4866/4829 4873/4895/4858 4872/4894/4857 4843/4865/4828 
f 4844/4866/4829 4845/4867/4830 4875/4897/4860 4873/4895/4858 
f 4875/4897/4860 4845/4867/4830 4846/4868/4831 4877/4899/4862 
f 4846/4868/4831 4832/4854/4817 4848/4870/4833 4877/4899/4862 
s off
f 4881/4903/4866 4882/4904/4867 4883/4905/4868 4884/4906/4869 
f 4884/4906/4869 4885/4907/4870 4886/4908/4871 4881/4903/4866 
f 4886/4908/4871 4887/4909/4872 4888/4910/4873 4890/4912/4875 
f 4888/4910/4873 4889/4911/4874 4890/4912/4875 
f 4890/4912/4875 4891/4913/4876 4892/4914/4877 4893/4915/4878 
f 4886/4908/4871 4890/4912/4875 4893/4915/4878 4881/4903/4866 
f 4879/4901/4864 4881/4903/4866 4893/4915/4878 4894/4916/4879 
f 4879/4901/4864 4894/4916/4879 4880/4902/4865 
# 70 polygons - 18 triangles

#
# object Sphere064
#

v  -2.1507 3.4419 0.8764
v  -2.1620 3.4419 0.8974
v  -2.0838 3.5157 0.9995
v  -2.1323 3.4419 0.8613
v  -2.1095 3.4419 0.8544
v  -2.0858 3.4419 0.8567
v  -2.0648 3.4419 0.8679
v  -2.0497 3.4419 0.8863
v  -2.0427 3.4419 0.9091
v  -2.0451 3.4419 0.9328
v  -2.0563 3.4419 0.9539
v  -2.0747 3.4419 0.9690
v  -2.0975 3.4419 0.9759
v  -2.1212 3.4419 0.9736
v  -2.1422 3.4419 0.9624
v  -2.1574 3.4419 0.9440
v  -2.1643 3.4419 0.9212
v  -2.2347 3.3884 0.8166
v  -2.2624 3.3884 0.8743
v  -2.1870 3.3884 0.7739
v  -2.1266 3.3884 0.7527
v  -2.0627 3.3884 0.7563
v  -2.0050 3.3884 0.7840
v  -1.9623 3.3884 0.8317
v  -1.9411 3.3884 0.8921
v  -1.9446 3.3884 0.9560
v  -1.9724 3.3884 1.0137
v  -2.0200 3.3884 1.0564
v  -2.0804 3.3884 1.0776
v  -2.1444 3.3884 1.0740
v  -2.2020 3.3884 1.0463
v  -2.2447 3.3884 0.9986
v  -2.2659 3.3884 0.9382
v  -2.3933 3.2274 1.1428
v  -2.3498 3.3277 1.0469
v  -2.3815 3.3277 0.9426
v  -2.4584 3.2274 1.0145
v  -2.4694 3.2274 0.8712
v  -2.3709 3.3277 0.8342
v  -2.4247 3.2274 0.7345
v  -2.3195 3.3277 0.7380
v  -2.3311 3.2274 0.6253
v  -2.2353 3.3277 0.6688
v  -2.2029 3.2274 0.5603
v  -2.1310 3.3277 0.6371
v  -2.0595 3.2274 0.5493
v  -2.0225 3.3277 0.6478
v  -1.9264 3.3277 0.6991
v  -1.9229 3.2274 0.5939
v  -1.8572 3.3277 0.7834
v  -1.8137 3.2274 0.6875
v  -1.8255 3.3277 0.8877
v  -1.7486 3.2274 0.8158
v  -1.8362 3.3277 0.9961
v  -1.7376 3.2274 0.9591
v  -1.8875 3.3277 1.0923
v  -1.7823 3.2274 1.0958
v  -1.8759 3.2274 1.2050
v  -1.9717 3.3277 1.1615
v  -2.0760 3.3277 1.1931
v  -2.0041 3.2274 1.2700
v  -2.1845 3.3277 1.1825
v  -2.1475 3.2274 1.2810
v  -2.2807 3.3277 1.1312
v  -2.2842 3.2274 1.2364
v  -2.4668 3.1229 1.0210
v  -2.3995 3.1229 1.1537
v  -2.4782 3.1229 0.8727
v  -2.4319 3.1229 0.7312
v  -2.3351 3.1229 0.6183
v  -2.2024 3.1229 0.5510
v  -2.0541 3.1229 0.5396
v  -1.9127 3.1229 0.5858
v  -1.7997 3.1229 0.6826
v  -1.7324 3.1229 0.8153
v  -1.7210 3.1229 0.9637
v  -1.7672 3.1229 1.1051
v  -1.8641 3.1229 1.2181
v  -1.9967 3.1229 1.2854
v  -2.1451 3.1229 1.2968
v  -2.2865 3.1229 1.2505
# 81 vertices

vn -0.4430 0.8127 -0.3785
vn -0.5849 0.7869 -0.1967
vn 0.1324 0.8130 0.5670
vn -0.2615 0.8246 -0.5016
vn -0.0546 0.8262 -0.5607
vn 0.1624 0.8180 -0.5518
vn 0.3740 0.7975 -0.4735
vn 0.5656 0.7583 -0.3242
vn 0.7170 0.6900 -0.0994
vn 0.7847 0.5863 0.2014
vn 0.7016 0.4698 0.5358
vn 0.4459 0.3898 0.8058
vn 0.0800 0.3775 0.9225
vn -0.2910 0.4368 0.8512
vn -0.5616 0.5465 0.6213
vn -0.6796 0.6590 0.3223
vn -0.6723 0.7392 0.0390
vn -0.6322 0.5160 -0.5780
vn -0.8053 0.5160 -0.2921
vn -0.3629 0.5160 -0.7759
vn -0.0383 0.5160 -0.8557
vn 0.2921 0.5160 -0.8053
vn 0.5780 0.5160 -0.6322
vn 0.7759 0.5160 -0.3629
vn 0.8557 0.5160 -0.0383
vn 0.8053 0.5160 0.2921
vn 0.6322 0.5160 0.5780
vn 0.3629 0.5160 0.7759
vn 0.0383 0.5160 0.8557
vn -0.2921 0.5160 0.8053
vn -0.5780 0.5160 0.6322
vn -0.7759 0.5160 0.3629
vn -0.8557 0.5160 0.0383
vn -0.7347 0.3333 0.5909
vn -0.6183 0.7197 0.3159
vn -0.6921 0.7197 0.0552
vn -0.9068 0.3274 0.2657
vn -0.9410 0.3230 -0.1010
vn -0.6606 0.7197 -0.2138
vn -0.8318 0.3208 -0.4530
vn -0.5284 0.7197 -0.4503
vn -0.5958 0.3211 -0.7361
vn -0.3159 0.7197 -0.6183
vn -0.2693 0.3239 -0.9069
vn -0.0552 0.7197 -0.6921
vn 0.0975 0.3288 -0.9394
vn 0.2138 0.7197 -0.6606
vn 0.4503 0.7197 -0.5284
vn 0.4482 0.3350 -0.8288
vn 0.6183 0.7197 -0.3159
vn 0.7295 0.3415 -0.5926
vn 0.6921 0.7197 -0.0552
vn 0.8988 0.3474 -0.2674
vn 0.6606 0.7197 0.2138
vn 0.9310 0.3518 0.0975
vn 0.5284 0.7197 0.4503
vn 0.8217 0.3540 0.4467
vn 0.5875 0.3537 0.7278
vn 0.3159 0.7197 0.6183
vn 0.0552 0.7197 0.6921
vn 0.2638 0.3508 0.8985
vn -0.2138 0.7197 0.6606
vn -0.1010 0.3460 0.9328
vn -0.4503 0.7197 0.5284
vn -0.4516 0.3398 0.8250
vn -0.7397 -0.6393 0.2100
vn -0.6058 -0.6346 0.4799
vn -0.7607 -0.6428 -0.0897
vn -0.6666 -0.6446 -0.3744
vn -0.4717 -0.6443 -0.6019
vn -0.2048 -0.6420 -0.7388
vn 0.0947 -0.6381 -0.7641
vn 0.3823 -0.6332 -0.6730
vn 0.6141 -0.6280 -0.4781
vn 0.7538 -0.6232 -0.2083
vn 0.7790 -0.6198 0.0954
vn 0.6850 -0.6180 0.3858
vn 0.4861 -0.6183 0.6176
vn 0.2134 -0.6205 0.7546
vn -0.0903 -0.6244 0.7758
vn -0.3780 -0.6293 0.6790
# 81 vertex normals

vt 0.6252 0.1794 0.0000
vt 0.6266 0.1806 0.0000
vt 0.6354 0.1766 0.0000
vt 0.6244 0.1778 0.0000
vt 0.6243 0.1760 0.0000
vt 0.6249 0.1743 0.0000
vt 0.6260 0.1730 0.0000
vt 0.6277 0.1722 0.0000
vt 0.6295 0.1721 0.0000
vt 0.6312 0.1726 0.0000
vt 0.6325 0.1738 0.0000
vt 0.6333 0.1754 0.0000
vt 0.6334 0.1772 0.0000
vt 0.6328 0.1789 0.0000
vt 0.6317 0.1803 0.0000
vt 0.6300 0.1811 0.0000
vt 0.6283 0.1812 0.0000
vt 0.6194 0.1846 0.0000
vt 0.6231 0.1876 0.0000
vt 0.6171 0.1803 0.0000
vt 0.6165 0.1755 0.0000
vt 0.6179 0.1709 0.0000
vt 0.6209 0.1672 0.0000
vt 0.6251 0.1648 0.0000
vt 0.6299 0.1643 0.0000
vt 0.6346 0.1657 0.0000
vt 0.6383 0.1687 0.0000
vt 0.6406 0.1729 0.0000
vt 0.6412 0.1777 0.0000
vt 0.6398 0.1824 0.0000
vt 0.6368 0.1861 0.0000
vt 0.6326 0.1884 0.0000
vt 0.6278 0.1890 0.0000
vt 0.6406 0.2018 0.0000
vt 0.6343 0.1970 0.0000
vt 0.6261 0.1975 0.0000
vt 0.6301 0.2044 0.0000
vt 0.6194 0.2027 0.0000
vt 0.6183 0.1949 0.0000
vt 0.6101 0.1971 0.0000
vt 0.6121 0.1895 0.0000
vt 0.6037 0.1884 0.0000
vt 0.6085 0.1821 0.0000
vt 0.6011 0.1778 0.0000
vt 0.6080 0.1739 0.0000
vt 0.6027 0.1671 0.0000
vt 0.6106 0.1661 0.0000
vt 0.6160 0.1599 0.0000
vt 0.6084 0.1579 0.0000
vt 0.6234 0.1563 0.0000
vt 0.6171 0.1515 0.0000
vt 0.6316 0.1558 0.0000
vt 0.6276 0.1489 0.0000
vt 0.6394 0.1584 0.0000
vt 0.6384 0.1505 0.0000
vt 0.6456 0.1638 0.0000
vt 0.6476 0.1562 0.0000
vt 0.6540 0.1649 0.0000
vt 0.6492 0.1712 0.0000
vt 0.6497 0.1794 0.0000
vt 0.6566 0.1754 0.0000
vt 0.6471 0.1872 0.0000
vt 0.6550 0.1861 0.0000
vt 0.6417 0.1933 0.0000
vt 0.6493 0.1954 0.0000
vt 0.6304 0.2051 0.0000
vt 0.6413 0.2024 0.0000
vt 0.6193 0.2034 0.0000
vt 0.6097 0.1976 0.0000
vt 0.6031 0.1885 0.0000
vt 0.6004 0.1777 0.0000
vt 0.6021 0.1666 0.0000
vt 0.6079 0.1570 0.0000
vt 0.6170 0.1503 0.0000
vt 0.6279 0.1477 0.0000
vt 0.6390 0.1494 0.0000
vt 0.6486 0.1552 0.0000
vt 0.6552 0.1642 0.0000
vt 0.6579 0.1751 0.0000
vt 0.6562 0.1862 0.0000
vt 0.6503 0.1958 0.0000
# 81 texture coords

o Sphere064
g Sphere064
usemtl Material__28
s 1
f 4895/4917/4880 4896/4918/4881 4897/4919/4882 
f 4898/4920/4883 4895/4917/4880 4897/4919/4882 
f 4899/4921/4884 4898/4920/4883 4897/4919/4882 
f 4900/4922/4885 4899/4921/4884 4897/4919/4882 
f 4901/4923/4886 4900/4922/4885 4897/4919/4882 
f 4902/4924/4887 4901/4923/4886 4897/4919/4882 
f 4903/4925/4888 4902/4924/4887 4897/4919/4882 
f 4904/4926/4889 4903/4925/4888 4897/4919/4882 
f 4905/4927/4890 4904/4926/4889 4897/4919/4882 
f 4906/4928/4891 4905/4927/4890 4897/4919/4882 
f 4907/4929/4892 4906/4928/4891 4897/4919/4882 
f 4908/4930/4893 4907/4929/4892 4897/4919/4882 
f 4909/4931/4894 4908/4930/4893 4897/4919/4882 
f 4910/4932/4895 4909/4931/4894 4897/4919/4882 
f 4911/4933/4896 4910/4932/4895 4897/4919/4882 
f 4896/4918/4881 4911/4933/4896 4897/4919/4882 
f 4895/4917/4880 4912/4934/4897 4913/4935/4898 4896/4918/4881 
f 4898/4920/4883 4914/4936/4899 4912/4934/4897 4895/4917/4880 
f 4915/4937/4900 4914/4936/4899 4898/4920/4883 4899/4921/4884 
f 4900/4922/4885 4916/4938/4901 4915/4937/4900 4899/4921/4884 
f 4917/4939/4902 4916/4938/4901 4900/4922/4885 4901/4923/4886 
f 4917/4939/4902 4901/4923/4886 4902/4924/4887 4918/4940/4903 
f 4903/4925/4888 4919/4941/4904 4918/4940/4903 4902/4924/4887 
f 4904/4926/4889 4920/4942/4905 4919/4941/4904 4903/4925/4888 
f 4920/4942/4905 4904/4926/4889 4905/4927/4890 4921/4943/4906 
f 4922/4944/4907 4921/4943/4906 4905/4927/4890 4906/4928/4891 
f 4907/4929/4892 4923/4945/4908 4922/4944/4907 4906/4928/4891 
f 4908/4930/4893 4924/4946/4909 4923/4945/4908 4907/4929/4892 
f 4925/4947/4910 4924/4946/4909 4908/4930/4893 4909/4931/4894 
f 4910/4932/4895 4926/4948/4911 4925/4947/4910 4909/4931/4894 
f 4910/4932/4895 4911/4933/4896 4927/4949/4912 4926/4948/4911 
f 4896/4918/4881 4913/4935/4898 4927/4949/4912 4911/4933/4896 
f 4928/4950/4913 4929/4951/4914 4930/4952/4915 4931/4953/4916 
f 4932/4954/4917 4931/4953/4916 4930/4952/4915 4933/4955/4918 
f 4934/4956/4919 4932/4954/4917 4933/4955/4918 4935/4957/4920 
f 4936/4958/4921 4934/4956/4919 4935/4957/4920 4937/4959/4922 
f 4938/4960/4923 4936/4958/4921 4937/4959/4922 4939/4961/4924 
f 4940/4962/4925 4938/4960/4923 4939/4961/4924 4941/4963/4926 
f 4941/4963/4926 4942/4964/4927 4943/4965/4928 4940/4962/4925 
f 4942/4964/4927 4944/4966/4929 4945/4967/4930 4943/4965/4928 
f 4944/4966/4929 4946/4968/4931 4947/4969/4932 4945/4967/4930 
f 4946/4968/4931 4948/4970/4933 4949/4971/4934 4947/4969/4932 
f 4948/4970/4933 4950/4972/4935 4951/4973/4936 4949/4971/4934 
f 4952/4974/4937 4951/4973/4936 4950/4972/4935 4953/4975/4938 
f 4952/4974/4937 4953/4975/4938 4954/4976/4939 4955/4977/4940 
f 4954/4976/4939 4956/4978/4941 4957/4979/4942 4955/4977/4940 
f 4958/4980/4943 4959/4981/4944 4957/4979/4942 4956/4978/4941 
f 4959/4981/4944 4958/4980/4943 4929/4951/4914 4928/4950/4913 
f 4931/4953/4916 4960/4982/4945 4961/4983/4946 4928/4950/4913 
f 4960/4982/4945 4931/4953/4916 4932/4954/4917 4962/4984/4947 
f 4962/4984/4947 4932/4954/4917 4934/4956/4919 4963/4985/4948 
f 4936/4958/4921 4964/4986/4949 4963/4985/4948 4934/4956/4919 
f 4938/4960/4923 4965/4987/4950 4964/4986/4949 4936/4958/4921 
f 4938/4960/4923 4940/4962/4925 4966/4988/4951 4965/4987/4950 
f 4966/4988/4951 4940/4962/4925 4943/4965/4928 4967/4989/4952 
f 4967/4989/4952 4943/4965/4928 4945/4967/4930 4968/4990/4953 
f 4947/4969/4932 4969/4991/4954 4968/4990/4953 4945/4967/4930 
f 4970/4992/4955 4969/4991/4954 4947/4969/4932 4949/4971/4934 
f 4951/4973/4936 4971/4993/4956 4970/4992/4955 4949/4971/4934 
f 4972/4994/4957 4971/4993/4956 4951/4973/4936 4952/4974/4937 
f 4973/4995/4958 4972/4994/4957 4952/4974/4937 4955/4977/4940 
f 4973/4995/4958 4955/4977/4940 4957/4979/4942 4974/4996/4959 
f 4957/4979/4942 4959/4981/4944 4975/4997/4960 4974/4996/4959 
f 4959/4981/4944 4928/4950/4913 4961/4983/4946 4975/4997/4960 
f 4930/4952/4915 4929/4951/4914 4913/4935/4898 4912/4934/4897 
f 4914/4936/4899 4933/4955/4918 4930/4952/4915 4912/4934/4897 
f 4935/4957/4920 4933/4955/4918 4914/4936/4899 4915/4937/4900 
f 4916/4938/4901 4937/4959/4922 4935/4957/4920 4915/4937/4900 
f 4937/4959/4922 4916/4938/4901 4917/4939/4902 4939/4961/4924 
f 4939/4961/4924 4917/4939/4902 4918/4940/4903 4941/4963/4926 
f 4918/4940/4903 4919/4941/4904 4942/4964/4927 4941/4963/4926 
f 4944/4966/4929 4942/4964/4927 4919/4941/4904 4920/4942/4905 
f 4921/4943/4906 4946/4968/4931 4944/4966/4929 4920/4942/4905 
f 4922/4944/4907 4948/4970/4933 4946/4968/4931 4921/4943/4906 
f 4948/4970/4933 4922/4944/4907 4923/4945/4908 4950/4972/4935 
f 4924/4946/4909 4953/4975/4938 4950/4972/4935 4923/4945/4908 
f 4925/4947/4910 4954/4976/4939 4953/4975/4938 4924/4946/4909 
f 4925/4947/4910 4926/4948/4911 4956/4978/4941 4954/4976/4939 
f 4956/4978/4941 4926/4948/4911 4927/4949/4912 4958/4980/4943 
f 4927/4949/4912 4913/4935/4898 4929/4951/4914 4958/4980/4943 
s off
f 4962/4984/4947 4963/4985/4948 4964/4986/4949 4965/4987/4950 
f 4965/4987/4950 4966/4988/4951 4967/4989/4952 4962/4984/4947 
f 4967/4989/4952 4968/4990/4953 4969/4991/4954 4971/4993/4956 
f 4969/4991/4954 4970/4992/4955 4971/4993/4956 
f 4971/4993/4956 4972/4994/4957 4973/4995/4958 4974/4996/4959 
f 4967/4989/4952 4971/4993/4956 4974/4996/4959 4962/4984/4947 
f 4960/4982/4945 4962/4984/4947 4974/4996/4959 4975/4997/4960 
f 4960/4982/4945 4975/4997/4960 4961/4983/4946 
# 70 polygons - 18 triangles

#
# object Sphere065
#

v  -1.6824 3.4419 1.5827
v  -1.6853 3.4419 1.6063
v  -1.5756 3.5157 1.6732
v  -1.6707 3.4419 1.5619
v  -1.6519 3.4419 1.5472
v  -1.6290 3.4419 1.5408
v  -1.6053 3.4419 1.5437
v  -1.5846 3.4419 1.5554
v  -1.5699 3.4419 1.5742
v  -1.5635 3.4419 1.5971
v  -1.5664 3.4419 1.6208
v  -1.5781 3.4419 1.6415
v  -1.5968 3.4419 1.6562
v  -1.6198 3.4419 1.6626
v  -1.6434 3.4419 1.6598
v  -1.6642 3.4419 1.6480
v  -1.6789 3.4419 1.6293
v  -1.7823 3.3884 1.5572
v  -1.7873 3.3884 1.6210
v  -1.7532 3.3884 1.5002
v  -1.7046 3.3884 1.4586
v  -1.6437 3.3884 1.4388
v  -1.5799 3.3884 1.4438
v  -1.5229 3.3884 1.4729
v  -1.4813 3.3884 1.5216
v  -1.4615 3.3884 1.5824
v  -1.4665 3.3884 1.6462
v  -1.4955 3.3884 1.7033
v  -1.5442 3.3884 1.7448
v  -1.6051 3.3884 1.7646
v  -1.6689 3.3884 1.7596
v  -1.7259 3.3884 1.7306
v  -1.7675 3.3884 1.6819
v  -1.8124 3.2274 1.9187
v  -1.8065 3.3277 1.8136
v  -1.8737 3.3277 1.7278
v  -1.9194 3.2274 1.8226
v  -1.9815 3.2274 1.6929
v  -1.9029 3.3277 1.6228
v  -1.9892 3.2274 1.5493
v  -1.8898 3.3277 1.5146
v  -1.9413 3.2274 1.4137
v  -1.8362 3.3277 1.4196
v  -1.8453 3.2274 1.3067
v  -1.7504 3.3277 1.3524
v  -1.7156 3.2274 1.2447
v  -1.6454 3.3277 1.3232
v  -1.5372 3.3277 1.3363
v  -1.5720 3.2274 1.2370
v  -1.4423 3.3277 1.3899
v  -1.4364 3.2274 1.2848
v  -1.3751 3.3277 1.4757
v  -1.3294 3.2274 1.3809
v  -1.3458 3.3277 1.5807
v  -1.2673 3.2274 1.5106
v  -1.3590 3.3277 1.6889
v  -1.2596 3.2274 1.6542
v  -1.3074 3.2274 1.7898
v  -1.4125 3.3277 1.7838
v  -1.4983 3.3277 1.8510
v  -1.4035 3.2274 1.8967
v  -1.6033 3.3277 1.8803
v  -1.5332 3.2274 1.9588
v  -1.7115 3.3277 1.8671
v  -1.6768 3.2274 1.9665
v  -1.9249 3.1229 1.8317
v  -1.8142 3.1229 1.9311
v  -1.9891 3.1229 1.6975
v  -1.9971 3.1229 1.5489
v  -1.9476 3.1229 1.4086
v  -1.8482 3.1229 1.2979
v  -1.7140 3.1229 1.2337
v  -1.5654 3.1229 1.2257
v  -1.4251 3.1229 1.2752
v  -1.3144 3.1229 1.3746
v  -1.2502 3.1229 1.5088
v  -1.2422 3.1229 1.6574
v  -1.2917 3.1229 1.7977
v  -1.3911 3.1229 1.9084
v  -1.5253 3.1229 1.9726
v  -1.6739 3.1229 1.9806
# 81 vertices

vn -0.5498 0.8127 -0.1929
vn -0.6165 0.7869 0.0279
vn 0.3283 0.8130 0.4809
vn -0.4251 0.8246 -0.3733
vn -0.2535 0.8262 -0.5031
vn -0.0479 0.8180 -0.5732
vn 0.1777 0.7975 -0.5766
vn 0.4102 0.7583 -0.5067
vn 0.6327 0.6900 -0.3517
vn 0.8045 0.5863 -0.0957
vn 0.8477 0.4698 0.2462
vn 0.7068 0.3898 0.5903
vn 0.4079 0.3775 0.8313
vn 0.0362 0.4368 0.8988
vn -0.2992 0.5465 0.7822
vn -0.5173 0.6590 0.5461
vn -0.6128 0.7392 0.2793
vn -0.7983 0.5160 -0.3106
vn -0.8564 0.5160 0.0186
vn -0.6187 0.5160 -0.5924
vn -0.3449 0.5160 -0.7841
vn -0.0186 0.5160 -0.8564
vn 0.3106 0.5160 -0.7983
vn 0.5924 0.5160 -0.6187
vn 0.7841 0.5160 -0.3449
vn 0.8564 0.5160 -0.0186
vn 0.7983 0.5160 0.3106
vn 0.6187 0.5160 0.5924
vn 0.3449 0.5160 0.7841
vn 0.0186 0.5160 0.8564
vn -0.3106 0.5160 0.7983
vn -0.5924 0.5160 0.6187
vn -0.7841 0.5160 0.3449
vn -0.4716 0.3333 0.8164
vn -0.4624 0.7197 0.5179
vn -0.6254 0.7197 0.3015
vn -0.7496 0.3274 0.5753
vn -0.9139 0.3230 0.2458
vn -0.6932 0.7197 0.0392
vn -0.9393 0.3208 -0.1219
vn -0.6554 0.7197 -0.2290
vn -0.8215 0.3211 -0.4712
vn -0.5179 0.7197 -0.4624
vn -0.5787 0.3239 -0.7484
vn -0.3015 0.7197 -0.6254
vn -0.2484 0.3288 -0.9111
vn -0.0392 0.7197 -0.6932
vn 0.2290 0.7197 -0.6554
vn 0.1186 0.3350 -0.9347
vn 0.4624 0.7197 -0.5179
vn 0.4661 0.3415 -0.8161
vn 0.6254 0.7197 -0.3015
vn 0.7415 0.3474 -0.5740
vn 0.6932 0.7197 -0.0392
vn 0.9033 0.3518 -0.2454
vn 0.6554 0.7197 0.2290
vn 0.9276 0.3540 0.1197
vn 0.8108 0.3537 0.4664
vn 0.5179 0.7197 0.4624
vn 0.3015 0.7197 0.6254
vn 0.5705 0.3508 0.7426
vn 0.0392 0.7197 0.6932
vn 0.2428 0.3460 0.9063
vn -0.2290 0.7197 0.6554
vn -0.1231 0.3398 0.9324
vn -0.6139 -0.6393 0.4630
vn -0.3915 -0.6346 0.6663
vn -0.7418 -0.6428 0.1911
vn -0.7568 -0.6446 -0.1083
vn -0.6573 -0.6443 -0.3909
vn -0.4579 -0.6420 -0.6149
vn -0.1877 -0.6381 -0.7467
vn 0.1134 -0.6332 -0.7656
vn 0.3999 -0.6280 -0.6677
vn 0.6276 -0.6232 -0.4665
vn 0.7608 -0.6198 -0.1925
vn 0.7781 -0.6180 0.1123
vn 0.6764 -0.6183 0.4003
vn 0.4716 -0.6205 0.6265
vn 0.1960 -0.6244 0.7561
vn -0.1072 -0.6293 0.7697
# 81 vertex normals

vt 0.6252 0.1794 0.0000
vt 0.6266 0.1806 0.0000
vt 0.6354 0.1766 0.0000
vt 0.6244 0.1778 0.0000
vt 0.6243 0.1760 0.0000
vt 0.6249 0.1743 0.0000
vt 0.6260 0.1730 0.0000
vt 0.6277 0.1722 0.0000
vt 0.6295 0.1721 0.0000
vt 0.6312 0.1726 0.0000
vt 0.6325 0.1738 0.0000
vt 0.6333 0.1754 0.0000
vt 0.6334 0.1772 0.0000
vt 0.6328 0.1789 0.0000
vt 0.6317 0.1803 0.0000
vt 0.6300 0.1811 0.0000
vt 0.6283 0.1812 0.0000
vt 0.6194 0.1846 0.0000
vt 0.6231 0.1876 0.0000
vt 0.6171 0.1803 0.0000
vt 0.6165 0.1755 0.0000
vt 0.6179 0.1709 0.0000
vt 0.6209 0.1672 0.0000
vt 0.6251 0.1648 0.0000
vt 0.6299 0.1643 0.0000
vt 0.6346 0.1657 0.0000
vt 0.6383 0.1687 0.0000
vt 0.6406 0.1729 0.0000
vt 0.6412 0.1777 0.0000
vt 0.6398 0.1824 0.0000
vt 0.6368 0.1861 0.0000
vt 0.6326 0.1884 0.0000
vt 0.6278 0.1890 0.0000
vt 0.6406 0.2018 0.0000
vt 0.6343 0.1970 0.0000
vt 0.6261 0.1975 0.0000
vt 0.6301 0.2044 0.0000
vt 0.6194 0.2027 0.0000
vt 0.6183 0.1949 0.0000
vt 0.6101 0.1971 0.0000
vt 0.6121 0.1895 0.0000
vt 0.6037 0.1884 0.0000
vt 0.6085 0.1821 0.0000
vt 0.6011 0.1778 0.0000
vt 0.6080 0.1739 0.0000
vt 0.6027 0.1671 0.0000
vt 0.6106 0.1661 0.0000
vt 0.6160 0.1599 0.0000
vt 0.6084 0.1579 0.0000
vt 0.6234 0.1563 0.0000
vt 0.6171 0.1515 0.0000
vt 0.6316 0.1558 0.0000
vt 0.6276 0.1489 0.0000
vt 0.6394 0.1584 0.0000
vt 0.6384 0.1505 0.0000
vt 0.6456 0.1638 0.0000
vt 0.6476 0.1562 0.0000
vt 0.6540 0.1649 0.0000
vt 0.6492 0.1712 0.0000
vt 0.6497 0.1794 0.0000
vt 0.6566 0.1754 0.0000
vt 0.6471 0.1872 0.0000
vt 0.6550 0.1861 0.0000
vt 0.6417 0.1933 0.0000
vt 0.6493 0.1954 0.0000
vt 0.6304 0.2051 0.0000
vt 0.6413 0.2024 0.0000
vt 0.6193 0.2034 0.0000
vt 0.6097 0.1976 0.0000
vt 0.6031 0.1885 0.0000
vt 0.6004 0.1777 0.0000
vt 0.6021 0.1666 0.0000
vt 0.6079 0.1570 0.0000
vt 0.6170 0.1503 0.0000
vt 0.6279 0.1477 0.0000
vt 0.6390 0.1494 0.0000
vt 0.6486 0.1552 0.0000
vt 0.6552 0.1642 0.0000
vt 0.6579 0.1751 0.0000
vt 0.6562 0.1862 0.0000
vt 0.6503 0.1958 0.0000
# 81 texture coords

o Sphere065
g Sphere065
usemtl Material__28
s 1
f 4976/4998/4961 4977/4999/4962 4978/5000/4963 
f 4979/5001/4964 4976/4998/4961 4978/5000/4963 
f 4980/5002/4965 4979/5001/4964 4978/5000/4963 
f 4981/5003/4966 4980/5002/4965 4978/5000/4963 
f 4982/5004/4967 4981/5003/4966 4978/5000/4963 
f 4983/5005/4968 4982/5004/4967 4978/5000/4963 
f 4984/5006/4969 4983/5005/4968 4978/5000/4963 
f 4985/5007/4970 4984/5006/4969 4978/5000/4963 
f 4986/5008/4971 4985/5007/4970 4978/5000/4963 
f 4987/5009/4972 4986/5008/4971 4978/5000/4963 
f 4988/5010/4973 4987/5009/4972 4978/5000/4963 
f 4989/5011/4974 4988/5010/4973 4978/5000/4963 
f 4990/5012/4975 4989/5011/4974 4978/5000/4963 
f 4991/5013/4976 4990/5012/4975 4978/5000/4963 
f 4992/5014/4977 4991/5013/4976 4978/5000/4963 
f 4977/4999/4962 4992/5014/4977 4978/5000/4963 
f 4976/4998/4961 4993/5015/4978 4994/5016/4979 4977/4999/4962 
f 4979/5001/4964 4995/5017/4980 4993/5015/4978 4976/4998/4961 
f 4996/5018/4981 4995/5017/4980 4979/5001/4964 4980/5002/4965 
f 4981/5003/4966 4997/5019/4982 4996/5018/4981 4980/5002/4965 
f 4998/5020/4983 4997/5019/4982 4981/5003/4966 4982/5004/4967 
f 4998/5020/4983 4982/5004/4967 4983/5005/4968 4999/5021/4984 
f 4984/5006/4969 5000/5022/4985 4999/5021/4984 4983/5005/4968 
f 4985/5007/4970 5001/5023/4986 5000/5022/4985 4984/5006/4969 
f 5001/5023/4986 4985/5007/4970 4986/5008/4971 5002/5024/4987 
f 5003/5025/4988 5002/5024/4987 4986/5008/4971 4987/5009/4972 
f 4988/5010/4973 5004/5026/4989 5003/5025/4988 4987/5009/4972 
f 4989/5011/4974 5005/5027/4990 5004/5026/4989 4988/5010/4973 
f 5006/5028/4991 5005/5027/4990 4989/5011/4974 4990/5012/4975 
f 4991/5013/4976 5007/5029/4992 5006/5028/4991 4990/5012/4975 
f 4991/5013/4976 4992/5014/4977 5008/5030/4993 5007/5029/4992 
f 4977/4999/4962 4994/5016/4979 5008/5030/4993 4992/5014/4977 
f 5009/5031/4994 5010/5032/4995 5011/5033/4996 5012/5034/4997 
f 5013/5035/4998 5012/5034/4997 5011/5033/4996 5014/5036/4999 
f 5015/5037/5000 5013/5035/4998 5014/5036/4999 5016/5038/5001 
f 5017/5039/5002 5015/5037/5000 5016/5038/5001 5018/5040/5003 
f 5019/5041/5004 5017/5039/5002 5018/5040/5003 5020/5042/5005 
f 5021/5043/5006 5019/5041/5004 5020/5042/5005 5022/5044/5007 
f 5022/5044/5007 5023/5045/5008 5024/5046/5009 5021/5043/5006 
f 5023/5045/5008 5025/5047/5010 5026/5048/5011 5024/5046/5009 
f 5025/5047/5010 5027/5049/5012 5028/5050/5013 5026/5048/5011 
f 5027/5049/5012 5029/5051/5014 5030/5052/5015 5028/5050/5013 
f 5029/5051/5014 5031/5053/5016 5032/5054/5017 5030/5052/5015 
f 5033/5055/5018 5032/5054/5017 5031/5053/5016 5034/5056/5019 
f 5033/5055/5018 5034/5056/5019 5035/5057/5020 5036/5058/5021 
f 5035/5057/5020 5037/5059/5022 5038/5060/5023 5036/5058/5021 
f 5039/5061/5024 5040/5062/5025 5038/5060/5023 5037/5059/5022 
f 5040/5062/5025 5039/5061/5024 5010/5032/4995 5009/5031/4994 
f 5012/5034/4997 5041/5063/5026 5042/5064/5027 5009/5031/4994 
f 5041/5063/5026 5012/5034/4997 5013/5035/4998 5043/5065/5028 
f 5043/5065/5028 5013/5035/4998 5015/5037/5000 5044/5066/5029 
f 5017/5039/5002 5045/5067/5030 5044/5066/5029 5015/5037/5000 
f 5019/5041/5004 5046/5068/5031 5045/5067/5030 5017/5039/5002 
f 5019/5041/5004 5021/5043/5006 5047/5069/5032 5046/5068/5031 
f 5047/5069/5032 5021/5043/5006 5024/5046/5009 5048/5070/5033 
f 5048/5070/5033 5024/5046/5009 5026/5048/5011 5049/5071/5034 
f 5028/5050/5013 5050/5072/5035 5049/5071/5034 5026/5048/5011 
f 5051/5073/5036 5050/5072/5035 5028/5050/5013 5030/5052/5015 
f 5032/5054/5017 5052/5074/5037 5051/5073/5036 5030/5052/5015 
f 5053/5075/5038 5052/5074/5037 5032/5054/5017 5033/5055/5018 
f 5054/5076/5039 5053/5075/5038 5033/5055/5018 5036/5058/5021 
f 5054/5076/5039 5036/5058/5021 5038/5060/5023 5055/5077/5040 
f 5038/5060/5023 5040/5062/5025 5056/5078/5041 5055/5077/5040 
f 5040/5062/5025 5009/5031/4994 5042/5064/5027 5056/5078/5041 
f 5011/5033/4996 5010/5032/4995 4994/5016/4979 4993/5015/4978 
f 4995/5017/4980 5014/5036/4999 5011/5033/4996 4993/5015/4978 
f 5016/5038/5001 5014/5036/4999 4995/5017/4980 4996/5018/4981 
f 4997/5019/4982 5018/5040/5003 5016/5038/5001 4996/5018/4981 
f 5018/5040/5003 4997/5019/4982 4998/5020/4983 5020/5042/5005 
f 5020/5042/5005 4998/5020/4983 4999/5021/4984 5022/5044/5007 
f 4999/5021/4984 5000/5022/4985 5023/5045/5008 5022/5044/5007 
f 5025/5047/5010 5023/5045/5008 5000/5022/4985 5001/5023/4986 
f 5002/5024/4987 5027/5049/5012 5025/5047/5010 5001/5023/4986 
f 5003/5025/4988 5029/5051/5014 5027/5049/5012 5002/5024/4987 
f 5029/5051/5014 5003/5025/4988 5004/5026/4989 5031/5053/5016 
f 5005/5027/4990 5034/5056/5019 5031/5053/5016 5004/5026/4989 
f 5006/5028/4991 5035/5057/5020 5034/5056/5019 5005/5027/4990 
f 5006/5028/4991 5007/5029/4992 5037/5059/5022 5035/5057/5020 
f 5037/5059/5022 5007/5029/4992 5008/5030/4993 5039/5061/5024 
f 5008/5030/4993 4994/5016/4979 5010/5032/4995 5039/5061/5024 
s off
f 5043/5065/5028 5044/5066/5029 5045/5067/5030 5046/5068/5031 
f 5046/5068/5031 5047/5069/5032 5048/5070/5033 5043/5065/5028 
f 5048/5070/5033 5049/5071/5034 5050/5072/5035 5052/5074/5037 
f 5050/5072/5035 5051/5073/5036 5052/5074/5037 
f 5052/5074/5037 5053/5075/5038 5054/5076/5039 5055/5077/5040 
f 5048/5070/5033 5052/5074/5037 5055/5077/5040 5043/5065/5028 
f 5041/5063/5026 5043/5065/5028 5055/5077/5040 5056/5078/5041 
f 5041/5063/5026 5056/5078/5041 5042/5064/5027 
# 70 polygons - 18 triangles

#
# object Sphere066
#

v  -0.9906 3.4419 2.0721
v  -0.9847 3.4419 2.0952
v  -0.8582 3.5157 2.1179
v  -0.9872 3.4419 2.0485
v  -0.9750 3.4419 2.0280
v  -0.9559 3.4419 2.0138
v  -0.9328 3.4419 2.0079
v  -0.9092 3.4419 2.0113
v  -0.8887 3.4419 2.0235
v  -0.8745 3.4419 2.0426
v  -0.8686 3.4419 2.0657
v  -0.8720 3.4419 2.0893
v  -0.8842 3.4419 2.1097
v  -0.9033 3.4419 2.1240
v  -0.9264 3.4419 2.1299
v  -0.9500 3.4419 2.1264
v  -0.9705 3.4419 2.1143
v  -1.0929 3.3884 2.0844
v  -1.0745 3.3884 2.1457
v  -1.0864 3.3884 2.0207
v  -1.0561 3.3884 1.9644
v  -1.0064 3.3884 1.9239
v  -0.9451 3.3884 1.9056
v  -0.8815 3.3884 1.9120
v  -0.8251 3.3884 1.9424
v  -0.7847 3.3884 1.9920
v  -0.7663 3.3884 2.0533
v  -0.7728 3.3884 2.1170
v  -0.8031 3.3884 2.1734
v  -0.8527 3.3884 2.2138
v  -0.9141 3.3884 2.2322
v  -0.9777 3.3884 2.2257
v  -1.0341 3.3884 2.1953
v  -0.9904 3.2274 2.4323
v  -1.0228 3.3277 2.3322
v  -1.1165 3.3277 2.2765
v  -1.1249 3.2274 2.3814
v  -1.2296 3.2274 2.2829
v  -1.1817 3.3277 2.1891
v  -1.2887 3.2274 2.1518
v  -1.2086 3.3277 2.0835
v  -1.2931 3.2274 2.0080
v  -1.1929 3.3277 1.9756
v  -1.2421 3.2274 1.8736
v  -1.1372 3.3277 1.8819
v  -1.1436 3.2274 1.7688
v  -1.0498 3.3277 1.8167
v  -0.9442 3.3277 1.7899
v  -1.0125 3.2274 1.7098
v  -0.8363 3.3277 1.8055
v  -0.8688 3.2274 1.7054
v  -0.7427 3.3277 1.8613
v  -0.7343 3.2274 1.7563
v  -0.6774 3.3277 1.9486
v  -0.6296 3.2274 1.8549
v  -0.6506 3.3277 2.0543
v  -0.5705 3.2274 1.9860
v  -0.5661 3.2274 2.1297
v  -0.6663 3.3277 2.1621
v  -0.7220 3.3277 2.2558
v  -0.6171 3.2274 2.2642
v  -0.8093 3.3277 2.3210
v  -0.7156 3.2274 2.3689
v  -0.9150 3.3277 2.3478
v  -0.8467 3.2274 2.4279
v  -1.1267 3.1229 2.3918
v  -0.9876 3.1229 2.4445
v  -1.2351 3.1229 2.2899
v  -1.2962 3.1229 2.1542
v  -1.3007 3.1229 2.0055
v  -1.2480 3.1229 1.8664
v  -1.1461 3.1229 1.7580
v  -1.0104 3.1229 1.6969
v  -0.8617 3.1229 1.6924
v  -0.7226 3.1229 1.7451
v  -0.6142 3.1229 1.8470
v  -0.5531 3.1229 1.9827
v  -0.5486 3.1229 2.1314
v  -0.6013 3.1229 2.2705
v  -0.7032 3.1229 2.3789
v  -0.8389 3.1229 2.4400
# 81 vertices

vn -0.5824 0.8127 0.0188
vn -0.5648 0.7869 0.2487
vn 0.4798 0.8130 0.3298
vn -0.5312 0.8246 -0.1945
vn -0.4181 0.8262 -0.3776
vn -0.2518 0.8180 -0.5172
vn -0.0426 0.7975 -0.6019
vn 0.1995 0.7583 -0.6206
vn 0.4629 0.6900 -0.5565
vn 0.7156 0.5863 -0.3798
vn 0.8794 0.4698 -0.0767
vn 0.8723 0.3898 0.2951
vn 0.6807 0.3775 0.6278
vn 0.3584 0.4368 0.8251
vn 0.0035 0.5465 0.8375
vn -0.2851 0.6590 0.6961
vn -0.4705 0.7392 0.4818
vn -0.8566 0.5160 -0.0012
vn -0.7919 0.5160 0.3267
vn -0.7909 0.5160 -0.3289
vn -0.6048 0.5160 -0.6066
vn -0.3267 0.5160 -0.7919
vn 0.0012 0.5160 -0.8566
vn 0.3289 0.5160 -0.7909
vn 0.6066 0.5160 -0.6048
vn 0.7919 0.5160 -0.3267
vn 0.8566 0.5160 0.0012
vn 0.7909 0.5160 0.3289
vn 0.6048 0.5160 0.6066
vn 0.3267 0.5160 0.7919
vn -0.0012 0.5160 0.8566
vn -0.3289 0.5160 0.7909
vn -0.6066 0.5160 0.6048
vn -0.1449 0.3333 0.9316
vn -0.2441 0.7197 0.6500
vn -0.4742 0.7197 0.5071
vn -0.4911 0.3274 0.8073
vn -0.7634 0.3230 0.5593
vn -0.6322 0.7197 0.2870
vn -0.9199 0.3208 0.2256
vn -0.6939 0.7197 0.0232
vn -0.9362 0.3211 -0.1426
vn -0.6500 0.7197 -0.2441
vn -0.8100 0.3239 -0.4888
vn -0.5071 0.7197 -0.4742
vn -0.5608 0.3288 -0.7599
vn -0.2870 0.7197 -0.6322
vn -0.0232 0.7197 -0.6939
vn -0.2271 0.3350 -0.9145
vn 0.2441 0.7197 -0.6500
vn 0.1398 0.3415 -0.9294
vn 0.4742 0.7197 -0.5071
vn 0.4841 0.3474 -0.8031
vn 0.6322 0.7197 -0.2870
vn 0.7537 0.3518 -0.5552
vn 0.6939 0.7197 -0.0232
vn 0.9082 0.3540 -0.2234
vn 0.9245 0.3537 0.1420
vn 0.6500 0.7197 0.2441
vn 0.5071 0.7197 0.4742
vn 0.8003 0.3508 0.4863
vn 0.2870 0.7197 0.6322
vn 0.5538 0.3460 0.7574
vn 0.0232 0.7197 0.6939
vn 0.2221 0.3398 0.9139
vn -0.4052 -0.6393 0.6535
vn -0.1244 -0.6346 0.7628
vn -0.6226 -0.6428 0.4462
vn -0.7448 -0.6446 0.1724
vn -0.7541 -0.6443 -0.1270
vn -0.6491 -0.6420 -0.4080
vn -0.4447 -0.6381 -0.6285
vn -0.1709 -0.6332 -0.7549
vn 0.1317 -0.6280 -0.7670
vn 0.4167 -0.6232 -0.6618
vn 0.6399 -0.6198 -0.4543
vn 0.7661 -0.6180 -0.1764
vn 0.7753 -0.6183 0.1289
vn 0.6661 -0.6205 0.4139
vn 0.4559 -0.6244 0.6342
vn 0.1780 -0.6293 0.7565
# 81 vertex normals

vt 0.6252 0.1794 0.0000
vt 0.6266 0.1806 0.0000
vt 0.6354 0.1766 0.0000
vt 0.6244 0.1778 0.0000
vt 0.6243 0.1760 0.0000
vt 0.6249 0.1743 0.0000
vt 0.6260 0.1730 0.0000
vt 0.6277 0.1722 0.0000
vt 0.6295 0.1721 0.0000
vt 0.6312 0.1726 0.0000
vt 0.6325 0.1738 0.0000
vt 0.6333 0.1754 0.0000
vt 0.6334 0.1772 0.0000
vt 0.6328 0.1789 0.0000
vt 0.6317 0.1803 0.0000
vt 0.6300 0.1811 0.0000
vt 0.6283 0.1812 0.0000
vt 0.6194 0.1846 0.0000
vt 0.6231 0.1876 0.0000
vt 0.6171 0.1803 0.0000
vt 0.6165 0.1755 0.0000
vt 0.6179 0.1709 0.0000
vt 0.6209 0.1672 0.0000
vt 0.6251 0.1648 0.0000
vt 0.6299 0.1643 0.0000
vt 0.6346 0.1657 0.0000
vt 0.6383 0.1687 0.0000
vt 0.6406 0.1729 0.0000
vt 0.6412 0.1777 0.0000
vt 0.6398 0.1824 0.0000
vt 0.6368 0.1861 0.0000
vt 0.6326 0.1884 0.0000
vt 0.6278 0.1890 0.0000
vt 0.6406 0.2018 0.0000
vt 0.6343 0.1970 0.0000
vt 0.6261 0.1975 0.0000
vt 0.6301 0.2044 0.0000
vt 0.6194 0.2027 0.0000
vt 0.6183 0.1949 0.0000
vt 0.6101 0.1971 0.0000
vt 0.6121 0.1895 0.0000
vt 0.6037 0.1884 0.0000
vt 0.6085 0.1821 0.0000
vt 0.6011 0.1778 0.0000
vt 0.6080 0.1739 0.0000
vt 0.6027 0.1671 0.0000
vt 0.6106 0.1661 0.0000
vt 0.6160 0.1599 0.0000
vt 0.6084 0.1579 0.0000
vt 0.6234 0.1563 0.0000
vt 0.6171 0.1515 0.0000
vt 0.6316 0.1558 0.0000
vt 0.6276 0.1489 0.0000
vt 0.6394 0.1584 0.0000
vt 0.6384 0.1505 0.0000
vt 0.6456 0.1638 0.0000
vt 0.6476 0.1562 0.0000
vt 0.6540 0.1649 0.0000
vt 0.6492 0.1712 0.0000
vt 0.6497 0.1794 0.0000
vt 0.6566 0.1754 0.0000
vt 0.6471 0.1872 0.0000
vt 0.6550 0.1861 0.0000
vt 0.6417 0.1933 0.0000
vt 0.6493 0.1954 0.0000
vt 0.6304 0.2051 0.0000
vt 0.6413 0.2024 0.0000
vt 0.6193 0.2034 0.0000
vt 0.6097 0.1976 0.0000
vt 0.6031 0.1885 0.0000
vt 0.6004 0.1777 0.0000
vt 0.6021 0.1666 0.0000
vt 0.6079 0.1570 0.0000
vt 0.6170 0.1503 0.0000
vt 0.6279 0.1477 0.0000
vt 0.6390 0.1494 0.0000
vt 0.6486 0.1552 0.0000
vt 0.6552 0.1642 0.0000
vt 0.6579 0.1751 0.0000
vt 0.6562 0.1862 0.0000
vt 0.6503 0.1958 0.0000
# 81 texture coords

o Sphere066
g Sphere066
usemtl Material__28
s 1
f 5057/5079/5042 5058/5080/5043 5059/5081/5044 
f 5060/5082/5045 5057/5079/5042 5059/5081/5044 
f 5061/5083/5046 5060/5082/5045 5059/5081/5044 
f 5062/5084/5047 5061/5083/5046 5059/5081/5044 
f 5063/5085/5048 5062/5084/5047 5059/5081/5044 
f 5064/5086/5049 5063/5085/5048 5059/5081/5044 
f 5065/5087/5050 5064/5086/5049 5059/5081/5044 
f 5066/5088/5051 5065/5087/5050 5059/5081/5044 
f 5067/5089/5052 5066/5088/5051 5059/5081/5044 
f 5068/5090/5053 5067/5089/5052 5059/5081/5044 
f 5069/5091/5054 5068/5090/5053 5059/5081/5044 
f 5070/5092/5055 5069/5091/5054 5059/5081/5044 
f 5071/5093/5056 5070/5092/5055 5059/5081/5044 
f 5072/5094/5057 5071/5093/5056 5059/5081/5044 
f 5073/5095/5058 5072/5094/5057 5059/5081/5044 
f 5058/5080/5043 5073/5095/5058 5059/5081/5044 
f 5057/5079/5042 5074/5096/5059 5075/5097/5060 5058/5080/5043 
f 5060/5082/5045 5076/5098/5061 5074/5096/5059 5057/5079/5042 
f 5077/5099/5062 5076/5098/5061 5060/5082/5045 5061/5083/5046 
f 5062/5084/5047 5078/5100/5063 5077/5099/5062 5061/5083/5046 
f 5079/5101/5064 5078/5100/5063 5062/5084/5047 5063/5085/5048 
f 5079/5101/5064 5063/5085/5048 5064/5086/5049 5080/5102/5065 
f 5065/5087/5050 5081/5103/5066 5080/5102/5065 5064/5086/5049 
f 5066/5088/5051 5082/5104/5067 5081/5103/5066 5065/5087/5050 
f 5082/5104/5067 5066/5088/5051 5067/5089/5052 5083/5105/5068 
f 5084/5106/5069 5083/5105/5068 5067/5089/5052 5068/5090/5053 
f 5069/5091/5054 5085/5107/5070 5084/5106/5069 5068/5090/5053 
f 5070/5092/5055 5086/5108/5071 5085/5107/5070 5069/5091/5054 
f 5087/5109/5072 5086/5108/5071 5070/5092/5055 5071/5093/5056 
f 5072/5094/5057 5088/5110/5073 5087/5109/5072 5071/5093/5056 
f 5072/5094/5057 5073/5095/5058 5089/5111/5074 5088/5110/5073 
f 5058/5080/5043 5075/5097/5060 5089/5111/5074 5073/5095/5058 
f 5090/5112/5075 5091/5113/5076 5092/5114/5077 5093/5115/5078 
f 5094/5116/5079 5093/5115/5078 5092/5114/5077 5095/5117/5080 
f 5096/5118/5081 5094/5116/5079 5095/5117/5080 5097/5119/5082 
f 5098/5120/5083 5096/5118/5081 5097/5119/5082 5099/5121/5084 
f 5100/5122/5085 5098/5120/5083 5099/5121/5084 5101/5123/5086 
f 5102/5124/5087 5100/5122/5085 5101/5123/5086 5103/5125/5088 
f 5103/5125/5088 5104/5126/5089 5105/5127/5090 5102/5124/5087 
f 5104/5126/5089 5106/5128/5091 5107/5129/5092 5105/5127/5090 
f 5106/5128/5091 5108/5130/5093 5109/5131/5094 5107/5129/5092 
f 5108/5130/5093 5110/5132/5095 5111/5133/5096 5109/5131/5094 
f 5110/5132/5095 5112/5134/5097 5113/5135/5098 5111/5133/5096 
f 5114/5136/5099 5113/5135/5098 5112/5134/5097 5115/5137/5100 
f 5114/5136/5099 5115/5137/5100 5116/5138/5101 5117/5139/5102 
f 5116/5138/5101 5118/5140/5103 5119/5141/5104 5117/5139/5102 
f 5120/5142/5105 5121/5143/5106 5119/5141/5104 5118/5140/5103 
f 5121/5143/5106 5120/5142/5105 5091/5113/5076 5090/5112/5075 
f 5093/5115/5078 5122/5144/5107 5123/5145/5108 5090/5112/5075 
f 5122/5144/5107 5093/5115/5078 5094/5116/5079 5124/5146/5109 
f 5124/5146/5109 5094/5116/5079 5096/5118/5081 5125/5147/5110 
f 5098/5120/5083 5126/5148/5111 5125/5147/5110 5096/5118/5081 
f 5100/5122/5085 5127/5149/5112 5126/5148/5111 5098/5120/5083 
f 5100/5122/5085 5102/5124/5087 5128/5150/5113 5127/5149/5112 
f 5128/5150/5113 5102/5124/5087 5105/5127/5090 5129/5151/5114 
f 5129/5151/5114 5105/5127/5090 5107/5129/5092 5130/5152/5115 
f 5109/5131/5094 5131/5153/5116 5130/5152/5115 5107/5129/5092 
f 5132/5154/5117 5131/5153/5116 5109/5131/5094 5111/5133/5096 
f 5113/5135/5098 5133/5155/5118 5132/5154/5117 5111/5133/5096 
f 5134/5156/5119 5133/5155/5118 5113/5135/5098 5114/5136/5099 
f 5135/5157/5120 5134/5156/5119 5114/5136/5099 5117/5139/5102 
f 5135/5157/5120 5117/5139/5102 5119/5141/5104 5136/5158/5121 
f 5119/5141/5104 5121/5143/5106 5137/5159/5122 5136/5158/5121 
f 5121/5143/5106 5090/5112/5075 5123/5145/5108 5137/5159/5122 
f 5092/5114/5077 5091/5113/5076 5075/5097/5060 5074/5096/5059 
f 5076/5098/5061 5095/5117/5080 5092/5114/5077 5074/5096/5059 
f 5097/5119/5082 5095/5117/5080 5076/5098/5061 5077/5099/5062 
f 5078/5100/5063 5099/5121/5084 5097/5119/5082 5077/5099/5062 
f 5099/5121/5084 5078/5100/5063 5079/5101/5064 5101/5123/5086 
f 5101/5123/5086 5079/5101/5064 5080/5102/5065 5103/5125/5088 
f 5080/5102/5065 5081/5103/5066 5104/5126/5089 5103/5125/5088 
f 5106/5128/5091 5104/5126/5089 5081/5103/5066 5082/5104/5067 
f 5083/5105/5068 5108/5130/5093 5106/5128/5091 5082/5104/5067 
f 5084/5106/5069 5110/5132/5095 5108/5130/5093 5083/5105/5068 
f 5110/5132/5095 5084/5106/5069 5085/5107/5070 5112/5134/5097 
f 5086/5108/5071 5115/5137/5100 5112/5134/5097 5085/5107/5070 
f 5087/5109/5072 5116/5138/5101 5115/5137/5100 5086/5108/5071 
f 5087/5109/5072 5088/5110/5073 5118/5140/5103 5116/5138/5101 
f 5118/5140/5103 5088/5110/5073 5089/5111/5074 5120/5142/5105 
f 5089/5111/5074 5075/5097/5060 5091/5113/5076 5120/5142/5105 
s off
f 5124/5146/5109 5125/5147/5110 5126/5148/5111 5127/5149/5112 
f 5127/5149/5112 5128/5150/5113 5129/5151/5114 5124/5146/5109 
f 5129/5151/5114 5130/5152/5115 5131/5153/5116 5133/5155/5118 
f 5131/5153/5116 5132/5154/5117 5133/5155/5118 
f 5133/5155/5118 5134/5156/5119 5135/5157/5120 5136/5158/5121 
f 5129/5151/5114 5133/5155/5118 5136/5158/5121 5124/5146/5109 
f 5122/5144/5107 5124/5146/5109 5136/5158/5121 5137/5159/5122 
f 5122/5144/5107 5137/5159/5122 5123/5145/5108 
# 70 polygons - 18 triangles

